TXN_DT,PATIENT_ID,PHYSICIAN_ID,TXN_LOCATION_TYPE,INSURANCE_TYPE,TXN_TYPE,TXN_DESC,Target,NO_OF_CONDN,NO_OF_SYMPT,NO_OF_CONTRD
2022-07-20,3366,22415.0,TELEHEALTH PROVIDED IN PATIENT'S HOME,COMMERCIAL,CONDITIONS,DIABETES,0,44,1,0
2022-06-02,326,967.0,EMERGENCY ROOM - HOSPITAL,COMMERCIAL,CONDITIONS,disease_x,0,1,2,0
2022-06-14,1486,21635.0,OFFICE,MEDICARE,CONDITIONS,hypertension,0,21,4,0
2022-07-09,3673,5594.0,EMERGENCY ROOM - HOSPITAL,COMMERCIAL,CONDITIONS,HYPERTENSION,0,65,11,2
2022-07-12,810,4975.0,ON CAMPUS-OUTPATIENT HOSPITAL,COMMERCIAL,CONDITIONS,obesity,0,21,55,0
2022-07-10,2455,22075.0,OFFICE,COMMERCIAL,SYMPTOMS,COUGH,0,6,4,0
2022-06-28,291,18666.0,EMERGENCY ROOM - HOSPITAL,COMMERCIAL,SYMPTOMS,ACUTE_URI,0,1,5,0
2022-06-25,1396,0.0,OTHER PLACE OF SERVICE,MEDICARE,CONDITIONS,disease_x,0,3,5,0
2022-06-23,2480,24626.0,OFFICE,COMMERCIAL,CONDITIONS,disease_x,0,2,0,0
2022-06-02,2805,15385.0,HOSPITAL OUTPATIENT,COMMERCIAL,CONDITIONS,disease_x,0,3,4,0
2022-06-20,1745,907.0,CLINIC - FREESTANDING,MEDICAID,CONDITIONS,obesity,0,15,17,0
2022-06-23,989,18633.0,OFFICE,COMMERCIAL,SYMPTOMS,fatigue,0,25,6,0
2022-06-27,3289,0.0,INDEPENDENT LABORATORY,COMMERCIAL,SYMPTOMS,cough,0,6,2,0
2022-06-30,581,0.0,INDEPENDENT LABORATORY,COMMERCIAL,CONDITIONS,disease_x,0,1,5,0
2022-06-13,1252,13216.0,URGENT CARE FACILITY,COMMERCIAL,CONDITIONS,disease_x,0,3,8,0
2022-06-23,1940,2870.0,TELEHEALTH PROVIDED IN PATIENT'S HOME,COMMERCIAL,CONDITIONS,disease_x,0,1,2,0
2022-06-13,1552,13983.0,HOSPITAL OUTPATIENT,COMMERCIAL,CONDITIONS,disease_x,0,4,8,0
2022-06-08,2790,7796.0,OFFICE,COMMERCIAL,CONDITIONS,disease_x,0,8,10,0
2022-06-23,2745,19740.0,OFFICE,MEDICARE,CONDITIONS,heart_disease,0,95,38,7
2022-07-07,3069,22083.0,EMERGENCY ROOM - HOSPITAL,COMMERCIAL,SYMPTOMS,SORE_THROAT,0,62,68,46
2022-06-06,3762,17891.0,OFFICE,COMMERCIAL,CONDITIONS,obesity,0,11,0,0
2022-06-14,1329,0.0,INDEPENDENT LABORATORY,COMMERCIAL,SYMPTOMS,acute_pharyngitis,0,2,3,0
2022-06-27,1687,24789.0,EMERGENCY ROOM - HOSPITAL,COMMERCIAL,CONDITIONS,DISEASE_X,0,8,1,0
2022-06-12,2465,9303.0,EMERGENCY ROOM - HOSPITAL,COMMERCIAL,CONDITIONS,disease_x,0,2,0,0
2022-07-21,198,2755.0,OFFICE,COMMERCIAL,CONDITIONS,hypertension,0,8,3,0
2022-06-02,155,2571.0,URGENT CARE FACILITY,MEDICAID,CONDITIONS,disease_x,0,1,4,0
2022-06-24,1255,0.0,URGENT CARE FACILITY,COMMERCIAL,CONDITIONS,disease_x,0,2,14,0
2022-07-21,2613,1635.0,OFFICE,COMMERCIAL,CONDITIONS,OBESITY,0,7,4,1
2022-06-15,1148,3113.0,URGENT CARE FACILITY,COMMERCIAL,SYMPTOMS,ACUTE_PHARYNGITIS,0,1,2,0
2022-07-22,2650,4032.0,INPATIENT HOSPITAL,MEDICARE,CONDITIONS,diabetes,0,30,2,37
2022-06-08,2580,0.0,URGENT CARE FACILITY,COMMERCIAL,CONDITIONS,disease_x,0,1,2,0
2022-06-09,3852,15974.0,TELEHEALTH PROVIDED IN PATIENT'S HOME,COMMERCIAL,CONDITIONS,disease_x,0,42,20,62
2022-06-27,2448,1346.0,HOSPITAL - LABORATORY SERVICES PROVIDED TO NON-PATIENTS,COMMERCIAL,CONDITIONS,disease_x,0,72,40,0
2022-07-21,3279,23673.0,OFFICE,COMMERCIAL,CONDITIONS,immunocompromised,0,12,21,10
2022-06-23,2179,0.0,INDEPENDENT LABORATORY,COMMERCIAL,CONDITIONS,DISEASE_X,0,4,26,0
2022-06-27,3528,20153.0,TELEHEALTH PROVIDED OTHER THAN IN PATIENT'S HOME,COMMERCIAL,CONDITIONS,disease_x,0,57,10,0
2022-06-29,1318,14613.0,HOSPITAL OUTPATIENT,MEDICARE,CONDITIONS,DISEASE_X,0,3,0,0
2022-06-29,512,17862.0,OFFICE,COMMERCIAL,CONDITIONS,disease_x,0,8,28,0
2022-06-19,3385,10193.0,UNASSIGNED,MEDICARE,CONDITIONS,immunocompromised,0,81,15,41
2022-06-20,1823,12558.0,OFFICE,COMMERCIAL,CONDITIONS,obesity,0,18,25,1
2022-06-06,3647,12451.0,URGENT CARE FACILITY,COMMERCIAL,CONDITIONS,disease_x,0,1,2,0
2022-06-09,919,0.0,URGENT CARE FACILITY,COMMERCIAL,CONDITIONS,disease_x,0,1,1,0
2022-07-13,3903,0.0,OTHER PLACE OF SERVICE,COMMERCIAL,CONDITIONS,diabetes,0,81,2,0
2022-06-23,2640,16839.0,URGENT CARE FACILITY,MEDICARE,SYMPTOMS,acute_uri,0,4,5,0
2022-06-30,2287,18409.0,OFFICE,COMMERCIAL,CONDITIONS,disease_x,0,6,7,0
2022-06-20,1667,0.0,INPATIENT HOSPITAL,COMMERCIAL,CONDITIONS,immunocompromised,0,136,38,0
2022-06-21,239,21400.0,HOSPITAL OUTPATIENT,COMMERCIAL,CONDITIONS,disease_x,0,1,0,0
2022-06-15,3410,18275.0,OFFICE,COMMERCIAL,CONDITIONS,disease_x,0,6,0,0
2022-06-01,1036,11524.0,TELEHEALTH PROVIDED OTHER THAN IN PATIENT'S HOME,COMMERCIAL,SYMPTOMS,COUGH,0,39,4,0
2022-06-15,3980,0.0,INDEPENDENT LABORATORY,COMMERCIAL,CONDITIONS,disease_x,0,2,1,0
2022-06-28,3351,597.0,URGENT CARE FACILITY,COMMERCIAL,SYMPTOMS,cough,0,1,7,45
2022-06-29,2078,17175.0,TELEHEALTH PROVIDED OTHER THAN IN PATIENT'S HOME,COMMERCIAL,CONDITIONS,DISEASE_X,0,13,17,23
2022-06-18,2165,2125.0,OFFICE,COMMERCIAL,CONDITIONS,disease_x,0,8,1,0
2022-06-01,947,12219.0,TELEHEALTH PROVIDED IN PATIENT'S HOME,COMMERCIAL,CONDITIONS,disease_x,0,1,0,5
2022-06-11,3089,13205.0,EMERGENCY ROOM - HOSPITAL,COMMERCIAL,SYMPTOMS,ACUTE_URI,0,1,5,0
2022-06-28,1846,1026.0,CLINIC - FREESTANDING,MEDICAID,CONDITIONS,obesity,0,19,19,0
2022-06-17,812,17377.0,EMERGENCY ROOM - HOSPITAL,COMMERCIAL,CONDITIONS,DISEASE_X,0,3,6,0
2022-06-07,39,0.0,INDEPENDENT LABORATORY,COMMERCIAL,CONDITIONS,DISEASE_X,0,1,1,0
2022-06-28,3056,10474.0,OFFICE,COMMERCIAL,CONDITIONS,disease_x,0,51,4,3
2022-06-07,2877,2492.0,OFFICE,COMMERCIAL,SYMPTOMS,COUGH,0,3,3,0
2022-06-01,1595,4980.0,UNASSIGNED,MEDICARE,CONDITIONS,HEART_DISEASE,0,22,1,1
2022-06-19,3087,6541.0,EMERGENCY ROOM - HOSPITAL,COMMERCIAL,CONDITIONS,disease_x,0,7,7,18
2022-06-24,3065,11112.0,OFFICE,MEDICAID,CONDITIONS,disease_x,0,16,17,0
2022-06-19,2779,8128.0,EMERGENCY ROOM - HOSPITAL,COMMERCIAL,SYMPTOMS,sore_throat,0,2,1,0
2022-06-20,2190,3818.0,HOSPITAL OUTPATIENT,COMMERCIAL,CONDITIONS,disease_x,0,2,0,0
2022-06-30,391,10550.0,OFFICE,COMMERCIAL,SYMPTOMS,FEVER,0,1,13,0
2022-06-25,1430,0.0,URGENT CARE FACILITY,COMMERCIAL,CONDITIONS,disease_x,0,109,9,0
2022-06-23,220,0.0,URGENT CARE FACILITY,COMMERCIAL,CONDITIONS,DISEASE_X,0,2,2,0
2022-06-08,1055,0.0,INDEPENDENT LABORATORY,COMMERCIAL,SYMPTOMS,cough,0,4,8,0
2022-06-15,54,11115.0,URGENT CARE FACILITY,COMMERCIAL,CONDITIONS,DISEASE_X,0,1,0,0
2022-06-29,3887,14225.0,EMERGENCY ROOM - HOSPITAL,COMMERCIAL,SYMPTOMS,sore_throat,0,2,4,0
2022-06-20,2490,20283.0,EMERGENCY ROOM - HOSPITAL,COMMERCIAL,CONDITIONS,disease_x,0,1,1,0
2022-06-03,142,2784.0,EMERGENCY ROOM - HOSPITAL,COMMERCIAL,CONDITIONS,disease_x,0,1,0,0
2022-06-12,1847,5265.0,EMERGENCY ROOM - HOSPITAL,COMMERCIAL,SYMPTOMS,difficulty_breathing,0,1,2,0
2022-06-02,835,3204.0,URGENT CARE FACILITY,COMMERCIAL,CONDITIONS,DISEASE_X,0,14,11,0
2022-06-28,20,0.0,URGENT CARE FACILITY,COMMERCIAL,CONDITIONS,disease_x,0,1,0,0
2022-06-11,2512,18530.0,EMERGENCY ROOM - HOSPITAL,COMMERCIAL,CONDITIONS,disease_x,0,1,2,0
2022-06-16,1900,18342.0,TELEHEALTH PROVIDED OTHER THAN IN PATIENT'S HOME,COMMERCIAL,SYMPTOMS,COUGH,0,18,16,0
2022-06-02,1376,10443.0,EMERGENCY ROOM - HOSPITAL,COMMERCIAL,CONDITIONS,disease_x,0,2,12,0
2022-06-11,143,0.0,INDEPENDENT LABORATORY,MEDICAID,SYMPTOMS,ACUTE_PHARYNGITIS,0,1,5,0
2022-06-12,1073,16732.0,URGENT CARE FACILITY,COMMERCIAL,SYMPTOMS,CONGESTION,0,9,6,0
2022-07-20,2995,13132.0,OFFICE,MEDICARE,CONDITIONS,immunocompromised,0,76,22,4
2022-06-21,3370,13298.0,EMERGENCY ROOM - HOSPITAL,COMMERCIAL,CONDITIONS,disease_x,0,58,1,0
2022-06-06,1061,0.0,TELEHEALTH PROVIDED IN PATIENT'S HOME,COMMERCIAL,SYMPTOMS,ACUTE_PHARYNGITIS,0,1,5,0
2022-07-22,943,11392.0,OFFICE,COMMERCIAL,SYMPTOMS,HEADACHE,0,23,2,0
2022-06-15,1232,2289.0,OFFICE,COMMERCIAL,CONDITIONS,disease_x,0,11,10,0
2022-07-22,3137,5783.0,TELEHEALTH PROVIDED OTHER THAN IN PATIENT'S HOME,COMMERCIAL,CONDITIONS,mental_health_disorders,0,92,10,0
2022-06-11,305,17969.0,EMERGENCY ROOM - HOSPITAL,COMMERCIAL,SYMPTOMS,FEVER,0,1,2,0
2022-06-02,90,14651.0,OFFICE,COMMERCIAL,SYMPTOMS,FEVER,0,1,2,0
2022-06-16,3131,20680.0,EMERGENCY ROOM - HOSPITAL,COMMERCIAL,CONDITIONS,DISEASE_X,0,19,4,3
2022-06-03,2500,0.0,OFFICE,COMMERCIAL,CONDITIONS,disease_x,0,8,8,8
2022-06-06,2645,1543.0,TELEHEALTH PROVIDED IN PATIENT'S HOME,COMMERCIAL,CONDITIONS,disease_x,0,1,6,0
2022-06-15,2809,0.0,OFFICE,COMMERCIAL,CONDITIONS,disease_x,0,1,8,0
2022-06-12,58,295.0,URGENT CARE FACILITY,COMMERCIAL,CONDITIONS,disease_x,0,1,0,0
2022-07-22,1503,3544.0,OFFICE,COMMERCIAL,SYMPTOMS,FEVER,0,5,1,7
2022-06-22,1456,17473.0,TELEHEALTH PROVIDED OTHER THAN IN PATIENT'S HOME,MEDICARE,CONDITIONS,DISEASE_X,0,11,0,0
2022-06-22,3598,13957.0,OFFICE,MEDICARE,CONDITIONS,disease_x,0,2,4,0
2022-06-11,2594,18809.0,OFFICE,COMMERCIAL,CONDITIONS,DISEASE_X,0,1,1,1
2022-06-30,3185,3309.0,EMERGENCY ROOM - HOSPITAL,MEDICARE,CONDITIONS,disease_x,0,1,0,22
2022-06-05,488,2826.0,EMERGENCY ROOM - HOSPITAL,COMMERCIAL,CONDITIONS,disease_x,0,1,0,0
2022-06-10,565,12146.0,OFFICE,COMMERCIAL,CONDITIONS,disease_x,0,1,0,0
2022-06-29,3518,17930.0,OTHER PLACE OF SERVICE,COMMERCIAL,CONDITIONS,disease_x,0,115,10,2
2022-06-26,436,1055.0,URGENT CARE FACILITY,COMMERCIAL,CONDITIONS,disease_x,0,1,0,0
2022-06-03,1133,11966.0,TELEHEALTH PROVIDED IN PATIENT'S HOME,COMMERCIAL,SYMPTOMS,COUGH,0,6,9,0
2022-07-20,3841,5403.0,OFFICE,MEDICARE,CONDITIONS,IMMUNOCOMPROMISED,0,15,5,0
2022-07-21,3810,201.0,OFF CAMPUS-OUTPATIENT HOSPITAL,COMMERCIAL,SYMPTOMS,CONGESTION,0,2,10,1
2022-07-12,2417,21381.0,CRITICAL ACCESS HOSPITAL,COMMERCIAL,CONDITIONS,diabetes,0,25,3,0
2022-07-14,3281,14595.0,HOSPITAL OUTPATIENT,MEDICARE,SYMPTOMS,DIFFICULTY_BREATHING,0,7,18,3
2022-07-11,1554,1468.0,OFFICE,COMMERCIAL,CONDITIONS,mental_health_disorders,0,50,2,0
2022-06-23,3348,24786.0,CLINIC - RURAL HEALTH,MEDICARE,SYMPTOMS,nausea_and_vomiting,0,7,13,11
2022-06-17,1939,3764.0,TELEHEALTH PROVIDED OTHER THAN IN PATIENT'S HOME,COMMERCIAL,CONDITIONS,DISEASE_X,0,1,0,0
2022-06-22,2414,5073.0,OFFICE,COMMERCIAL,CONDITIONS,disease_x,0,14,14,0
2022-07-20,2416,4394.0,HOSPITAL OUTPATIENT,COMMERCIAL,CONDITIONS,obesity,0,5,7,0
2022-06-27,212,15094.0,HOSPITAL OUTPATIENT,COMMERCIAL,CONDITIONS,disease_x,0,1,1,0
2022-06-28,2922,6775.0,URGENT CARE FACILITY,COMMERCIAL,CONDITIONS,DISEASE_X,0,10,0,0
2022-06-23,2935,23679.0,OFFICE,COMMERCIAL,CONDITIONS,HYPERTENSION,0,62,7,0
2022-06-28,802,14488.0,EMERGENCY ROOM - HOSPITAL,MEDICARE,SYMPTOMS,CONGESTION,0,161,4,38
2022-06-10,2074,17659.0,EMERGENCY ROOM - HOSPITAL,COMMERCIAL,SYMPTOMS,fatigue,0,71,1,1
2022-06-13,1771,7099.0,EMERGENCY ROOM - HOSPITAL,COMMERCIAL,CONDITIONS,disease_x,0,45,4,0
2022-07-05,3229,4607.0,OFFICE,MEDICARE,SYMPTOMS,DIFFICULTY_BREATHING,0,156,11,3
2022-06-06,3476,6187.0,INPATIENT HOSPITAL,COMMERCIAL,CONDITIONS,disease_x,0,9,0,21
2022-06-30,114,4739.0,EMERGENCY ROOM - HOSPITAL,COMMERCIAL,CONDITIONS,disease_x,0,3,7,0
2022-06-11,1017,22680.0,EMERGENCY ROOM - HOSPITAL,COMMERCIAL,SYMPTOMS,acute_pharyngitis,0,1,2,0
2022-07-03,1345,6372.0,OFFICE,COMMERCIAL,SYMPTOMS,ACUTE_PHARYNGITIS,0,18,73,1
2022-06-06,1880,2473.0,TELEHEALTH PROVIDED OTHER THAN IN PATIENT'S HOME,COMMERCIAL,CONDITIONS,disease_x,0,7,2,0
2022-06-16,882,18538.0,OFFICE,COMMERCIAL,CONDITIONS,disease_x,0,7,10,0
2022-06-15,1386,0.0,CLINIC - RURAL HEALTH,COMMERCIAL,SYMPTOMS,ACUTE_PHARYNGITIS,0,8,2,0
2022-06-10,2601,0.0,INDEPENDENT LABORATORY,COMMERCIAL,CONDITIONS,disease_x,0,2,7,12
2022-06-21,3830,8596.0,UNASSIGNED,COMMERCIAL,CONDITIONS,obesity,0,49,0,0
2022-07-08,1654,13091.0,HOSPITAL INPATIENT (INCLUDING MEDICARE PART A),COMMERCIAL,CONDITIONS,mental_health_disorders,0,36,2,0
2022-06-15,3425,0.0,INDEPENDENT LABORATORY,COMMERCIAL,CONDITIONS,disease_x,0,10,3,0
2022-06-17,45,24726.0,URGENT CARE FACILITY,COMMERCIAL,SYMPTOMS,FATIGUE,0,1,2,0
2022-06-15,426,18806.0,EMERGENCY ROOM - HOSPITAL,COMMERCIAL,CONDITIONS,DISEASE_X,0,1,0,0
2022-07-18,732,20229.0,OFFICE,MEDICARE,CONDITIONS,HEART_DISEASE,0,20,6,0
2022-06-09,1044,22021.0,TELEHEALTH PROVIDED OTHER THAN IN PATIENT'S HOME,MEDICARE,CONDITIONS,disease_x,0,8,4,0
2022-06-05,1633,12619.0,OFFICE,COMMERCIAL,SYMPTOMS,CONGESTION,0,2,3,0
2022-06-05,515,11298.0,HOSPITAL OUTPATIENT,COMMERCIAL,SYMPTOMS,headache,0,1,3,0
2022-06-05,2507,0.0,URGENT CARE FACILITY,COMMERCIAL,SYMPTOMS,fever,0,1,1,0
2022-07-14,3181,9362.0,OFF CAMPUS-OUTPATIENT HOSPITAL,MEDICARE,CONDITIONS,immunocompromised,0,12,4,0
2022-07-11,1051,671.0,FEDERALLY QUALIFIED HEALTH CENTER,COMMERCIAL,CONDITIONS,diabetes,0,41,1,0
2022-06-23,2712,24295.0,OFFICE,MEDICARE,CONDITIONS,disease_x,0,16,14,0
2022-06-25,1725,18487.0,URGENT CARE FACILITY,MEDICARE,CONDITIONS,DISEASE_X,0,24,6,0
2022-06-28,3989,23419.0,TELEHEALTH PROVIDED OTHER THAN IN PATIENT'S HOME,COMMERCIAL,SYMPTOMS,cough,0,3,2,0
2022-06-28,3146,18679.0,URGENT CARE FACILITY,COMMERCIAL,CONDITIONS,disease_x,0,1,0,0
2022-06-29,944,24072.0,EMERGENCY ROOM - HOSPITAL,COMMERCIAL,CONDITIONS,disease_x,0,1,0,0
2022-07-18,1844,10479.0,HOSPITAL OUTPATIENT,COMMERCIAL,CONDITIONS,immunocompromised,0,35,50,2
2022-06-28,2595,14369.0,URGENT CARE FACILITY,COMMERCIAL,CONDITIONS,disease_x,0,2,8,0
2022-06-28,2182,15115.0,TELEHEALTH PROVIDED OTHER THAN IN PATIENT'S HOME,COMMERCIAL,CONDITIONS,disease_x,0,1,3,0
2022-06-29,126,0.0,URGENT CARE FACILITY,COMMERCIAL,SYMPTOMS,ACUTE_PHARYNGITIS,0,1,1,0
2022-07-20,1122,3223.0,ON CAMPUS-OUTPATIENT HOSPITAL,COMMERCIAL,CONDITIONS,immunocompromised,0,132,7,1
2022-06-01,3683,22776.0,OFFICE,COMMERCIAL,CONDITIONS,disease_x,0,1,2,0
2022-06-23,3685,1896.0,INPATIENT HOSPITAL,MEDICARE,CONDITIONS,disease_x,0,74,32,0
2022-06-20,1003,17146.0,OFFICE,COMMERCIAL,SYMPTOMS,HEADACHE,0,20,11,0
2022-06-13,910,4344.0,HOSPITAL OUTPATIENT,COMMERCIAL,SYMPTOMS,DIFFICULTY_BREATHING,0,5,12,0
2022-07-05,2913,17855.0,TELEHEALTH PROVIDED OTHER THAN IN PATIENT'S HOME,MEDICARE,CONDITIONS,hypertension,0,71,4,50
2022-06-06,1762,2936.0,OFFICE,COMMERCIAL,SYMPTOMS,acute_pharyngitis,0,20,10,0
2022-06-14,770,568.0,URGENT CARE FACILITY,COMMERCIAL,CONDITIONS,disease_x,0,1,0,0
2022-06-29,2197,25057.0,URGENT CARE FACILITY,MEDICARE,CONDITIONS,disease_x,0,51,5,0
2022-06-16,3116,11439.0,EMERGENCY ROOM - HOSPITAL,COMMERCIAL,CONDITIONS,disease_x,0,20,36,2
2022-06-22,2515,19906.0,TELEHEALTH PROVIDED OTHER THAN IN PATIENT'S HOME,COMMERCIAL,CONDITIONS,hypertension,0,46,25,0
2022-06-29,2799,4745.0,OTHER PLACE OF SERVICE,COMMERCIAL,CONDITIONS,diabetes,0,85,3,12
2022-06-25,728,3194.0,URGENT CARE FACILITY,COMMERCIAL,SYMPTOMS,FEVER,0,1,1,0
2022-06-29,350,13342.0,HOSPITAL OUTPATIENT,COMMERCIAL,CONDITIONS,DISEASE_X,0,3,7,0
2022-06-07,1465,20612.0,OTHER PLACE OF SERVICE,MEDICARE,CONDITIONS,DISEASE_X,0,42,14,0
2022-06-15,3826,23818.0,OFFICE,MEDICARE,SYMPTOMS,ACUTE_PHARYNGITIS,0,2,38,1
2022-06-27,3997,2949.0,OFFICE,COMMERCIAL,CONDITIONS,disease_x,0,9,22,0
2022-06-20,671,15445.0,OFFICE,COMMERCIAL,CONDITIONS,disease_x,0,1,0,0
2022-06-05,1013,15580.0,EMERGENCY ROOM - HOSPITAL,COMMERCIAL,SYMPTOMS,NAUSEA_AND_VOMITING,0,1,14,0
2022-06-04,3499,0.0,AMBULANCE - LAND,MEDICARE,CONDITIONS,DISEASE_X,0,19,2,0
2022-06-18,1403,344.0,URGENT CARE FACILITY,COMMERCIAL,CONDITIONS,disease_x,0,1,0,0
2022-06-12,636,17440.0,HOSPITAL - LABORATORY SERVICES PROVIDED TO NON-PATIENTS,COMMERCIAL,CONDITIONS,disease_x,0,3,10,0
2022-06-21,1468,18463.0,ON CAMPUS-OUTPATIENT HOSPITAL,COMMERCIAL,CONDITIONS,disease_x,0,2,2,0
2022-06-02,692,25122.0,EMERGENCY ROOM - HOSPITAL,COMMERCIAL,SYMPTOMS,NAUSEA_AND_VOMITING,0,1,4,0
2022-06-27,782,482.0,URGENT CARE FACILITY,COMMERCIAL,SYMPTOMS,COUGH,0,5,6,0
2022-06-25,2836,20360.0,HOSPITAL OUTPATIENT,MEDICARE,CONDITIONS,disease_x,0,49,8,22
2022-06-28,698,19122.0,HOSPITAL OUTPATIENT,COMMERCIAL,CONDITIONS,disease_x,0,2,0,0
2022-06-23,151,3519.0,TELEHEALTH PROVIDED OTHER THAN IN PATIENT'S HOME,COMMERCIAL,CONDITIONS,disease_x,0,1,2,0
2022-07-07,2377,18509.0,ON CAMPUS-OUTPATIENT HOSPITAL,MEDICAID,SYMPTOMS,HEADACHE,0,92,79,0
2022-06-15,3086,7152.0,HOSPITAL OUTPATIENT,COMMERCIAL,CONDITIONS,DISEASE_X,0,11,0,7
2022-07-08,776,16737.0,URGENT CARE FACILITY,COMMERCIAL,SYMPTOMS,DIFFICULTY_BREATHING,0,4,3,0
2022-06-16,3284,16578.0,URGENT CARE FACILITY,COMMERCIAL,SYMPTOMS,fever,0,2,1,0
2022-06-17,3548,10041.0,URGENT CARE FACILITY,COMMERCIAL,CONDITIONS,disease_x,0,28,29,2
2022-06-16,1463,24249.0,OFFICE,COMMERCIAL,CONDITIONS,hypertension,0,4,0,1
2022-06-05,921,0.0,URGENT CARE FACILITY,COMMERCIAL,CONDITIONS,disease_x,0,3,0,0
2022-06-11,263,3636.0,EMERGENCY ROOM - HOSPITAL,COMMERCIAL,CONDITIONS,disease_x,0,2,0,0
2022-07-01,3623,15995.0,OFFICE,COMMERCIAL,CONDITIONS,OBESITY,0,77,10,0
2022-07-03,3360,0.0,URGENT CARE FACILITY,COMMERCIAL,CONDITIONS,disease_x,0,3,0,0
2022-06-10,1817,24179.0,TELEHEALTH PROVIDED OTHER THAN IN PATIENT'S HOME,COMMERCIAL,CONDITIONS,DISEASE_X,0,2,5,0
2022-06-30,952,17223.0,OFFICE,MEDICARE,SYMPTOMS,FATIGUE,0,64,16,2
2022-06-07,685,0.0,URGENT CARE FACILITY,COMMERCIAL,SYMPTOMS,COUGH,0,1,6,0
2022-06-10,30,21721.0,HOSPITAL OUTPATIENT,COMMERCIAL,CONDITIONS,disease_x,0,1,0,0
2022-06-08,249,14789.0,EMERGENCY ROOM - HOSPITAL,COMMERCIAL,SYMPTOMS,COUGH,0,1,5,0
2022-06-28,962,13639.0,HOSPITAL OUTPATIENT,COMMERCIAL,CONDITIONS,DISEASE_X,0,1,2,1
2022-06-27,3629,0.0,URGENT CARE FACILITY,COMMERCIAL,CONDITIONS,disease_x,0,1,25,0
2022-06-23,670,0.0,INDEPENDENT LABORATORY,COMMERCIAL,CONDITIONS,disease_x,0,19,0,0
2022-06-20,3773,0.0,INDEPENDENT LABORATORY,COMMERCIAL,SYMPTOMS,cough,0,1,25,0
2022-07-19,1509,16273.0,OFFICE,MEDICARE,CONDITIONS,hypertension,0,10,4,0
2022-06-20,3314,18395.0,TELEHEALTH PROVIDED OTHER THAN IN PATIENT'S HOME,MEDICARE,CONDITIONS,disease_x,0,38,2,0
2022-06-27,1306,0.0,URGENT CARE FACILITY,COMMERCIAL,CONDITIONS,DISEASE_X,0,3,0,0
2022-06-21,2452,24012.0,OFFICE,COMMERCIAL,SYMPTOMS,CONGESTION,0,2,2,0
2022-07-07,9,5281.0,HOSPITAL OUTPATIENT,COMMERCIAL,CONDITIONS,disease_x,0,2,0,0
2022-06-25,1669,6336.0,EMERGENCY ROOM - HOSPITAL,COMMERCIAL,SYMPTOMS,FEVER,0,1,16,0
2022-06-13,176,5015.0,EMERGENCY ROOM - HOSPITAL,COMMERCIAL,SYMPTOMS,COUGH,0,1,3,0
2022-06-17,548,10797.0,EMERGENCY ROOM - HOSPITAL,MEDICAID,SYMPTOMS,congestion,0,1,3,0
2022-06-07,3812,4222.0,EMERGENCY ROOM - HOSPITAL,COMMERCIAL,SYMPTOMS,cough,0,4,11,0
2022-06-14,3780,1750.0,HOSPITAL OUTPATIENT,MEDICARE,CONDITIONS,HYPERTENSION,0,20,1,0
2022-06-20,3871,3728.0,OFFICE,MEDICARE,CONDITIONS,disease_x,0,35,7,3
2022-06-09,430,11155.0,URGENT CARE FACILITY,COMMERCIAL,SYMPTOMS,headache,0,3,2,0
2022-06-03,330,20125.0,EMERGENCY ROOM - HOSPITAL,COMMERCIAL,SYMPTOMS,FEVER,0,1,9,0
2022-06-13,1310,19869.0,TELEHEALTH PROVIDED OTHER THAN IN PATIENT'S HOME,COMMERCIAL,SYMPTOMS,FEVER,0,3,11,0
2022-06-03,3228,0.0,AMBULANCE - LAND,COMMERCIAL,CONDITIONS,disease_x,0,46,11,40
2022-06-14,3439,1895.0,TELEHEALTH PROVIDED OTHER THAN IN PATIENT'S HOME,COMMERCIAL,CONDITIONS,DISEASE_X,0,4,3,2
2022-06-04,3324,92.0,URGENT CARE FACILITY,COMMERCIAL,SYMPTOMS,HEADACHE,0,1,1,0
2022-07-12,1498,2431.0,OFFICE,COMMERCIAL,SYMPTOMS,loss_of_taste_or_smell,0,5,5,0
2022-06-06,2504,14149.0,EMERGENCY ROOM - HOSPITAL,COMMERCIAL,CONDITIONS,disease_x,0,1,5,0
2022-06-10,3701,0.0,INDEPENDENT LABORATORY,COMMERCIAL,SYMPTOMS,cough,0,1,1,0
2022-06-24,2885,1204.0,OFFICE,MEDICARE,SYMPTOMS,cough,0,16,3,2
2022-06-21,3081,12385.0,TELEHEALTH PROVIDED IN PATIENT'S HOME,COMMERCIAL,CONDITIONS,disease_x,0,42,3,1
2022-07-14,1211,1699.0,OFFICE,COMMERCIAL,SYMPTOMS,MUSCLE_ACHE,0,12,21,12
2022-07-15,684,12808.0,OFFICE,COMMERCIAL,CONDITIONS,obesity,0,37,8,0
2022-06-28,125,17941.0,EMERGENCY ROOM - HOSPITAL,COMMERCIAL,SYMPTOMS,COUGH,0,3,8,0
2022-06-18,1096,8279.0,URGENT CARE FACILITY,COMMERCIAL,CONDITIONS,disease_x,0,2,0,0
2022-06-27,1628,8564.0,OFFICE,COMMERCIAL,CONDITIONS,DISEASE_X,0,1,0,0
2022-06-25,1655,11382.0,EMERGENCY ROOM - HOSPITAL,MEDICARE,CONDITIONS,DISEASE_X,0,97,20,0
2022-06-18,2082,15868.0,EMERGENCY ROOM - HOSPITAL,COMMERCIAL,SYMPTOMS,HEADACHE,0,14,1,0
2022-06-20,1793,1012.0,OFFICE,COMMERCIAL,SYMPTOMS,DIFFICULTY_BREATHING,0,19,4,0
2022-06-30,2114,23511.0,OFFICE,MEDICARE,CONDITIONS,hypertension,0,36,7,0
2022-07-02,1791,9524.0,URGENT CARE FACILITY,COMMERCIAL,CONDITIONS,DISEASE_X,0,2,0,0
2022-06-29,3304,21356.0,URGENT CARE FACILITY,COMMERCIAL,CONDITIONS,disease_x,0,1,1,0
2022-06-28,612,3053.0,URGENT CARE FACILITY,COMMERCIAL,CONDITIONS,disease_x,0,1,1,0
2022-06-29,254,24881.0,EMERGENCY ROOM - HOSPITAL,COMMERCIAL,SYMPTOMS,cough,0,1,2,0
2022-06-07,2010,18326.0,URGENT CARE FACILITY,COMMERCIAL,SYMPTOMS,acute_uri,0,4,11,4
2022-06-04,725,18256.0,URGENT CARE FACILITY,COMMERCIAL,CONDITIONS,disease_x,0,3,18,0
2022-06-06,795,17837.0,OFFICE,MEDICARE,CONDITIONS,disease_x,0,170,27,35
2022-06-13,1346,2425.0,HOSPITAL OUTPATIENT,COMMERCIAL,CONDITIONS,DISEASE_X,0,2,0,0
2022-06-27,2296,5741.0,EMERGENCY ROOM - HOSPITAL,MEDICARE,CONDITIONS,DISEASE_X,0,13,5,1
2022-06-30,1981,14829.0,TELEHEALTH PROVIDED OTHER THAN IN PATIENT'S HOME,COMMERCIAL,CONDITIONS,disease_x,0,2,2,0
2022-06-17,43,2086.0,EMERGENCY ROOM - HOSPITAL,MEDICARE,CONDITIONS,disease_x,0,2,0,0
2022-06-22,461,2677.0,EMERGENCY ROOM - HOSPITAL,COMMERCIAL,SYMPTOMS,ACUTE_URI,0,1,3,0
2022-06-16,2096,0.0,URGENT CARE FACILITY,COMMERCIAL,CONDITIONS,disease_x,0,3,11,0
2022-06-16,1420,23560.0,OFFICE,MEDICARE,CONDITIONS,disease_x,0,25,2,0
2022-07-22,1019,15987.0,INPATIENT HOSPITAL,COMMERCIAL,CONDITIONS,immunocompromised,0,52,11,0
2022-06-13,897,0.0,INDEPENDENT LABORATORY,COMMERCIAL,CONDITIONS,disease_x,0,1,2,1
2022-07-22,3006,1199.0,OFFICE,COMMERCIAL,SYMPTOMS,MUSCLE_ACHE,0,57,17,0
2022-06-07,3147,2199.0,INPATIENT HOSPITAL,MEDICARE,CONDITIONS,disease_x,0,73,102,7
2022-06-05,1323,10538.0,HOSPITAL OUTPATIENT,COMMERCIAL,CONDITIONS,DISEASE_X,0,8,1,0
2022-06-25,819,21547.0,HOSPITAL OUTPATIENT,COMMERCIAL,CONDITIONS,disease_x,0,15,7,0
2022-07-13,281,9256.0,OFFICE,COMMERCIAL,SYMPTOMS,DIFFICULTY_BREATHING,0,2,2,0
2022-06-30,3142,0.0,URGENT CARE FACILITY,COMMERCIAL,CONDITIONS,DISEASE_X,0,2,1,0
2022-06-02,332,13981.0,OFFICE,COMMERCIAL,SYMPTOMS,ACUTE_URI,0,1,2,0
2022-06-24,2337,14855.0,URGENT CARE FACILITY,COMMERCIAL,CONDITIONS,disease_x,0,10,9,0
2022-06-21,3711,16947.0,OFFICE,COMMERCIAL,CONDITIONS,OBESITY,0,16,3,24
2022-06-22,3172,23547.0,URGENT CARE FACILITY,COMMERCIAL,CONDITIONS,DISEASE_X,0,5,3,0
2022-06-07,325,23573.0,OFFICE,COMMERCIAL,CONDITIONS,DISEASE_X,0,9,5,3
2022-07-15,1810,0.0,UNASSIGNED,COMMERCIAL,CONDITIONS,IMMUNOCOMPROMISED,0,46,4,0
2022-06-16,2503,12415.0,URGENT CARE FACILITY,COMMERCIAL,CONDITIONS,disease_x,0,12,6,0
2022-06-02,2752,6820.0,URGENT CARE FACILITY,COMMERCIAL,SYMPTOMS,COUGH,0,5,10,0
2022-06-14,3331,7670.0,EMERGENCY ROOM - HOSPITAL,COMMERCIAL,SYMPTOMS,FEVER,0,31,6,9
2022-06-29,1174,322.0,OFFICE,MEDICARE,CONDITIONS,hypertension,0,52,13,1
2022-06-09,1277,13828.0,EMERGENCY ROOM - HOSPITAL,COMMERCIAL,CONDITIONS,disease_x,0,2,2,0
2022-06-12,113,20697.0,EMERGENCY ROOM - HOSPITAL,COMMERCIAL,SYMPTOMS,acute_pharyngitis,0,1,1,0
2022-06-04,3787,22326.0,EMERGENCY ROOM - HOSPITAL,COMMERCIAL,SYMPTOMS,SORE_THROAT,0,8,6,22
2022-07-14,1349,16086.0,UNASSIGNED,COMMERCIAL,CONDITIONS,disease_x,0,54,11,0
2022-06-07,1315,0.0,INDEPENDENT LABORATORY,COMMERCIAL,SYMPTOMS,FEVER,0,1,5,0
2022-06-17,112,1766.0,URGENT CARE FACILITY,COMMERCIAL,CONDITIONS,disease_x,0,1,1,0
2022-06-05,966,3651.0,OFFICE,COMMERCIAL,SYMPTOMS,fever,0,1,13,0
2022-06-04,3460,13314.0,HOSPITAL OUTPATIENT,MEDICAID,CONDITIONS,disease_x,0,3,8,0
2022-06-30,1545,10676.0,HOSPITAL OUTPATIENT,COMMERCIAL,SYMPTOMS,SORE_THROAT,0,13,8,0
2022-06-27,1986,5701.0,OFFICE,COMMERCIAL,CONDITIONS,disease_x,0,12,5,0
2022-06-24,3836,0.0,URGENT CARE FACILITY,COMMERCIAL,CONDITIONS,disease_x,0,12,0,0
2022-06-16,1600,3968.0,INPATIENT HOSPITAL,COMMERCIAL,CONDITIONS,IMMUNOCOMPROMISED,0,165,3,1
2022-06-01,80,8289.0,OFFICE,COMMERCIAL,CONDITIONS,OBESITY,0,3,1,0
2022-07-08,2277,18750.0,HOSPITAL OUTPATIENT,MEDICARE,CONDITIONS,heart_disease,0,32,8,13
2022-06-16,2111,19926.0,OFFICE,COMMERCIAL,SYMPTOMS,COUGH,0,1,2,0
2022-06-28,3106,20996.0,INPATIENT HOSPITAL,COMMERCIAL,SYMPTOMS,SORE_THROAT,0,9,5,0
2022-06-29,3117,0.0,URGENT CARE FACILITY,COMMERCIAL,CONDITIONS,disease_x,0,2,5,0
2022-06-03,2496,467.0,HOSPITAL OUTPATIENT,COMMERCIAL,CONDITIONS,disease_x,0,7,6,0
2022-06-13,3126,6973.0,TELEHEALTH PROVIDED IN PATIENT'S HOME,COMMERCIAL,CONDITIONS,disease_x,0,19,0,57
2022-06-30,672,16061.0,OFFICE,COMMERCIAL,CONDITIONS,disease_x,0,1,0,3
2022-06-01,273,21165.0,HOSPITAL OUTPATIENT,COMMERCIAL,CONDITIONS,disease_x,0,3,1,0
2022-06-14,1381,19229.0,OFFICE,COMMERCIAL,CONDITIONS,disease_x,0,1,0,0
2022-06-20,119,18399.0,EMERGENCY ROOM - HOSPITAL,COMMERCIAL,SYMPTOMS,CONGESTION,0,3,4,0
2022-06-28,982,16471.0,OFFICE,COMMERCIAL,SYMPTOMS,headache,0,4,5,0
2022-06-19,958,0.0,OFFICE,COMMERCIAL,SYMPTOMS,FATIGUE,0,13,12,3
2022-06-23,3509,6543.0,EMERGENCY ROOM - HOSPITAL,COMMERCIAL,SYMPTOMS,cough,0,1,4,0
2022-06-27,2937,14200.0,OFFICE,MEDICARE,CONDITIONS,hypertension,0,22,32,0
2022-06-16,3504,5507.0,OFFICE,COMMERCIAL,CONDITIONS,heart_disease,0,14,1,2
2022-06-08,1739,0.0,INDEPENDENT LABORATORY,COMMERCIAL,SYMPTOMS,CONGESTION,0,4,3,0
2022-06-12,1375,3915.0,URGENT CARE FACILITY,COMMERCIAL,SYMPTOMS,COUGH,0,5,6,0
2022-07-13,3110,6037.0,HOSPITAL OUTPATIENT,MEDICARE,CONDITIONS,immunocompromised,0,111,41,2
2022-06-08,36,7147.0,EMERGENCY ROOM - HOSPITAL,COMMERCIAL,CONDITIONS,DISEASE_X,0,1,1,0
2022-06-13,3891,5905.0,HOSPITAL INPATIENT (INCLUDING MEDICARE PART A),COMMERCIAL,CONDITIONS,disease_x,0,1,2,0
2022-07-01,2537,14626.0,UNASSIGNED,MEDICARE,CONDITIONS,disease_x,0,3,4,0
2022-06-25,2145,5975.0,HOSPITAL INPATIENT (INCLUDING MEDICARE PART A),MEDICARE,CONDITIONS,hypertension,0,14,0,0
2022-07-05,1828,23262.0,OTHER PLACE OF SERVICE,COMMERCIAL,SYMPTOMS,fatigue,0,59,14,0
2022-06-27,589,0.0,INDEPENDENT LABORATORY,COMMERCIAL,CONDITIONS,disease_x,0,1,1,0
2022-06-02,3777,0.0,OFFICE,COMMERCIAL,SYMPTOMS,FEVER,0,3,13,0
2022-06-23,3099,6590.0,EMERGENCY ROOM - HOSPITAL,COMMERCIAL,CONDITIONS,disease_x,0,2,4,0
2022-06-29,1221,0.0,URGENT CARE FACILITY,COMMERCIAL,CONDITIONS,DISEASE_X,0,3,8,0
2022-06-16,1385,24183.0,URGENT CARE FACILITY,COMMERCIAL,CONDITIONS,disease_x,0,1,2,0
2022-06-11,1337,17216.0,OFFICE,COMMERCIAL,SYMPTOMS,ACUTE_URI,0,2,2,0
2022-06-14,1784,0.0,TELEHEALTH PROVIDED IN PATIENT'S HOME,COMMERCIAL,SYMPTOMS,CONGESTION,0,4,2,0
2022-06-22,572,20246.0,OFFICE,COMMERCIAL,CONDITIONS,disease_x,0,1,1,0
2022-06-27,563,18501.0,OFFICE,COMMERCIAL,SYMPTOMS,COUGH,0,1,5,0
2022-06-03,3114,0.0,INDEPENDENT LABORATORY,COMMERCIAL,CONDITIONS,disease_x,0,2,1,0
2022-06-25,702,20283.0,EMERGENCY ROOM - HOSPITAL,COMMERCIAL,CONDITIONS,IMMUNOCOMPROMISED,0,100,6,4
2022-06-22,1760,0.0,TELEHEALTH PROVIDED IN PATIENT'S HOME,COMMERCIAL,SYMPTOMS,COUGH,0,50,10,0
2022-06-26,2388,0.0,INDEPENDENT LABORATORY,COMMERCIAL,CONDITIONS,disease_x,0,2,3,0
2022-06-14,3865,21604.0,TELEHEALTH PROVIDED OTHER THAN IN PATIENT'S HOME,MEDICARE,CONDITIONS,disease_x,0,61,16,18
2022-06-01,2657,10268.0,EMERGENCY ROOM - HOSPITAL,COMMERCIAL,SYMPTOMS,FEVER,0,1,3,0
2022-06-14,1283,25006.0,OFFICE,COMMERCIAL,SYMPTOMS,sore_throat,0,8,9,0
2022-06-09,1561,0.0,AMBULANCE - LAND,MEDICARE,CONDITIONS,disease_x,0,3,2,22
2022-06-11,3699,0.0,URGENT CARE FACILITY,COMMERCIAL,CONDITIONS,DISEASE_X,0,7,1,0
2022-06-20,3377,444.0,OFFICE,COMMERCIAL,CONDITIONS,DISEASE_X,0,1,3,0
2022-07-08,3042,865.0,TELEHEALTH PROVIDED OTHER THAN IN PATIENT'S HOME,COMMERCIAL,SYMPTOMS,cough,0,7,21,0
2022-06-11,189,0.0,OTHER PLACE OF SERVICE,MEDICARE,CONDITIONS,disease_x,0,3,0,0
2022-06-07,1635,23251.0,EMERGENCY ROOM - HOSPITAL,COMMERCIAL,SYMPTOMS,FEVER,0,2,3,0
2022-06-04,1223,0.0,INDEPENDENT LABORATORY,COMMERCIAL,CONDITIONS,disease_x,0,1,2,3
2022-06-03,252,10807.0,TELEHEALTH PROVIDED OTHER THAN IN PATIENT'S HOME,COMMERCIAL,CONDITIONS,DISEASE_X,0,1,2,0
2022-06-17,3964,16562.0,OFFICE,COMMERCIAL,CONDITIONS,disease_x,0,18,0,0
2022-07-13,1233,0.0,INDEPENDENT LABORATORY,COMMERCIAL,CONDITIONS,hypertension,0,7,4,0
2022-06-06,1696,202.0,OFFICE,COMMERCIAL,SYMPTOMS,acute_pharyngitis,0,13,8,0
2022-06-08,2066,0.0,INDEPENDENT LABORATORY,COMMERCIAL,CONDITIONS,disease_x,0,4,9,1
2022-07-12,3335,4202.0,OFFICE,COMMERCIAL,SYMPTOMS,cough,0,2,5,0
2022-06-28,2520,135.0,HOSPITAL OUTPATIENT,COMMERCIAL,CONDITIONS,disease_x,0,1,4,0
2022-06-27,3492,16094.0,HOSPITAL OUTPATIENT,COMMERCIAL,CONDITIONS,disease_x,0,46,5,25
2022-07-08,1866,23222.0,OFFICE,COMMERCIAL,SYMPTOMS,COUGH,0,3,7,0
2022-07-20,3122,17193.0,HOSPITAL OUTPATIENT,COMMERCIAL,CONDITIONS,HYPERTENSION,0,34,12,3
2022-06-22,3652,2868.0,TELEHEALTH PROVIDED OTHER THAN IN PATIENT'S HOME,MEDICARE,SYMPTOMS,ACUTE_URI,0,29,12,26
2022-06-26,337,21357.0,EMERGENCY ROOM - HOSPITAL,COMMERCIAL,SYMPTOMS,COUGH,0,1,4,0
2022-06-12,528,0.0,URGENT CARE FACILITY,COMMERCIAL,CONDITIONS,disease_x,0,3,11,0
2022-06-01,3863,20071.0,OFFICE,MEDICARE,CONDITIONS,disease_x,0,12,4,4
2022-06-21,879,19723.0,TELEHEALTH PROVIDED OTHER THAN IN PATIENT'S HOME,COMMERCIAL,CONDITIONS,disease_x,0,2,4,0
2022-06-04,3033,22242.0,OFFICE,COMMERCIAL,SYMPTOMS,SORE_THROAT,0,6,26,0
2022-06-25,149,13908.0,INPATIENT HOSPITAL,COMMERCIAL,SYMPTOMS,DIFFICULTY_BREATHING,0,1,3,0
2022-07-06,2883,21112.0,HOSPITAL OUTPATIENT,MEDICARE,CONDITIONS,HEART_DISEASE,0,56,3,49
2022-06-16,2781,0.0,INDEPENDENT LABORATORY,COMMERCIAL,SYMPTOMS,SORE_THROAT,0,15,26,0
2022-07-11,3966,17102.0,INPATIENT HOSPITAL,COMMERCIAL,CONDITIONS,hypertension,0,33,7,0
2022-06-06,3387,331.0,OFFICE,COMMERCIAL,SYMPTOMS,CONGESTION,0,5,3,0
2022-06-13,3889,23350.0,URGENT CARE FACILITY,COMMERCIAL,CONDITIONS,disease_x,0,16,8,0
2022-06-20,3216,18624.0,RURAL HEALTH CLINIC,COMMERCIAL,SYMPTOMS,acute_uri,0,7,4,0
2022-06-12,727,9354.0,URGENT CARE FACILITY,COMMERCIAL,CONDITIONS,disease_x,0,3,1,0
2022-06-28,712,10112.0,OFFICE,COMMERCIAL,SYMPTOMS,ACUTE_PHARYNGITIS,0,1,2,0
2022-07-02,243,5238.0,EMERGENCY ROOM - HOSPITAL,COMMERCIAL,SYMPTOMS,FEVER,0,2,2,0
2022-07-21,1325,17736.0,TELEHEALTH PROVIDED OTHER THAN IN PATIENT'S HOME,COMMERCIAL,CONDITIONS,mental_health_disorders,0,90,14,0
2022-06-04,874,4254.0,HOSPITAL OUTPATIENT,COMMERCIAL,CONDITIONS,disease_x,0,8,11,0
2022-06-08,3301,5036.0,HOSPITAL OUTPATIENT,COMMERCIAL,CONDITIONS,disease_x,0,2,5,0
2022-06-18,1807,7835.0,URGENT CARE FACILITY,COMMERCIAL,SYMPTOMS,FEVER,0,1,20,0
2022-06-25,494,0.0,TELEHEALTH PROVIDED IN PATIENT'S HOME,COMMERCIAL,CONDITIONS,disease_x,0,1,3,0
2022-06-21,207,602.0,EMERGENCY ROOM - HOSPITAL,COMMERCIAL,SYMPTOMS,FEVER,0,2,1,0
2022-06-29,3050,10899.0,HOSPITAL OUTPATIENT,COMMERCIAL,CONDITIONS,disease_x,0,31,0,31
2022-06-29,429,6619.0,HOSPITAL - LABORATORY SERVICES PROVIDED TO NON-PATIENTS,COMMERCIAL,SYMPTOMS,fever,0,1,2,0
2022-06-28,493,9611.0,URGENT CARE FACILITY,COMMERCIAL,CONDITIONS,disease_x,0,1,0,0
2022-06-04,2059,5117.0,HOSPITAL OUTPATIENT,COMMERCIAL,CONDITIONS,DISEASE_X,0,1,9,0
2022-06-13,4013,0.0,AMBULANCE - LAND,MEDICARE,CONDITIONS,disease_x,0,2,2,0
2022-07-19,1882,12478.0,HOSPITAL OUTPATIENT,COMMERCIAL,CONDITIONS,immunocompromised,0,120,1,1
2022-06-05,871,0.0,URGENT CARE FACILITY,COMMERCIAL,CONDITIONS,disease_x,0,1,0,0
2022-07-13,3466,12905.0,OFFICE,MEDICARE,CONDITIONS,mental_health_disorders,0,26,6,0
2022-06-19,930,0.0,INDEPENDENT LABORATORY,COMMERCIAL,CONDITIONS,disease_x,0,2,1,0
2022-06-27,1123,0.0,URGENT CARE FACILITY,COMMERCIAL,CONDITIONS,DISEASE_X,0,1,4,0
2022-06-28,925,19774.0,CLINIC - FREESTANDING,MEDICAID,SYMPTOMS,NAUSEA_AND_VOMITING,0,1,12,3
2022-06-20,1234,11654.0,OFFICE,COMMERCIAL,CONDITIONS,disease_x,0,1,0,0
2022-06-13,1918,18967.0,TELEHEALTH PROVIDED OTHER THAN IN PATIENT'S HOME,COMMERCIAL,SYMPTOMS,COUGH,0,2,9,1
2022-07-22,2905,5129.0,INPATIENT HOSPITAL,COMMERCIAL,SYMPTOMS,DIFFICULTY_BREATHING,0,27,5,41
2022-06-10,1226,114.0,ON CAMPUS-OUTPATIENT HOSPITAL,COMMERCIAL,CONDITIONS,disease_x,0,5,1,0
2022-07-13,2857,22988.0,OFFICE,COMMERCIAL,SYMPTOMS,SORE_THROAT,0,7,5,0
2022-06-03,3395,0.0,URGENT CARE FACILITY,COMMERCIAL,CONDITIONS,disease_x,0,1,2,0
2022-06-21,828,21810.0,HOSPITAL INPATIENT (INCLUDING MEDICARE PART A),COMMERCIAL,CONDITIONS,disease_x,0,9,2,0
2022-06-28,3164,170.0,HOSPITAL OUTPATIENT,COMMERCIAL,CONDITIONS,disease_x,0,16,9,1
2022-06-01,2631,6990.0,UNASSIGNED,MEDICARE,CONDITIONS,heart_disease,0,139,7,31
2022-06-27,26,6693.0,EMERGENCY ROOM - HOSPITAL,COMMERCIAL,CONDITIONS,disease_x,0,1,1,0
2022-06-28,2039,2690.0,URGENT CARE FACILITY,MEDICAID,CONDITIONS,disease_x,0,2,10,1
2022-06-01,948,0.0,OFFICE,MEDICARE,CONDITIONS,disease_x,0,10,1,0
2022-06-29,2566,268.0,URGENT CARE FACILITY,COMMERCIAL,CONDITIONS,disease_x,0,2,1,0
2022-06-30,3073,0.0,OFFICE,COMMERCIAL,CONDITIONS,immunocompromised,0,20,27,1
2022-06-29,894,13364.0,EMERGENCY ROOM - HOSPITAL,COMMERCIAL,CONDITIONS,DISEASE_X,0,1,1,0
2022-06-08,3180,1668.0,URGENT CARE FACILITY,COMMERCIAL,CONDITIONS,disease_x,0,2,3,0
2022-06-14,2688,745.0,OFFICE,COMMERCIAL,CONDITIONS,disease_x,0,5,2,0
2022-06-16,1066,539.0,OFFICE,COMMERCIAL,SYMPTOMS,ACUTE_PHARYNGITIS,0,4,8,0
2022-06-03,826,6219.0,TELEHEALTH PROVIDED OTHER THAN IN PATIENT'S HOME,COMMERCIAL,CONDITIONS,DISEASE_X,0,4,1,0
2022-06-08,3611,3261.0,OFFICE,COMMERCIAL,CONDITIONS,disease_x,0,12,0,0
2022-06-04,3318,11328.0,URGENT CARE FACILITY,COMMERCIAL,CONDITIONS,disease_x,0,7,0,0
2022-06-06,3201,17619.0,OFFICE,MEDICARE,CONDITIONS,disease_x,0,27,1,0
2022-07-22,1877,13238.0,OFFICE,MEDICARE,CONDITIONS,immunocompromised,0,180,0,0
2022-06-13,1994,8709.0,TELEHEALTH PROVIDED OTHER THAN IN PATIENT'S HOME,COMMERCIAL,SYMPTOMS,sore_throat,0,21,10,0
2022-06-17,2013,7410.0,URGENT CARE FACILITY,MEDICARE,CONDITIONS,DISEASE_X,0,7,14,0
2022-06-14,2382,11042.0,OFFICE,COMMERCIAL,CONDITIONS,DISEASE_X,0,2,6,0
2022-06-05,1501,11400.0,INPATIENT HOSPITAL,COMMERCIAL,CONDITIONS,immunocompromised,0,14,24,0
2022-07-01,2349,0.0,INDEPENDENT LABORATORY,COMMERCIAL,SYMPTOMS,FATIGUE,0,2,9,0
2022-06-29,3722,0.0,URGENT CARE FACILITY,COMMERCIAL,CONDITIONS,disease_x,0,49,3,0
2022-06-18,1841,20794.0,TELEHEALTH PROVIDED IN PATIENT'S HOME,COMMERCIAL,CONDITIONS,disease_x,0,2,10,0
2022-06-15,2550,3715.0,OFFICE,COMMERCIAL,SYMPTOMS,COUGH,0,1,19,4
2022-06-16,1825,18554.0,TELEHEALTH PROVIDED IN PATIENT'S HOME,COMMERCIAL,CONDITIONS,disease_x,0,6,1,0
2022-06-13,2425,3095.0,OFFICE,COMMERCIAL,CONDITIONS,disease_x,0,2,1,0
2022-06-13,3079,17834.0,EMERGENCY ROOM - HOSPITAL,COMMERCIAL,CONDITIONS,disease_x,0,12,18,0
2022-06-08,2803,7536.0,HOSPITAL OUTPATIENT,COMMERCIAL,CONDITIONS,HYPERTENSION,0,33,5,0
2022-06-09,1075,1419.0,OFFICE,MEDICARE,CONDITIONS,DISEASE_X,0,13,1,0
2022-06-04,2134,7014.0,URGENT CARE FACILITY,COMMERCIAL,CONDITIONS,disease_x,0,1,2,0
2022-06-22,2246,23798.0,EMERGENCY ROOM - HOSPITAL,COMMERCIAL,SYMPTOMS,FEVER,0,3,6,0
2022-06-21,1324,13723.0,ON CAMPUS-OUTPATIENT HOSPITAL,COMMERCIAL,SYMPTOMS,ACUTE_PHARYNGITIS,0,3,4,0
2022-06-27,2239,15348.0,OFFICE,COMMERCIAL,CONDITIONS,disease_x,0,38,6,0
2022-07-19,3848,19572.0,OFFICE,COMMERCIAL,CONDITIONS,immunocompromised,0,62,12,0
2022-07-09,3241,17725.0,EMERGENCY ROOM - HOSPITAL,COMMERCIAL,CONDITIONS,HYPERTENSION,0,49,4,0
2022-06-21,1532,15790.0,OFFICE,COMMERCIAL,CONDITIONS,disease_x,0,6,4,4
2022-07-22,2203,4283.0,OFFICE,COMMERCIAL,CONDITIONS,hypertension,0,59,0,0
2022-06-16,1431,18738.0,OFFICE,MEDICARE,CONDITIONS,DISEASE_X,0,15,6,0
2022-06-28,2716,577.0,OFFICE,COMMERCIAL,CONDITIONS,disease_x,0,18,3,1
2022-06-08,3472,19836.0,OFF CAMPUS-OUTPATIENT HOSPITAL,MEDICARE,CONDITIONS,DISEASE_X,0,91,3,0
2022-06-25,2660,14071.0,OFFICE,COMMERCIAL,SYMPTOMS,cough,0,1,8,26
2022-06-16,120,20188.0,EMERGENCY ROOM - HOSPITAL,COMMERCIAL,CONDITIONS,DISEASE_X,0,1,2,0
2022-07-12,1876,22729.0,OFFICE,MEDICARE,CONDITIONS,diabetes,0,66,1,20
2022-06-15,2211,12891.0,OFFICE,COMMERCIAL,CONDITIONS,disease_x,0,1,1,0
2022-06-20,1584,22772.0,OFFICE,MEDICARE,CONDITIONS,disease_x,0,24,8,19
2022-06-29,3393,14677.0,EMERGENCY ROOM - HOSPITAL,COMMERCIAL,SYMPTOMS,fever,0,3,8,11
2022-07-21,3985,18128.0,OFFICE,COMMERCIAL,CONDITIONS,immunocompromised,0,22,0,1
2022-06-10,1812,15130.0,OFFICE,COMMERCIAL,CONDITIONS,DISEASE_X,0,35,21,0
2022-06-13,2532,20546.0,HOSPITAL OUTPATIENT,COMMERCIAL,CONDITIONS,disease_x,0,1,15,0
2022-07-22,3332,20664.0,OFFICE,COMMERCIAL,CONDITIONS,HYPERTENSION,0,28,6,0
2022-06-26,2597,2257.0,EMERGENCY ROOM - HOSPITAL,COMMERCIAL,CONDITIONS,disease_x,0,5,12,0
2022-06-02,3358,21326.0,OFFICE,COMMERCIAL,CONDITIONS,DISEASE_X,0,51,31,13
2022-07-18,1973,1994.0,OTHER PLACE OF SERVICE,COMMERCIAL,CONDITIONS,disease_x,0,20,3,38
2022-07-01,3479,14935.0,OFFICE,COMMERCIAL,SYMPTOMS,CONGESTION,0,21,12,0
2022-06-14,1085,1577.0,EMERGENCY ROOM - HOSPITAL,COMMERCIAL,CONDITIONS,DISEASE_X,0,26,28,16
2022-06-16,1020,14453.0,HOSPITAL OUTPATIENT,COMMERCIAL,CONDITIONS,disease_x,0,1,2,0
2022-06-16,3943,1629.0,FEDERALLY QUALIFIED HEALTH CENTER,COMMERCIAL,CONDITIONS,DISEASE_X,0,3,0,0
2022-06-18,2159,3649.0,EMERGENCY ROOM - HOSPITAL,MEDICARE,CONDITIONS,DISEASE_X,0,9,5,50
2022-06-17,105,8332.0,EMERGENCY ROOM - HOSPITAL,COMMERCIAL,SYMPTOMS,congestion,0,2,3,0
2022-06-07,766,0.0,URGENT CARE FACILITY,COMMERCIAL,SYMPTOMS,acute_uri,0,2,12,0
2022-06-23,3519,13971.0,EMERGENCY ROOM - HOSPITAL,MEDICARE,CONDITIONS,disease_x,0,12,9,2
2022-06-10,2350,0.0,INDEPENDENT LABORATORY,COMMERCIAL,SYMPTOMS,fever,0,3,9,2
2022-06-19,2936,13661.0,EMERGENCY ROOM - HOSPITAL,COMMERCIAL,SYMPTOMS,DIFFICULTY_BREATHING,0,27,10,28
2022-06-12,371,15615.0,EMERGENCY ROOM - HOSPITAL,COMMERCIAL,SYMPTOMS,DIFFICULTY_BREATHING,0,1,3,0
2022-06-19,3273,14862.0,URGENT CARE FACILITY,COMMERCIAL,CONDITIONS,disease_x,0,1,1,0
2022-06-30,1547,7519.0,OFFICE,COMMERCIAL,SYMPTOMS,FEVER,0,1,10,0
2022-06-03,2415,10796.0,HOSPITAL - LABORATORY SERVICES PROVIDED TO NON-PATIENTS,COMMERCIAL,SYMPTOMS,nausea_and_vomiting,0,3,2,0
2022-06-17,2653,9731.0,HOSPITAL OUTPATIENT,COMMERCIAL,CONDITIONS,disease_x,0,1,3,0
2022-06-02,768,1506.0,URGENT CARE FACILITY,COMMERCIAL,SYMPTOMS,ACUTE_URI,0,1,3,0
2022-06-27,1514,21783.0,URGENT CARE FACILITY,COMMERCIAL,SYMPTOMS,acute_uri,0,2,10,0
2022-06-16,1626,21457.0,INPATIENT HOSPITAL,MEDICARE,CONDITIONS,disease_x,0,119,0,0
2022-06-27,369,19543.0,EMERGENCY ROOM - HOSPITAL,COMMERCIAL,CONDITIONS,disease_x,0,1,3,0
2022-06-12,2702,0.0,TELEHEALTH PROVIDED OTHER THAN IN PATIENT'S HOME,COMMERCIAL,CONDITIONS,disease_x,0,2,4,0
2022-06-14,241,7973.0,URGENT CARE FACILITY,COMMERCIAL,SYMPTOMS,FEVER,0,1,1,0
2022-07-13,1679,24245.0,OFFICE,COMMERCIAL,SYMPTOMS,COUGH,0,16,8,0
2022-06-23,2449,2881.0,URGENT CARE FACILITY,COMMERCIAL,CONDITIONS,disease_x,0,2,1,0
2022-06-22,1977,11124.0,OFFICE,COMMERCIAL,CONDITIONS,immunocompromised,0,2,0,0
2022-06-24,2091,21868.0,HOSPITAL OUTPATIENT,COMMERCIAL,CONDITIONS,disease_x,0,2,0,0
2022-06-03,3337,95.0,OFFICE,COMMERCIAL,SYMPTOMS,fever,0,1,8,0
2022-06-22,3375,0.0,TELEHEALTH PROVIDED OTHER THAN IN PATIENT'S HOME,COMMERCIAL,SYMPTOMS,ACUTE_PHARYNGITIS,0,46,2,1
2022-06-30,280,14376.0,HOSPITAL OUTPATIENT,COMMERCIAL,SYMPTOMS,SORE_THROAT,0,4,3,0
2022-06-30,2359,11090.0,OFFICE,COMMERCIAL,CONDITIONS,IMMUNOCOMPROMISED,0,13,7,0
2022-07-06,2206,19444.0,ON CAMPUS-OUTPATIENT HOSPITAL,MEDICARE,SYMPTOMS,ACUTE_PHARYNGITIS,0,2,13,0
2022-06-13,3427,12570.0,HOSPITAL OUTPATIENT,COMMERCIAL,SYMPTOMS,COUGH,0,2,3,0
2022-07-20,3287,7320.0,OFFICE,COMMERCIAL,SYMPTOMS,COUGH,0,7,13,5
2022-07-22,3708,3005.0,OTHER PLACE OF SERVICE,MEDICARE,CONDITIONS,hypertension,0,55,25,0
2022-07-05,3619,22842.0,OFFICE,MEDICARE,CONDITIONS,hypertension,0,60,3,26
2022-06-13,2429,2280.0,OFFICE,COMMERCIAL,CONDITIONS,disease_x,0,23,7,24
2022-06-26,2506,231.0,URGENT CARE FACILITY,COMMERCIAL,CONDITIONS,DISEASE_X,0,1,2,0
2022-06-15,1014,9941.0,INPATIENT HOSPITAL,COMMERCIAL,CONDITIONS,disease_x,0,1,0,0
2022-07-18,182,13015.0,UNASSIGNED,COMMERCIAL,CONDITIONS,diabetes,0,100,4,5
2022-07-07,2276,18947.0,OFFICE,COMMERCIAL,SYMPTOMS,cough,0,25,2,0
2022-06-17,3012,7629.0,OFFICE,COMMERCIAL,CONDITIONS,HYPERTENSION,0,10,1,0
2022-06-03,2579,5688.0,OFFICE,MEDICARE,CONDITIONS,DISEASE_X,0,19,0,0
2022-06-29,889,8428.0,EMERGENCY ROOM - HOSPITAL,COMMERCIAL,CONDITIONS,DISEASE_X,0,33,60,0
2022-06-30,1294,9938.0,TELEHEALTH PROVIDED OTHER THAN IN PATIENT'S HOME,COMMERCIAL,CONDITIONS,immunocompromised,0,8,13,0
2022-06-23,2516,16907.0,OFFICE,MEDICARE,SYMPTOMS,COUGH,0,7,3,0
2022-06-16,1975,18434.0,TELEHEALTH PROVIDED OTHER THAN IN PATIENT'S HOME,COMMERCIAL,CONDITIONS,DISEASE_X,0,140,16,8
2022-06-17,1689,6260.0,OFFICE,COMMERCIAL,SYMPTOMS,cough,0,2,11,1
2022-06-02,1152,22167.0,OFFICE,MEDICARE,CONDITIONS,disease_x,0,36,2,1
2022-06-01,706,14054.0,OFFICE,COMMERCIAL,SYMPTOMS,congestion,0,1,2,0
2022-06-16,1849,341.0,URGENT CARE FACILITY,COMMERCIAL,SYMPTOMS,COUGH,0,1,3,21
2022-07-05,2766,24248.0,URGENT CARE FACILITY,COMMERCIAL,SYMPTOMS,COUGH,0,3,15,41
2022-07-02,3248,9130.0,INPATIENT HOSPITAL,COMMERCIAL,CONDITIONS,heart_disease,0,47,28,0
2022-06-24,157,0.0,INDEPENDENT LABORATORY,COMMERCIAL,SYMPTOMS,cough,0,1,5,0
2022-06-30,2207,21328.0,TELEHEALTH PROVIDED OTHER THAN IN PATIENT'S HOME,COMMERCIAL,CONDITIONS,disease_x,0,9,4,0
2022-06-07,890,1400.0,TELEHEALTH PROVIDED IN PATIENT'S HOME,MEDICARE,SYMPTOMS,CONGESTION,0,7,14,1
2022-06-22,1705,18345.0,OFFICE,COMMERCIAL,SYMPTOMS,acute_uri,0,2,4,0
2022-06-23,750,1640.0,HOSPITAL INPATIENT (INCLUDING MEDICARE PART A),MEDICARE,CONDITIONS,DISEASE_X,0,3,1,0
2022-06-07,1952,10610.0,URGENT CARE FACILITY,COMMERCIAL,CONDITIONS,disease_x,0,22,13,25
2022-06-10,1505,0.0,URGENT CARE FACILITY,COMMERCIAL,SYMPTOMS,headache,0,5,7,3
2022-06-06,1893,7977.0,OFFICE,COMMERCIAL,SYMPTOMS,acute_uri,0,2,5,0
2022-06-24,999,1645.0,HOSPITAL OUTPATIENT,COMMERCIAL,CONDITIONS,heart_disease,0,24,18,1
2022-06-25,22,937.0,OFFICE,COMMERCIAL,SYMPTOMS,fatigue,0,1,3,0
2022-07-14,3609,14916.0,TELEHEALTH PROVIDED IN PATIENT'S HOME,COMMERCIAL,CONDITIONS,diabetes,0,161,37,59
2022-06-30,1173,17866.0,OFFICE,COMMERCIAL,CONDITIONS,disease_x,0,5,2,0
2022-06-07,575,22521.0,OFFICE,COMMERCIAL,SYMPTOMS,acute_pharyngitis,0,41,18,9
2022-06-18,3270,10584.0,OFFICE,COMMERCIAL,SYMPTOMS,HEADACHE,0,1,5,1
2022-06-20,3864,14875.0,TELEHEALTH PROVIDED OTHER THAN IN PATIENT'S HOME,COMMERCIAL,CONDITIONS,disease_x,0,91,0,10
2022-06-13,1587,0.0,AMBULANCE - LAND,MEDICARE,SYMPTOMS,DIFFICULTY_BREATHING,0,19,3,0
2022-06-28,2893,3486.0,EMERGENCY ROOM - HOSPITAL,MEDICARE,CONDITIONS,disease_x,0,5,27,7
2022-06-29,3170,18614.0,ON CAMPUS-OUTPATIENT HOSPITAL,COMMERCIAL,CONDITIONS,HYPERTENSION,0,8,3,6
2022-07-19,3430,5820.0,OFFICE,COMMERCIAL,CONDITIONS,diabetes,0,54,19,4
2022-06-23,2695,0.0,INDEPENDENT LABORATORY,COMMERCIAL,SYMPTOMS,fatigue,0,2,18,1
2022-06-26,1815,0.0,URGENT CARE FACILITY,COMMERCIAL,SYMPTOMS,ACUTE_PHARYNGITIS,0,1,5,0
2022-06-12,4007,19741.0,OFFICE,COMMERCIAL,CONDITIONS,disease_x,0,3,2,0
2022-06-21,2012,14377.0,OFFICE,COMMERCIAL,CONDITIONS,OBESITY,0,26,7,3
2022-07-15,2655,8840.0,HOSPITAL OUTPATIENT,COMMERCIAL,CONDITIONS,HEART_DISEASE,0,48,8,1
2022-06-06,3543,14621.0,TELEHEALTH PROVIDED IN PATIENT'S HOME,COMMERCIAL,CONDITIONS,DISEASE_X,0,15,0,0
2022-07-14,3741,19241.0,OFFICE,MEDICARE,SYMPTOMS,headache,0,21,8,26
2022-06-25,209,13470.0,HOSPITAL - LABORATORY SERVICES PROVIDED TO NON-PATIENTS,COMMERCIAL,SYMPTOMS,COUGH,0,1,6,0
2022-06-03,428,11405.0,OFFICE,COMMERCIAL,CONDITIONS,disease_x,0,28,1,1
2022-06-24,238,11689.0,EMERGENCY ROOM - HOSPITAL,MEDICARE,CONDITIONS,DISEASE_X,0,3,0,0
2022-06-25,137,11345.0,URGENT CARE FACILITY,COMMERCIAL,CONDITIONS,DISEASE_X,0,1,2,0
2022-06-29,964,1784.0,HOSPITAL - LABORATORY SERVICES PROVIDED TO NON-PATIENTS,COMMERCIAL,CONDITIONS,disease_x,0,1,5,0
2022-06-28,1059,7719.0,OFFICE,COMMERCIAL,CONDITIONS,disease_x,0,13,32,0
2022-06-28,2166,16114.0,OTHER PLACE OF SERVICE,COMMERCIAL,CONDITIONS,diabetes,0,122,42,0
2022-06-30,1507,16324.0,EMERGENCY ROOM - HOSPITAL,COMMERCIAL,CONDITIONS,diabetes,0,29,5,0
2022-06-13,2748,10789.0,URGENT CARE FACILITY,COMMERCIAL,CONDITIONS,disease_x,0,12,7,0
2022-06-07,1902,338.0,URGENT CARE FACILITY,COMMERCIAL,SYMPTOMS,CONGESTION,0,1,6,0
2022-06-16,2770,11381.0,OFFICE,COMMERCIAL,SYMPTOMS,cough,0,6,25,1
2022-06-12,1593,1050.0,URGENT CARE FACILITY,COMMERCIAL,SYMPTOMS,acute_uri,0,3,3,4
2022-06-04,3309,652.0,URGENT CARE FACILITY,COMMERCIAL,CONDITIONS,disease_x,0,44,16,0
2022-06-24,854,2878.0,OFFICE,MEDICARE,CONDITIONS,DISEASE_X,0,2,3,0
2022-06-20,1131,15386.0,EMERGENCY ROOM - HOSPITAL,COMMERCIAL,CONDITIONS,disease_x,0,2,11,0
2022-06-15,483,6558.0,ON CAMPUS-OUTPATIENT HOSPITAL,COMMERCIAL,CONDITIONS,disease_x,0,1,4,0
2022-06-03,3874,3406.0,URGENT CARE FACILITY,COMMERCIAL,CONDITIONS,disease_x,0,6,2,0
2022-06-03,303,23965.0,URGENT CARE FACILITY,COMMERCIAL,CONDITIONS,disease_x,0,1,0,0
2022-06-14,476,0.0,INDEPENDENT LABORATORY,COMMERCIAL,CONDITIONS,disease_x,0,1,2,0
2022-06-06,1295,11481.0,OFFICE,COMMERCIAL,CONDITIONS,disease_x,0,24,5,0
2022-06-21,2433,15251.0,OFFICE,COMMERCIAL,CONDITIONS,immunocompromised,0,42,3,6
2022-06-08,83,24472.0,EMERGENCY ROOM - HOSPITAL,COMMERCIAL,CONDITIONS,DISEASE_X,0,2,5,0
2022-07-14,3592,4462.0,OFFICE,COMMERCIAL,CONDITIONS,hypertension,0,70,26,0
2022-07-13,2929,3996.0,OFFICE,COMMERCIAL,SYMPTOMS,FATIGUE,0,7,10,0
2022-06-10,2828,2185.0,OFFICE,COMMERCIAL,CONDITIONS,disease_x,0,33,2,1
2022-06-06,311,7413.0,OFFICE,COMMERCIAL,CONDITIONS,disease_x,0,1,8,0
2022-07-19,4009,9296.0,OFFICE,MEDICARE,CONDITIONS,hypertension,0,12,1,0
2022-06-22,2459,13556.0,OFFICE,COMMERCIAL,CONDITIONS,obesity,0,8,1,0
2022-06-10,861,0.0,INDEPENDENT LABORATORY,COMMERCIAL,SYMPTOMS,DIARRHEA,0,12,14,0
2022-07-14,2216,12926.0,OFFICE,COMMERCIAL,CONDITIONS,IMMUNOCOMPROMISED,0,8,2,0
2022-06-21,3931,11099.0,HOSPITAL OUTPATIENT,MEDICARE,SYMPTOMS,DIARRHEA,0,111,55,0
2022-07-18,1464,13422.0,OFFICE,COMMERCIAL,CONDITIONS,heart_disease,0,8,5,1
2022-06-21,1099,3786.0,INPATIENT HOSPITAL,COMMERCIAL,SYMPTOMS,NAUSEA_AND_VOMITING,0,128,6,0
2022-06-22,3406,11717.0,OFFICE,COMMERCIAL,SYMPTOMS,ACUTE_PHARYNGITIS,0,22,15,1
2022-06-02,184,16971.0,OFFICE,COMMERCIAL,CONDITIONS,DISEASE_X,0,1,3,0
2022-06-18,1338,14081.0,HOSPITAL OUTPATIENT,COMMERCIAL,SYMPTOMS,DIFFICULTY_BREATHING,0,120,15,7
2022-06-28,2659,7216.0,OFFICE,COMMERCIAL,SYMPTOMS,COUGH,0,22,4,1
2022-06-29,1197,20429.0,EMERGENCY ROOM - HOSPITAL,COMMERCIAL,CONDITIONS,DISEASE_X,0,1,2,0
2022-06-29,1201,11100.0,OFFICE,COMMERCIAL,CONDITIONS,disease_x,0,3,0,0
2022-07-22,1541,1126.0,OFFICE,MEDICARE,CONDITIONS,hypertension,0,36,6,0
2022-06-24,3145,0.0,INDEPENDENT LABORATORY,COMMERCIAL,CONDITIONS,disease_x,0,4,3,0
2022-06-25,547,1096.0,TELEHEALTH PROVIDED IN PATIENT'S HOME,COMMERCIAL,SYMPTOMS,COUGH,0,2,2,0
2022-06-29,1401,0.0,INDEPENDENT LABORATORY,COMMERCIAL,SYMPTOMS,FEVER,0,3,3,0
2022-06-29,2099,784.0,URGENT CARE FACILITY,COMMERCIAL,SYMPTOMS,fatigue,0,2,9,0
2022-07-15,3764,14267.0,URGENT CARE FACILITY,MEDICARE,SYMPTOMS,cough,0,3,2,0
2022-07-13,1459,22709.0,TELEHEALTH PROVIDED OTHER THAN IN PATIENT'S HOME,COMMERCIAL,CONDITIONS,diabetes,0,32,2,0
2022-06-07,2036,0.0,URGENT CARE FACILITY,COMMERCIAL,SYMPTOMS,acute_pharyngitis,0,7,17,0
2022-06-16,794,20328.0,OFFICE,COMMERCIAL,CONDITIONS,obesity,0,128,36,0
2022-07-07,2925,25107.0,OFFICE,MEDICARE,CONDITIONS,obesity,0,33,20,0
2022-06-29,3828,10103.0,OFFICE,COMMERCIAL,SYMPTOMS,ACUTE_PHARYNGITIS,0,31,47,2
2022-06-01,2317,19824.0,EMERGENCY ROOM - HOSPITAL,COMMERCIAL,SYMPTOMS,ACUTE_PHARYNGITIS,0,5,11,0
2022-06-24,2150,16586.0,HOSPITAL OUTPATIENT,COMMERCIAL,CONDITIONS,disease_x,0,22,10,0
2022-06-23,593,5075.0,OFFICE,COMMERCIAL,SYMPTOMS,FEVER,0,2,4,0
2022-06-27,3488,0.0,INDEPENDENT LABORATORY,COMMERCIAL,SYMPTOMS,ACUTE_PHARYNGITIS,0,7,2,0
2022-06-18,1546,0.0,URGENT CARE FACILITY,COMMERCIAL,CONDITIONS,DISEASE_X,0,52,2,5
2022-06-07,3381,0.0,INDEPENDENT LABORATORY,COMMERCIAL,CONDITIONS,disease_x,0,2,3,2
2022-06-06,94,3447.0,HOSPITAL OUTPATIENT,COMMERCIAL,CONDITIONS,disease_x,0,3,1,0
2022-06-28,3881,3260.0,CLINIC - RURAL HEALTH,MEDICARE,CONDITIONS,DISEASE_X,0,43,0,0
2022-06-05,3374,407.0,URGENT CARE FACILITY,COMMERCIAL,CONDITIONS,disease_x,0,1,0,0
2022-06-08,3559,11250.0,HOSPITAL OUTPATIENT,COMMERCIAL,CONDITIONS,disease_x,0,36,8,0
2022-06-23,1827,0.0,TELEHEALTH PROVIDED IN PATIENT'S HOME,COMMERCIAL,SYMPTOMS,acute_uri,0,1,16,0
2022-07-05,2958,16277.0,OFFICE,COMMERCIAL,CONDITIONS,immunocompromised,0,7,1,1
2022-06-03,1419,11240.0,EMERGENCY ROOM - HOSPITAL,COMMERCIAL,SYMPTOMS,SORE_THROAT,0,5,7,0
2022-06-06,315,11993.0,TELEHEALTH PROVIDED OTHER THAN IN PATIENT'S HOME,COMMERCIAL,CONDITIONS,disease_x,0,4,7,0
2022-06-13,3046,13216.0,URGENT CARE FACILITY,COMMERCIAL,SYMPTOMS,acute_pharyngitis,0,1,6,0
2022-06-23,1170,3712.0,TELEHEALTH PROVIDED IN PATIENT'S HOME,COMMERCIAL,CONDITIONS,DISEASE_X,0,2,0,0
2022-06-21,2076,6290.0,URGENT CARE FACILITY,COMMERCIAL,CONDITIONS,disease_x,0,1,6,0
2022-07-22,3696,7457.0,OFFICE,COMMERCIAL,SYMPTOMS,cough,0,8,19,0
2022-06-29,2241,1963.0,TELEHEALTH PROVIDED OTHER THAN IN PATIENT'S HOME,COMMERCIAL,CONDITIONS,DISEASE_X,0,19,2,1
2022-06-09,60,11204.0,EMERGENCY ROOM - HOSPITAL,COMMERCIAL,CONDITIONS,disease_x,0,2,0,0
2022-06-02,3820,15882.0,OFFICE,COMMERCIAL,SYMPTOMS,DIFFICULTY_BREATHING,0,1,1,0
2022-07-11,2689,2943.0,COMMUNITY MENTAL HEALTH CENTER,COMMERCIAL,CONDITIONS,mental_health_disorders,0,50,4,0
2022-06-07,1995,6205.0,HOSPITAL OUTPATIENT,COMMERCIAL,CONDITIONS,DISEASE_X,0,1,3,0
2022-06-27,472,813.0,URGENT CARE FACILITY,COMMERCIAL,CONDITIONS,disease_x,0,1,0,0
2022-06-01,2994,1930.0,OFFICE,COMMERCIAL,SYMPTOMS,CONGESTION,0,7,2,0
2022-06-29,714,0.0,URGENT CARE FACILITY,COMMERCIAL,SYMPTOMS,cough,0,94,5,14
2022-06-16,3255,0.0,URGENT CARE FACILITY,COMMERCIAL,SYMPTOMS,COUGH,0,8,12,0
2022-06-29,2383,624.0,URGENT CARE FACILITY,COMMERCIAL,CONDITIONS,disease_x,0,8,5,0
2022-06-01,3806,19059.0,OFFICE,MEDICARE,CONDITIONS,disease_x,0,6,10,0
2022-06-14,3000,0.0,UNASSIGNED,COMMERCIAL,CONDITIONS,DISEASE_X,0,9,0,0
2022-06-30,2034,10481.0,OFFICE,COMMERCIAL,CONDITIONS,disease_x,0,1,8,0
2022-06-04,920,17218.0,OFFICE,COMMERCIAL,CONDITIONS,DISEASE_X,0,1,0,0
2022-06-10,2999,11539.0,EMERGENCY ROOM - HOSPITAL,COMMERCIAL,SYMPTOMS,SORE_THROAT,0,7,6,38
2022-06-22,3017,21652.0,INPATIENT HOSPITAL,MEDICARE,CONDITIONS,disease_x,0,155,14,29
2022-06-17,3680,2558.0,HOSPITAL OUTPATIENT,COMMERCIAL,CONDITIONS,disease_x,0,26,24,2
2022-06-29,3302,19715.0,OFFICE,MEDICARE,CONDITIONS,DISEASE_X,0,5,4,1
2022-06-07,803,4358.0,URGENT CARE FACILITY,COMMERCIAL,SYMPTOMS,COUGH,0,5,14,0
2022-06-24,168,23889.0,EMERGENCY ROOM - HOSPITAL,COMMERCIAL,SYMPTOMS,cough,0,1,9,0
2022-06-13,3278,21490.0,OFFICE,MEDICARE,CONDITIONS,disease_x,0,32,7,0
2022-06-27,945,0.0,INDEPENDENT LABORATORY,COMMERCIAL,SYMPTOMS,FEVER,0,1,28,0
2022-06-14,128,16693.0,EMERGENCY ROOM - HOSPITAL,COMMERCIAL,CONDITIONS,DISEASE_X,0,1,1,0
2022-06-13,3049,5962.0,EMERGENCY ROOM - HOSPITAL,MEDICARE,CONDITIONS,DISEASE_X,0,11,2,2
2022-06-04,2320,22653.0,EMERGENCY ROOM - HOSPITAL,COMMERCIAL,CONDITIONS,disease_x,0,2,1,0
2022-06-04,75,118.0,OFFICE,COMMERCIAL,CONDITIONS,disease_x,0,1,0,0
2022-06-07,3648,14366.0,OFFICE,COMMERCIAL,CONDITIONS,DISEASE_X,0,63,6,0
2022-06-22,1334,0.0,OFFICE,COMMERCIAL,CONDITIONS,disease_x,0,1,0,0
2022-06-27,3452,22279.0,ON CAMPUS-OUTPATIENT HOSPITAL,MEDICARE,CONDITIONS,immunocompromised,0,175,0,6
2022-07-13,1716,2605.0,OTHER PLACE OF SERVICE,MEDICARE,CONDITIONS,HEART_DISEASE,0,98,12,2
2022-06-30,2583,3916.0,RURAL HEALTH CLINIC,COMMERCIAL,SYMPTOMS,ACUTE_PHARYNGITIS,0,3,8,0
2022-06-29,2546,15452.0,EMERGENCY ROOM - HOSPITAL,MEDICARE,SYMPTOMS,COUGH,0,62,36,0
2022-06-27,3067,17272.0,OFFICE,COMMERCIAL,CONDITIONS,diabetes,0,78,6,0
2022-06-27,646,17655.0,OFFICE,COMMERCIAL,SYMPTOMS,cough,0,1,8,0
2022-06-24,2391,18570.0,HOSPITAL OUTPATIENT,COMMERCIAL,CONDITIONS,disease_x,0,24,20,0
2022-06-27,3523,11910.0,OFFICE,COMMERCIAL,CONDITIONS,immunocompromised,0,33,2,0
2022-07-04,1485,8824.0,INPATIENT HOSPITAL,COMMERCIAL,CONDITIONS,disease_x,0,4,7,0
2022-06-12,274,10262.0,URGENT CARE FACILITY,COMMERCIAL,SYMPTOMS,COUGH,0,2,2,0
2022-07-12,2727,9495.0,UNASSIGNED,COMMERCIAL,CONDITIONS,disease_x,0,68,14,18
2022-06-02,179,1941.0,OFFICE,COMMERCIAL,CONDITIONS,disease_x,0,4,8,0
2022-06-17,2878,2519.0,OFFICE,COMMERCIAL,CONDITIONS,disease_x,0,10,3,8
2022-06-02,2737,2845.0,OFFICE,COMMERCIAL,CONDITIONS,disease_x,0,1,5,0
2022-06-03,1179,16069.0,OFFICE,COMMERCIAL,CONDITIONS,DISEASE_X,0,3,1,9
2022-06-05,2318,23873.0,EMERGENCY ROOM - HOSPITAL,COMMERCIAL,CONDITIONS,disease_x,0,1,6,0
2022-06-08,3166,0.0,URGENT CARE FACILITY,COMMERCIAL,SYMPTOMS,ACUTE_PHARYNGITIS,0,1,1,0
2022-06-03,1034,6061.0,OFFICE,COMMERCIAL,CONDITIONS,disease_x,0,2,0,0
2022-06-25,2606,894.0,OFFICE,MEDICARE,SYMPTOMS,FATIGUE,0,6,5,0
2022-06-29,1098,0.0,URGENT CARE FACILITY,COMMERCIAL,SYMPTOMS,ACUTE_PHARYNGITIS,0,1,1,0
2022-07-19,3796,11963.0,OFFICE,COMMERCIAL,SYMPTOMS,ACUTE_PHARYNGITIS,0,23,21,3
2022-06-07,3401,12273.0,HOSPITAL OUTPATIENT,COMMERCIAL,SYMPTOMS,ACUTE_PHARYNGITIS,0,4,9,4
2022-06-21,2633,1567.0,URGENT CARE FACILITY,COMMERCIAL,CONDITIONS,disease_x,0,3,1,0
2022-06-18,3363,0.0,URGENT CARE FACILITY,COMMERCIAL,CONDITIONS,disease_x,0,1,0,0
2022-06-22,2975,4446.0,HOSPITAL OUTPATIENT,COMMERCIAL,SYMPTOMS,SORE_THROAT,0,6,1,0
2022-06-21,231,6113.0,ON CAMPUS-OUTPATIENT HOSPITAL,COMMERCIAL,CONDITIONS,disease_x,0,20,5,0
2022-06-30,3352,21972.0,OFFICE,COMMERCIAL,SYMPTOMS,DIFFICULTY_BREATHING,0,30,11,8
2022-06-22,579,16079.0,TELEHEALTH PROVIDED OTHER THAN IN PATIENT'S HOME,COMMERCIAL,CONDITIONS,disease_x,0,1,1,0
2022-06-27,2643,23456.0,OFFICE,COMMERCIAL,CONDITIONS,disease_x,0,4,9,0
2022-06-30,2026,24949.0,TELEHEALTH PROVIDED OTHER THAN IN PATIENT'S HOME,COMMERCIAL,CONDITIONS,disease_x,0,10,0,0
2022-06-30,1851,664.0,OFFICE,COMMERCIAL,SYMPTOMS,acute_pharyngitis,0,2,23,0
2022-06-28,749,14428.0,OFFICE,COMMERCIAL,CONDITIONS,disease_x,0,1,30,0
2022-06-01,2521,836.0,OFFICE,COMMERCIAL,CONDITIONS,DISEASE_X,0,2,6,0
2022-06-23,2709,0.0,TELEHEALTH PROVIDED OTHER THAN IN PATIENT'S HOME,COMMERCIAL,CONDITIONS,disease_x,0,7,1,0
2022-07-07,1312,22968.0,TELEHEALTH PROVIDED OTHER THAN IN PATIENT'S HOME,COMMERCIAL,CONDITIONS,mental_health_disorders,0,43,0,0
2022-06-30,735,13212.0,TELEHEALTH PROVIDED OTHER THAN IN PATIENT'S HOME,COMMERCIAL,CONDITIONS,mental_health_disorders,0,9,1,0
2022-06-28,3784,19274.0,TELEHEALTH PROVIDED OTHER THAN IN PATIENT'S HOME,COMMERCIAL,CONDITIONS,disease_x,0,1,2,0
2022-06-22,2581,24473.0,TELEHEALTH PROVIDED OTHER THAN IN PATIENT'S HOME,MEDICARE,SYMPTOMS,DIFFICULTY_BREATHING,0,116,71,0
2022-06-21,583,8146.0,OFFICE,COMMERCIAL,CONDITIONS,disease_x,0,1,4,0
2022-06-25,2413,14344.0,EMERGENCY ROOM - HOSPITAL,COMMERCIAL,CONDITIONS,disease_x,0,3,28,0
2022-06-26,1136,22418.0,INPATIENT HOSPITAL,COMMERCIAL,CONDITIONS,IMMUNOCOMPROMISED,0,6,0,0
2022-06-23,1926,0.0,URGENT CARE FACILITY,COMMERCIAL,CONDITIONS,disease_x,0,2,0,0
2022-06-28,3463,17963.0,TELEHEALTH PROVIDED OTHER THAN IN PATIENT'S HOME,COMMERCIAL,CONDITIONS,disease_x,0,13,15,2
2022-06-21,3790,16747.0,OFFICE,MEDICARE,CONDITIONS,diabetes,0,19,4,32
2022-06-30,3910,19324.0,OFFICE,COMMERCIAL,CONDITIONS,HEART_DISEASE,0,108,39,0
2022-06-27,3818,18638.0,INPATIENT HOSPITAL,MEDICARE,CONDITIONS,disease_x,0,2,2,19
2022-06-27,2821,22068.0,URGENT CARE FACILITY,COMMERCIAL,CONDITIONS,disease_x,0,68,25,1
2022-06-15,101,13723.0,EMERGENCY ROOM - HOSPITAL,COMMERCIAL,CONDITIONS,disease_x,0,3,1,0
2022-07-19,3948,24669.0,OFFICE,MEDICARE,CONDITIONS,OBESITY,0,104,16,0
2022-07-08,2305,19872.0,OFFICE,MEDICARE,CONDITIONS,HYPERTENSION,0,120,15,19
2022-06-20,3590,2287.0,OFFICE,MEDICARE,CONDITIONS,disease_x,0,5,2,0
2022-06-22,884,13464.0,OFFICE,COMMERCIAL,CONDITIONS,DISEASE_X,0,4,9,0
2022-06-24,3256,14771.0,ON CAMPUS-OUTPATIENT HOSPITAL,MEDICARE,CONDITIONS,heart_disease,0,25,11,0
2022-06-16,906,3710.0,URGENT CARE FACILITY,COMMERCIAL,SYMPTOMS,CONGESTION,0,1,6,0
2022-06-03,3133,0.0,URGENT CARE FACILITY,COMMERCIAL,SYMPTOMS,NAUSEA_AND_VOMITING,0,1,2,0
2022-06-17,396,18882.0,INPATIENT HOSPITAL,COMMERCIAL,CONDITIONS,hypertension,0,11,1,0
2022-07-21,1854,757.0,HOSPITAL OUTPATIENT,COMMERCIAL,CONDITIONS,obesity,0,21,4,1
2022-06-29,435,8665.0,OFFICE,COMMERCIAL,SYMPTOMS,DIFFICULTY_BREATHING,0,1,1,1
2022-06-27,1369,2426.0,INPATIENT HOSPITAL,MEDICARE,CONDITIONS,IMMUNOCOMPROMISED,0,20,0,0
2022-06-21,175,5375.0,URGENT CARE FACILITY,COMMERCIAL,SYMPTOMS,ACUTE_PHARYNGITIS,0,1,3,0
2022-06-28,3342,0.0,INDEPENDENT LABORATORY,COMMERCIAL,SYMPTOMS,CONGESTION,0,2,16,0
2022-06-15,3361,24479.0,OFFICE,COMMERCIAL,CONDITIONS,DISEASE_X,0,10,30,0
2022-06-14,1500,14302.0,EMERGENCY ROOM - HOSPITAL,COMMERCIAL,CONDITIONS,disease_x,0,2,14,1
2022-06-29,1475,7325.0,OFFICE,MEDICAID,SYMPTOMS,COUGH,0,6,4,0
2022-07-05,1809,7524.0,HOSPITAL OUTPATIENT,COMMERCIAL,CONDITIONS,disease_x,0,5,15,0
2022-06-09,405,0.0,INDEPENDENT LABORATORY,COMMERCIAL,SYMPTOMS,acute_pharyngitis,0,1,3,0
2022-06-28,1394,13331.0,TELEHEALTH PROVIDED OTHER THAN IN PATIENT'S HOME,COMMERCIAL,CONDITIONS,disease_x,0,5,35,0
2022-06-21,1906,2269.0,TELEHEALTH PROVIDED OTHER THAN IN PATIENT'S HOME,COMMERCIAL,CONDITIONS,DISEASE_X,0,23,0,21
2022-06-22,2476,6302.0,OFFICE,COMMERCIAL,CONDITIONS,disease_x,0,1,1,0
2022-06-23,827,1309.0,EMERGENCY ROOM - HOSPITAL,MEDICARE,SYMPTOMS,fever,0,76,17,11
2022-06-20,158,9521.0,EMERGENCY ROOM - HOSPITAL,COMMERCIAL,CONDITIONS,disease_x,0,1,1,0
2022-06-29,506,8.0,CLINIC - FREESTANDING,MEDICAID,CONDITIONS,disease_x,0,2,5,0
2022-06-12,567,1259.0,URGENT CARE FACILITY,COMMERCIAL,CONDITIONS,disease_x,0,1,0,0
2022-07-21,3729,31.0,OTHER PLACE OF SERVICE,COMMERCIAL,CONDITIONS,diabetes,0,26,14,0
2022-06-03,1157,1321.0,EMERGENCY ROOM - HOSPITAL,COMMERCIAL,CONDITIONS,disease_x,0,16,5,0
2022-07-12,3408,19338.0,OFFICE,COMMERCIAL,CONDITIONS,OBESITY,0,125,14,0
2022-06-08,1472,2328.0,RURAL HEALTH CLINIC,COMMERCIAL,CONDITIONS,obesity,0,5,20,0
2022-06-02,3308,21503.0,TELEHEALTH PROVIDED OTHER THAN IN PATIENT'S HOME,COMMERCIAL,SYMPTOMS,fever,0,5,2,0
2022-06-30,3148,3314.0,TELEHEALTH PROVIDED OTHER THAN IN PATIENT'S HOME,COMMERCIAL,CONDITIONS,disease_x,0,14,23,2
2022-06-16,1748,0.0,INDEPENDENT LABORATORY,COMMERCIAL,CONDITIONS,disease_x,0,1,2,2
2022-06-08,953,5642.0,OFFICE,COMMERCIAL,CONDITIONS,obesity,0,6,12,0
2022-07-12,2862,17749.0,OFFICE,COMMERCIAL,CONDITIONS,disease_x,0,2,1,0
2022-06-22,3724,1137.0,INPATIENT HOSPITAL,MEDICARE,CONDITIONS,disease_x,0,6,1,0
2022-06-23,2351,12210.0,EMERGENCY ROOM - HOSPITAL,MEDICARE,CONDITIONS,disease_x,0,3,3,0
2022-06-26,1091,0.0,URGENT CARE FACILITY,MEDICARE,CONDITIONS,disease_x,0,19,2,0
2022-06-17,208,23384.0,OFFICE,COMMERCIAL,CONDITIONS,DISEASE_X,0,1,0,0
2022-06-13,1798,17379.0,HOSPITAL OUTPATIENT,COMMERCIAL,CONDITIONS,OBESITY,0,9,2,0
2022-06-16,532,19253.0,OFFICE,COMMERCIAL,SYMPTOMS,FEVER,0,2,56,0
2022-06-12,3785,3541.0,EMERGENCY ROOM - HOSPITAL,MEDICARE,CONDITIONS,DISEASE_X,0,23,16,21
2022-06-01,781,0.0,URGENT CARE FACILITY,COMMERCIAL,SYMPTOMS,CONGESTION,0,2,5,0
2022-07-16,183,20999.0,OFFICE,COMMERCIAL,SYMPTOMS,CONGESTION,0,1,3,0
2022-06-27,2326,12499.0,EMERGENCY ROOM - HOSPITAL,COMMERCIAL,CONDITIONS,disease_x,0,4,18,0
2022-06-08,3478,0.0,URGENT CARE FACILITY,COMMERCIAL,SYMPTOMS,ACUTE_URI,0,4,7,2
2022-06-10,3380,22677.0,TELEHEALTH PROVIDED OTHER THAN IN PATIENT'S HOME,COMMERCIAL,CONDITIONS,disease_x,0,2,6,0
2022-06-08,4019,19400.0,INPATIENT HOSPITAL,COMMERCIAL,CONDITIONS,DISEASE_X,0,15,46,39
2022-07-14,2906,15750.0,OFFICE,COMMERCIAL,CONDITIONS,obesity,0,20,0,0
2022-06-26,2649,175.0,URGENT CARE FACILITY,COMMERCIAL,CONDITIONS,disease_x,0,26,13,2
2022-06-06,2596,17037.0,TELEHEALTH PROVIDED IN PATIENT'S HOME,COMMERCIAL,CONDITIONS,DISEASE_X,0,1,0,0
2022-07-04,951,9335.0,INPATIENT HOSPITAL,COMMERCIAL,CONDITIONS,disease_x,0,10,3,0
2022-06-01,2049,14052.0,OFFICE,COMMERCIAL,SYMPTOMS,ACUTE_PHARYNGITIS,0,1,1,0
2022-06-13,1712,15172.0,OFFICE,COMMERCIAL,CONDITIONS,disease_x,0,4,1,0
2022-07-21,3739,47.0,UNASSIGNED,COMMERCIAL,CONDITIONS,heart_disease,0,135,36,24
2022-06-09,2146,21134.0,EMERGENCY ROOM - HOSPITAL,COMMERCIAL,CONDITIONS,disease_x,0,4,2,0
2022-06-06,790,11627.0,HOSPITAL OUTPATIENT,COMMERCIAL,CONDITIONS,disease_x,0,11,9,0
2022-06-08,2436,13201.0,OFFICE,COMMERCIAL,CONDITIONS,obesity,0,8,3,1
2022-06-09,3293,8041.0,OFFICE,COMMERCIAL,SYMPTOMS,FEVER,0,1,3,0
2022-06-07,2004,511.0,URGENT CARE FACILITY,COMMERCIAL,CONDITIONS,disease_x,0,1,3,0
2022-06-06,2873,15413.0,TELEHEALTH PROVIDED OTHER THAN IN PATIENT'S HOME,COMMERCIAL,CONDITIONS,DISEASE_X,0,1,1,0
2022-06-10,1444,18872.0,OFFICE,COMMERCIAL,CONDITIONS,disease_x,0,9,4,0
2022-06-26,545,11.0,URGENT CARE FACILITY,COMMERCIAL,CONDITIONS,disease_x,0,1,4,0
2022-06-22,2196,10522.0,URGENT CARE FACILITY,COMMERCIAL,SYMPTOMS,FEVER,0,1,2,0
2022-07-14,2954,11393.0,OTHER PLACE OF SERVICE,COMMERCIAL,CONDITIONS,diabetes,0,69,10,15
2022-06-18,3323,1083.0,TELEHEALTH PROVIDED OTHER THAN IN PATIENT'S HOME,COMMERCIAL,CONDITIONS,disease_x,0,3,1,0
2022-06-26,2735,22648.0,HOSPITAL OUTPATIENT,COMMERCIAL,SYMPTOMS,DIFFICULTY_BREATHING,0,36,2,1
2022-06-30,895,11596.0,OFFICE,COMMERCIAL,CONDITIONS,disease_x,0,3,7,0
2022-06-29,2058,0.0,URGENT CARE FACILITY,COMMERCIAL,CONDITIONS,DISEASE_X,0,1,2,0
2022-06-27,2435,0.0,INDEPENDENT LABORATORY,COMMERCIAL,SYMPTOMS,CONGESTION,0,3,2,0
2022-06-20,611,6600.0,HOSPITAL OUTPATIENT,COMMERCIAL,CONDITIONS,DISEASE_X,0,1,0,0
2022-07-05,3159,20194.0,OFFICE,COMMERCIAL,CONDITIONS,hypertension,0,151,27,34
2022-06-13,2771,12642.0,UNASSIGNED,COMMERCIAL,CONDITIONS,DISEASE_X,0,71,3,10
2022-06-15,3866,14465.0,OFFICE,COMMERCIAL,CONDITIONS,disease_x,0,3,8,0
2022-06-02,3199,21685.0,OFFICE,COMMERCIAL,CONDITIONS,disease_x,0,10,2,0
2022-06-23,2081,2112.0,TELEHEALTH PROVIDED OTHER THAN IN PATIENT'S HOME,COMMERCIAL,CONDITIONS,disease_x,0,1,1,0
2022-06-01,2394,9137.0,TELEHEALTH PROVIDED OTHER THAN IN PATIENT'S HOME,COMMERCIAL,CONDITIONS,hypertension,0,15,10,0
2022-06-13,3578,961.0,OFFICE,COMMERCIAL,CONDITIONS,disease_x,0,5,6,0
2022-06-21,1752,18200.0,OFFICE,COMMERCIAL,CONDITIONS,disease_x,0,1,0,0
2022-06-28,3052,19357.0,URGENT CARE FACILITY,MEDICARE,CONDITIONS,disease_x,0,13,14,16
2022-06-30,995,22069.0,ON CAMPUS-OUTPATIENT HOSPITAL,COMMERCIAL,SYMPTOMS,COUGH,0,1,3,0
2022-07-07,116,3174.0,OFFICE,MEDICARE,CONDITIONS,mental_health_disorders,0,16,0,3
2022-06-13,1177,14995.0,OFFICE,MEDICAID,SYMPTOMS,FEVER,0,2,4,0
2022-07-05,2289,277.0,TELEHEALTH PROVIDED OTHER THAN IN PATIENT'S HOME,COMMERCIAL,CONDITIONS,disease_x,0,4,4,0
2022-07-18,3954,18040.0,OFFICE,MEDICARE,CONDITIONS,hypertension,0,65,10,4
2022-06-06,166,2248.0,HOSPITAL OUTPATIENT,COMMERCIAL,CONDITIONS,disease_x,0,3,6,0
2022-06-09,3465,1955.0,HOSPITAL - LABORATORY SERVICES PROVIDED TO NON-PATIENTS,MEDICARE,SYMPTOMS,FATIGUE,0,9,3,0
2022-06-21,2006,0.0,OFFICE,COMMERCIAL,CONDITIONS,DISEASE_X,0,1,4,0
2022-06-20,144,1281.0,OFFICE,COMMERCIAL,CONDITIONS,disease_x,0,4,1,0
2022-06-29,2759,4412.0,OFFICE,COMMERCIAL,CONDITIONS,disease_x,0,5,4,1
2022-06-23,2057,18696.0,TELEHEALTH PROVIDED OTHER THAN IN PATIENT'S HOME,COMMERCIAL,CONDITIONS,obesity,0,35,6,6
2022-06-24,661,21821.0,OFFICE,COMMERCIAL,CONDITIONS,disease_x,0,2,4,0
2022-06-25,981,8927.0,EMERGENCY ROOM - HOSPITAL,COMMERCIAL,CONDITIONS,disease_x,0,3,0,0
2022-06-21,3014,18414.0,HOSPITAL OUTPATIENT,COMMERCIAL,CONDITIONS,disease_x,0,3,0,0
2022-07-22,3631,0.0,INDEPENDENT LABORATORY,COMMERCIAL,SYMPTOMS,FATIGUE,0,4,1,1
2022-06-08,918,17432.0,URGENT CARE FACILITY,COMMERCIAL,CONDITIONS,disease_x,0,1,4,0
2022-06-01,598,15688.0,EMERGENCY ROOM - HOSPITAL,COMMERCIAL,CONDITIONS,DISEASE_X,0,17,6,0
2022-06-17,1767,19140.0,TELEHEALTH PROVIDED IN PATIENT'S HOME,COMMERCIAL,CONDITIONS,disease_x,0,12,52,0
2022-06-04,69,8159.0,HOSPITAL OUTPATIENT,COMMERCIAL,CONDITIONS,disease_x,0,3,0,0
2022-06-06,1792,391.0,URGENT CARE FACILITY,COMMERCIAL,CONDITIONS,DISEASE_X,0,1,0,0
2022-06-24,2360,21351.0,EMERGENCY ROOM - HOSPITAL,COMMERCIAL,SYMPTOMS,DIARRHEA,0,1,6,0
2022-07-19,3632,19645.0,OFFICE,COMMERCIAL,CONDITIONS,obesity,0,10,10,2
2022-07-13,3890,3813.0,EMERGENCY ROOM - HOSPITAL,COMMERCIAL,CONDITIONS,hypertension,0,22,8,1
2022-06-07,558,13371.0,EMERGENCY ROOM - HOSPITAL,COMMERCIAL,SYMPTOMS,NAUSEA_AND_VOMITING,0,4,12,0
2022-06-29,1632,17322.0,OFFICE,MEDICARE,CONDITIONS,disease_x,0,32,2,0
2022-06-22,778,4491.0,TELEHEALTH PROVIDED OTHER THAN IN PATIENT'S HOME,COMMERCIAL,CONDITIONS,disease_x,0,11,9,0
2022-06-13,3617,6152.0,OFFICE,COMMERCIAL,CONDITIONS,DISEASE_X,0,3,0,0
2022-06-09,1930,22069.0,EMERGENCY ROOM - HOSPITAL,COMMERCIAL,CONDITIONS,disease_x,0,7,40,0
2022-06-06,2237,0.0,URGENT CARE FACILITY,COMMERCIAL,CONDITIONS,disease_x,0,2,2,2
2022-06-21,290,10849.0,OFFICE,COMMERCIAL,SYMPTOMS,CONGESTION,0,1,9,0
2022-07-13,2254,17314.0,OFFICE,COMMERCIAL,SYMPTOMS,FATIGUE,0,2,7,0
2022-06-20,3587,1197.0,CLINIC - RURAL HEALTH,MEDICARE,CONDITIONS,disease_x,0,5,7,0
2022-06-28,498,19778.0,TELEHEALTH PROVIDED OTHER THAN IN PATIENT'S HOME,COMMERCIAL,SYMPTOMS,acute_uri,0,1,7,0
2022-06-26,2602,0.0,HOSPITAL OUTPATIENT,MEDICARE,SYMPTOMS,ACUTE_PHARYNGITIS,0,68,11,29
2022-06-16,109,5449.0,CLINIC  - FEDERALLY QUALIFIED HEALTH CENTER (FQHC),MEDICARE,CONDITIONS,disease_x,0,1,3,0
2022-06-15,1023,22948.0,OFFICE,COMMERCIAL,CONDITIONS,DISEASE_X,0,3,15,0
2022-06-29,2264,23180.0,OFFICE,COMMERCIAL,CONDITIONS,disease_x,0,2,0,0
2022-06-29,1575,13192.0,EMERGENCY ROOM - HOSPITAL,COMMERCIAL,SYMPTOMS,COUGH,0,6,7,1
2022-06-16,3136,0.0,URGENT CARE FACILITY,COMMERCIAL,CONDITIONS,disease_x,0,6,0,0
2022-06-17,2888,0.0,OTHER PLACE OF SERVICE,COMMERCIAL,CONDITIONS,DISEASE_X,0,2,0,1
2022-06-14,3227,1857.0,INPATIENT HOSPITAL,COMMERCIAL,CONDITIONS,DISEASE_X,0,13,21,28
2022-06-11,1956,8292.0,HOSPITAL OUTPATIENT,COMMERCIAL,CONDITIONS,disease_x,0,10,1,1
2022-06-07,3675,21389.0,OFFICE,MEDICARE,CONDITIONS,obesity,0,41,20,5
2022-07-19,87,0.0,INDEPENDENT LABORATORY,MEDICARE,CONDITIONS,disease_x,0,10,0,0
2022-06-23,2796,15177.0,OFFICE,COMMERCIAL,CONDITIONS,disease_x,0,1,1,0
2022-06-15,736,14996.0,OFFICE,COMMERCIAL,CONDITIONS,disease_x,0,5,11,0
2022-06-13,162,1205.0,HOSPITAL OUTPATIENT,COMMERCIAL,SYMPTOMS,COUGH,0,1,1,0
2022-07-20,3328,9678.0,OFFICE,COMMERCIAL,CONDITIONS,immunocompromised,0,4,13,3
2022-06-29,3210,5454.0,ON CAMPUS-OUTPATIENT HOSPITAL,MEDICARE,SYMPTOMS,DIFFICULTY_BREATHING,0,32,79,0
2022-06-30,3508,0.0,INDEPENDENT LABORATORY,COMMERCIAL,SYMPTOMS,FEVER,0,1,4,0
2022-06-24,1423,1405.0,URGENT CARE FACILITY,COMMERCIAL,CONDITIONS,disease_x,0,2,3,0
2022-06-10,3507,11733.0,EMERGENCY ROOM - HOSPITAL,COMMERCIAL,SYMPTOMS,DIFFICULTY_BREATHING,0,3,3,0
2022-06-01,3713,16294.0,OFFICE,COMMERCIAL,CONDITIONS,disease_x,0,18,7,60
2022-06-09,2502,18979.0,OFFICE,COMMERCIAL,SYMPTOMS,COUGH,0,8,2,0
2022-06-10,2570,2746.0,OFFICE,COMMERCIAL,CONDITIONS,DISEASE_X,0,1,0,0
2022-06-18,831,2474.0,HOSPITAL OUTPATIENT,COMMERCIAL,CONDITIONS,disease_x,0,20,1,0
2022-06-11,2719,2356.0,HOSPITAL OUTPATIENT,MEDICARE,CONDITIONS,DISEASE_X,0,2,2,2
2022-06-27,1630,19363.0,EMERGENCY ROOM - HOSPITAL,COMMERCIAL,CONDITIONS,DISEASE_X,0,2,1,0
2022-06-24,2677,9997.0,EMERGENCY ROOM - HOSPITAL,COMMERCIAL,SYMPTOMS,DIFFICULTY_BREATHING,0,1,6,0
2022-06-27,384,17025.0,OFFICE,COMMERCIAL,CONDITIONS,DISEASE_X,0,1,1,0
2022-06-02,3039,931.0,HOSPITAL OUTPATIENT,COMMERCIAL,CONDITIONS,DISEASE_X,0,32,11,8
2022-06-23,1406,11863.0,OFFICE,COMMERCIAL,CONDITIONS,DISEASE_X,0,3,1,0
2022-06-01,335,16235.0,UNASSIGNED,MEDICARE,CONDITIONS,disease_x,0,5,2,0
2022-07-21,1451,22253.0,INDEPENDENT LABORATORY,COMMERCIAL,CONDITIONS,diabetes,0,18,10,1
2022-06-22,3801,0.0,INDEPENDENT LABORATORY,MEDICARE,SYMPTOMS,fatigue,0,161,13,21
2022-06-26,3448,0.0,URGENT CARE FACILITY,COMMERCIAL,CONDITIONS,DISEASE_X,0,2,0,0
2022-06-02,3217,9348.0,URGENT CARE FACILITY,COMMERCIAL,CONDITIONS,obesity,0,2,0,0
2022-06-29,2042,19456.0,OFFICE,COMMERCIAL,CONDITIONS,disease_x,0,1,19,0
2022-06-27,3240,2469.0,HOSPITAL OUTPATIENT,COMMERCIAL,CONDITIONS,disease_x,0,2,1,0
2022-06-19,3562,8595.0,EMERGENCY ROOM - HOSPITAL,COMMERCIAL,SYMPTOMS,acute_pharyngitis,0,2,32,0
2022-07-20,3449,0.0,INDEPENDENT LABORATORY,COMMERCIAL,CONDITIONS,diabetes,0,9,2,0
2022-07-05,82,2288.0,OFFICE,COMMERCIAL,SYMPTOMS,COUGH,0,1,2,0
2022-06-13,3261,2399.0,OFFICE,COMMERCIAL,SYMPTOMS,COUGH,0,10,2,1
2022-06-22,3883,23951.0,EMERGENCY ROOM - HOSPITAL,COMMERCIAL,SYMPTOMS,headache,0,13,19,0
2022-06-21,2069,0.0,INDEPENDENT LABORATORY,COMMERCIAL,SYMPTOMS,COUGH,0,4,9,2
2022-06-07,3156,14227.0,URGENT CARE FACILITY,COMMERCIAL,CONDITIONS,DISEASE_X,0,26,2,0
2022-06-14,3779,18177.0,TELEHEALTH PROVIDED OTHER THAN IN PATIENT'S HOME,COMMERCIAL,CONDITIONS,disease_x,0,1,1,4
2022-06-16,3070,13918.0,EMERGENCY ROOM - HOSPITAL,MEDICAID,CONDITIONS,DISEASE_X,0,5,5,0
2022-06-25,2855,21733.0,EMERGENCY ROOM - HOSPITAL,MEDICARE,CONDITIONS,DISEASE_X,0,2,5,0
2022-06-30,3083,5168.0,EMERGENCY ROOM - HOSPITAL,COMMERCIAL,SYMPTOMS,congestion,0,1,3,0
2022-06-22,1167,0.0,URGENT CARE FACILITY,COMMERCIAL,SYMPTOMS,COUGH,0,1,2,0
2022-06-06,3957,3663.0,OFFICE,COMMERCIAL,CONDITIONS,DISEASE_X,0,2,9,3
2022-06-03,2567,4632.0,OFFICE,COMMERCIAL,CONDITIONS,disease_x,0,14,2,0
2022-07-20,2982,19281.0,OFFICE,COMMERCIAL,CONDITIONS,immunocompromised,0,96,13,18
2022-06-05,3952,15696.0,EMERGENCY ROOM - HOSPITAL,COMMERCIAL,CONDITIONS,disease_x,0,1,1,0
2022-07-21,14,9344.0,UNASSIGNED,COMMERCIAL,CONDITIONS,immunocompromised,0,26,0,0
2022-06-10,1502,18149.0,OFFICE,COMMERCIAL,CONDITIONS,DISEASE_X,0,1,0,0
2022-06-23,106,19977.0,EMERGENCY ROOM - HOSPITAL,COMMERCIAL,CONDITIONS,disease_x,0,1,1,0
2022-06-20,1270,11312.0,TELEHEALTH PROVIDED IN PATIENT'S HOME,MEDICARE,CONDITIONS,hypertension,0,87,16,0
2022-06-28,13,2048.0,OFFICE,COMMERCIAL,SYMPTOMS,NAUSEA_AND_VOMITING,0,1,1,0
2022-06-25,755,106.0,OFFICE,COMMERCIAL,CONDITIONS,DISEASE_X,0,1,3,0
2022-06-27,1734,20354.0,OFFICE,COMMERCIAL,CONDITIONS,diabetes,0,20,13,0
2022-06-24,2164,0.0,TELEHEALTH PROVIDED IN PATIENT'S HOME,COMMERCIAL,CONDITIONS,disease_x,0,18,7,0
2022-06-29,266,8256.0,URGENT CARE FACILITY,COMMERCIAL,CONDITIONS,DISEASE_X,0,1,9,0
2022-06-05,3234,0.0,URGENT CARE FACILITY,COMMERCIAL,SYMPTOMS,headache,0,1,2,0
2022-06-12,1041,9635.0,CRITICAL ACCESS HOSPITAL,COMMERCIAL,CONDITIONS,DISEASE_X,0,6,7,0
2022-06-14,1470,0.0,URGENT CARE FACILITY,COMMERCIAL,CONDITIONS,DISEASE_X,0,1,3,0
2022-06-11,1528,12214.0,EMERGENCY ROOM - HOSPITAL,COMMERCIAL,CONDITIONS,DISEASE_X,0,37,3,5
2022-06-27,2303,12888.0,OFFICE,COMMERCIAL,CONDITIONS,disease_x,0,8,21,1
2022-06-28,668,6234.0,TELEHEALTH PROVIDED OTHER THAN IN PATIENT'S HOME,COMMERCIAL,CONDITIONS,disease_x,0,4,8,0
2022-07-06,719,18234.0,EMERGENCY ROOM - HOSPITAL,COMMERCIAL,CONDITIONS,disease_x,0,21,16,0
2022-06-09,3956,14918.0,URGENT CARE FACILITY,COMMERCIAL,SYMPTOMS,ACUTE_PHARYNGITIS,0,16,17,1
2022-06-23,2904,284.0,URGENT CARE FACILITY,COMMERCIAL,CONDITIONS,DISEASE_X,0,1,26,0
2022-06-01,2793,13883.0,OFFICE,COMMERCIAL,SYMPTOMS,COUGH,0,12,6,0
2022-06-28,1619,1996.0,TELEHEALTH PROVIDED OTHER THAN IN PATIENT'S HOME,COMMERCIAL,CONDITIONS,disease_x,0,1,0,0
2022-06-15,3013,18639.0,OFFICE,COMMERCIAL,SYMPTOMS,HEADACHE,0,13,3,0
2022-06-08,1824,18862.0,TELEHEALTH PROVIDED IN PATIENT'S HOME,COMMERCIAL,SYMPTOMS,COUGH,0,1,5,0
2022-06-07,2486,0.0,URGENT CARE FACILITY,COMMERCIAL,CONDITIONS,disease_x,0,21,2,0
2022-06-21,135,2827.0,HOSPITAL INPATIENT (INCLUDING MEDICARE PART A),MEDICARE,CONDITIONS,heart_disease,0,16,0,0
2022-06-23,3727,7927.0,HOSPITAL OUTPATIENT,COMMERCIAL,CONDITIONS,disease_x,0,1,7,1
2022-06-20,2208,124.0,TELEHEALTH PROVIDED IN PATIENT'S HOME,MEDICARE,CONDITIONS,disease_x,0,2,0,0
2022-07-22,2559,6505.0,OFFICE,UNSPECIFIED,CONDITIONS,hypertension,0,7,5,3
2022-06-22,385,18403.0,OFF CAMPUS-OUTPATIENT HOSPITAL,COMMERCIAL,SYMPTOMS,fever,0,1,4,0
2022-06-20,838,17974.0,TELEHEALTH PROVIDED OTHER THAN IN PATIENT'S HOME,COMMERCIAL,CONDITIONS,disease_x,0,10,11,0
2022-06-21,365,9142.0,EMERGENCY ROOM - HOSPITAL,COMMERCIAL,SYMPTOMS,FEVER,0,2,4,0
2022-06-28,3470,16816.0,EMERGENCY ROOM - HOSPITAL,COMMERCIAL,CONDITIONS,DISEASE_X,0,2,3,0
2022-06-13,185,6679.0,CRITICAL ACCESS HOSPITAL,COMMERCIAL,CONDITIONS,disease_x,0,10,2,1
2022-06-03,1879,18013.0,OFFICE,COMMERCIAL,CONDITIONS,disease_x,0,4,0,0
2022-06-29,3447,6955.0,OFFICE,COMMERCIAL,SYMPTOMS,MUSCLE_ACHE,0,23,17,0
2022-06-01,1855,19917.0,OFFICE,COMMERCIAL,SYMPTOMS,DIFFICULTY_BREATHING,0,24,18,0
2022-06-01,614,7270.0,CLINIC - FREESTANDING,MEDICAID,CONDITIONS,disease_x,0,14,0,0
2022-06-29,1864,21117.0,EMERGENCY ROOM - HOSPITAL,COMMERCIAL,CONDITIONS,disease_x,0,2,16,0
2022-06-05,95,11531.0,EMERGENCY ROOM - HOSPITAL,COMMERCIAL,SYMPTOMS,FEVER,0,1,2,0
2022-06-07,3625,23912.0,HOSPITAL OUTPATIENT,MEDICARE,CONDITIONS,disease_x,0,7,2,0
2022-06-09,437,18289.0,INPATIENT HOSPITAL,MEDICAID,CONDITIONS,mental_health_disorders,0,8,1,0
2022-06-30,2488,19647.0,TELEHEALTH PROVIDED OTHER THAN IN PATIENT'S HOME,COMMERCIAL,CONDITIONS,disease_x,0,1,0,0
2022-06-28,2794,113.0,HOSPITAL OUTPATIENT,COMMERCIAL,CONDITIONS,DISEASE_X,0,27,20,0
2022-06-30,172,1948.0,OFFICE,COMMERCIAL,CONDITIONS,disease_x,0,1,3,0
2022-06-25,186,14864.0,OFFICE,COMMERCIAL,SYMPTOMS,FEVER,0,1,1,0
2022-07-01,3566,0.0,OTHER PLACE OF SERVICE,COMMERCIAL,CONDITIONS,disease_x,0,3,3,0
2022-06-23,314,500.0,TELEHEALTH PROVIDED OTHER THAN IN PATIENT'S HOME,COMMERCIAL,SYMPTOMS,diarrhea,0,1,1,0
2022-06-30,1936,0.0,URGENT CARE FACILITY,COMMERCIAL,SYMPTOMS,sore_throat,0,1,9,0
2022-06-30,3867,18111.0,URGENT CARE FACILITY,COMMERCIAL,CONDITIONS,disease_x,0,4,0,0
2022-06-06,466,1917.0,OFF CAMPUS-OUTPATIENT HOSPITAL,COMMERCIAL,CONDITIONS,disease_x,0,1,5,0
2022-06-16,538,0.0,INDEPENDENT LABORATORY,COMMERCIAL,CONDITIONS,disease_x,0,1,2,0
2022-06-13,2704,9832.0,ON CAMPUS-OUTPATIENT HOSPITAL,COMMERCIAL,CONDITIONS,DISEASE_X,0,49,18,0
2022-06-04,949,17447.0,EMERGENCY ROOM - HOSPITAL,COMMERCIAL,SYMPTOMS,DIARRHEA,0,25,8,0
2022-06-06,1990,1244.0,OFFICE,COMMERCIAL,CONDITIONS,disease_x,0,8,6,1
2022-06-03,2238,16184.0,URGENT CARE FACILITY,COMMERCIAL,CONDITIONS,DISEASE_X,0,1,0,0
2022-06-14,2009,2.0,URGENT CARE FACILITY,COMMERCIAL,CONDITIONS,disease_x,0,5,0,0
2022-06-01,3371,8164.0,OFFICE,MEDICARE,CONDITIONS,disease_x,0,20,4,2
2022-06-20,1870,3035.0,URGENT CARE FACILITY,COMMERCIAL,CONDITIONS,DISEASE_X,0,1,1,0
2022-06-19,3471,23480.0,OFFICE,COMMERCIAL,CONDITIONS,disease_x,0,3,4,0
2022-06-26,1022,12784.0,URGENT CARE FACILITY,COMMERCIAL,CONDITIONS,disease_x,0,1,2,0
2022-07-14,2715,21068.0,OFFICE,COMMERCIAL,CONDITIONS,heart_disease,0,82,20,2
2022-06-16,1366,3709.0,OFFICE,COMMERCIAL,CONDITIONS,DISEASE_X,0,4,9,16
2022-06-24,1422,2271.0,TELEHEALTH PROVIDED OTHER THAN IN PATIENT'S HOME,MEDICARE,CONDITIONS,DISEASE_X,0,3,7,0
2022-06-27,1603,0.0,URGENT CARE FACILITY,COMMERCIAL,CONDITIONS,disease_x,0,1,1,1
2022-06-27,96,8275.0,URGENT CARE FACILITY,COMMERCIAL,CONDITIONS,disease_x,0,1,0,0
2022-06-08,479,24703.0,TELEHEALTH PROVIDED OTHER THAN IN PATIENT'S HOME,COMMERCIAL,CONDITIONS,disease_x,0,9,1,0
2022-07-12,2562,22333.0,OFFICE,COMMERCIAL,CONDITIONS,immunocompromised,0,174,10,3
2022-06-23,150,1585.0,HOSPITAL OUTPATIENT,COMMERCIAL,CONDITIONS,DISEASE_X,0,1,0,0
2022-06-27,2106,20019.0,OFFICE,COMMERCIAL,SYMPTOMS,FEVER,0,24,36,0
2022-06-27,2565,11873.0,OFFICE,MEDICARE,CONDITIONS,DISEASE_X,0,41,24,1
2022-06-24,1457,14276.0,URGENT CARE FACILITY,COMMERCIAL,CONDITIONS,disease_x,0,2,0,1
2022-06-02,5,0.0,INDEPENDENT LABORATORY,COMMERCIAL,CONDITIONS,disease_x,0,1,0,0
2022-06-02,872,8488.0,OFFICE,COMMERCIAL,CONDITIONS,disease_x,0,1,1,0
2022-07-18,3970,4243.0,OFFICE,COMMERCIAL,CONDITIONS,immunocompromised,0,2,1,0
2022-07-01,1786,16877.0,INPATIENT HOSPITAL,COMMERCIAL,CONDITIONS,heart_disease,0,10,0,0
2022-07-08,3203,13286.0,OFFICE,UNSPECIFIED,CONDITIONS,disease_x,0,39,9,3
2022-06-17,1100,16668.0,OFFICE,COMMERCIAL,SYMPTOMS,FEVER,0,13,4,2
2022-06-01,2863,2230.0,URGENT CARE FACILITY,COMMERCIAL,SYMPTOMS,FATIGUE,0,1,10,0
2022-07-12,205,0.0,INDEPENDENT LABORATORY,MEDICARE,CONDITIONS,DIABETES,0,14,1,0
2022-06-09,1305,11359.0,EMERGENCY ROOM - HOSPITAL,COMMERCIAL,CONDITIONS,disease_x,0,1,0,0
2022-06-08,2174,18786.0,TELEHEALTH PROVIDED OTHER THAN IN PATIENT'S HOME,COMMERCIAL,CONDITIONS,disease_x,0,1,0,0
2022-06-09,1564,2266.0,RURAL HEALTH CLINIC,COMMERCIAL,CONDITIONS,disease_x,0,6,1,0
2022-07-04,1540,22307.0,URGENT CARE FACILITY,MEDICARE,CONDITIONS,disease_x,0,9,6,0
2022-06-06,757,0.0,INDEPENDENT LABORATORY,COMMERCIAL,SYMPTOMS,COUGH,0,1,2,0
2022-06-09,3005,13953.0,HOSPITAL OUTPATIENT,MEDICARE,CONDITIONS,disease_x,0,22,3,7
2022-06-22,1883,16644.0,TELEHEALTH PROVIDED OTHER THAN IN PATIENT'S HOME,COMMERCIAL,SYMPTOMS,DIFFICULTY_BREATHING,0,4,11,0
2022-06-20,3541,1737.0,URGENT CARE FACILITY,COMMERCIAL,CONDITIONS,disease_x,0,2,0,0
2022-06-22,163,779.0,URGENT CARE FACILITY,COMMERCIAL,SYMPTOMS,cough,0,1,3,0
2022-06-21,3797,16294.0,OFFICE,MEDICARE,CONDITIONS,disease_x,0,3,5,0
2022-06-26,1690,5187.0,HOSPITAL OUTPATIENT,COMMERCIAL,CONDITIONS,hypertension,0,10,2,0
2022-06-30,613,0.0,INDEPENDENT LABORATORY,COMMERCIAL,CONDITIONS,disease_x,0,1,3,0
2022-06-21,1874,17453.0,OFFICE,COMMERCIAL,CONDITIONS,disease_x,0,2,17,0
2022-06-15,2612,2226.0,URGENT CARE FACILITY,COMMERCIAL,CONDITIONS,disease_x,0,2,0,0
2022-06-27,2308,17325.0,OFFICE,COMMERCIAL,CONDITIONS,hypertension,0,10,52,21
2022-06-21,3231,2966.0,OFFICE,COMMERCIAL,CONDITIONS,disease_x,0,14,12,0
2022-06-25,3524,24319.0,OFFICE,COMMERCIAL,CONDITIONS,DISEASE_X,0,1,3,0
2022-06-14,3644,5948.0,OFFICE,COMMERCIAL,CONDITIONS,DISEASE_X,0,7,0,0
2022-07-06,2807,0.0,INDEPENDENT LABORATORY,COMMERCIAL,CONDITIONS,immunocompromised,0,31,9,0
2022-06-09,1915,2359.0,TELEHEALTH PROVIDED OTHER THAN IN PATIENT'S HOME,COMMERCIAL,CONDITIONS,disease_x,0,1,5,0
2022-06-13,1237,6737.0,TELEHEALTH PROVIDED OTHER THAN IN PATIENT'S HOME,COMMERCIAL,CONDITIONS,DISEASE_X,0,3,2,0
2022-06-09,1699,419.0,URGENT CARE FACILITY,COMMERCIAL,CONDITIONS,disease_x,0,8,9,3
2022-06-05,3726,3961.0,URGENT CARE FACILITY,COMMERCIAL,CONDITIONS,disease_x,0,3,5,0
2022-06-27,2297,19336.0,OFFICE,COMMERCIAL,CONDITIONS,hypertension,0,30,6,5
2022-06-15,3634,14585.0,UNASSIGNED,MEDICARE,CONDITIONS,hypertension,0,30,7,21
2022-06-24,3454,20359.0,URGENT CARE FACILITY,COMMERCIAL,CONDITIONS,disease_x,0,3,1,0
2022-06-11,3892,4928.0,URGENT CARE FACILITY,COMMERCIAL,CONDITIONS,disease_x,0,8,7,0
2022-07-06,2644,4792.0,OFFICE,COMMERCIAL,CONDITIONS,hypertension,0,27,6,3
2022-06-15,2000,495.0,OFFICE,COMMERCIAL,SYMPTOMS,fatigue,0,25,15,2
2022-06-17,3934,251.0,TELEHEALTH PROVIDED OTHER THAN IN PATIENT'S HOME,COMMERCIAL,CONDITIONS,disease_x,0,33,29,0
2022-06-05,219,13121.0,EMERGENCY ROOM - HOSPITAL,COMMERCIAL,SYMPTOMS,FEVER,0,1,4,0
2022-06-07,2002,19458.0,OFFICE,MEDICARE,CONDITIONS,DISEASE_X,0,14,2,0
2022-06-23,1288,6163.0,URGENT CARE FACILITY,COMMERCIAL,SYMPTOMS,loss_of_taste_or_smell,0,1,4,0
2022-06-04,99,12744.0,EMERGENCY ROOM - HOSPITAL,COMMERCIAL,CONDITIONS,disease_x,0,3,4,0
2022-06-05,2369,12976.0,URGENT CARE FACILITY,COMMERCIAL,CONDITIONS,disease_x,0,26,13,0
2022-06-23,2044,13134.0,OFFICE,COMMERCIAL,SYMPTOMS,fever,0,2,1,0
2022-06-19,2593,15729.0,URGENT CARE FACILITY,COMMERCIAL,CONDITIONS,DISEASE_X,0,7,14,3
2022-06-30,3915,4302.0,EMERGENCY ROOM - HOSPITAL,COMMERCIAL,SYMPTOMS,DIFFICULTY_BREATHING,0,2,9,0
2022-06-28,2879,0.0,INDEPENDENT LABORATORY,COMMERCIAL,CONDITIONS,diabetes,0,82,13,1
2022-07-21,34,1596.0,COMMUNITY MENTAL HEALTH CENTER,COMMERCIAL,CONDITIONS,MENTAL_HEALTH_DISORDERS,0,10,6,0
2022-07-03,1620,10324.0,HOSPITAL - LABORATORY SERVICES PROVIDED TO NON-PATIENTS,MEDICARE,CONDITIONS,DISEASE_X,0,5,0,0
2022-06-20,970,18887.0,OFFICE,COMMERCIAL,SYMPTOMS,FEVER,0,1,2,0
2022-06-23,2427,11504.0,URGENT CARE FACILITY,COMMERCIAL,SYMPTOMS,congestion,0,5,5,0
2022-06-20,2955,7606.0,OFFICE,COMMERCIAL,CONDITIONS,diabetes,0,13,2,0
2022-06-01,3757,15278.0,HOSPITAL OUTPATIENT,COMMERCIAL,CONDITIONS,disease_x,0,2,3,0
2022-06-28,1316,791.0,URGENT CARE FACILITY,COMMERCIAL,CONDITIONS,disease_x,0,1,0,0
2022-06-30,1865,1218.0,HOSPITAL OUTPATIENT,COMMERCIAL,CONDITIONS,DISEASE_X,0,7,8,27
2022-06-07,3906,17847.0,URGENT CARE FACILITY,COMMERCIAL,CONDITIONS,DISEASE_X,0,145,47,5
2022-06-01,1241,7379.0,TELEHEALTH PROVIDED OTHER THAN IN PATIENT'S HOME,COMMERCIAL,SYMPTOMS,DIFFICULTY_BREATHING,0,8,6,0
2022-06-14,3341,11415.0,OFFICE,COMMERCIAL,SYMPTOMS,DIFFICULTY_BREATHING,0,6,28,0
2022-07-13,1660,21857.0,CLINIC - RURAL HEALTH,MEDICARE,CONDITIONS,hypertension,0,12,4,2
2022-06-07,1297,10451.0,URGENT CARE FACILITY,COMMERCIAL,SYMPTOMS,HEADACHE,0,4,4,0
2022-06-22,2158,7527.0,OFFICE,COMMERCIAL,SYMPTOMS,CONGESTION,0,92,14,21
2022-06-17,2700,5012.0,EMERGENCY ROOM - HOSPITAL,COMMERCIAL,CONDITIONS,disease_x,0,1,1,0
2022-06-24,1903,7904.0,OFFICE,COMMERCIAL,CONDITIONS,disease_x,0,24,10,20
2022-06-30,3282,1145.0,EMERGENCY ROOM - HOSPITAL,MEDICAID,CONDITIONS,disease_x,0,1,1,0
2022-06-14,2621,1691.0,URGENT CARE FACILITY,COMMERCIAL,CONDITIONS,disease_x,0,2,6,0
2022-06-09,153,12464.0,OFFICE,COMMERCIAL,CONDITIONS,disease_x,0,2,0,0
2022-07-11,1415,16374.0,OFFICE,COMMERCIAL,SYMPTOMS,DIARRHEA,0,1,7,1
2022-06-29,813,0.0,INDEPENDENT LABORATORY,COMMERCIAL,CONDITIONS,disease_x,0,2,2,0
2022-07-20,1289,25305.0,COMPREHENSIVE OUTPATIENT REHABILITATION FACILITY,COMMERCIAL,SYMPTOMS,FATIGUE,0,8,24,0
2022-06-20,3486,9263.0,EMERGENCY ROOM - HOSPITAL,COMMERCIAL,CONDITIONS,disease_x,0,18,12,0
2022-07-12,2325,16384.0,OFFICE,COMMERCIAL,CONDITIONS,immunocompromised,0,38,2,0
2022-07-06,3178,104.0,URGENT CARE FACILITY,COMMERCIAL,SYMPTOMS,ACUTE_PHARYNGITIS,0,2,3,0
2022-07-08,3188,12959.0,HOSPITAL OUTPATIENT,MEDICARE,SYMPTOMS,DIFFICULTY_BREATHING,0,160,7,31
2022-06-29,616,21820.0,HOSPITAL OUTPATIENT,COMMERCIAL,CONDITIONS,disease_x,0,4,1,0
2022-07-18,1539,0.0,INDEPENDENT LABORATORY,MEDICARE,CONDITIONS,IMMUNOCOMPROMISED,0,170,10,5
2022-06-08,2823,16625.0,TELEHEALTH PROVIDED OTHER THAN IN PATIENT'S HOME,COMMERCIAL,CONDITIONS,disease_x,0,1,3,0
2022-06-02,2356,0.0,INDEPENDENT LABORATORY,COMMERCIAL,CONDITIONS,disease_x,0,4,0,0
2022-07-19,2092,3677.0,ON CAMPUS-OUTPATIENT HOSPITAL,COMMERCIAL,CONDITIONS,IMMUNOCOMPROMISED,0,5,1,0
2022-06-27,2588,13202.0,OFFICE,COMMERCIAL,CONDITIONS,DISEASE_X,0,1,5,0
2022-06-26,571,22723.0,ON CAMPUS-OUTPATIENT HOSPITAL,COMMERCIAL,CONDITIONS,heart_disease,0,18,10,0
2022-06-28,3896,5599.0,ON CAMPUS-OUTPATIENT HOSPITAL,COMMERCIAL,CONDITIONS,obesity,0,101,28,1
2022-06-13,3955,0.0,INPATIENT HOSPITAL,COMMERCIAL,CONDITIONS,immunocompromised,0,147,42,3
2022-06-29,1664,0.0,URGENT CARE FACILITY,COMMERCIAL,SYMPTOMS,COUGH,0,2,1,0
2022-06-14,1287,17516.0,OFFICE,COMMERCIAL,CONDITIONS,immunocompromised,0,22,3,0
2022-06-16,1843,0.0,URGENT CARE FACILITY,COMMERCIAL,CONDITIONS,disease_x,0,1,1,0
2022-06-28,2387,14205.0,TELEHEALTH PROVIDED OTHER THAN IN PATIENT'S HOME,COMMERCIAL,CONDITIONS,DISEASE_X,0,56,9,0
2022-06-28,2458,7635.0,OFFICE,MEDICARE,CONDITIONS,DISEASE_X,0,36,7,0
2022-06-27,817,0.0,URGENT CARE FACILITY,COMMERCIAL,CONDITIONS,DISEASE_X,0,8,0,0
2022-06-13,216,14913.0,ON CAMPUS-OUTPATIENT HOSPITAL,COMMERCIAL,SYMPTOMS,difficulty_breathing,0,5,1,0
2022-06-15,3192,3041.0,EMERGENCY ROOM - HOSPITAL,MEDICAID,CONDITIONS,disease_x,0,1,1,0
2022-06-17,1132,24133.0,OFFICE,COMMERCIAL,SYMPTOMS,ACUTE_PHARYNGITIS,0,1,7,0
2022-06-06,81,14430.0,TELEHEALTH PROVIDED OTHER THAN IN PATIENT'S HOME,COMMERCIAL,CONDITIONS,DISEASE_X,0,1,1,0
2022-06-07,2543,1770.0,OFFICE,COMMERCIAL,CONDITIONS,disease_x,0,1,1,0
2022-07-18,1574,18268.0,UNASSIGNED,COMMERCIAL,CONDITIONS,DISEASE_X,0,36,0,0
2022-06-29,1704,16643.0,OFFICE,MEDICARE,CONDITIONS,disease_x,0,17,0,2
2022-06-13,2215,6732.0,EMERGENCY ROOM - HOSPITAL,COMMERCIAL,SYMPTOMS,cough,0,2,5,0
2022-07-12,3698,16576.0,OFFICE,COMMERCIAL,SYMPTOMS,DIFFICULTY_BREATHING,0,6,15,0
2022-06-27,2213,18432.0,TELEHEALTH PROVIDED OTHER THAN IN PATIENT'S HOME,COMMERCIAL,SYMPTOMS,ACUTE_PHARYNGITIS,0,49,24,0
2022-06-16,3703,14902.0,OFFICE,MEDICARE,CONDITIONS,disease_x,0,12,5,23
2022-07-03,1598,4524.0,EMERGENCY ROOM - HOSPITAL,COMMERCIAL,SYMPTOMS,HEADACHE,0,8,29,0
2022-06-11,2639,0.0,URGENT CARE FACILITY,COMMERCIAL,CONDITIONS,disease_x,0,4,0,0
2022-06-10,64,17968.0,ON CAMPUS-OUTPATIENT HOSPITAL,COMMERCIAL,SYMPTOMS,FEVER,0,1,2,0
2022-06-10,1220,12157.0,OFFICE,COMMERCIAL,CONDITIONS,disease_x,0,1,0,0
2022-06-04,760,16773.0,OFFICE,COMMERCIAL,SYMPTOMS,acute_uri,0,2,3,0
2022-07-13,1038,16104.0,TELEHEALTH PROVIDED IN PATIENT'S HOME,COMMERCIAL,CONDITIONS,diabetes,0,39,1,2
2022-06-21,1125,10638.0,URGENT CARE FACILITY,COMMERCIAL,CONDITIONS,disease_x,0,1,0,0
2022-06-12,905,9011.0,HOSPITAL OUTPATIENT,COMMERCIAL,CONDITIONS,disease_x,0,4,25,0
2022-06-23,1429,869.0,URGENT CARE FACILITY,COMMERCIAL,CONDITIONS,DISEASE_X,0,1,2,0
2022-06-22,2395,13531.0,ON CAMPUS-OUTPATIENT HOSPITAL,COMMERCIAL,CONDITIONS,DISEASE_X,0,23,26,0
2022-06-27,462,4093.0,EMERGENCY ROOM - HOSPITAL,COMMERCIAL,SYMPTOMS,SORE_THROAT,0,2,4,0
2022-07-01,3491,4156.0,UNASSIGNED,MEDICARE,CONDITIONS,heart_disease,0,4,45,0
2022-07-05,1356,2833.0,HOSPITAL - SWING BEDS,MEDICARE,CONDITIONS,disease_x,0,55,16,7
2022-06-22,3959,19505.0,HOSPITAL OUTPATIENT,COMMERCIAL,CONDITIONS,disease_x,0,96,3,0
2022-06-23,2730,12237.0,HOSPITAL OUTPATIENT,COMMERCIAL,CONDITIONS,disease_x,0,2,0,0
2022-06-27,1572,23492.0,UNASSIGNED,COMMERCIAL,SYMPTOMS,sore_throat,0,98,5,360
2022-06-23,2300,16859.0,TELEHEALTH PROVIDED OTHER THAN IN PATIENT'S HOME,COMMERCIAL,CONDITIONS,disease_x,0,2,0,0
2022-06-21,998,14462.0,OFFICE,COMMERCIAL,SYMPTOMS,fatigue,0,3,6,0
2022-06-28,2833,11105.0,OFFICE,COMMERCIAL,CONDITIONS,immunocompromised,0,114,15,0
2022-06-17,2582,8931.0,EMERGENCY ROOM - HOSPITAL,COMMERCIAL,SYMPTOMS,fever,0,9,2,0
2022-06-17,46,6520.0,URGENT CARE FACILITY,COMMERCIAL,CONDITIONS,disease_x,0,1,0,0
2022-06-10,1959,8968.0,URGENT CARE FACILITY,COMMERCIAL,CONDITIONS,disease_x,0,4,0,0
2022-06-03,984,1903.0,HOSPITAL OUTPATIENT,COMMERCIAL,CONDITIONS,DISEASE_X,0,8,2,27
2022-06-15,2169,0.0,URGENT CARE FACILITY,COMMERCIAL,CONDITIONS,disease_x,0,1,1,0
2022-06-17,292,22053.0,EMERGENCY ROOM - HOSPITAL,COMMERCIAL,CONDITIONS,disease_x,0,2,0,0
2022-06-12,1816,0.0,INDEPENDENT LABORATORY,COMMERCIAL,CONDITIONS,disease_x,0,1,3,0
2022-06-14,839,23234.0,TELEHEALTH PROVIDED OTHER THAN IN PATIENT'S HOME,COMMERCIAL,CONDITIONS,disease_x,0,5,2,0
2022-07-19,485,7962.0,OFFICE,COMMERCIAL,SYMPTOMS,SORE_THROAT,0,1,13,0
2022-06-23,2985,0.0,URGENT CARE FACILITY,COMMERCIAL,SYMPTOMS,CONGESTION,0,2,1,4
2022-07-04,1071,0.0,AMBULANCE - LAND,COMMERCIAL,SYMPTOMS,FATIGUE,0,47,10,0
2022-07-20,816,1022.0,TELEHEALTH PROVIDED OTHER THAN IN PATIENT'S HOME,COMMERCIAL,CONDITIONS,mental_health_disorders,0,57,4,0
2022-06-13,1186,14502.0,OFFICE,COMMERCIAL,SYMPTOMS,COUGH,0,2,1,0
2022-06-08,2283,11877.0,URGENT CARE FACILITY,COMMERCIAL,CONDITIONS,disease_x,0,1,0,0
2022-06-09,2061,21016.0,OFFICE,COMMERCIAL,CONDITIONS,disease_x,0,14,1,0
2022-06-24,641,705.0,OFFICE,COMMERCIAL,SYMPTOMS,ACUTE_PHARYNGITIS,0,1,3,0
2022-07-22,2525,10873.0,OFF CAMPUS-OUTPATIENT HOSPITAL,MEDICARE,SYMPTOMS,DIFFICULTY_BREATHING,0,21,13,0
2022-06-30,276,13945.0,OFFICE,COMMERCIAL,CONDITIONS,disease_x,0,1,4,0
2022-06-26,4004,0.0,URGENT CARE FACILITY,COMMERCIAL,CONDITIONS,DISEASE_X,0,25,1,8
2022-06-27,985,1742.0,HOSPITAL OUTPATIENT,COMMERCIAL,CONDITIONS,disease_x,0,3,20,0
2022-06-16,2485,16958.0,UNASSIGNED,MEDICARE,CONDITIONS,hypertension,0,177,4,1
2022-06-30,1317,0.0,INDEPENDENT LABORATORY,COMMERCIAL,SYMPTOMS,ACUTE_PHARYNGITIS,0,2,8,0
2022-06-12,1742,1130.0,HOSPITAL OUTPATIENT,COMMERCIAL,CONDITIONS,disease_x,0,1,0,0
2022-06-13,3834,3189.0,URGENT CARE FACILITY,COMMERCIAL,SYMPTOMS,COUGH,0,3,19,0
2022-07-03,2751,20304.0,INPATIENT HOSPITAL,COMMERCIAL,CONDITIONS,DISEASE_X,0,24,2,0
2022-06-03,3104,8971.0,OFFICE,COMMERCIAL,CONDITIONS,disease_x,0,4,5,0
2022-06-09,2440,5520.0,URGENT CARE FACILITY,COMMERCIAL,SYMPTOMS,CONGESTION,0,1,3,0
2022-06-15,140,20380.0,URGENT CARE FACILITY,COMMERCIAL,CONDITIONS,DISEASE_X,0,1,5,0
2022-06-20,549,6328.0,FEDERALLY QUALIFIED HEALTH CENTER,COMMERCIAL,CONDITIONS,DISEASE_X,0,1,4,0
2022-06-29,704,0.0,FEDERALLY QUALIFIED HEALTH CENTER,COMMERCIAL,CONDITIONS,disease_x,0,1,11,0
2022-06-21,2327,14991.0,OFFICE,COMMERCIAL,CONDITIONS,disease_x,0,18,4,0
2022-07-01,1904,15981.0,OFFICE,COMMERCIAL,CONDITIONS,mental_health_disorders,0,30,6,0
2022-06-28,4006,0.0,INDEPENDENT LABORATORY,MEDICARE,CONDITIONS,disease_x,0,35,0,0
2022-07-01,3924,1689.0,UNASSIGNED,MEDICARE,CONDITIONS,disease_x,0,151,23,9
2022-06-21,2892,7172.0,TELEHEALTH PROVIDED OTHER THAN IN PATIENT'S HOME,COMMERCIAL,SYMPTOMS,FEVER,0,3,2,1
2022-06-02,2467,0.0,INDEPENDENT LABORATORY,COMMERCIAL,CONDITIONS,disease_x,0,15,36,2
2022-06-16,2126,18709.0,TELEHEALTH PROVIDED OTHER THAN IN PATIENT'S HOME,MEDICARE,CONDITIONS,DISEASE_X,0,7,10,0
2022-06-14,2755,0.0,INDEPENDENT LABORATORY,COMMERCIAL,CONDITIONS,disease_x,0,4,1,0
2022-07-06,2219,7388.0,OFFICE,COMMERCIAL,CONDITIONS,OBESITY,0,33,8,0
2022-07-21,381,13731.0,TELEHEALTH PROVIDED OTHER THAN IN PATIENT'S HOME,COMMERCIAL,SYMPTOMS,cough,0,7,3,0
2022-06-09,2328,16498.0,TELEHEALTH PROVIDED OTHER THAN IN PATIENT'S HOME,COMMERCIAL,CONDITIONS,disease_x,0,26,0,14
2022-06-11,1135,16507.0,URGENT CARE FACILITY,COMMERCIAL,CONDITIONS,disease_x,0,3,1,0
2022-07-22,3059,25242.0,INDEPENDENT CLINIC,COMMERCIAL,CONDITIONS,heart_disease,0,139,31,30
2022-06-23,1426,297.0,OFFICE,COMMERCIAL,CONDITIONS,disease_x,0,15,2,0
2022-06-30,3823,8945.0,INPATIENT HOSPITAL,COMMERCIAL,CONDITIONS,DISEASE_X,0,17,9,2
2022-06-19,3630,3416.0,EMERGENCY ROOM - HOSPITAL,COMMERCIAL,CONDITIONS,disease_x,0,3,1,0
2022-06-09,409,17135.0,HOSPITAL OUTPATIENT,COMMERCIAL,CONDITIONS,disease_x,0,5,10,0
2022-07-15,1550,5861.0,EMERGENCY ROOM - HOSPITAL,COMMERCIAL,CONDITIONS,disease_x,0,10,10,0
2022-07-14,1599,0.0,OFFICE,MEDICARE,SYMPTOMS,COUGH,0,116,35,0
2022-06-20,1217,11181.0,OFFICE,COMMERCIAL,SYMPTOMS,COUGH,0,2,4,0
2022-06-20,1597,0.0,EMERGENCY ROOM - HOSPITAL,COMMERCIAL,SYMPTOMS,ACUTE_PHARYNGITIS,0,1,4,0
2022-06-30,552,1222.0,CLINIC - RURAL HEALTH,MEDICAID,CONDITIONS,disease_x,0,2,18,0
2022-07-12,2422,15393.0,OFFICE,MEDICARE,CONDITIONS,hypertension,0,133,0,7
2022-07-01,1164,19166.0,EMERGENCY ROOM - HOSPITAL,MEDICARE,CONDITIONS,DISEASE_X,0,12,1,1
2022-07-22,788,3754.0,OFFICE,COMMERCIAL,CONDITIONS,hypertension,0,137,25,43
2022-06-13,3637,12371.0,OFFICE,COMMERCIAL,SYMPTOMS,DIFFICULTY_BREATHING,0,1,2,0
2022-06-29,976,8885.0,TELEHEALTH PROVIDED OTHER THAN IN PATIENT'S HOME,COMMERCIAL,SYMPTOMS,NAUSEA_AND_VOMITING,0,2,3,0
2022-06-25,2931,3434.0,ON CAMPUS-OUTPATIENT HOSPITAL,COMMERCIAL,CONDITIONS,disease_x,0,4,9,1
2022-06-30,1129,13377.0,OFFICE,COMMERCIAL,SYMPTOMS,DIFFICULTY_BREATHING,0,20,47,0
2022-06-30,542,23408.0,OFFICE,UNSPECIFIED,CONDITIONS,HYPERTENSION,0,63,0,0
2022-06-10,3496,0.0,INDEPENDENT LABORATORY,MEDICARE,CONDITIONS,DISEASE_X,0,5,3,70
2022-06-28,1819,9358.0,URGENT CARE FACILITY,COMMERCIAL,CONDITIONS,disease_x,0,24,3,0
2022-06-15,3345,687.0,URGENT CARE FACILITY,COMMERCIAL,CONDITIONS,disease_x,0,3,2,0
2022-06-01,2731,9850.0,OFFICE,COMMERCIAL,CONDITIONS,disease_x,0,4,9,0
2022-06-10,1579,9784.0,INPATIENT HOSPITAL,COMMERCIAL,CONDITIONS,immunocompromised,0,2,4,1
2022-06-17,967,12223.0,INPATIENT HOSPITAL,MEDICARE,CONDITIONS,HYPERTENSION,0,16,10,0
2022-06-28,3979,18396.0,OFFICE,COMMERCIAL,CONDITIONS,disease_x,0,40,10,0
2022-06-16,336,0.0,INDEPENDENT LABORATORY,COMMERCIAL,CONDITIONS,DISEASE_X,0,1,0,0
2022-06-16,2966,0.0,URGENT CARE FACILITY,COMMERCIAL,CONDITIONS,disease_x,0,16,6,0
2022-06-04,115,9353.0,EMERGENCY ROOM - HOSPITAL,COMMERCIAL,CONDITIONS,disease_x,0,1,0,0
2022-06-19,560,15223.0,HOSPITAL OUTPATIENT,COMMERCIAL,CONDITIONS,DISEASE_X,0,1,0,0
2022-06-21,448,12661.0,OFFICE,MEDICAID,SYMPTOMS,DIFFICULTY_BREATHING,0,1,1,1
2022-06-20,3251,667.0,URGENT CARE FACILITY,MEDICAID,SYMPTOMS,COUGH,0,1,4,0
2022-06-22,29,1183.0,URGENT CARE FACILITY,COMMERCIAL,CONDITIONS,DISEASE_X,0,1,0,0
2022-06-21,35,11868.0,URGENT CARE FACILITY,COMMERCIAL,SYMPTOMS,COUGH,0,1,3,0
2022-07-10,1676,5919.0,EMERGENCY ROOM - HOSPITAL,MEDICARE,CONDITIONS,immunocompromised,0,143,28,0
2022-06-16,2962,0.0,URGENT CARE FACILITY,COMMERCIAL,SYMPTOMS,COUGH,0,1,2,0
2022-06-11,975,0.0,URGENT CARE FACILITY,COMMERCIAL,SYMPTOMS,COUGH,0,2,16,0
2022-06-16,3682,3096.0,TELEHEALTH PROVIDED OTHER THAN IN PATIENT'S HOME,COMMERCIAL,CONDITIONS,DISEASE_X,0,1,2,0
2022-06-19,2868,2301.0,INPATIENT HOSPITAL,MEDICARE,SYMPTOMS,DIFFICULTY_BREATHING,0,6,2,0
2022-06-21,1837,789.0,OFFICE,COMMERCIAL,CONDITIONS,DISEASE_X,0,7,2,0
2022-06-18,301,4763.0,EMERGENCY ROOM - HOSPITAL,COMMERCIAL,SYMPTOMS,congestion,0,2,3,0
2022-06-03,372,6176.0,OFFICE,COMMERCIAL,SYMPTOMS,COUGH,0,4,10,0
2022-06-27,1380,1561.0,EMERGENCY ROOM - HOSPITAL,COMMERCIAL,CONDITIONS,DISEASE_X,0,6,11,0
2022-06-23,2025,2089.0,URGENT CARE FACILITY,COMMERCIAL,CONDITIONS,disease_x,0,7,6,0
2022-06-05,3717,10805.0,URGENT CARE FACILITY,COMMERCIAL,CONDITIONS,disease_x,0,21,5,0
2022-06-18,2270,17124.0,URGENT CARE FACILITY,COMMERCIAL,CONDITIONS,disease_x,0,5,1,0
2022-06-30,1210,540.0,HOSPITAL OUTPATIENT,COMMERCIAL,CONDITIONS,disease_x,0,20,4,0
2022-06-24,3662,0.0,UNASSIGNED,COMMERCIAL,CONDITIONS,immunocompromised,0,14,0,0
2022-06-22,2478,3814.0,EMERGENCY ROOM - HOSPITAL,COMMERCIAL,CONDITIONS,DISEASE_X,0,3,1,1
2022-07-06,1279,0.0,FEDERALLY QUALIFIED HEALTH CENTER,COMMERCIAL,CONDITIONS,disease_x,0,5,1,0
2022-06-28,2630,448.0,URGENT CARE FACILITY,COMMERCIAL,CONDITIONS,disease_x,0,1,6,0
2022-06-30,187,2147.0,URGENT CARE FACILITY,COMMERCIAL,CONDITIONS,disease_x,0,2,0,0
2022-06-30,1360,0.0,CLINIC  - FEDERALLY QUALIFIED HEALTH CENTER (FQHC),COMMERCIAL,CONDITIONS,DISEASE_X,0,19,2,0
2022-06-21,1384,6714.0,OFFICE,COMMERCIAL,SYMPTOMS,fatigue,0,1,4,0
2022-06-23,1424,14095.0,CLINIC - FREESTANDING,MEDICAID,CONDITIONS,disease_x,0,80,12,2
2022-06-17,1290,254.0,CLINIC  - FEDERALLY QUALIFIED HEALTH CENTER (FQHC),MEDICARE,CONDITIONS,DISEASE_X,0,1,0,0
2022-06-08,1779,23636.0,EMERGENCY ROOM - HOSPITAL,COMMERCIAL,CONDITIONS,DISEASE_X,0,1,5,0
2022-07-11,2336,19610.0,OFFICE,COMMERCIAL,CONDITIONS,heart_disease,0,10,10,2
2022-06-30,338,0.0,URGENT CARE FACILITY,COMMERCIAL,SYMPTOMS,COUGH,0,1,1,1
2022-07-22,1446,18311.0,UNASSIGNED,MEDICARE,SYMPTOMS,MUSCLE_ACHE,0,24,48,0
2022-06-13,3768,0.0,TELEHEALTH PROVIDED IN PATIENT'S HOME,COMMERCIAL,CONDITIONS,disease_x,0,1,4,0
2022-06-25,312,0.0,INDEPENDENT LABORATORY,COMMERCIAL,CONDITIONS,DISEASE_X,0,6,1,0
2022-07-19,2474,503.0,CLINIC - FREESTANDING,MEDICAID,CONDITIONS,diabetes,0,78,18,0
2022-06-24,1947,9045.0,HOSPITAL - LABORATORY SERVICES PROVIDED TO NON-PATIENTS,COMMERCIAL,SYMPTOMS,FATIGUE,0,46,26,0
2022-06-18,1525,17015.0,URGENT CARE FACILITY,COMMERCIAL,CONDITIONS,DISEASE_X,0,9,0,0
2022-06-30,3808,16419.0,TELEHEALTH PROVIDED OTHER THAN IN PATIENT'S HOME,COMMERCIAL,CONDITIONS,disease_x,0,26,2,0
2022-06-27,960,12869.0,OFFICE,COMMERCIAL,CONDITIONS,DISEASE_X,0,7,13,0
2022-06-29,681,436.0,TELEHEALTH PROVIDED OTHER THAN IN PATIENT'S HOME,COMMERCIAL,CONDITIONS,disease_x,0,4,4,0
2022-06-25,1189,17154.0,HOSPITAL INPATIENT (INCLUDING MEDICARE PART A),COMMERCIAL,CONDITIONS,disease_x,0,7,1,0
2022-06-27,3450,20397.0,URGENT CARE FACILITY,COMMERCIAL,CONDITIONS,disease_x,0,19,15,1
2022-06-01,2780,18835.0,OFFICE,COMMERCIAL,CONDITIONS,disease_x,0,3,3,0
2022-06-17,454,0.0,OFFICE,COMMERCIAL,CONDITIONS,DISEASE_X,0,1,1,0
2022-06-10,2023,8243.0,EMERGENCY ROOM - HOSPITAL,COMMERCIAL,CONDITIONS,disease_x,0,38,20,0
2022-06-24,2626,18689.0,EMERGENCY ROOM - HOSPITAL,COMMERCIAL,CONDITIONS,disease_x,0,1,1,0
2022-06-20,3246,16900.0,TELEHEALTH PROVIDED OTHER THAN IN PATIENT'S HOME,COMMERCIAL,CONDITIONS,disease_x,0,8,12,0
2022-06-25,3019,17239.0,TELEHEALTH PROVIDED OTHER THAN IN PATIENT'S HOME,COMMERCIAL,CONDITIONS,DISEASE_X,0,7,41,0
2022-06-27,3588,3997.0,URGENT CARE FACILITY,COMMERCIAL,SYMPTOMS,cough,0,5,18,0
2022-06-16,2773,0.0,INDEPENDENT LABORATORY,MEDICARE,CONDITIONS,disease_x,0,9,3,0
2022-07-08,1966,16912.0,OFFICE,MEDICARE,CONDITIONS,disease_x,0,55,7,0
2022-06-30,633,15803.0,OFFICE,MEDICARE,CONDITIONS,DISEASE_X,0,2,3,0
2022-06-17,1983,0.0,INDEPENDENT LABORATORY,COMMERCIAL,CONDITIONS,disease_x,0,3,3,0
2022-06-05,820,932.0,TELEHEALTH PROVIDED OTHER THAN IN PATIENT'S HOME,COMMERCIAL,CONDITIONS,disease_x,0,5,1,0
2022-06-13,3151,3809.0,HOSPITAL OUTPATIENT,MEDICARE,CONDITIONS,disease_x,0,6,0,0
2022-07-14,3946,10633.0,HOSPITAL OUTPATIENT,MEDICARE,CONDITIONS,diabetes,0,55,0,23
2022-06-21,3109,11411.0,HOSPITAL OUTPATIENT,COMMERCIAL,CONDITIONS,DISEASE_X,0,70,18,20
2022-07-10,1840,0.0,UNASSIGNED,COMMERCIAL,CONDITIONS,DIABETES,0,39,5,19
2022-06-24,2176,18422.0,HOSPITAL OUTPATIENT,COMMERCIAL,SYMPTOMS,cough,0,11,18,0
2022-06-20,1367,15188.0,URGENT CARE FACILITY,COMMERCIAL,CONDITIONS,DISEASE_X,0,1,0,0
2022-06-17,1801,15507.0,URGENT CARE FACILITY,COMMERCIAL,CONDITIONS,disease_x,0,15,8,0
2022-06-21,3338,24319.0,OFFICE,COMMERCIAL,SYMPTOMS,acute_uri,0,6,3,40
2022-06-29,1625,1493.0,URGENT CARE FACILITY,COMMERCIAL,CONDITIONS,disease_x,0,1,4,0
2022-06-06,223,21006.0,OFFICE,MEDICARE,CONDITIONS,disease_x,0,3,2,0
2022-06-20,3693,21835.0,TELEHEALTH PROVIDED OTHER THAN IN PATIENT'S HOME,COMMERCIAL,SYMPTOMS,NAUSEA_AND_VOMITING,0,105,17,0
2022-06-29,3992,18586.0,EMERGENCY ROOM - HOSPITAL,COMMERCIAL,SYMPTOMS,HEADACHE,0,1,2,18
2022-06-16,3313,23203.0,OFFICE,COMMERCIAL,CONDITIONS,disease_x,0,26,5,0
2022-06-30,2808,11903.0,OFFICE,COMMERCIAL,CONDITIONS,immunocompromised,0,24,0,0
2022-06-24,2187,13615.0,OFFICE,COMMERCIAL,SYMPTOMS,COUGH,0,4,3,0
2022-07-06,2663,21014.0,HOSPITAL OUTPATIENT,MEDICARE,CONDITIONS,IMMUNOCOMPROMISED,0,115,30,17
2022-06-21,2549,0.0,INDEPENDENT LABORATORY,COMMERCIAL,CONDITIONS,hypertension,0,51,22,4
2022-06-19,2865,18289.0,EMERGENCY ROOM - HOSPITAL,COMMERCIAL,CONDITIONS,DISEASE_X,0,2,0,0
2022-06-08,3101,0.0,INDEPENDENT LABORATORY,MEDICARE,CONDITIONS,DISEASE_X,0,13,9,12
2022-07-13,3062,17512.0,UNASSIGNED,MEDICARE,CONDITIONS,immunocompromised,0,37,2,0
2022-06-19,3252,15815.0,OFFICE,COMMERCIAL,CONDITIONS,DISEASE_X,0,2,2,0
2022-06-24,796,9419.0,OFFICE,COMMERCIAL,CONDITIONS,disease_x,0,16,0,1
2022-06-01,433,10969.0,OFFICE,COMMERCIAL,SYMPTOMS,ACUTE_PHARYNGITIS,0,1,9,0
2022-06-17,783,5152.0,HOSPITAL OUTPATIENT,MEDICARE,SYMPTOMS,cough,0,16,33,0
2022-07-17,3898,0.0,UNASSIGNED,COMMERCIAL,CONDITIONS,diabetes,0,54,7,1
2022-06-13,1081,0.0,OFFICE,COMMERCIAL,SYMPTOMS,COUGH,0,1,3,0
2022-06-11,1820,7564.0,CLINIC - FREESTANDING,MEDICAID,CONDITIONS,disease_x,0,2,0,0
2022-06-17,3513,0.0,INDEPENDENT LABORATORY,COMMERCIAL,SYMPTOMS,cough,0,2,2,1
2022-06-11,49,16546.0,EMERGENCY ROOM - HOSPITAL,COMMERCIAL,SYMPTOMS,SORE_THROAT,0,2,2,0
2022-06-09,1537,1363.0,HOSPITAL OUTPATIENT,COMMERCIAL,CONDITIONS,DISEASE_X,0,6,0,0
2022-06-16,386,5608.0,ON CAMPUS-OUTPATIENT HOSPITAL,COMMERCIAL,CONDITIONS,DISEASE_X,0,7,8,0
2022-07-05,1839,14006.0,EMERGENCY ROOM - HOSPITAL,COMMERCIAL,SYMPTOMS,nausea_and_vomiting,0,9,4,0
2022-06-15,317,13618.0,HOSPITAL OUTPATIENT,COMMERCIAL,CONDITIONS,disease_x,0,1,0,0
2022-06-20,1957,17839.0,OFFICE,MEDICARE,CONDITIONS,heart_disease,0,35,14,4
2022-07-22,650,10918.0,OFFICE,COMMERCIAL,CONDITIONS,hypertension,0,32,5,0
2022-06-15,2484,0.0,INDEPENDENT LABORATORY,COMMERCIAL,CONDITIONS,disease_x,0,31,1,43
2022-06-10,3996,5933.0,HOSPITAL OUTPATIENT,MEDICARE,SYMPTOMS,fatigue,0,55,7,2
2022-06-25,3152,7319.0,URGENT CARE FACILITY,COMMERCIAL,CONDITIONS,disease_x,0,1,11,0
2022-06-27,663,16784.0,HOSPITAL OUTPATIENT,COMMERCIAL,CONDITIONS,disease_x,0,1,0,0
2022-06-01,1756,0.0,URGENT CARE FACILITY,COMMERCIAL,CONDITIONS,disease_x,0,6,10,0
2022-06-19,2107,19393.0,OFFICE,COMMERCIAL,CONDITIONS,disease_x,0,12,5,0
2022-07-08,3388,19074.0,OFFICE,COMMERCIAL,CONDITIONS,diabetes,0,34,7,8
2022-06-07,3139,11926.0,URGENT CARE FACILITY,COMMERCIAL,CONDITIONS,disease_x,0,58,8,1
2022-06-09,678,18805.0,OFFICE,COMMERCIAL,CONDITIONS,disease_x,0,11,22,0
2022-06-16,357,3522.0,URGENT CARE FACILITY,COMMERCIAL,SYMPTOMS,ACUTE_PHARYNGITIS,0,1,3,0
2022-07-13,458,21999.0,OFFICE,MEDICARE,SYMPTOMS,DIFFICULTY_BREATHING,0,8,3,8
2022-06-08,1899,12084.0,TELEHEALTH PROVIDED IN PATIENT'S HOME,COMMERCIAL,CONDITIONS,obesity,0,4,0,0
2022-06-16,1931,496.0,OFFICE,COMMERCIAL,SYMPTOMS,FEVER,0,1,6,0
2022-07-06,2257,14731.0,UNASSIGNED,COMMERCIAL,CONDITIONS,diabetes,0,14,0,0
2022-06-30,499,15907.0,OFFICE,COMMERCIAL,CONDITIONS,DISEASE_X,0,11,1,2
2022-06-30,2029,0.0,INDEPENDENT LABORATORY,COMMERCIAL,CONDITIONS,disease_x,0,31,25,2
2022-06-18,3102,5168.0,EMERGENCY ROOM - HOSPITAL,COMMERCIAL,SYMPTOMS,SORE_THROAT,0,9,9,0
2022-06-14,3230,23415.0,OFFICE,COMMERCIAL,SYMPTOMS,acute_pharyngitis,0,35,2,6
2022-07-18,1473,0.0,OFFICE,MEDICAID,SYMPTOMS,FATIGUE,0,3,2,0
2022-06-09,1922,10146.0,EMERGENCY ROOM - HOSPITAL,COMMERCIAL,CONDITIONS,disease_x,0,2,1,0
2022-06-04,3233,19696.0,EMERGENCY ROOM - HOSPITAL,COMMERCIAL,CONDITIONS,disease_x,0,2,2,0
2022-07-13,3556,5582.0,OFFICE,MEDICARE,CONDITIONS,hypertension,0,32,34,0
2022-07-01,324,20663.0,UNASSIGNED,MEDICARE,SYMPTOMS,MUSCLE_ACHE,0,7,3,0
2022-06-20,3769,0.0,URGENT CARE FACILITY,COMMERCIAL,CONDITIONS,DISEASE_X,0,18,43,0
2022-06-29,2676,11345.0,URGENT CARE FACILITY,COMMERCIAL,CONDITIONS,DISEASE_X,0,3,8,0
2022-06-28,739,23044.0,OFFICE,COMMERCIAL,SYMPTOMS,ACUTE_PHARYNGITIS,0,2,33,2
2022-06-03,3239,7181.0,RURAL HEALTH CLINIC,COMMERCIAL,SYMPTOMS,COUGH,0,3,7,0
2022-06-03,459,15220.0,OFFICE,COMMERCIAL,CONDITIONS,disease_x,0,7,2,0
2022-06-15,2589,18219.0,OFFICE,MEDICARE,CONDITIONS,disease_x,0,14,0,12
2022-06-06,133,0.0,INDEPENDENT LABORATORY,COMMERCIAL,SYMPTOMS,ACUTE_PHARYNGITIS,0,1,5,0
2022-06-20,3010,15822.0,OFFICE,COMMERCIAL,SYMPTOMS,HEADACHE,0,8,18,0
2022-06-22,1230,6298.0,URGENT CARE FACILITY,COMMERCIAL,CONDITIONS,disease_x,0,1,8,0
2022-06-07,3667,588.0,TELEHEALTH PROVIDED OTHER THAN IN PATIENT'S HOME,COMMERCIAL,CONDITIONS,disease_x,0,7,1,4
2022-06-06,3654,19950.0,TELEHEALTH PROVIDED OTHER THAN IN PATIENT'S HOME,COMMERCIAL,CONDITIONS,disease_x,0,37,18,0
2022-06-13,1553,0.0,INDEPENDENT LABORATORY,COMMERCIAL,CONDITIONS,disease_x,0,1,0,0
2022-06-26,15,6385.0,UNASSIGNED,MEDICARE,CONDITIONS,MENTAL_HEALTH_DISORDERS,0,2,0,0
2022-06-27,3984,10233.0,OFFICE,COMMERCIAL,CONDITIONS,diabetes,0,34,7,0
2022-06-08,1773,3744.0,URGENT CARE FACILITY,MEDICARE,CONDITIONS,DISEASE_X,0,30,6,0
2022-06-16,1544,11483.0,UNASSIGNED,MEDICARE,CONDITIONS,disease_x,0,5,0,5
2022-06-09,3737,9342.0,OFF CAMPUS-OUTPATIENT HOSPITAL,COMMERCIAL,SYMPTOMS,COUGH,0,2,3,23
2022-07-13,3853,20343.0,OFFICE,COMMERCIAL,CONDITIONS,obesity,0,15,1,0
2022-06-09,2403,750.0,OFFICE,COMMERCIAL,CONDITIONS,disease_x,0,1,13,0
2022-07-13,2739,8251.0,OFFICE,COMMERCIAL,CONDITIONS,hypertension,0,23,1,0
2022-06-22,1182,13145.0,OFFICE,COMMERCIAL,CONDITIONS,DISEASE_X,0,2,0,0
2022-06-26,2692,1154.0,URGENT CARE FACILITY,COMMERCIAL,SYMPTOMS,ACUTE_PHARYNGITIS,0,6,1,0
2022-06-25,2396,18028.0,URGENT CARE FACILITY,COMMERCIAL,CONDITIONS,disease_x,0,10,8,0
2022-06-21,716,13179.0,TELEHEALTH PROVIDED OTHER THAN IN PATIENT'S HOME,COMMERCIAL,CONDITIONS,disease_x,0,2,0,0
2022-06-30,2997,13347.0,OFFICE,COMMERCIAL,SYMPTOMS,SORE_THROAT,0,1,33,0
2022-06-27,244,0.0,INDEPENDENT LABORATORY,COMMERCIAL,SYMPTOMS,COUGH,0,1,5,0
2022-06-13,2869,16028.0,URGENT CARE FACILITY,COMMERCIAL,CONDITIONS,DISEASE_X,0,13,0,4
2022-06-01,1024,2910.0,URGENT CARE FACILITY,COMMERCIAL,SYMPTOMS,difficulty_breathing,0,5,7,0
2022-06-10,74,3976.0,HOSPITAL OUTPATIENT,COMMERCIAL,CONDITIONS,hypertension,0,4,0,0
2022-07-05,3396,18878.0,OFFICE,MEDICARE,SYMPTOMS,SORE_THROAT,0,25,18,0
2022-06-11,3951,20068.0,URGENT CARE FACILITY,MEDICARE,SYMPTOMS,COUGH,0,74,7,17
2022-06-29,651,15332.0,TELEHEALTH PROVIDED OTHER THAN IN PATIENT'S HOME,COMMERCIAL,SYMPTOMS,COUGH,0,4,8,0
2022-07-02,2996,24958.0,EMERGENCY ROOM - HOSPITAL,COMMERCIAL,SYMPTOMS,difficulty_breathing,0,58,15,0
2022-07-08,2274,20326.0,OFFICE,COMMERCIAL,SYMPTOMS,CONGESTION,0,5,16,0
2022-06-20,1299,13839.0,EMERGENCY ROOM - HOSPITAL,COMMERCIAL,CONDITIONS,hypertension,0,6,20,1
2022-06-07,268,7723.0,OFFICE,COMMERCIAL,CONDITIONS,disease_x,0,1,0,0
2022-06-07,1869,0.0,INDEPENDENT LABORATORY,COMMERCIAL,CONDITIONS,disease_x,0,1,0,0
2022-06-30,1251,805.0,EMERGENCY ROOM - HOSPITAL,MEDICAID,CONDITIONS,disease_x,0,2,7,0
2022-06-21,424,4134.0,TELEHEALTH PROVIDED OTHER THAN IN PATIENT'S HOME,COMMERCIAL,SYMPTOMS,NAUSEA_AND_VOMITING,0,12,2,0
2022-07-07,2758,18166.0,UNASSIGNED,MEDICARE,CONDITIONS,disease_x,0,82,2,21
2022-07-14,1141,1995.0,TELEHEALTH PROVIDED OTHER THAN IN PATIENT'S HOME,COMMERCIAL,CONDITIONS,MENTAL_HEALTH_DISORDERS,0,26,3,0
2022-06-27,3409,13763.0,TELEHEALTH PROVIDED OTHER THAN IN PATIENT'S HOME,COMMERCIAL,CONDITIONS,disease_x,0,8,3,4
2022-06-20,3306,10723.0,HOSPITAL OUTPATIENT,COMMERCIAL,CONDITIONS,disease_x,0,1,0,0
2022-06-26,407,4132.0,HOSPITAL OUTPATIENT,COMMERCIAL,SYMPTOMS,ACUTE_PHARYNGITIS,0,1,2,0
2022-06-21,164,5297.0,EMERGENCY ROOM - HOSPITAL,COMMERCIAL,CONDITIONS,disease_x,0,1,0,0
2022-06-21,2228,21549.0,EMERGENCY ROOM - HOSPITAL,COMMERCIAL,CONDITIONS,DISEASE_X,0,44,41,1
2022-06-10,855,2155.0,OFFICE,COMMERCIAL,CONDITIONS,disease_x,0,1,0,0
2022-06-15,740,10221.0,OFFICE,COMMERCIAL,SYMPTOMS,ACUTE_URI,0,1,9,0
2022-06-06,2064,16940.0,TELEHEALTH PROVIDED OTHER THAN IN PATIENT'S HOME,COMMERCIAL,CONDITIONS,disease_x,0,2,2,0
2022-06-04,1643,5515.0,EMERGENCY ROOM - HOSPITAL,COMMERCIAL,CONDITIONS,disease_x,0,20,5,0
2022-06-13,2343,16074.0,OFFICE,COMMERCIAL,CONDITIONS,disease_x,0,1,3,0
2022-07-05,2098,18690.0,OFFICE,COMMERCIAL,CONDITIONS,disease_x,0,29,25,7
2022-06-16,744,0.0,INDEPENDENT LABORATORY,COMMERCIAL,SYMPTOMS,cough,0,5,6,0
2022-06-06,2938,9517.0,OFFICE,MEDICARE,CONDITIONS,disease_x,0,31,1,0
2022-07-17,1860,12554.0,URGENT CARE FACILITY,COMMERCIAL,SYMPTOMS,ACUTE_PHARYNGITIS,0,7,4,0
2022-07-14,3937,402.0,OFFICE,COMMERCIAL,CONDITIONS,immunocompromised,0,59,3,0
2022-06-09,2125,10923.0,URGENT CARE FACILITY,COMMERCIAL,CONDITIONS,disease_x,0,7,48,2
2022-06-04,1494,10366.0,URGENT CARE FACILITY,COMMERCIAL,CONDITIONS,disease_x,0,21,2,0
2022-06-19,392,16121.0,HOSPITAL OUTPATIENT,COMMERCIAL,SYMPTOMS,headache,0,4,4,0
2022-06-09,3520,4319.0,HOSPITAL OUTPATIENT,COMMERCIAL,CONDITIONS,disease_x,0,1,3,19
2022-06-29,648,10404.0,TELEHEALTH PROVIDED OTHER THAN IN PATIENT'S HOME,COMMERCIAL,CONDITIONS,disease_x,0,3,6,0
2022-06-19,25,2909.0,EMERGENCY ROOM - HOSPITAL,MEDICARE,SYMPTOMS,acute_pharyngitis,0,1,2,0
2022-07-01,901,9331.0,ON CAMPUS-OUTPATIENT HOSPITAL,MEDICARE,CONDITIONS,disease_x,0,24,20,0
2022-07-18,2214,8142.0,CLINIC  - FEDERALLY QUALIFIED HEALTH CENTER (FQHC),COMMERCIAL,CONDITIONS,HYPERTENSION,0,71,4,21
2022-07-06,1775,0.0,OTHER PLACE OF SERVICE,MEDICARE,CONDITIONS,disease_x,0,4,2,0
2022-06-24,697,1743.0,URGENT CARE FACILITY,MEDICARE,CONDITIONS,disease_x,0,33,2,16
2022-06-11,400,24162.0,EMERGENCY ROOM - HOSPITAL,COMMERCIAL,SYMPTOMS,diarrhea,0,2,6,0
2022-06-25,3656,12540.0,OFFICE,COMMERCIAL,CONDITIONS,disease_x,0,3,0,0
2022-07-18,2286,15006.0,HOSPITAL OUTPATIENT,COMMERCIAL,SYMPTOMS,sore_throat,0,6,5,0
2022-06-29,3567,19872.0,OFFICE,MEDICARE,CONDITIONS,disease_x,0,39,4,0
2022-06-01,2184,7958.0,URGENT CARE FACILITY,COMMERCIAL,CONDITIONS,disease_x,0,1,0,0
2022-06-23,2180,0.0,INDEPENDENT LABORATORY,COMMERCIAL,CONDITIONS,disease_x,0,1,7,0
2022-07-22,452,14230.0,EMERGENCY ROOM - HOSPITAL,COMMERCIAL,CONDITIONS,immunocompromised,0,16,0,0
2022-06-12,1321,12614.0,HOSPITAL OUTPATIENT,COMMERCIAL,CONDITIONS,disease_x,0,4,0,0
2022-06-14,1543,3499.0,TELEHEALTH PROVIDED OTHER THAN IN PATIENT'S HOME,COMMERCIAL,SYMPTOMS,COUGH,0,12,3,0
2022-06-22,2340,6581.0,UNASSIGNED,COMMERCIAL,CONDITIONS,disease_x,0,98,26,2
2022-06-27,1143,17686.0,URGENT CARE FACILITY,COMMERCIAL,CONDITIONS,disease_x,0,2,2,0
2022-06-30,2390,22262.0,OFFICE,MEDICARE,CONDITIONS,disease_x,0,26,0,2
2022-06-24,2607,469.0,URGENT CARE FACILITY,COMMERCIAL,CONDITIONS,disease_x,0,1,2,0
2022-06-22,718,13554.0,OFFICE,COMMERCIAL,CONDITIONS,disease_x,0,1,0,0
2022-06-27,1834,15406.0,EMERGENCY ROOM - HOSPITAL,COMMERCIAL,CONDITIONS,hypertension,0,4,4,0
2022-06-30,1302,14539.0,TELEHEALTH PROVIDED OTHER THAN IN PATIENT'S HOME,COMMERCIAL,CONDITIONS,disease_x,0,1,0,0
2022-06-08,2870,0.0,INDEPENDENT LABORATORY,COMMERCIAL,SYMPTOMS,COUGH,0,48,14,0
2022-06-21,1517,0.0,URGENT CARE FACILITY,COMMERCIAL,CONDITIONS,disease_x,0,1,15,0
2022-07-05,3844,15559.0,OFF CAMPUS-OUTPATIENT HOSPITAL,MEDICARE,SYMPTOMS,DIFFICULTY_BREATHING,0,95,6,1
2022-06-03,2774,3283.0,CRITICAL ACCESS HOSPITAL,MEDICARE,SYMPTOMS,fever,0,8,4,0
2022-06-19,1213,10236.0,OFFICE,COMMERCIAL,CONDITIONS,disease_x,0,1,8,0
2022-06-28,754,14154.0,OFFICE,COMMERCIAL,CONDITIONS,disease_x,0,3,5,0
2022-06-11,2255,5564.0,URGENT CARE FACILITY,COMMERCIAL,CONDITIONS,DISEASE_X,0,1,0,0
2022-06-08,1095,10195.0,EMERGENCY ROOM - HOSPITAL,COMMERCIAL,CONDITIONS,disease_x,0,3,7,0
2022-06-01,376,16856.0,OFFICE,COMMERCIAL,CONDITIONS,disease_x,0,2,0,0
2022-07-14,2020,18417.0,OFFICE,MEDICARE,CONDITIONS,heart_disease,0,39,1,2
2022-06-17,2499,0.0,INDEPENDENT LABORATORY,COMMERCIAL,SYMPTOMS,COUGH,0,6,16,0
2022-06-25,1193,14599.0,URGENT CARE FACILITY,COMMERCIAL,SYMPTOMS,congestion,0,1,9,0
2022-06-09,3977,15000.0,URGENT CARE FACILITY,MEDICARE,CONDITIONS,disease_x,0,10,0,0
2022-06-04,3709,11215.0,EMERGENCY ROOM - HOSPITAL,COMMERCIAL,CONDITIONS,disease_x,0,39,12,0
2022-06-02,134,0.0,INDEPENDENT LABORATORY,COMMERCIAL,CONDITIONS,disease_x,0,2,1,0
2022-06-21,801,22772.0,URGENT CARE FACILITY,COMMERCIAL,CONDITIONS,hypertension,0,102,43,5
2022-06-29,427,0.0,URGENT CARE FACILITY,COMMERCIAL,CONDITIONS,disease_x,0,1,1,0
2022-06-24,2529,5896.0,URGENT CARE FACILITY,COMMERCIAL,SYMPTOMS,DIARRHEA,0,1,2,0
2022-07-08,3557,2848.0,OFFICE,COMMERCIAL,CONDITIONS,hypertension,0,79,3,0
2022-06-02,1515,20614.0,EMERGENCY ROOM - HOSPITAL,COMMERCIAL,CONDITIONS,DISEASE_X,0,8,0,2
2022-06-24,2234,1178.0,HOSPITAL OUTPATIENT,COMMERCIAL,SYMPTOMS,COUGH,0,4,6,0
2022-06-01,2218,0.0,URGENT CARE FACILITY,COMMERCIAL,CONDITIONS,disease_x,0,1,5,0
2022-07-06,3404,23990.0,OFFICE,COMMERCIAL,CONDITIONS,obesity,0,43,1,0
2022-06-01,977,3453.0,HOSPITAL OUTPATIENT,COMMERCIAL,CONDITIONS,disease_x,0,2,2,0
2022-06-03,1891,0.0,INDEPENDENT LABORATORY,MEDICARE,CONDITIONS,disease_x,0,116,36,0
2022-07-20,1729,12645.0,OFFICE,COMMERCIAL,CONDITIONS,hypertension,0,28,6,2
2022-07-22,1009,476.0,FEDERALLY QUALIFIED HEALTH CENTER,COMMERCIAL,CONDITIONS,obesity,0,12,0,0
2022-06-06,478,411.0,OFFICE,COMMERCIAL,SYMPTOMS,COUGH,0,1,5,0
2022-06-30,2445,13306.0,OFFICE,COMMERCIAL,CONDITIONS,DIABETES,0,32,7,0
2022-06-10,1944,10135.0,URGENT CARE FACILITY,COMMERCIAL,CONDITIONS,disease_x,0,1,7,0
2022-06-29,1203,5352.0,EMERGENCY ROOM - HOSPITAL,MEDICARE,CONDITIONS,heart_disease,0,2,1,0
2022-06-03,972,12436.0,HOSPITAL OUTPATIENT,COMMERCIAL,CONDITIONS,DISEASE_X,0,6,1,0
2022-06-05,3837,9236.0,EMERGENCY ROOM - HOSPITAL,COMMERCIAL,SYMPTOMS,NAUSEA_AND_VOMITING,0,1,3,0
2022-06-29,2147,6470.0,HOSPITAL OUTPATIENT,COMMERCIAL,CONDITIONS,disease_x,0,49,30,2
2022-06-25,1754,13030.0,URGENT CARE FACILITY,MEDICARE,CONDITIONS,disease_x,0,107,12,55
2022-06-30,363,7239.0,EMERGENCY ROOM - HOSPITAL,COMMERCIAL,SYMPTOMS,muscle_ache,0,3,4,0
2022-06-18,1888,312.0,URGENT CARE FACILITY,COMMERCIAL,CONDITIONS,hypertension,0,4,0,0
2022-07-22,3718,0.0,OTHER PLACE OF SERVICE,COMMERCIAL,CONDITIONS,disease_x,0,37,6,0
2022-06-26,2003,43.0,OFFICE,COMMERCIAL,CONDITIONS,IMMUNOCOMPROMISED,0,100,22,66
2022-07-18,2902,21586.0,HOSPITAL OUTPATIENT,MEDICARE,CONDITIONS,immunocompromised,0,89,26,1
2022-06-23,3550,22555.0,OFFICE,COMMERCIAL,SYMPTOMS,COUGH,0,18,8,1
2022-06-22,1614,1036.0,OFFICE,COMMERCIAL,SYMPTOMS,COUGH,0,13,1,8
2022-07-21,1229,0.0,OTHER PLACE OF SERVICE,COMMERCIAL,CONDITIONS,diabetes,0,165,5,0
2022-06-06,2242,18244.0,OFFICE,COMMERCIAL,CONDITIONS,disease_x,0,1,6,0
2022-06-07,3940,3275.0,OTHER PLACE OF SERVICE,MEDICARE,SYMPTOMS,FATIGUE,0,75,21,1
2022-06-21,1453,23749.0,EMERGENCY ROOM - HOSPITAL,COMMERCIAL,CONDITIONS,disease_x,0,1,0,0
2022-06-01,2625,15712.0,TELEHEALTH PROVIDED OTHER THAN IN PATIENT'S HOME,COMMERCIAL,CONDITIONS,disease_x,0,2,12,1
2022-07-22,85,16215.0,INPATIENT HOSPITAL,MEDICARE,CONDITIONS,immunocompromised,0,116,10,1
2022-06-07,309,2037.0,URGENT CARE FACILITY,COMMERCIAL,CONDITIONS,DISEASE_X,0,1,0,0
2022-06-15,3378,0.0,URGENT CARE FACILITY,COMMERCIAL,CONDITIONS,disease_x,0,1,4,0
2022-06-22,2424,13964.0,EMERGENCY ROOM - HOSPITAL,COMMERCIAL,SYMPTOMS,FEVER,0,1,3,0
2022-06-19,2443,8023.0,INPATIENT HOSPITAL,COMMERCIAL,CONDITIONS,IMMUNOCOMPROMISED,0,141,29,42
2022-07-01,1236,0.0,TELEHEALTH PROVIDED OTHER THAN IN PATIENT'S HOME,MEDICAID,CONDITIONS,IMMUNOCOMPROMISED,0,21,0,0
2022-06-14,33,7360.0,URGENT CARE FACILITY,COMMERCIAL,CONDITIONS,DISEASE_X,0,1,0,0
2022-06-30,1076,24671.0,OFFICE,COMMERCIAL,CONDITIONS,disease_x,0,92,15,0
2022-06-04,1972,22411.0,TELEHEALTH PROVIDED OTHER THAN IN PATIENT'S HOME,COMMERCIAL,CONDITIONS,disease_x,0,2,20,0
2022-06-15,3988,9066.0,TELEHEALTH PROVIDED OTHER THAN IN PATIENT'S HOME,COMMERCIAL,CONDITIONS,disease_x,0,12,0,0
2022-06-02,2236,1562.0,Unknown,COMMERCIAL,TREATMENTS,DRUG A,1,4,3,0
2022-06-27,2789,6629.0,Unknown,COMMERCIAL,TREATMENTS,DRUG A,1,8,1,0
2022-06-05,1183,15195.0,Unknown,COMMERCIAL,TREATMENTS,DRUG A,1,1,0,0
2022-06-25,883,8239.0,OFFICE,COMMERCIAL,SYMPTOMS,FEVER,0,8,18,0
2022-07-18,1313,12142.0,EMERGENCY ROOM - HOSPITAL,MEDICARE,SYMPTOMS,CONGESTION,0,35,9,0
2022-06-29,1605,17224.0,FEDERALLY QUALIFIED HEALTH CENTER,COMMERCIAL,CONDITIONS,disease_x,0,29,0,0
2022-07-08,28,13409.0,Unknown,COMMERCIAL,CONTRAINDICATIONS,low_contraindication,0,5,0,1
2022-06-14,3004,14439.0,Unknown,COMMERCIAL,TREATMENTS,DRUG A,1,34,3,0
2022-07-04,3763,19048.0,Unknown,COMMERCIAL,CONTRAINDICATIONS,Low_Contraindication,0,22,0,36
2022-07-17,1522,23296.0,Unknown,MEDICARE,CONTRAINDICATIONS,Low_Contraindication,0,40,10,13
2022-06-23,3755,14311.0,Unknown,MEDICARE,TREATMENTS,drug a,1,49,12,0
2022-07-12,990,23034.0,Unknown,COMMERCIAL,CONTRAINDICATIONS,Medium_Contraindication,0,7,5,4
2022-06-21,2324,0.0,INDEPENDENT LABORATORY,COMMERCIAL,CONDITIONS,disease_x,0,68,24,47
2022-06-03,354,18756.0,TELEHEALTH PROVIDED OTHER THAN IN PATIENT'S HOME,COMMERCIAL,SYMPTOMS,CONGESTION,0,8,3,0
2022-06-28,323,18460.0,URGENT CARE FACILITY,COMMERCIAL,CONDITIONS,DISEASE_X,0,1,4,0
2022-07-05,481,13530.0,FEDERALLY QUALIFIED HEALTH CENTER,COMMERCIAL,CONDITIONS,disease_x,0,2,2,0
2022-07-21,1755,91.0,OFFICE,COMMERCIAL,SYMPTOMS,MUSCLE_ACHE,0,4,37,0
2022-06-14,414,910.0,URGENT CARE FACILITY,COMMERCIAL,CONDITIONS,disease_x,0,1,0,0
2022-06-06,3850,7690.0,Unknown,COMMERCIAL,CONTRAINDICATIONS,high_contraindication,0,4,6,97
2022-06-22,3501,1639.0,Unknown,COMMERCIAL,TREATMENTS,drug a,1,6,0,0
2022-06-07,3877,1038.0,URGENT CARE FACILITY,COMMERCIAL,CONDITIONS,disease_x,0,4,1,0
2022-06-01,1102,498.0,URGENT CARE FACILITY,COMMERCIAL,CONDITIONS,disease_x,0,1,0,31
2022-06-27,2021,15705.0,TELEHEALTH PROVIDED OTHER THAN IN PATIENT'S HOME,COMMERCIAL,CONDITIONS,mental_health_disorders,0,8,9,0
2022-06-21,2713,0.0,Unknown,COMMERCIAL,TREATMENTS,DRUG A,1,18,2,0
2022-07-01,3526,952.0,Unknown,COMMERCIAL,TREATMENTS,drug a,1,1,0,1
2022-06-20,2684,6689.0,Unknown,COMMERCIAL,TREATMENTS,DRUG A,1,13,14,0
2022-06-17,3267,7459.0,HOSPITAL OUTPATIENT,MEDICARE,CONDITIONS,diabetes,0,53,4,0
2022-06-11,946,210.0,OFFICE,MEDICAID,SYMPTOMS,COUGH,0,1,2,0
2022-06-01,2693,22923.0,ON CAMPUS-OUTPATIENT HOSPITAL,COMMERCIAL,CONDITIONS,DISEASE_X,0,1,4,0
2022-06-13,495,475.0,URGENT CARE FACILITY,COMMERCIAL,CONDITIONS,disease_x,0,5,1,0
2022-06-06,2756,4253.0,OFFICE,COMMERCIAL,SYMPTOMS,COUGH,0,1,2,0
2022-06-09,2430,19849.0,OFFICE,COMMERCIAL,CONDITIONS,disease_x,0,59,24,0
2022-06-04,47,6951.0,EMERGENCY ROOM - HOSPITAL,COMMERCIAL,CONDITIONS,disease_x,0,2,2,0
2022-06-22,1027,22475.0,OFFICE,COMMERCIAL,CONDITIONS,disease_x,0,5,13,0
2022-06-27,3297,11511.0,URGENT CARE FACILITY,COMMERCIAL,CONDITIONS,disease_x,0,10,2,1
2022-06-04,3542,23105.0,URGENT CARE FACILITY,COMMERCIAL,CONDITIONS,DISEASE_X,0,5,0,0
2022-06-07,2842,17677.0,OFFICE,COMMERCIAL,SYMPTOMS,acute_pharyngitis,0,8,17,0
2022-06-15,745,15775.0,Unknown,COMMERCIAL,TREATMENTS,drug a,1,1,1,0
2022-06-07,518,9266.0,Unknown,COMMERCIAL,TREATMENTS,DRUG A,1,6,1,2
2022-06-20,2635,14568.0,Unknown,CASH,TREATMENTS,DRUG A,1,28,2,2
2022-06-27,3163,10256.0,Unknown,COMMERCIAL,TREATMENTS,drug a,1,1,4,0
2022-06-25,1821,5821.0,HOSPITAL OUTPATIENT,COMMERCIAL,CONDITIONS,DISEASE_X,0,64,24,8
2022-06-20,3663,0.0,INDEPENDENT LABORATORY,COMMERCIAL,CONDITIONS,disease_x,0,2,1,0
2022-06-20,3260,3721.0,OFFICE,COMMERCIAL,CONDITIONS,disease_x,0,1,1,0
2022-06-21,2051,13200.0,INPATIENT HOSPITAL,COMMERCIAL,CONDITIONS,disease_x,0,7,1,0
2022-06-23,3861,15417.0,HOSPITAL OUTPATIENT,MEDICARE,CONDITIONS,disease_x,0,22,2,7
2022-06-24,3624,2739.0,OFF CAMPUS-OUTPATIENT HOSPITAL,COMMERCIAL,CONDITIONS,immunocompromised,0,21,4,1
2022-06-22,2115,11278.0,EMERGENCY ROOM - HOSPITAL,COMMERCIAL,CONDITIONS,disease_x,0,1,3,0
2022-06-25,1272,16727.0,EMERGENCY ROOM - HOSPITAL,COMMERCIAL,SYMPTOMS,congestion,0,1,5,0
2022-06-30,417,23482.0,EMERGENCY ROOM - HOSPITAL,COMMERCIAL,CONDITIONS,DISEASE_X,0,2,1,0
2022-06-26,2718,3629.0,EMERGENCY ROOM - HOSPITAL,MEDICARE,CONDITIONS,disease_x,0,55,12,10
2022-07-01,2974,24986.0,INTERMEDIATE CARE - LEVEL I,COMMERCIAL,CONDITIONS,mental_health_disorders,0,54,2,0
2022-06-04,1032,13127.0,HOSPITAL OUTPATIENT,COMMERCIAL,SYMPTOMS,diarrhea,0,1,18,0
2022-07-13,570,1538.0,OFFICE,COMMERCIAL,CONDITIONS,DISEASE_X,0,33,26,4
2022-06-19,1149,2278.0,TELEHEALTH PROVIDED OTHER THAN IN PATIENT'S HOME,COMMERCIAL,CONDITIONS,disease_x,0,9,0,0
2022-06-22,2932,20800.0,EMERGENCY ROOM - HOSPITAL,MEDICAID,SYMPTOMS,DIFFICULTY_BREATHING,0,14,22,0
2022-06-03,675,1530.0,OFFICE,COMMERCIAL,SYMPTOMS,ACUTE_PHARYNGITIS,0,6,10,0
2022-06-13,2629,22407.0,OFFICE,COMMERCIAL,CONDITIONS,obesity,0,38,24,3
2022-06-02,3424,15285.0,TELEHEALTH PROVIDED IN PATIENT'S HOME,COMMERCIAL,SYMPTOMS,COUGH,0,5,1,0
2022-06-15,933,3449.0,URGENT CARE FACILITY,COMMERCIAL,SYMPTOMS,DIFFICULTY_BREATHING,0,3,15,1
2022-06-13,2385,0.0,INDEPENDENT LABORATORY,COMMERCIAL,SYMPTOMS,ACUTE_PHARYNGITIS,0,1,7,0
2022-06-20,3641,24727.0,URGENT CARE FACILITY,COMMERCIAL,CONDITIONS,disease_x,0,19,5,0
2022-07-22,1578,7829.0,INPATIENT HOSPITAL,COMMERCIAL,CONDITIONS,IMMUNOCOMPROMISED,0,161,31,0
2022-06-22,1905,7727.0,EMERGENCY ROOM - HOSPITAL,COMMERCIAL,SYMPTOMS,SORE_THROAT,0,1,10,0
2022-06-01,608,2815.0,Unknown,MEDICARE,TREATMENTS,DRUG A,1,1,0,0
2022-07-12,3714,15809.0,Unknown,COMMERCIAL,CONTRAINDICATIONS,LOW_CONTRAINDICATION,0,7,16,7
2022-06-27,3669,13580.0,Unknown,COMMERCIAL,TREATMENTS,DRUG A,1,8,0,0
2022-07-12,3771,24900.0,Unknown,MEDICARE,CONTRAINDICATIONS,LOW_CONTRAINDICATION,0,80,4,12
2022-07-14,3072,11884.0,Unknown,MEDICARE,CONTRAINDICATIONS,Low_Contraindication,0,89,24,13
2022-06-23,1335,5593.0,Unknown,MEDICARE,TREATMENTS,DRUG A,1,35,11,0
2022-06-06,3204,21427.0,EMERGENCY ROOM - HOSPITAL,COMMERCIAL,CONDITIONS,disease_x,0,2,1,0
2022-06-27,1886,15806.0,OFFICE,COMMERCIAL,CONDITIONS,disease_x,0,1,6,0
2022-06-18,329,10192.0,EMERGENCY ROOM - HOSPITAL,COMMERCIAL,SYMPTOMS,difficulty_breathing,0,1,1,0
2022-06-06,1483,11594.0,EMERGENCY ROOM - HOSPITAL,COMMERCIAL,CONDITIONS,disease_x,0,27,1,0
2022-06-02,2323,8116.0,HOSPITAL INPATIENT (INCLUDING MEDICARE PART A),MEDICAID,CONDITIONS,disease_x,0,1,0,0
2022-06-15,1788,11669.0,OFFICE,COMMERCIAL,CONDITIONS,disease_x,0,1,1,0
2022-06-02,1190,71.0,URGENT CARE FACILITY,COMMERCIAL,SYMPTOMS,CONGESTION,0,2,2,0
2022-06-08,3031,4348.0,TELEHEALTH PROVIDED OTHER THAN IN PATIENT'S HOME,COMMERCIAL,CONDITIONS,DISEASE_X,0,5,2,0
2022-07-07,3972,13770.0,OFFICE,MEDICARE,SYMPTOMS,DIFFICULTY_BREATHING,0,44,9,26
2022-06-11,1637,20059.0,OFFICE,COMMERCIAL,CONDITIONS,DISEASE_X,0,1,3,0
2022-06-06,368,637.0,OFFICE,COMMERCIAL,CONDITIONS,disease_x,0,1,2,0
2022-06-06,3405,17914.0,URGENT CARE FACILITY,COMMERCIAL,CONDITIONS,disease_x,0,7,2,0
2022-06-15,564,6414.0,EMERGENCY ROOM - HOSPITAL,COMMERCIAL,SYMPTOMS,ACUTE_URI,0,1,6,0
2022-06-30,2352,3768.0,Unknown,COMMERCIAL,TREATMENTS,DRUG A,1,1,3,0
2022-06-19,2431,5200.0,Unknown,COMMERCIAL,TREATMENTS,DRUG A,1,8,5,1
2022-07-21,1248,12498.0,Unknown,MEDICARE,CONTRAINDICATIONS,Medium_Contraindication,0,5,1,9
2022-06-05,3429,14838.0,Unknown,COMMERCIAL,TREATMENTS,DRUG A,1,3,6,0
2022-06-27,2109,17184.0,Unknown,COMMERCIAL,TREATMENTS,drug a,1,1,0,0
2022-06-29,1927,19448.0,Unknown,COMMERCIAL,TREATMENTS,DRUG A,1,1,1,0
2022-06-13,2568,954.0,Unknown,COMMERCIAL,TREATMENTS,DRUG A,1,12,2,0
2022-06-07,2605,240.0,Unknown,COMMERCIAL,TREATMENTS,drug a,1,14,29,14
2022-06-14,696,8173.0,OFFICE,COMMERCIAL,SYMPTOMS,ACUTE_URI,0,1,3,0
2022-06-28,2856,21728.0,Unknown,MEDICARE,CONTRAINDICATIONS,LOW_CONTRAINDICATION,0,87,78,50
2022-06-16,1258,16702.0,Unknown,COMMERCIAL,CONTRAINDICATIONS,low_contraindication,0,6,1,18
2022-07-21,3423,24002.0,Unknown,MEDICARE,CONTRAINDICATIONS,Low_Contraindication,0,8,3,81
2022-07-08,3437,14356.0,Unknown,COMMERCIAL,CONTRAINDICATIONS,Medium_Contraindication,0,4,10,29
2022-07-01,2518,11144.0,Unknown,COMMERCIAL,CONTRAINDICATIONS,LOW_CONTRAINDICATION,0,30,4,11
2022-07-11,2627,8238.0,TELEHEALTH PROVIDED OTHER THAN IN PATIENT'S HOME,MEDICARE,CONDITIONS,disease_x,0,8,7,0
2022-06-26,2016,10494.0,OFFICE,COMMERCIAL,CONDITIONS,DISEASE_X,0,2,8,0
2022-06-30,2200,1456.0,HOSPITAL OUTPATIENT,COMMERCIAL,CONDITIONS,hypertension,0,6,8,0
2022-06-29,227,0.0,EMERGENCY ROOM - HOSPITAL,COMMERCIAL,SYMPTOMS,cough,0,1,2,0
2022-06-15,156,15022.0,OFFICE,COMMERCIAL,SYMPTOMS,fatigue,0,1,2,0
2022-06-11,3118,18034.0,ON CAMPUS-OUTPATIENT HOSPITAL,COMMERCIAL,CONDITIONS,DISEASE_X,0,1,3,0
2022-06-13,2309,21146.0,EMERGENCY ROOM - HOSPITAL,COMMERCIAL,CONDITIONS,disease_x,0,3,3,0
2022-06-19,3084,9474.0,Unknown,COMMERCIAL,TREATMENTS,drug a,1,2,1,1
2022-07-14,3932,16749.0,Unknown,MEDICARE,CONTRAINDICATIONS,Medium_Contraindication,0,30,9,71
2022-07-05,1178,6324.0,Unknown,MEDICAID,CONTRAINDICATIONS,LOW_CONTRAINDICATION,0,1,1,8
2022-06-30,3299,87.0,TELEHEALTH PROVIDED OTHER THAN IN PATIENT'S HOME,COMMERCIAL,CONDITIONS,DISEASE_X,0,1,1,3
2022-06-24,3666,30.0,TELEHEALTH PROVIDED OTHER THAN IN PATIENT'S HOME,COMMERCIAL,SYMPTOMS,CONGESTION,0,9,6,0
2022-06-27,3283,6122.0,EMERGENCY ROOM - HOSPITAL,COMMERCIAL,CONDITIONS,DISEASE_X,0,4,2,0
2022-06-08,2498,23474.0,TELEHEALTH PROVIDED IN PATIENT'S HOME,COMMERCIAL,SYMPTOMS,COUGH,0,23,2,1
2022-07-16,21,0.0,AMBULANCE - LAND,COMMERCIAL,SYMPTOMS,MUSCLE_ACHE,0,3,2,0
2022-06-15,2711,24168.0,EMERGENCY ROOM - HOSPITAL,COMMERCIAL,CONDITIONS,disease_x,0,3,32,0
2022-06-21,988,8451.0,OFFICE,COMMERCIAL,CONDITIONS,disease_x,0,1,4,0
2022-06-09,3835,21954.0,INPATIENT HOSPITAL,MEDICARE,CONDITIONS,disease_x,0,59,14,0
2022-06-07,3561,24628.0,Unknown,COMMERCIAL,TREATMENTS,DRUG A,1,13,4,0
2022-07-16,3038,14942.0,Unknown,MEDICARE,CONTRAINDICATIONS,Low_Contraindication,0,143,16,27
2022-06-08,3020,21891.0,INPATIENT HOSPITAL,MEDICARE,CONDITIONS,heart_disease,0,9,3,21
2022-06-24,2670,16831.0,URGENT CARE FACILITY,MEDICARE,CONDITIONS,disease_x,0,26,14,0
2022-06-26,1127,1180.0,EMERGENCY ROOM - HOSPITAL,COMMERCIAL,SYMPTOMS,acute_pharyngitis,0,46,8,0
2022-06-28,1344,23338.0,ON CAMPUS-OUTPATIENT HOSPITAL,MEDICARE,SYMPTOMS,COUGH,0,36,11,0
2022-06-02,3428,18990.0,TELEHEALTH PROVIDED OTHER THAN IN PATIENT'S HOME,COMMERCIAL,SYMPTOMS,COUGH,0,4,3,0
2022-06-03,2191,3577.0,HOSPITAL - LABORATORY SERVICES PROVIDED TO NON-PATIENTS,COMMERCIAL,SYMPTOMS,SORE_THROAT,0,14,23,6
2022-07-08,1697,2424.0,CLINIC - RURAL HEALTH,COMMERCIAL,CONDITIONS,immunocompromised,0,28,6,4
2022-06-14,1741,13216.0,URGENT CARE FACILITY,COMMERCIAL,CONDITIONS,disease_x,0,3,1,0
2022-06-03,1328,23453.0,OFFICE,COMMERCIAL,CONDITIONS,disease_x,0,22,1,0
2022-06-29,447,921.0,OFFICE,COMMERCIAL,SYMPTOMS,COUGH,0,1,8,0
2022-06-17,1388,10843.0,OFFICE,MEDICARE,SYMPTOMS,FEVER,0,5,19,0
2022-06-15,3140,2438.0,UNASSIGNED,MEDICARE,CONDITIONS,disease_x,0,65,10,72
2022-06-09,251,0.0,TELEHEALTH PROVIDED IN PATIENT'S HOME,COMMERCIAL,CONDITIONS,disease_x,0,1,0,0
2022-07-10,2703,0.0,UNASSIGNED,COMMERCIAL,CONDITIONS,hypertension,0,126,5,3
2022-06-22,2927,0.0,INDEPENDENT LABORATORY,COMMERCIAL,CONDITIONS,DISEASE_X,0,6,1,0
2022-07-15,3878,9381.0,Unknown,COMMERCIAL,CONTRAINDICATIONS,low_contraindication,0,24,6,1
2022-07-18,3222,0.0,Unknown,MEDICAID,CONTRAINDICATIONS,low_contraindication,0,16,10,14
2022-06-24,2355,3929.0,Unknown,COMMERCIAL,TREATMENTS,DRUG A,1,10,1,0
2022-06-16,2313,5277.0,Unknown,COMMERCIAL,TREATMENTS,DRUG A,1,12,3,3
2022-06-14,2720,5885.0,Unknown,MEDICARE,TREATMENTS,DRUG A,1,44,6,2
2022-06-04,3094,18469.0,Unknown,COMMERCIAL,TREATMENTS,drug a,1,41,1,0
2022-07-19,1609,5591.0,Unknown,COMMERCIAL,CONTRAINDICATIONS,Low_Contraindication,0,155,0,33
2022-06-23,2371,16157.0,OFFICE,COMMERCIAL,CONDITIONS,disease_x,0,5,1,1
2022-07-07,1961,8225.0,HOSPITAL OUTPATIENT,COMMERCIAL,SYMPTOMS,difficulty_breathing,0,4,6,0
2022-06-30,2714,499.0,OFFICE,MEDICARE,CONDITIONS,DISEASE_X,0,36,2,2
2022-07-21,2539,23544.0,OFFICE,COMMERCIAL,SYMPTOMS,difficulty_breathing,0,147,15,11
2022-06-15,1678,17681.0,OFFICE,COMMERCIAL,SYMPTOMS,FATIGUE,0,1,1,0
2022-07-08,3092,18468.0,Unknown,COMMERCIAL,CONTRAINDICATIONS,low_contraindication,0,48,2,42
2022-07-22,2102,21833.0,Unknown,MEDICARE,CONTRAINDICATIONS,Medium_Contraindication,0,57,11,22
2022-06-02,3856,19508.0,Unknown,MEDICARE,TREATMENTS,DRUG A,1,6,17,0
2022-06-07,1693,4.0,Unknown,COMMERCIAL,TREATMENTS,DRUG A,1,7,11,0
2022-07-12,3994,20516.0,Unknown,MEDICARE,CONTRAINDICATIONS,low_contraindication,0,47,15,38
2022-07-01,3765,18972.0,Unknown,MEDICARE,CONTRAINDICATIONS,Low_Contraindication,0,20,3,56
2022-06-13,3386,11268.0,Unknown,COMMERCIAL,TREATMENTS,DRUG A,1,1,17,0
2022-06-14,2832,3193.0,Unknown,COMMERCIAL,TREATMENTS,DRUG A,1,3,1,20
2022-06-20,1455,22631.0,HOSPITAL INPATIENT (INCLUDING MEDICARE PART A),COMMERCIAL,CONDITIONS,heart_disease,0,3,1,0
2022-06-21,969,0.0,URGENT CARE FACILITY,COMMERCIAL,CONDITIONS,DISEASE_X,0,74,7,2
2022-06-29,3846,9380.0,TELEHEALTH PROVIDED OTHER THAN IN PATIENT'S HOME,MEDICARE,CONDITIONS,disease_x,0,4,0,0
2022-06-03,814,6277.0,URGENT CARE FACILITY,COMMERCIAL,CONDITIONS,disease_x,0,2,3,0
2022-07-01,108,0.0,OTHER PLACE OF SERVICE,COMMERCIAL,CONDITIONS,disease_x,0,4,1,0
2022-06-19,1668,2338.0,HOSPITAL OUTPATIENT,COMMERCIAL,CONDITIONS,DISEASE_X,0,2,0,0
2022-06-27,3684,0.0,URGENT CARE FACILITY,COMMERCIAL,CONDITIONS,disease_x,0,1,1,0
2022-06-14,591,7033.0,EMERGENCY ROOM - HOSPITAL,COMMERCIAL,SYMPTOMS,FEVER,0,1,2,0
2022-06-25,791,6952.0,Unknown,COMMERCIAL,CONTRAINDICATIONS,low_contraindication,0,5,1,79
2022-07-11,505,15963.0,Unknown,COMMERCIAL,CONTRAINDICATIONS,Medium_Contraindication,0,9,6,2
2022-07-10,2686,18301.0,Unknown,COMMERCIAL,CONTRAINDICATIONS,Medium_Contraindication,0,13,6,11
2022-06-02,3536,9558.0,Unknown,COMMERCIAL,TREATMENTS,drug a,1,3,4,0
2022-07-11,1029,22897.0,Unknown,MEDICAID,CONTRAINDICATIONS,Low_Contraindication,0,1,42,8
2022-07-21,362,9937.0,INPATIENT HOSPITAL,COMMERCIAL,CONDITIONS,disease_x,0,31,5,0
2022-06-13,1796,22582.0,INPATIENT HOSPITAL,COMMERCIAL,CONDITIONS,hypertension,0,118,0,0
2022-06-03,3320,8270.0,HOSPITAL OUTPATIENT,COMMERCIAL,CONDITIONS,disease_x,0,2,0,0
2022-06-06,2482,0.0,INDEPENDENT LABORATORY,COMMERCIAL,CONDITIONS,disease_x,0,1,0,0
2022-07-14,1469,11774.0,OFFICE,COMMERCIAL,CONDITIONS,hypertension,0,9,3,2
2022-06-21,1778,8861.0,OFFICE,COMMERCIAL,SYMPTOMS,MUSCLE_ACHE,0,3,13,0
2022-06-09,1797,4230.0,EMERGENCY ROOM - HOSPITAL,COMMERCIAL,SYMPTOMS,FEVER,0,8,4,0
2022-07-11,1495,3235.0,CLINIC - FREESTANDING,MEDICAID,CONDITIONS,disease_x,0,2,0,0
2022-07-07,1513,154.0,TELEHEALTH PROVIDED IN PATIENT'S HOME,COMMERCIAL,CONDITIONS,hypertension,0,23,0,1
2022-06-25,1585,8003.0,TELEHEALTH PROVIDED OTHER THAN IN PATIENT'S HOME,COMMERCIAL,CONDITIONS,disease_x,0,108,34,1
2022-06-13,1450,12211.0,URGENT CARE FACILITY,COMMERCIAL,CONDITIONS,disease_x,0,1,0,0
2022-06-10,145,0.0,INDEPENDENT LABORATORY,COMMERCIAL,CONDITIONS,disease_x,0,2,1,0
2022-06-06,3082,12170.0,TELEHEALTH PROVIDED OTHER THAN IN PATIENT'S HOME,COMMERCIAL,CONDITIONS,DISEASE_X,0,9,6,0
2022-06-03,979,13869.0,OFFICE,COMMERCIAL,SYMPTOMS,ACUTE_URI,0,5,7,0
2022-06-26,2685,15216.0,OFFICE,COMMERCIAL,CONDITIONS,disease_x,0,16,4,0
2022-06-21,677,12242.0,TELEHEALTH PROVIDED OTHER THAN IN PATIENT'S HOME,COMMERCIAL,CONDITIONS,disease_x,0,3,0,10
2022-06-27,2376,7999.0,URGENT CARE FACILITY,MEDICARE,CONDITIONS,disease_x,0,29,8,8
2022-06-23,1497,2307.0,HOSPITAL OUTPATIENT,COMMERCIAL,CONDITIONS,hypertension,0,45,6,0
2022-06-20,169,19081.0,OFFICE,COMMERCIAL,CONDITIONS,disease_x,0,1,1,0
2022-06-03,3034,23847.0,OFFICE,COMMERCIAL,SYMPTOMS,COUGH,0,4,7,0
2022-07-19,1039,18465.0,OFFICE,MEDICARE,SYMPTOMS,fatigue,0,34,3,0
2022-07-12,2032,14698.0,Unknown,MEDICAID,CONTRAINDICATIONS,MEDIUM_CONTRAINDICATION,0,35,6,53
2022-07-06,431,20243.0,Unknown,COMMERCIAL,CONTRAINDICATIONS,low_contraindication,0,7,3,2
2022-06-30,1570,18707.0,Unknown,MEDICARE,CONTRAINDICATIONS,LOW_CONTRAINDICATION,0,25,6,22
2022-06-07,1703,15092.0,Unknown,COMMERCIAL,TREATMENTS,drug a,1,14,12,0
2022-06-26,1408,12992.0,Unknown,COMMERCIAL,TREATMENTS,DRUG A,1,7,0,0
2022-07-08,3752,4711.0,Unknown,MEDICARE,CONTRAINDICATIONS,low_contraindication,0,31,8,27
2022-06-28,3781,9705.0,OFFICE,COMMERCIAL,CONDITIONS,diabetes,0,70,4,9
2022-06-29,2410,12455.0,URGENT CARE FACILITY,COMMERCIAL,CONDITIONS,DISEASE_X,0,1,2,0
2022-06-11,524,0.0,URGENT CARE FACILITY,COMMERCIAL,SYMPTOMS,COUGH,0,1,14,0
2022-06-09,3897,0.0,INDEPENDENT LABORATORY,COMMERCIAL,SYMPTOMS,acute_uri,0,1,2,0
2022-06-07,202,6149.0,EMERGENCY ROOM - HOSPITAL,COMMERCIAL,CONDITIONS,DISEASE_X,0,1,1,0
2022-06-23,590,0.0,INDEPENDENT LABORATORY,COMMERCIAL,SYMPTOMS,cough,0,2,1,0
2022-06-13,3595,11133.0,TELEHEALTH PROVIDED IN PATIENT'S HOME,MEDICARE,CONDITIONS,disease_x,0,36,6,32
2022-07-22,2669,17364.0,OFFICE,COMMERCIAL,CONDITIONS,obesity,0,5,5,0
2022-06-28,2750,2499.0,EMERGENCY ROOM - HOSPITAL,COMMERCIAL,CONDITIONS,disease_x,0,1,2,0
2022-06-29,1150,2495.0,EMERGENCY ROOM - HOSPITAL,COMMERCIAL,CONDITIONS,disease_x,0,6,14,0
2022-06-07,2637,1497.0,URGENT CARE FACILITY,COMMERCIAL,CONDITIONS,disease_x,0,1,0,0
2022-06-15,2505,1952.0,OFFICE,COMMERCIAL,SYMPTOMS,fatigue,0,4,6,0
2022-06-29,917,2214.0,OFFICE,COMMERCIAL,CONDITIONS,disease_x,0,1,20,0
2022-06-14,1045,8220.0,EMERGENCY ROOM - HOSPITAL,COMMERCIAL,CONDITIONS,disease_x,0,1,0,0
2022-07-07,2831,15810.0,Unknown,MEDICARE,CONTRAINDICATIONS,Medium_Contraindication,0,1,0,2
2022-06-16,3355,6154.0,Unknown,COMMERCIAL,TREATMENTS,DRUG A,1,3,7,0
2022-06-04,2103,887.0,EMERGENCY ROOM - HOSPITAL,MEDICARE,CONDITIONS,disease_x,0,3,2,0
2022-06-08,2192,925.0,URGENT CARE FACILITY,MEDICARE,SYMPTOMS,COUGH,0,4,2,0
2022-06-29,578,15131.0,OFFICE,COMMERCIAL,CONDITIONS,disease_x,0,5,3,15
2022-06-25,1805,0.0,OTHER PLACE OF SERVICE,MEDICARE,CONDITIONS,hypertension,0,5,1,23
2022-07-13,1717,10593.0,Unknown,COMMERCIAL,CONTRAINDICATIONS,MEDIUM_CONTRAINDICATION,0,3,2,24
2022-06-25,3958,24997.0,Unknown,COMMERCIAL,CONTRAINDICATIONS,Low_Contraindication,0,6,19,23
2022-06-28,3535,12046.0,Unknown,COMMERCIAL,CONTRAINDICATIONS,Low_Contraindication,0,2,0,2
2022-06-29,1610,12563.0,Unknown,MEDICARE,TREATMENTS,DRUG A,1,9,7,4
2022-06-24,3650,14827.0,Unknown,MEDICARE,CONTRAINDICATIONS,Low_Contraindication,0,15,4,40
2022-06-27,3973,3881.0,EMERGENCY ROOM - HOSPITAL,COMMERCIAL,CONDITIONS,disease_x,0,7,9,1
2022-07-12,2043,11251.0,OFFICE,COMMERCIAL,CONDITIONS,disease_x,0,26,3,0
2022-06-19,387,7534.0,ON CAMPUS-OUTPATIENT HOSPITAL,COMMERCIAL,CONDITIONS,DISEASE_X,0,2,0,0
2022-07-01,3184,19895.0,OFFICE,COMMERCIAL,CONDITIONS,hypertension,0,33,3,0
2022-07-20,3037,15988.0,UNASSIGNED,COMMERCIAL,CONDITIONS,mental_health_disorders,0,93,31,48
2022-06-09,3127,8971.0,OFFICE,COMMERCIAL,CONDITIONS,disease_x,0,30,9,0
2022-06-05,971,14159.0,EMERGENCY ROOM - HOSPITAL,COMMERCIAL,CONDITIONS,disease_x,0,3,3,0
2022-06-30,2610,18900.0,OFFICE,COMMERCIAL,SYMPTOMS,congestion,0,1,17,0
2022-06-27,620,3589.0,OFFICE,COMMERCIAL,CONDITIONS,DISEASE_X,0,2,0,0
2022-06-29,3254,141.0,OFFICE,MEDICARE,SYMPTOMS,fever,0,17,4,0
2022-06-22,662,7520.0,URGENT CARE FACILITY,COMMERCIAL,CONDITIONS,DISEASE_X,0,4,1,0
2022-06-08,1531,0.0,INDEPENDENT LABORATORY,COMMERCIAL,CONDITIONS,disease_x,0,4,1,0
2022-06-26,824,19102.0,Unknown,COMMERCIAL,TREATMENTS,DRUG A,1,4,2,0
2022-06-08,785,8071.0,Unknown,COMMERCIAL,CONTRAINDICATIONS,LOW_CONTRAINDICATION,0,3,1,3
2022-06-09,2840,16776.0,Unknown,COMMERCIAL,TREATMENTS,DRUG A,1,2,2,1
2022-06-30,2900,9174.0,Unknown,COMMERCIAL,TREATMENTS,DRUG A,1,8,52,0
2022-06-30,477,6465.0,URGENT CARE FACILITY,COMMERCIAL,CONDITIONS,DISEASE_X,0,1,1,0
2022-06-01,1920,13076.0,UNASSIGNED,MEDICARE,CONDITIONS,disease_x,0,12,12,0
2022-06-22,3569,566.0,EMERGENCY ROOM - HOSPITAL,COMMERCIAL,SYMPTOMS,FEVER,0,7,3,1
2022-07-01,2984,8683.0,INPATIENT HOSPITAL,COMMERCIAL,CONDITIONS,disease_x,0,110,9,14
2022-06-14,3175,17904.0,OFFICE,COMMERCIAL,CONDITIONS,disease_x,0,2,5,0
2022-06-14,1887,712.0,OFFICE,COMMERCIAL,CONDITIONS,disease_x,0,1,0,0
2022-06-13,2461,7860.0,URGENT CARE FACILITY,COMMERCIAL,SYMPTOMS,COUGH,0,4,77,0
2022-06-17,2131,7735.0,INPATIENT PSYCHIATRIC FACILITY,COMMERCIAL,CONDITIONS,mental_health_disorders,0,6,3,0
2022-06-30,3336,12543.0,OFFICE,MEDICARE,CONDITIONS,immunocompromised,0,63,8,0
2022-06-24,2457,16872.0,ON CAMPUS-OUTPATIENT HOSPITAL,COMMERCIAL,CONDITIONS,disease_x,0,9,2,1
2022-06-04,1109,18280.0,TELEHEALTH PROVIDED OTHER THAN IN PATIENT'S HOME,COMMERCIAL,CONDITIONS,obesity,0,6,0,0
2022-06-15,334,0.0,INDEPENDENT LABORATORY,COMMERCIAL,CONDITIONS,disease_x,0,3,1,0
2022-06-28,2256,6687.0,URGENT CARE FACILITY,COMMERCIAL,SYMPTOMS,FEVER,0,1,4,0
2022-06-02,1080,389.0,EMERGENCY ROOM - HOSPITAL,COMMERCIAL,CONDITIONS,DISEASE_X,0,18,3,0
2022-06-30,1604,3474.0,URGENT CARE FACILITY,COMMERCIAL,CONDITIONS,disease_x,0,45,14,0
2022-06-16,2818,0.0,URGENT CARE FACILITY,COMMERCIAL,CONDITIONS,disease_x,0,7,12,10
2022-07-07,2258,20731.0,OFFICE,COMMERCIAL,CONDITIONS,immunocompromised,0,48,5,3
2022-07-19,2178,15409.0,Unknown,MEDICARE,CONTRAINDICATIONS,LOW_CONTRAINDICATION,0,11,5,8
2022-07-18,3953,3514.0,Unknown,MEDICARE,CONTRAINDICATIONS,Low_Contraindication,0,105,19,53
2022-06-28,3206,0.0,Unknown,COMMERCIAL,TREATMENTS,DRUG A,1,13,4,15
2022-06-09,2316,0.0,INDEPENDENT LABORATORY,COMMERCIAL,CONDITIONS,DISEASE_X,0,3,5,30
2022-06-12,1692,17605.0,Unknown,COMMERCIAL,TREATMENTS,DRUG A,1,1,2,0
2022-07-08,2837,16987.0,Unknown,COMMERCIAL,CONTRAINDICATIONS,Low_Contraindication,0,39,32,59
2022-07-01,2743,22061.0,Unknown,COMMERCIAL,CONTRAINDICATIONS,Low_Contraindication,0,9,3,1
2022-06-10,3277,378.0,OFFICE,COMMERCIAL,CONDITIONS,disease_x,0,2,7,0
2022-07-15,3963,7100.0,OFFICE,COMMERCIAL,CONDITIONS,HYPERTENSION,0,8,8,0
2022-06-03,771,9717.0,URGENT CARE FACILITY,COMMERCIAL,CONDITIONS,DISEASE_X,0,1,2,1
2022-06-21,1093,14065.0,HOSPITAL OUTPATIENT,COMMERCIAL,CONDITIONS,disease_x,0,4,0,0
2022-06-28,3754,3678.0,TELEHEALTH PROVIDED OTHER THAN IN PATIENT'S HOME,COMMERCIAL,CONDITIONS,mental_health_disorders,0,10,8,0
2022-07-06,2717,12266.0,Unknown,MEDICARE,CONTRAINDICATIONS,low_contraindication,0,85,17,18
2022-06-29,3938,16065.0,Unknown,MEDICARE,TREATMENTS,drug a,1,2,0,0
2022-06-10,2820,917.0,Unknown,COMMERCIAL,TREATMENTS,DRUG A,1,9,2,0
2022-06-06,1757,17252.0,Unknown,COMMERCIAL,TREATMENTS,DRUG A,1,2,1,0
2022-06-15,862,10473.0,OFFICE,COMMERCIAL,CONDITIONS,DISEASE_X,0,1,0,0
2022-06-14,3798,6816.0,OFFICE,COMMERCIAL,CONDITIONS,disease_x,0,2,9,1
2022-06-13,471,14316.0,OFFICE,COMMERCIAL,CONDITIONS,disease_x,0,2,10,0
2022-06-16,2822,18952.0,EMERGENCY ROOM - HOSPITAL,MEDICARE,CONDITIONS,disease_x,0,103,16,1
2022-06-21,1171,0.0,INDEPENDENT LABORATORY,COMMERCIAL,CONDITIONS,disease_x,0,1,2,0
2022-06-09,2250,13626.0,CLINIC  - FEDERALLY QUALIFIED HEALTH CENTER (FQHC),COMMERCIAL,CONDITIONS,DISEASE_X,0,15,7,0
2022-06-01,1657,1201.0,URGENT CARE FACILITY,COMMERCIAL,CONDITIONS,disease_x,0,9,21,6
2022-06-13,2101,14531.0,OFFICE,COMMERCIAL,CONDITIONS,disease_x,0,8,15,0
2022-06-28,2611,18292.0,OFFICE,MEDICARE,CONDITIONS,DISEASE_X,0,98,9,41
2022-06-09,3901,19975.0,URGENT CARE FACILITY,COMMERCIAL,CONDITIONS,disease_x,0,6,16,1
2022-06-08,534,4383.0,URGENT CARE FACILITY,COMMERCIAL,CONDITIONS,disease_x,0,57,50,0
2022-07-14,2721,24347.0,Unknown,COMMERCIAL,CONTRAINDICATIONS,LOW_CONTRAINDICATION,0,36,4,22
2022-06-27,3911,68.0,Unknown,COMMERCIAL,TREATMENTS,DRUG A,1,14,0,0
2022-06-14,3107,491.0,Unknown,MEDICARE,TREATMENTS,DRUG A,1,10,3,2
2022-06-01,2699,14661.0,Unknown,COMMERCIAL,TREATMENTS,DRUG A,1,8,7,0
2022-07-13,1897,16269.0,TELEHEALTH PROVIDED OTHER THAN IN PATIENT'S HOME,COMMERCIAL,CONDITIONS,mental_health_disorders,0,8,0,0
2022-07-15,1204,23607.0,UNASSIGNED,COMMERCIAL,CONDITIONS,DIABETES,0,22,0,0
2022-06-04,604,0.0,URGENT CARE FACILITY,COMMERCIAL,CONDITIONS,DISEASE_X,0,1,0,0
2022-06-04,3419,22582.0,ON CAMPUS-OUTPATIENT HOSPITAL,COMMERCIAL,CONDITIONS,disease_x,0,7,7,49
2022-06-06,1281,12588.0,INPATIENT HOSPITAL,MEDICARE,CONDITIONS,disease_x,0,6,1,5
2022-06-23,1736,23269.0,OFFICE,COMMERCIAL,CONDITIONS,disease_x,0,5,6,0
2022-06-21,1064,10875.0,TELEHEALTH PROVIDED OTHER THAN IN PATIENT'S HOME,COMMERCIAL,CONDITIONS,obesity,0,7,2,0
2022-06-18,2819,492.0,OFFICE,MEDICAID,CONDITIONS,disease_x,0,4,2,0
2022-06-19,2112,2944.0,URGENT CARE FACILITY,COMMERCIAL,SYMPTOMS,HEADACHE,0,1,5,0
2022-06-19,3245,8623.0,HOSPITAL OUTPATIENT,MEDICARE,CONDITIONS,disease_x,0,6,0,14
2022-06-29,1518,800.0,CLINIC - FREESTANDING,MEDICAID,CONDITIONS,disease_x,0,25,10,0
2022-07-05,1383,22955.0,Unknown,MEDICARE,CONTRAINDICATIONS,Low_Contraindication,0,33,9,6
2022-06-19,2472,3216.0,Unknown,CASH,CONTRAINDICATIONS,Low_Contraindication,0,32,3,5
2022-07-12,2541,24440.0,Unknown,MEDICARE,CONTRAINDICATIONS,medium_contraindication,0,3,17,15
2022-06-19,3990,22921.0,Unknown,COMMERCIAL,TREATMENTS,DRUG A,1,10,4,1
2022-06-02,356,10512.0,URGENT CARE FACILITY,COMMERCIAL,CONDITIONS,disease_x,0,1,7,0
2022-06-29,707,2904.0,EMERGENCY ROOM - HOSPITAL,COMMERCIAL,CONDITIONS,disease_x,0,1,8,4
2022-06-15,1004,17561.0,URGENT CARE FACILITY,COMMERCIAL,CONDITIONS,DISEASE_X,0,24,38,6
2022-06-13,3506,24022.0,OFFICE,COMMERCIAL,CONDITIONS,DISEASE_X,0,4,4,0
2022-06-07,2963,0.0,AMBULANCE - LAND,COMMERCIAL,SYMPTOMS,fatigue,0,5,3,0
2022-06-07,667,24405.0,EMERGENCY ROOM - HOSPITAL,COMMERCIAL,CONDITIONS,disease_x,0,2,5,0
2022-06-24,2891,11793.0,URGENT CARE FACILITY,MEDICARE,CONDITIONS,DISEASE_X,0,82,8,34
2022-06-04,1263,2880.0,EMERGENCY ROOM - HOSPITAL,COMMERCIAL,CONDITIONS,DISEASE_X,0,2,0,0
2022-06-16,3947,19819.0,OFFICE,MEDICARE,CONDITIONS,hypertension,0,28,6,24
2022-06-24,3029,17786.0,OFFICE,COMMERCIAL,CONDITIONS,HYPERTENSION,0,14,0,20
2022-06-13,2801,13616.0,TELEHEALTH PROVIDED OTHER THAN IN PATIENT'S HOME,COMMERCIAL,CONDITIONS,disease_x,0,10,12,0
2022-06-28,1706,8883.0,EMERGENCY ROOM - HOSPITAL,COMMERCIAL,CONDITIONS,DISEASE_X,0,2,2,0
2022-06-01,4014,0.0,URGENT CARE FACILITY,COMMERCIAL,CONDITIONS,disease_x,0,26,1,0
2022-06-08,1730,9037.0,TELEHEALTH PROVIDED IN PATIENT'S HOME,COMMERCIAL,CONDITIONS,DISEASE_X,0,39,3,0
2022-06-13,2894,20846.0,OFFICE,COMMERCIAL,CONDITIONS,HYPERTENSION,0,38,15,15
2022-06-07,3608,4049.0,HOSPITAL OUTPATIENT,COMMERCIAL,CONDITIONS,disease_x,0,5,0,0
2022-06-06,2738,0.0,URGENT CARE FACILITY,COMMERCIAL,CONDITIONS,disease_x,0,1,0,0
2022-06-20,2777,5657.0,Unknown,MEDICARE,TREATMENTS,DRUG A,1,2,0,0
2022-06-02,1962,22574.0,Unknown,COMMERCIAL,TREATMENTS,DRUG A,1,1,2,5
2022-06-29,4012,3491.0,Unknown,MEDICARE,TREATMENTS,DRUG A,1,4,7,0
2022-07-13,1271,11979.0,OFFICE,COMMERCIAL,CONDITIONS,heart_disease,0,155,8,0
2022-07-09,2306,0.0,INDEPENDENT LABORATORY,COMMERCIAL,CONDITIONS,disease_x,0,3,2,0
2022-06-18,647,494.0,OFFICE,COMMERCIAL,CONDITIONS,DISEASE_X,0,2,0,0
2022-07-12,3916,12286.0,HOSPITAL OUTPATIENT,COMMERCIAL,CONDITIONS,IMMUNOCOMPROMISED,0,48,12,0
2022-07-18,1231,19364.0,OFFICE,COMMERCIAL,CONDITIONS,immunocompromised,0,5,3,0
2022-06-21,2053,4037.0,OFFICE,COMMERCIAL,CONDITIONS,disease_x,0,38,15,15
2022-06-16,1138,17925.0,Unknown,MEDICARE,TREATMENTS,DRUG A,1,5,2,5
2022-06-16,3269,7975.0,Unknown,COMMERCIAL,TREATMENTS,drug a,1,15,5,0
2022-07-12,2195,7349.0,Unknown,CASH,CONTRAINDICATIONS,Low_Contraindication,0,27,0,2
2022-06-27,3842,11201.0,Unknown,COMMERCIAL,CONTRAINDICATIONS,Low_Contraindication,0,23,10,21
2022-07-01,1363,15337.0,Unknown,COMMERCIAL,CONTRAINDICATIONS,LOW_CONTRAINDICATION,0,17,13,28
2022-06-27,2379,19942.0,OFFICE,COMMERCIAL,CONDITIONS,DISEASE_X,0,2,3,0
2022-06-27,1050,2647.0,OFFICE,COMMERCIAL,SYMPTOMS,acute_uri,0,23,6,0
2022-06-28,282,0.0,OTHER PLACE OF SERVICE,COMMERCIAL,CONDITIONS,HYPERTENSION,0,2,6,0
2022-07-19,929,16183.0,TELEHEALTH PROVIDED OTHER THAN IN PATIENT'S HOME,COMMERCIAL,CONDITIONS,immunocompromised,0,49,1,0
2022-06-14,1265,1677.0,HOSPITAL OUTPATIENT,MEDICARE,SYMPTOMS,COUGH,0,69,10,13
2022-06-16,2235,17689.0,TELEHEALTH PROVIDED OTHER THAN IN PATIENT'S HOME,COMMERCIAL,CONDITIONS,disease_x,0,5,7,0
2022-07-07,3221,4330.0,EMERGENCY ROOM - HOSPITAL,COMMERCIAL,CONDITIONS,disease_x,0,14,10,0
2022-07-19,1984,4376.0,ON CAMPUS-OUTPATIENT HOSPITAL,COMMERCIAL,SYMPTOMS,SORE_THROAT,0,87,15,0
2022-07-15,3035,14320.0,OFFICE,COMMERCIAL,CONDITIONS,IMMUNOCOMPROMISED,0,49,1,11
2022-06-21,2571,23173.0,OFFICE,MEDICARE,CONDITIONS,disease_x,0,9,2,2
2022-06-16,1235,8252.0,TELEHEALTH PROVIDED OTHER THAN IN PATIENT'S HOME,COMMERCIAL,CONDITIONS,mental_health_disorders,0,23,9,0
2022-06-27,1461,14070.0,OFFICE,MEDICARE,CONDITIONS,immunocompromised,0,10,2,27
2022-06-07,375,0.0,URGENT CARE FACILITY,COMMERCIAL,CONDITIONS,DISEASE_X,0,2,5,0
2022-06-24,2990,12127.0,URGENT CARE FACILITY,COMMERCIAL,CONDITIONS,disease_x,0,3,2,0
2022-07-07,3066,9274.0,Unknown,COMMERCIAL,CONTRAINDICATIONS,High_Contraindication,0,1,1,31
2022-06-19,780,2061.0,Unknown,COMMERCIAL,TREATMENTS,DRUG A,1,2,1,2
2022-06-06,285,11429.0,HOSPITAL OUTPATIENT,MEDICARE,CONDITIONS,hypertension,0,3,1,0
2022-06-09,2342,7605.0,EMERGENCY ROOM - HOSPITAL,COMMERCIAL,SYMPTOMS,FATIGUE,0,1,5,0
2022-06-29,3847,19998.0,HOSPITAL INPATIENT (INCLUDING MEDICARE PART A),MEDICARE,CONDITIONS,immunocompromised,0,137,7,99
2022-06-24,3721,2829.0,Unknown,COMMERCIAL,TREATMENTS,drug a,1,14,5,0
2022-06-22,1894,2858.0,Unknown,COMMERCIAL,TREATMENTS,DRUG A,1,2,2,3
2022-06-23,3923,7275.0,Unknown,MEDICARE,TREATMENTS,DRUG A,1,67,3,0
2022-06-27,1681,14084.0,Unknown,COMMERCIAL,TREATMENTS,DRUG A,1,5,5,0
2022-06-30,3697,192.0,Unknown,COMMERCIAL,CONTRAINDICATIONS,Medium_Contraindication,0,1,2,2
2022-06-30,2341,5629.0,Unknown,COMMERCIAL,TREATMENTS,DRUG A,1,32,15,0
2022-06-08,1892,2694.0,Unknown,COMMERCIAL,TREATMENTS,DRUG A,1,72,10,23
2022-06-17,1382,12310.0,Unknown,COMMERCIAL,TREATMENTS,DRUG A,1,28,1,0
2022-06-29,3732,1659.0,URGENT CARE FACILITY,COMMERCIAL,CONDITIONS,disease_x,0,1,1,0
2022-06-23,3292,0.0,INDEPENDENT LABORATORY,COMMERCIAL,CONDITIONS,mental_health_disorders,0,7,0,6
2022-06-23,1863,3825.0,OFFICE,COMMERCIAL,CONDITIONS,DISEASE_X,0,6,2,0
2022-06-16,3809,1219.0,EMERGENCY ROOM - HOSPITAL,MEDICARE,CONDITIONS,disease_x,0,41,16,3
2022-06-13,2908,12307.0,OFFICE,MEDICARE,CONDITIONS,hypertension,0,38,11,0
2022-06-20,316,10907.0,OFFICE,COMMERCIAL,CONDITIONS,DISEASE_X,0,1,1,0
2022-06-23,3638,0.0,URGENT CARE FACILITY,COMMERCIAL,SYMPTOMS,acute_uri,0,3,13,0
2022-07-20,2949,6957.0,OFFICE,MEDICARE,CONDITIONS,IMMUNOCOMPROMISED,0,35,1,62
2022-06-28,359,3291.0,RURAL HEALTH CLINIC,COMMERCIAL,CONDITIONS,disease_x,0,1,5,0
2022-06-05,2907,18495.0,EMERGENCY ROOM - HOSPITAL,MEDICARE,SYMPTOMS,difficulty_breathing,0,2,2,0
2022-06-13,3538,17917.0,TELEHEALTH PROVIDED OTHER THAN IN PATIENT'S HOME,COMMERCIAL,CONDITIONS,disease_x,0,7,4,2
2022-06-06,255,16510.0,FEDERALLY QUALIFIED HEALTH CENTER,COMMERCIAL,CONDITIONS,DISEASE_X,0,2,1,0
2022-06-30,595,23279.0,Unknown,COMMERCIAL,CONTRAINDICATIONS,Low_Contraindication,0,8,1,63
2022-07-22,881,18354.0,Unknown,COMMERCIAL,CONTRAINDICATIONS,Low_Contraindication,0,1,1,7
2022-06-11,1698,7374.0,INPATIENT HOSPITAL,COMMERCIAL,SYMPTOMS,cough,0,5,1,10
2022-07-11,3057,18371.0,OFFICE,COMMERCIAL,CONDITIONS,OBESITY,0,72,7,0
2022-06-06,2201,14016.0,CLINIC  - FEDERALLY QUALIFIED HEALTH CENTER (FQHC),MEDICARE,CONDITIONS,IMMUNOCOMPROMISED,0,30,1,14
2022-06-10,777,876.0,OFFICE,COMMERCIAL,CONDITIONS,disease_x,0,2,4,0
2022-06-30,2942,22669.0,Unknown,COMMERCIAL,TREATMENTS,DRUG A,1,11,5,0
2022-07-11,3905,16370.0,Unknown,COMMERCIAL,CONTRAINDICATIONS,Low_Contraindication,0,1,0,14
2022-06-03,446,9082.0,Unknown,MEDICAID,TREATMENTS,drug a,1,3,7,0
2022-06-09,2378,8006.0,Unknown,MEDICARE,TREATMENTS,DRUG A,1,76,0,0
2022-06-19,937,21357.0,URGENT CARE FACILITY,COMMERCIAL,CONDITIONS,DISEASE_X,0,3,63,0
2022-06-12,734,0.0,URGENT CARE FACILITY,COMMERCIAL,CONDITIONS,disease_x,0,1,4,0
2022-06-28,211,13412.0,HOSPITAL OUTPATIENT,COMMERCIAL,CONDITIONS,DISEASE_X,0,1,1,0
2022-06-17,601,4293.0,OFFICE,COMMERCIAL,CONDITIONS,DISEASE_X,0,2,7,0
2022-06-16,1245,18286.0,TELEHEALTH PROVIDED OTHER THAN IN PATIENT'S HOME,COMMERCIAL,SYMPTOMS,ACUTE_PHARYNGITIS,0,10,2,0
2022-06-14,924,15062.0,HOSPITAL OUTPATIENT,COMMERCIAL,CONDITIONS,disease_x,0,34,7,1
2022-06-14,2651,653.0,URGENT CARE FACILITY,COMMERCIAL,CONDITIONS,heart_disease,0,38,22,2
2022-06-14,1921,0.0,INDEPENDENT LABORATORY,COMMERCIAL,SYMPTOMS,NAUSEA_AND_VOMITING,0,2,6,0
2022-06-27,887,11605.0,TELEHEALTH PROVIDED OTHER THAN IN PATIENT'S HOME,COMMERCIAL,CONDITIONS,disease_x,0,2,4,0
2022-06-02,388,3030.0,OFFICE,COMMERCIAL,CONDITIONS,disease_x,0,2,10,0
2022-07-01,1428,23536.0,OFFICE,COMMERCIAL,CONDITIONS,disease_x,0,28,4,0
2022-06-13,84,13697.0,CLINIC - RURAL HEALTH,COMMERCIAL,CONDITIONS,disease_x,0,2,0,0
2022-06-29,296,1486.0,URGENT CARE FACILITY,COMMERCIAL,SYMPTOMS,acute_uri,0,1,2,0
2022-06-03,1267,9696.0,TELEHEALTH PROVIDED OTHER THAN IN PATIENT'S HOME,COMMERCIAL,CONDITIONS,disease_x,0,16,1,0
2022-06-21,1480,18221.0,OFFICE,COMMERCIAL,SYMPTOMS,COUGH,0,4,11,0
2022-07-18,1998,18590.0,Unknown,COMMERCIAL,CONTRAINDICATIONS,High_Contraindication,0,117,1,18
2022-06-21,3002,18752.0,Unknown,COMMERCIAL,TREATMENTS,DRUG A,1,14,2,0
2022-06-15,1117,5755.0,Unknown,COMMERCIAL,TREATMENTS,drug a,1,12,3,0
2022-07-12,4010,20038.0,Unknown,MEDICARE,CONTRAINDICATIONS,LOW_CONTRAINDICATION,0,9,1,61
2022-07-03,695,9759.0,Unknown,COMMERCIAL,CONTRAINDICATIONS,low_contraindication,0,6,2,21
2022-06-27,228,1279.0,Unknown,MEDICAID,TREATMENTS,drug a,1,1,1,0
2022-06-27,2302,1803.0,Unknown,MEDICARE,CONTRAINDICATIONS,Medium_Contraindication,0,5,8,22
2022-07-01,3819,23061.0,Unknown,MEDICARE,CONTRAINDICATIONS,Low_Contraindication,0,7,2,34
2022-06-24,980,1526.0,OFFICE,COMMERCIAL,CONDITIONS,disease_x,0,2,1,0
2022-06-20,987,22.0,URGENT CARE FACILITY,COMMERCIAL,SYMPTOMS,cough,0,1,3,0
2022-06-22,3831,14124.0,OTHER PLACE OF SERVICE,COMMERCIAL,CONDITIONS,disease_x,0,36,7,22
2022-06-08,2194,7300.0,OFFICE,MEDICARE,CONDITIONS,disease_x,0,6,4,1
2022-06-12,3731,0.0,URGENT CARE FACILITY,COMMERCIAL,CONDITIONS,disease_x,0,1,0,0
2022-06-15,378,19446.0,Unknown,COMMERCIAL,TREATMENTS,DRUG A,1,1,0,0
2022-06-20,2119,17778.0,Unknown,COMMERCIAL,TREATMENTS,DRUG A,1,3,0,1
2022-06-06,2381,4774.0,Unknown,MEDICAID,TREATMENTS,DRUG A,1,29,18,0
2022-07-19,3969,12519.0,Unknown,MEDICARE,CONTRAINDICATIONS,Medium_Contraindication,0,72,9,35
2022-06-24,3498,7335.0,Unknown,COMMERCIAL,TREATMENTS,drug a,1,1,1,0
2022-06-10,423,22764.0,OFFICE,COMMERCIAL,CONDITIONS,disease_x,0,1,2,0
2022-06-10,1239,6110.0,AMBULATORY SURGERY CENTER,COMMERCIAL,CONDITIONS,hypertension,0,10,1,4
2022-06-10,1121,3432.0,OFFICE,COMMERCIAL,CONDITIONS,disease_x,0,1,2,0
2022-06-27,1901,24017.0,OFFICE,COMMERCIAL,CONDITIONS,disease_x,0,15,1,0
2022-06-27,1180,24428.0,OFFICE,MEDICARE,CONDITIONS,hypertension,0,28,4,0
2022-06-13,758,23905.0,EMERGENCY ROOM - HOSPITAL,MEDICAID,CONDITIONS,DISEASE_X,0,2,5,0
2022-06-15,1774,9957.0,EMERGENCY ROOM - HOSPITAL,MEDICARE,CONDITIONS,DISEASE_X,0,16,2,2
2022-06-14,3723,0.0,URGENT CARE FACILITY,COMMERCIAL,CONDITIONS,DISEASE_X,0,1,0,0
2022-06-16,3657,8302.0,EMERGENCY ROOM - HOSPITAL,COMMERCIAL,CONDITIONS,disease_x,0,2,2,0
2022-07-13,1673,16342.0,Unknown,MEDICARE,CONTRAINDICATIONS,Low_Contraindication,0,11,1,3
2022-07-07,3749,84.0,Unknown,COMMERCIAL,CONTRAINDICATIONS,Low_Contraindication,0,11,8,70
2022-06-24,170,7121.0,Unknown,COMMERCIAL,TREATMENTS,drug a,1,1,1,0
2022-06-10,3740,19425.0,Unknown,MEDICARE,TREATMENTS,drug a,1,26,4,1
2022-07-13,1006,2256.0,Unknown,COMMERCIAL,CONTRAINDICATIONS,Low_Contraindication,0,16,4,2
2022-06-10,3829,9273.0,Unknown,COMMERCIAL,TREATMENTS,DRUG A,1,5,3,0
2022-06-12,2141,14655.0,Unknown,COMMERCIAL,TREATMENTS,DRUG A,1,4,0,0
2022-06-28,1016,0.0,URGENT CARE FACILITY,COMMERCIAL,SYMPTOMS,ACUTE_URI,0,2,9,0
2022-06-13,3613,19248.0,TELEHEALTH PROVIDED OTHER THAN IN PATIENT'S HOME,COMMERCIAL,CONDITIONS,DISEASE_X,0,30,2,0
2022-07-19,159,5431.0,OFFICE,COMMERCIAL,SYMPTOMS,FEVER,0,1,3,0
2022-06-02,2460,2046.0,URGENT CARE FACILITY,COMMERCIAL,CONDITIONS,disease_x,0,1,1,0
2022-06-30,3382,8147.0,OFFICE,COMMERCIAL,SYMPTOMS,COUGH,0,3,4,0
2022-06-29,2638,6864.0,OFFICE,COMMERCIAL,SYMPTOMS,ACUTE_PHARYNGITIS,0,1,8,0
2022-06-09,3692,0.0,INDEPENDENT LABORATORY,COMMERCIAL,CONDITIONS,disease_x,0,11,3,0
2022-06-15,1838,10487.0,HOSPITAL OUTPATIENT,COMMERCIAL,CONDITIONS,disease_x,0,4,17,0
2022-07-13,445,22264.0,OFFICE,MEDICARE,CONDITIONS,HEART_DISEASE,0,12,1,0
2022-06-10,1785,20102.0,OFFICE,COMMERCIAL,CONDITIONS,disease_x,0,10,2,0
2022-06-08,555,0.0,INDEPENDENT LABORATORY,COMMERCIAL,SYMPTOMS,headache,0,1,7,0
2022-06-30,1293,10299.0,URGENT CARE FACILITY,COMMERCIAL,SYMPTOMS,ACUTE_PHARYNGITIS,0,4,2,10
2022-07-02,2934,18475.0,Unknown,COMMERCIAL,CONTRAINDICATIONS,Low_Contraindication,0,49,4,70
2022-07-20,3804,24653.0,Unknown,COMMERCIAL,CONTRAINDICATIONS,low_contraindication,0,4,4,59
2022-06-08,1794,14247.0,Unknown,COMMERCIAL,TREATMENTS,DRUG A,1,1,2,0
2022-06-09,420,8245.0,URGENT CARE FACILITY,COMMERCIAL,CONDITIONS,disease_x,0,1,1,0
2022-06-09,1437,16391.0,INPATIENT HOSPITAL,MEDICARE,CONDITIONS,heart_disease,0,109,0,0
2022-06-21,1353,9803.0,ON CAMPUS-OUTPATIENT HOSPITAL,COMMERCIAL,SYMPTOMS,NAUSEA_AND_VOMITING,0,15,4,0
2022-06-27,204,10249.0,OFFICE,COMMERCIAL,CONDITIONS,hypertension,0,10,0,0
2022-07-14,818,16112.0,Unknown,COMMERCIAL,CONTRAINDICATIONS,Low_Contraindication,0,3,2,67
2022-06-29,1648,18822.0,Unknown,MEDICARE,TREATMENTS,DRUG A,1,36,5,10
2022-07-20,2724,9783.0,Unknown,MEDICARE,CONTRAINDICATIONS,Low_Contraindication,0,118,24,30
2022-06-02,1269,1411.0,Unknown,COMMERCIAL,TREATMENTS,DRUG A,1,9,5,0
2022-06-24,2890,8198.0,Unknown,MEDICARE,TREATMENTS,DRUG A,1,45,1,3
2022-06-30,3169,14431.0,OFFICE,MEDICARE,CONDITIONS,HYPERTENSION,0,30,19,4
2022-06-29,313,18632.0,RURAL HEALTH CLINIC,COMMERCIAL,SYMPTOMS,COUGH,0,2,6,0
2022-06-12,130,5641.0,HOSPITAL OUTPATIENT,COMMERCIAL,CONDITIONS,disease_x,0,1,0,0
2022-07-07,3975,17500.0,OFFICE,COMMERCIAL,CONDITIONS,immunocompromised,0,74,5,1
2022-06-14,1929,9535.0,EMERGENCY ROOM - HOSPITAL,COMMERCIAL,CONDITIONS,DISEASE_X,0,1,8,0
2022-07-05,3998,12643.0,UNASSIGNED,COMMERCIAL,CONDITIONS,HYPERTENSION,0,15,6,1
2022-06-16,469,13455.0,OFFICE,COMMERCIAL,CONDITIONS,disease_x,0,43,0,1
2022-07-02,98,24967.0,OFFICE,COMMERCIAL,CONDITIONS,disease_x,0,2,3,0
2022-06-13,201,16024.0,TELEHEALTH PROVIDED OTHER THAN IN PATIENT'S HOME,COMMERCIAL,CONDITIONS,disease_x,0,2,1,0
2022-06-27,1156,4935.0,OFFICE,COMMERCIAL,CONDITIONS,disease_x,0,7,16,0
2022-07-15,3443,18715.0,OFFICE,MEDICARE,CONDITIONS,hypertension,0,37,8,25
2022-06-03,3976,15552.0,ON CAMPUS-OUTPATIENT HOSPITAL,COMMERCIAL,SYMPTOMS,DIFFICULTY_BREATHING,0,3,3,0
2022-07-02,3364,16368.0,Unknown,COMMERCIAL,CONTRAINDICATIONS,low_contraindication,0,1,2,18
2022-06-15,3862,21295.0,Unknown,COMMERCIAL,TREATMENTS,DRUG A,1,70,4,0
2022-06-18,3220,20226.0,Unknown,MEDICARE,TREATMENTS,DRUG A,1,33,0,0
2022-07-12,525,17742.0,Unknown,COMMERCIAL,CONTRAINDICATIONS,low_contraindication,0,26,6,28
2022-07-03,3225,24452.0,Unknown,COMMERCIAL,CONTRAINDICATIONS,low_contraindication,0,37,7,63
2022-06-15,3687,23651.0,Unknown,COMMERCIAL,TREATMENTS,DRUG A,1,2,11,0
2022-06-07,2464,2655.0,URGENT CARE FACILITY,COMMERCIAL,CONDITIONS,DISEASE_X,0,6,0,0
2022-06-10,3573,18756.0,Unknown,COMMERCIAL,CONTRAINDICATIONS,Low_Contraindication,0,44,17,7
2022-06-09,660,8118.0,Unknown,MEDICARE,TREATMENTS,drug a,1,10,1,0
2022-07-11,2876,14642.0,Unknown,COMMERCIAL,CONTRAINDICATIONS,Low_Contraindication,0,2,5,5
2022-07-12,2085,24319.0,Unknown,COMMERCIAL,CONTRAINDICATIONS,medium_contraindication,0,44,16,8
2022-06-03,1052,4318.0,OFFICE,COMMERCIAL,SYMPTOMS,headache,0,2,4,0
2022-06-03,1244,0.0,INDEPENDENT LABORATORY,COMMERCIAL,CONDITIONS,disease_x,0,1,9,0
2022-06-29,3968,4016.0,OFFICE,COMMERCIAL,CONDITIONS,DISEASE_X,0,4,0,0
2022-06-25,1434,14995.0,OFFICE,COMMERCIAL,CONDITIONS,DISEASE_X,0,1,12,0
2022-06-03,1945,24735.0,OFFICE,MEDICARE,CONDITIONS,disease_x,0,2,2,0
2022-07-19,2275,20159.0,OFFICE,COMMERCIAL,CONDITIONS,immunocompromised,0,33,4,0
2022-06-09,1128,12566.0,OTHER PLACE OF SERVICE,COMMERCIAL,SYMPTOMS,HEADACHE,0,3,16,0
2022-06-28,190,19314.0,CLINIC - RURAL HEALTH,COMMERCIAL,CONDITIONS,DISEASE_X,0,2,0,0
2022-06-21,606,23667.0,OFFICE,COMMERCIAL,SYMPTOMS,NAUSEA_AND_VOMITING,0,1,1,0
2022-06-04,926,17576.0,OFFICE,COMMERCIAL,CONDITIONS,disease_x,0,1,1,0
2022-06-13,909,0.0,INDEPENDENT LABORATORY,COMMERCIAL,CONDITIONS,disease_x,0,1,3,0
2022-07-03,2177,0.0,INDEPENDENT LABORATORY,COMMERCIAL,CONDITIONS,disease_x,0,2,5,0
2022-06-29,257,9449.0,URGENT CARE FACILITY,COMMERCIAL,CONDITIONS,disease_x,0,1,0,0
2022-06-08,1982,0.0,URGENT CARE FACILITY,COMMERCIAL,CONDITIONS,disease_x,0,1,2,0
2022-06-09,2365,2817.0,OFFICE,COMMERCIAL,SYMPTOMS,fatigue,0,1,2,0
2022-06-23,1987,16260.0,INPATIENT HOSPITAL,COMMERCIAL,CONDITIONS,DISEASE_X,0,25,4,13
2022-06-29,2909,847.0,Unknown,COMMERCIAL,TREATMENTS,DRUG A,1,14,1,0
2022-07-11,3920,25098.0,Unknown,MEDICARE,TREATMENTS,drug a,1,23,15,14
2022-06-17,3582,22812.0,Unknown,MEDICARE,TREATMENTS,DRUG A,1,18,22,0
2022-06-13,3815,5547.0,Unknown,COMMERCIAL,TREATMENTS,DRUG A,1,3,3,0
2022-06-29,915,14201.0,Unknown,COMMERCIAL,TREATMENTS,DRUG A,1,6,1,0
2022-06-28,3214,10422.0,Unknown,COMMERCIAL,TREATMENTS,DRUG A,1,48,8,0
2022-06-10,2671,16107.0,Unknown,COMMERCIAL,TREATMENTS,drug a,1,43,1,0
2022-07-06,246,12324.0,Unknown,COMMERCIAL,CONTRAINDICATIONS,LOW_CONTRAINDICATION,0,4,2,11
2022-06-04,242,18222.0,Unknown,COMMERCIAL,TREATMENTS,DRUG A,1,1,0,0
2022-07-12,3712,7798.0,Unknown,COMMERCIAL,CONTRAINDICATIONS,Medium_Contraindication,0,41,31,1
2022-07-05,3715,27.0,Unknown,COMMERCIAL,CONTRAINDICATIONS,LOW_CONTRAINDICATION,0,2,2,28
2022-07-05,2127,19055.0,Unknown,COMMERCIAL,CONTRAINDICATIONS,Low_Contraindication,0,30,1,3
2022-06-09,3671,16287.0,Unknown,MEDICARE,CONTRAINDICATIONS,Medium_Contraindication,0,21,19,47
2022-07-17,4008,5524.0,Unknown,COMMERCIAL,CONTRAINDICATIONS,Medium_Contraindication,0,17,3,19
2022-06-04,2477,603.0,Unknown,CASH,TREATMENTS,DRUG A,1,12,3,4
2022-06-16,2080,20568.0,Unknown,MEDICARE,CONTRAINDICATIONS,medium_contraindication,0,1,4,23
2022-06-23,531,15070.0,Unknown,MEDICARE,TREATMENTS,DRUG A,1,2,3,0
2022-06-26,2850,19278.0,Unknown,COMMERCIAL,TREATMENTS,DRUG A,1,21,5,0
2022-06-28,877,724.0,Unknown,COMMERCIAL,TREATMENTS,DRUG A,1,4,1,0
2022-06-06,773,21526.0,Unknown,COMMERCIAL,TREATMENTS,DRUG A,1,3,0,0
2022-07-15,3296,14045.0,Unknown,MEDICARE,CONTRAINDICATIONS,Low_Contraindication,0,11,4,4
2022-07-09,3824,20257.0,Unknown,MEDICARE,CONTRAINDICATIONS,Medium_Contraindication,0,30,11,16
2022-06-23,3949,9777.0,Unknown,MEDICARE,CONTRAINDICATIONS,low_contraindication,0,32,11,66
2022-06-22,1889,16788.0,Unknown,COMMERCIAL,TREATMENTS,drug a,1,1,0,0
2022-06-01,676,3305.0,Unknown,COMMERCIAL,TREATMENTS,DRUG A,1,3,2,0
2022-06-01,3258,9841.0,OFFICE,MEDICARE,SYMPTOMS,nausea_and_vomiting,0,4,3,0
2022-06-29,3960,7958.0,TELEHEALTH PROVIDED OTHER THAN IN PATIENT'S HOME,COMMERCIAL,CONDITIONS,disease_x,0,11,8,0
2022-06-04,1979,1462.0,HOSPITAL OUTPATIENT,COMMERCIAL,CONDITIONS,hypertension,0,3,3,0
2022-06-23,3113,23378.0,OFFICE,COMMERCIAL,CONDITIONS,disease_x,0,1,2,0
2022-06-16,1342,16671.0,TELEHEALTH PROVIDED OTHER THAN IN PATIENT'S HOME,COMMERCIAL,CONDITIONS,DISEASE_X,0,2,0,0
2022-06-17,701,3733.0,HOSPITAL OUTPATIENT,COMMERCIAL,CONDITIONS,disease_x,0,7,5,3
2022-06-22,2977,12735.0,UNASSIGNED,MEDICARE,CONDITIONS,disease_x,0,43,56,27
2022-06-21,2240,0.0,INDEPENDENT LABORATORY,COMMERCIAL,CONDITIONS,disease_x,0,1,2,0
2022-06-24,3512,24327.0,OFFICE,COMMERCIAL,CONDITIONS,disease_x,0,52,7,0
2022-06-29,3725,2296.0,URGENT CARE FACILITY,COMMERCIAL,CONDITIONS,disease_x,0,1,0,0
2022-06-02,3602,16352.0,TELEHEALTH PROVIDED IN PATIENT'S HOME,MEDICARE,CONDITIONS,DISEASE_X,0,56,0,6
2022-06-15,2220,16099.0,TELEHEALTH PROVIDED OTHER THAN IN PATIENT'S HOME,COMMERCIAL,CONDITIONS,disease_x,0,1,2,1
2022-06-30,1671,3734.0,OFFICE,MEDICARE,CONDITIONS,disease_x,0,43,36,7
2022-06-19,1566,95.0,OFFICE,COMMERCIAL,CONDITIONS,DISEASE_X,0,1,1,0
2022-06-03,2086,17443.0,OFFICE,COMMERCIAL,CONDITIONS,disease_x,0,6,2,0
2022-06-18,2616,9677.0,EMERGENCY ROOM - HOSPITAL,COMMERCIAL,CONDITIONS,disease_x,0,19,22,3
2022-06-15,1591,2831.0,INPATIENT HOSPITAL,MEDICARE,CONDITIONS,disease_x,0,75,14,1
2022-07-21,2858,0.0,INDEPENDENT LABORATORY,MEDICARE,CONDITIONS,IMMUNOCOMPROMISED,0,30,7,2
2022-06-01,629,8386.0,EMERGENCY ROOM - HOSPITAL,MEDICARE,SYMPTOMS,DIFFICULTY_BREATHING,0,1,3,0
2022-07-20,3493,16064.0,CLINIC  - FEDERALLY QUALIFIED HEALTH CENTER (FQHC),MEDICARE,CONDITIONS,diabetes,0,63,3,17
2022-06-04,1056,3122.0,EMERGENCY ROOM - HOSPITAL,COMMERCIAL,CONDITIONS,disease_x,0,4,7,0
2022-06-30,3511,5613.0,OFFICE,COMMERCIAL,SYMPTOMS,ACUTE_URI,0,5,16,1
2022-06-16,2372,0.0,INDEPENDENT LABORATORY,MEDICARE,CONDITIONS,disease_x,0,3,5,7
2022-06-20,139,3672.0,EMERGENCY ROOM - HOSPITAL,MEDICAID,SYMPTOMS,FEVER,0,1,2,0
2022-06-28,1694,2704.0,OFFICE,MEDICARE,SYMPTOMS,acute_uri,0,36,8,0
2022-06-27,1448,21003.0,OFFICE,MEDICARE,CONDITIONS,immunocompromised,0,43,12,1
2022-06-10,2406,24433.0,CLINIC - FREESTANDING,MEDICAID,CONDITIONS,disease_x,0,1,1,0
2022-06-27,217,18425.0,TELEHEALTH PROVIDED OTHER THAN IN PATIENT'S HOME,COMMERCIAL,CONDITIONS,disease_x,0,1,0,0
2022-06-21,1871,11139.0,HOSPITAL OUTPATIENT,COMMERCIAL,CONDITIONS,immunocompromised,0,82,1,2
2022-06-28,3759,0.0,URGENT CARE FACILITY,COMMERCIAL,SYMPTOMS,COUGH,0,1,9,0
2022-06-27,344,3006.0,URGENT CARE FACILITY,COMMERCIAL,CONDITIONS,disease_x,0,1,5,0
2022-06-30,2843,2224.0,OFFICE,COMMERCIAL,CONDITIONS,DISEASE_X,0,3,9,0
2022-06-28,832,17401.0,TELEHEALTH PROVIDED OTHER THAN IN PATIENT'S HOME,COMMERCIAL,CONDITIONS,disease_x,0,2,4,0
2022-06-21,1106,21088.0,OFFICE,COMMERCIAL,CONDITIONS,HEART_DISEASE,0,11,0,0
2022-07-21,1471,18828.0,HOSPITAL OUTPATIENT,MEDICARE,SYMPTOMS,cough,0,8,1,0
2022-06-02,2079,5918.0,OFFICE,COMMERCIAL,CONDITIONS,disease_x,0,1,3,1
2022-06-28,3232,2857.0,OFFICE,COMMERCIAL,CONDITIONS,disease_x,0,1,7,0
2022-06-26,3384,1332.0,EMERGENCY ROOM - HOSPITAL,MEDICARE,CONDITIONS,DISEASE_X,0,25,0,0
2022-06-15,272,0.0,OFFICE,COMMERCIAL,CONDITIONS,disease_x,0,1,1,0
2022-06-01,2140,7788.0,URGENT CARE FACILITY,COMMERCIAL,SYMPTOMS,SORE_THROAT,0,1,2,0
2022-07-11,1278,16739.0,UNASSIGNED,COMMERCIAL,CONDITIONS,disease_x,0,103,27,1
2022-06-28,533,22242.0,OFFICE,COMMERCIAL,SYMPTOMS,FEVER,0,2,25,0
2022-06-27,1612,13077.0,EMERGENCY ROOM - HOSPITAL,COMMERCIAL,CONDITIONS,DISEASE_X,0,16,2,0
2022-06-23,3649,10191.0,OFFICE,MEDICARE,CONDITIONS,heart_disease,0,25,4,2
2022-06-30,2446,6725.0,TELEHEALTH PROVIDED IN PATIENT'S HOME,COMMERCIAL,CONDITIONS,IMMUNOCOMPROMISED,0,3,1,0
2022-06-21,2545,14853.0,TELEHEALTH PROVIDED OTHER THAN IN PATIENT'S HOME,COMMERCIAL,CONDITIONS,disease_x,0,6,1,9
2022-06-23,2791,23577.0,OFFICE,MEDICARE,CONDITIONS,heart_disease,0,16,6,0
2022-06-19,996,10723.0,HOSPITAL OUTPATIENT,COMMERCIAL,CONDITIONS,DISEASE_X,0,2,13,0
2022-06-13,2097,20845.0,HOSPITAL OUTPATIENT,COMMERCIAL,CONDITIONS,disease_x,0,1,4,0
2022-06-28,441,14678.0,OFFICE,COMMERCIAL,CONDITIONS,obesity,0,66,1,0
2022-07-06,411,6577.0,AMBULATORY SURGICAL CENTER,MEDICARE,CONDITIONS,immunocompromised,0,7,1,0
2022-06-06,2348,15919.0,OFFICE,COMMERCIAL,CONDITIONS,disease_x,0,20,3,0
2022-06-11,3941,12378.0,URGENT CARE FACILITY,MEDICAID,SYMPTOMS,acute_uri,0,23,8,0
2022-06-14,932,10321.0,OFFICE,COMMERCIAL,CONDITIONS,disease_x,0,1,4,0
2022-06-22,308,0.0,URGENT CARE FACILITY,COMMERCIAL,CONDITIONS,disease_x,0,1,0,0
2022-07-15,3265,19678.0,INPATIENT HOSPITAL,COMMERCIAL,CONDITIONS,MENTAL_HEALTH_DISORDERS,0,106,14,31
2022-06-24,2654,5760.0,EMERGENCY ROOM - HOSPITAL,COMMERCIAL,CONDITIONS,DISEASE_X,0,8,1,2
2022-07-19,2810,13997.0,ON CAMPUS-OUTPATIENT HOSPITAL,COMMERCIAL,SYMPTOMS,DIFFICULTY_BREATHING,0,47,25,21
2022-06-12,3904,0.0,URGENT CARE FACILITY,COMMERCIAL,CONDITIONS,DISEASE_X,0,1,2,0
2022-06-29,3490,0.0,URGENT CARE FACILITY,COMMERCIAL,CONDITIONS,disease_x,0,8,3,14
2022-06-18,2590,1364.0,HOSPITAL OUTPATIENT,COMMERCIAL,CONDITIONS,disease_x,0,2,59,2
2022-07-13,3061,14397.0,OFFICE,COMMERCIAL,CONDITIONS,heart_disease,0,138,6,20
2022-06-19,1103,14808.0,EMERGENCY ROOM - HOSPITAL,COMMERCIAL,SYMPTOMS,HEADACHE,0,1,1,0
2022-06-01,2691,3058.0,OFFICE,MEDICARE,CONDITIONS,DISEASE_X,0,9,9,5
2022-07-01,131,11146.0,OFFICE,COMMERCIAL,SYMPTOMS,cough,0,2,14,0
2022-06-08,2619,15196.0,URGENT CARE FACILITY,MEDICARE,CONDITIONS,disease_x,0,1,1,0
2022-06-30,1296,2154.0,URGENT CARE FACILITY,COMMERCIAL,CONDITIONS,DISEASE_X,0,2,0,0
2022-06-14,1107,7918.0,OFFICE,MEDICARE,SYMPTOMS,ACUTE_URI,0,67,32,0
2022-06-28,950,14175.0,EMERGENCY ROOM - HOSPITAL,COMMERCIAL,CONDITIONS,DISEASE_X,0,1,1,0
2022-06-20,1033,2271.0,URGENT CARE FACILITY,MEDICARE,CONDITIONS,disease_x,0,1,0,0
2022-06-25,2198,7260.0,URGENT CARE FACILITY,COMMERCIAL,SYMPTOMS,nausea_and_vomiting,0,1,3,22
2022-07-06,463,3914.0,OFFICE,COMMERCIAL,CONDITIONS,mental_health_disorders,0,19,9,0
2022-06-26,1144,1889.0,INPATIENT HOSPITAL,COMMERCIAL,CONDITIONS,disease_x,0,21,4,2
2022-06-25,1370,2756.0,URGENT CARE FACILITY,COMMERCIAL,SYMPTOMS,COUGH,0,14,7,0
2022-07-19,3171,14345.0,OFFICE,MEDICARE,CONDITIONS,disease_x,0,25,19,0
2022-06-30,3626,0.0,URGENT CARE FACILITY,COMMERCIAL,SYMPTOMS,SORE_THROAT,0,10,6,2
2022-07-07,1249,18348.0,ON CAMPUS-OUTPATIENT HOSPITAL,COMMERCIAL,SYMPTOMS,DIFFICULTY_BREATHING,0,5,5,0
2022-06-18,3793,0.0,URGENT CARE FACILITY,COMMERCIAL,CONDITIONS,disease_x,0,1,7,0
2022-06-19,3373,0.0,URGENT CARE FACILITY,MEDICARE,CONDITIONS,obesity,0,34,11,1
2022-06-15,942,4577.0,HOSPITAL OUTPATIENT,COMMERCIAL,CONDITIONS,DISEASE_X,0,2,0,0
2022-06-17,3691,9813.0,OFFICE,COMMERCIAL,SYMPTOMS,COUGH,0,6,3,0
2022-06-08,2513,24101.0,OFFICE,COMMERCIAL,CONDITIONS,disease_x,0,12,2,0
2022-06-07,129,811.0,HOSPITAL OUTPATIENT,COMMERCIAL,CONDITIONS,DISEASE_X,0,1,2,0
2022-06-17,1393,0.0,INDEPENDENT LABORATORY,COMMERCIAL,CONDITIONS,disease_x,0,1,0,0
2022-06-07,1511,14775.0,OFFICE,COMMERCIAL,CONDITIONS,disease_x,0,4,0,0
2022-06-05,1379,9300.0,EMERGENCY ROOM - HOSPITAL,MEDICARE,CONDITIONS,disease_x,0,2,2,0
2022-06-10,709,17373.0,TELEHEALTH PROVIDED OTHER THAN IN PATIENT'S HOME,COMMERCIAL,CONDITIONS,DISEASE_X,0,1,5,0
2022-06-21,3888,1142.0,URGENT CARE FACILITY,COMMERCIAL,CONDITIONS,disease_x,0,11,5,0
2022-06-02,2251,0.0,URGENT CARE FACILITY,COMMERCIAL,SYMPTOMS,cough,0,15,3,1
2022-06-06,27,17404.0,INPATIENT HOSPITAL,MEDICAID,CONDITIONS,DISEASE_X,0,1,0,0
2022-06-08,2420,15893.0,OFFICE,COMMERCIAL,SYMPTOMS,ACUTE_URI,0,1,2,0
2022-06-24,1030,23619.0,TELEHEALTH PROVIDED OTHER THAN IN PATIENT'S HOME,COMMERCIAL,CONDITIONS,DISEASE_X,0,22,11,0
2022-06-28,2917,22775.0,OFFICE,COMMERCIAL,CONDITIONS,disease_x,0,26,8,11
2022-06-20,1319,0.0,TELEHEALTH PROVIDED IN PATIENT'S HOME,COMMERCIAL,CONDITIONS,disease_x,0,2,7,0
2022-07-22,3604,14536.0,OFFICE,COMMERCIAL,CONDITIONS,disease_x,0,138,13,0
2022-06-10,2027,2476.0,URGENT CARE FACILITY,MEDICARE,CONDITIONS,disease_x,0,4,4,4
2022-06-23,1749,9359.0,URGENT CARE FACILITY,COMMERCIAL,CONDITIONS,disease_x,0,1,1,0
2022-07-20,1151,18356.0,UNASSIGNED,COMMERCIAL,CONDITIONS,HEART_DISEASE,0,67,15,15
2022-06-08,1653,7799.0,ON CAMPUS-OUTPATIENT HOSPITAL,COMMERCIAL,CONDITIONS,diabetes,0,34,19,1
2022-06-14,422,2040.0,TELEHEALTH PROVIDED OTHER THAN IN PATIENT'S HOME,COMMERCIAL,CONDITIONS,DISEASE_X,0,9,1,0
2022-06-08,1913,12698.0,HOSPITAL OUTPATIENT,COMMERCIAL,CONDITIONS,HEART_DISEASE,0,9,21,0
2022-07-08,2769,16628.0,URGENT CARE FACILITY,COMMERCIAL,SYMPTOMS,ACUTE_PHARYNGITIS,0,3,4,0
2022-07-13,200,7265.0,OTHER PLACE OF SERVICE,MEDICARE,SYMPTOMS,muscle_ache,0,18,9,0
2022-06-30,3935,14934.0,URGENT CARE FACILITY,MEDICARE,CONDITIONS,disease_x,0,128,11,8
2022-06-24,3539,18184.0,OFFICE,COMMERCIAL,SYMPTOMS,COUGH,0,46,43,1
2022-06-01,3411,16312.0,OFFICE,COMMERCIAL,CONDITIONS,disease_x,0,17,1,0
2022-07-19,2400,0.0,INDEPENDENT LABORATORY,COMMERCIAL,CONDITIONS,DISEASE_X,0,12,7,1
2022-06-25,154,12715.0,HOSPITAL OUTPATIENT,COMMERCIAL,CONDITIONS,disease_x,0,1,1,0
2022-06-25,1923,0.0,INDEPENDENT LABORATORY,COMMERCIAL,CONDITIONS,disease_x,0,17,10,0
2022-06-27,1083,17738.0,ON CAMPUS-OUTPATIENT HOSPITAL,COMMERCIAL,CONDITIONS,DISEASE_X,0,1,0,0
2022-06-11,1372,16799.0,HOSPITAL OUTPATIENT,COMMERCIAL,CONDITIONS,hypertension,0,3,2,0
2022-06-29,556,17449.0,OFFICE,COMMERCIAL,CONDITIONS,IMMUNOCOMPROMISED,0,50,3,2
2022-06-30,519,16823.0,TELEHEALTH PROVIDED OTHER THAN IN PATIENT'S HOME,COMMERCIAL,CONDITIONS,disease_x,0,3,50,0
2022-07-14,2524,19788.0,UNASSIGNED,MEDICARE,CONDITIONS,heart_disease,0,51,36,19
2022-07-07,288,17933.0,EMERGENCY ROOM - HOSPITAL,COMMERCIAL,SYMPTOMS,difficulty_breathing,0,1,2,0
2022-06-16,1862,442.0,URGENT CARE FACILITY,COMMERCIAL,CONDITIONS,disease_x,0,1,0,0
2022-07-19,3971,18550.0,OFFICE,MEDICARE,CONDITIONS,HYPERTENSION,0,83,4,1
2022-07-08,3275,8131.0,UNASSIGNED,UNSPECIFIED,CONDITIONS,DISEASE_X,0,18,0,0
2022-06-10,1205,0.0,INDEPENDENT LABORATORY,COMMERCIAL,CONDITIONS,disease_x,0,5,1,0
2022-07-11,2231,8835.0,OFFICE,MEDICARE,CONDITIONS,heart_disease,0,56,22,24
2022-06-25,2421,12208.0,HOSPITAL OUTPATIENT,MEDICARE,CONDITIONS,disease_x,0,9,6,0
2022-06-27,4002,14296.0,URGENT CARE FACILITY,COMMERCIAL,CONDITIONS,disease_x,0,4,2,0
2022-06-18,1238,155.0,INPATIENT HOSPITAL,MEDICARE,CONDITIONS,immunocompromised,0,107,13,0
2022-06-24,2168,0.0,INDEPENDENT LABORATORY,COMMERCIAL,SYMPTOMS,FATIGUE,0,10,4,0
2022-06-13,1852,18249.0,TELEHEALTH PROVIDED IN PATIENT'S HOME,COMMERCIAL,CONDITIONS,DISEASE_X,0,38,20,0
2022-06-24,1074,0.0,INDEPENDENT LABORATORY,COMMERCIAL,CONDITIONS,DISEASE_X,0,1,1,0
2022-06-17,3007,12195.0,EMERGENCY ROOM - HOSPITAL,COMMERCIAL,SYMPTOMS,fever,0,2,15,0
2022-06-26,2060,2724.0,TELEHEALTH PROVIDED OTHER THAN IN PATIENT'S HOME,COMMERCIAL,CONDITIONS,disease_x,0,4,6,0
2022-06-09,1826,17028.0,OFFICE,COMMERCIAL,CONDITIONS,disease_x,0,5,0,0
2022-06-10,3995,5816.0,EMERGENCY ROOM - HOSPITAL,COMMERCIAL,SYMPTOMS,CONGESTION,0,2,11,0
2022-06-30,1806,16861.0,OFFICE,COMMERCIAL,CONDITIONS,disease_x,0,1,8,0
2022-06-01,1333,16992.0,OFFICE,COMMERCIAL,CONDITIONS,disease_x,0,13,1,6
2022-06-27,2947,4356.0,EMERGENCY ROOM - HOSPITAL,COMMERCIAL,CONDITIONS,disease_x,0,9,9,3
2022-06-01,1868,6958.0,TELEHEALTH PROVIDED OTHER THAN IN PATIENT'S HOME,COMMERCIAL,CONDITIONS,DISEASE_X,0,3,0,0
2022-06-27,2989,20576.0,OFFICE,MEDICARE,CONDITIONS,heart_disease,0,34,10,1
2022-07-08,1721,7774.0,ON CAMPUS-OUTPATIENT HOSPITAL,MEDICARE,CONDITIONS,heart_disease,0,8,4,1
2022-07-06,3537,2954.0,OFFICE,MEDICARE,CONDITIONS,DIABETES,0,48,17,42
2022-06-06,1728,18712.0,OFFICE,COMMERCIAL,CONDITIONS,disease_x,0,1,0,0
2022-06-06,1896,2780.0,OFFICE,COMMERCIAL,CONDITIONS,DISEASE_X,0,29,0,0
2022-06-08,294,12372.0,TELEHEALTH PROVIDED OTHER THAN IN PATIENT'S HOME,COMMERCIAL,SYMPTOMS,ACUTE_URI,0,1,4,0
2022-06-10,1911,0.0,INDEPENDENT LABORATORY,COMMERCIAL,CONDITIONS,disease_x,0,2,0,0
2022-07-12,3177,23284.0,OFFICE,MEDICARE,CONDITIONS,hypertension,0,38,2,0
2022-06-20,2052,2763.0,OFFICE,COMMERCIAL,CONDITIONS,disease_x,0,3,0,0
2022-06-23,710,10527.0,TELEHEALTH PROVIDED OTHER THAN IN PATIENT'S HOME,COMMERCIAL,CONDITIONS,mental_health_disorders,0,27,0,0
2022-06-27,2944,4753.0,INPATIENT HOSPITAL,COMMERCIAL,CONDITIONS,heart_disease,0,58,3,24
2022-06-24,621,0.0,PHARMACY,COMMERCIAL,CONDITIONS,disease_x,0,4,1,0
2022-06-27,275,12595.0,OTHER PLACE OF SERVICE,COMMERCIAL,CONDITIONS,disease_x,0,1,0,0
2022-07-05,3291,13086.0,TELEHEALTH PROVIDED OTHER THAN IN PATIENT'S HOME,COMMERCIAL,CONDITIONS,MENTAL_HEALTH_DISORDERS,0,14,13,1
2022-06-30,2163,11401.0,CLINIC - RURAL HEALTH,MEDICARE,CONDITIONS,heart_disease,0,94,13,0
2022-06-17,3579,14863.0,OFFICE,COMMERCIAL,CONDITIONS,DISEASE_X,0,4,2,0
2022-07-08,2575,12315.0,TELEHEALTH PROVIDED IN PATIENT'S HOME,MEDICARE,CONDITIONS,heart_disease,0,99,42,3
2022-06-17,2761,0.0,INDEPENDENT LABORATORY,MEDICARE,CONDITIONS,hypertension,0,17,0,3
2022-06-13,2763,0.0,INDEPENDENT LABORATORY,COMMERCIAL,CONDITIONS,disease_x,0,5,6,0
2022-07-07,2732,8766.0,OFFICE,COMMERCIAL,CONDITIONS,disease_x,0,5,12,3
2022-06-29,486,20920.0,OFFICE,COMMERCIAL,SYMPTOMS,DIFFICULTY_BREATHING,0,3,2,0
2022-06-07,1594,14891.0,OFFICE,COMMERCIAL,CONDITIONS,disease_x,0,29,4,0
2022-06-29,2587,8143.0,TELEHEALTH PROVIDED OTHER THAN IN PATIENT'S HOME,COMMERCIAL,CONDITIONS,disease_x,0,3,4,0
2022-06-22,2968,0.0,AMBULANCE - LAND,COMMERCIAL,SYMPTOMS,DIFFICULTY_BREATHING,0,19,1,39
2022-06-20,1629,0.0,OFFICE,COMMERCIAL,CONDITIONS,DISEASE_X,0,3,4,3
2022-06-24,2104,976.0,HOSPITAL OUTPATIENT,COMMERCIAL,CONDITIONS,disease_x,0,15,4,13
2022-06-21,3433,10800.0,EMERGENCY ROOM - HOSPITAL,COMMERCIAL,CONDITIONS,disease_x,0,1,0,0
2022-06-22,253,7791.0,OFFICE,COMMERCIAL,CONDITIONS,disease_x,0,1,4,0
2022-07-06,3738,9560.0,INPATIENT HOSPITAL,COMMERCIAL,CONDITIONS,immunocompromised,0,38,14,20
2022-06-16,245,17315.0,OFFICE,COMMERCIAL,CONDITIONS,disease_x,0,1,3,0
2022-07-08,1414,4726.0,ON CAMPUS-OUTPATIENT HOSPITAL,COMMERCIAL,CONDITIONS,heart_disease,0,43,4,25
2022-07-06,1008,2885.0,TELEHEALTH PROVIDED OTHER THAN IN PATIENT'S HOME,COMMERCIAL,SYMPTOMS,DIARRHEA,0,7,6,0
2022-06-29,1007,1850.0,OFFICE,COMMERCIAL,CONDITIONS,disease_x,0,1,1,0
2022-06-30,1999,5844.0,OFFICE,COMMERCIAL,SYMPTOMS,DIFFICULTY_BREATHING,0,1,2,0
2022-07-18,1740,8916.0,TELEHEALTH PROVIDED OTHER THAN IN PATIENT'S HOME,COMMERCIAL,CONDITIONS,hypertension,0,21,7,0
2022-06-15,2706,2627.0,TELEHEALTH PROVIDED OTHER THAN IN PATIENT'S HOME,COMMERCIAL,CONDITIONS,DISEASE_X,0,5,0,0
2022-06-10,412,14560.0,OFFICE,COMMERCIAL,SYMPTOMS,congestion,0,1,8,0
2022-06-13,2268,17794.0,OFFICE,COMMERCIAL,CONDITIONS,DISEASE_X,0,1,0,24
2022-06-29,3921,20136.0,HOSPITAL OUTPATIENT,COMMERCIAL,CONDITIONS,immunocompromised,0,12,6,0
2022-06-23,1042,21309.0,OFFICE,COMMERCIAL,CONDITIONS,disease_x,0,28,4,0
2022-06-22,1661,11172.0,HOSPITAL OUTPATIENT,COMMERCIAL,CONDITIONS,disease_x,0,2,2,0
2022-06-23,3664,24961.0,OFFICE,COMMERCIAL,CONDITIONS,heart_disease,0,9,11,0
2022-06-29,2705,0.0,INDEPENDENT LABORATORY,COMMERCIAL,SYMPTOMS,FEVER,0,16,2,0
2022-06-23,464,0.0,INDEPENDENT LABORATORY,MEDICARE,CONDITIONS,disease_x,0,1,0,0
2022-06-29,264,21296.0,INPATIENT HOSPITAL,COMMERCIAL,CONDITIONS,heart_disease,0,10,10,0
2022-06-28,3011,18838.0,OFFICE,COMMERCIAL,SYMPTOMS,DIFFICULTY_BREATHING,0,2,21,0
2022-06-14,1492,14777.0,TELEHEALTH PROVIDED OTHER THAN IN PATIENT'S HOME,MEDICARE,CONDITIONS,DISEASE_X,0,28,0,2
2022-06-10,821,3245.0,URGENT CARE FACILITY,COMMERCIAL,SYMPTOMS,CONGESTION,0,1,52,0
2022-06-15,551,18213.0,OFFICE,COMMERCIAL,CONDITIONS,DISEASE_X,0,1,8,0
2022-06-12,2782,18825.0,URGENT CARE FACILITY,MEDICARE,CONDITIONS,disease_x,0,19,9,2
2022-06-08,1508,1203.0,URGENT CARE FACILITY,COMMERCIAL,SYMPTOMS,COUGH,0,2,8,0
2022-06-07,88,8034.0,URGENT CARE FACILITY,COMMERCIAL,CONDITIONS,DISEASE_X,0,1,6,0
2022-06-23,1881,1100.0,OFFICE,COMMERCIAL,CONDITIONS,disease_x,0,2,0,1
2022-06-10,588,694.0,OFFICE,COMMERCIAL,CONDITIONS,disease_x,0,1,11,0
2022-07-09,642,0.0,UNASSIGNED,COMMERCIAL,CONDITIONS,mental_health_disorders,0,163,8,12
2022-06-15,878,8461.0,EMERGENCY ROOM - HOSPITAL,COMMERCIAL,SYMPTOMS,fever,0,1,3,0
2022-06-06,1937,20799.0,TELEHEALTH PROVIDED OTHER THAN IN PATIENT'S HOME,MEDICARE,CONDITIONS,disease_x,0,16,3,0
2022-07-14,1365,21863.0,HOSPITAL OUTPATIENT,COMMERCIAL,CONDITIONS,immunocompromised,0,45,0,0
2022-06-20,3719,9038.0,TELEHEALTH PROVIDED OTHER THAN IN PATIENT'S HOME,COMMERCIAL,CONDITIONS,disease_x,0,12,3,0
2022-06-30,3594,18447.0,INPATIENT HOSPITAL,MEDICARE,CONDITIONS,disease_x,0,44,36,53
2022-06-25,195,24319.0,OFFICE,COMMERCIAL,SYMPTOMS,headache,0,1,2,0
2022-06-14,2928,19534.0,OFFICE,COMMERCIAL,CONDITIONS,disease_x,0,1,1,0
2022-06-15,550,0.0,URGENT CARE FACILITY,COMMERCIAL,CONDITIONS,disease_x,0,2,0,0
2022-06-15,1070,17197.0,TELEHEALTH PROVIDED IN PATIENT'S HOME,COMMERCIAL,CONDITIONS,disease_x,0,1,5,0
2022-07-21,2802,12526.0,UNASSIGNED,MEDICARE,CONDITIONS,HYPERTENSION,0,146,33,0
2022-06-24,2561,15838.0,OFFICE,COMMERCIAL,CONDITIONS,hypertension,0,17,10,9
2022-06-01,2514,11620.0,TELEHEALTH PROVIDED OTHER THAN IN PATIENT'S HOME,COMMERCIAL,CONDITIONS,disease_x,0,8,8,0
2022-06-23,1777,0.0,OTHER PLACE OF SERVICE,COMMERCIAL,CONDITIONS,disease_x,0,56,12,0
2022-06-29,161,18667.0,ON CAMPUS-OUTPATIENT HOSPITAL,COMMERCIAL,CONDITIONS,disease_x,0,4,1,0
2022-06-23,2040,966.0,HOSPITAL OUTPATIENT,COMMERCIAL,CONDITIONS,disease_x,0,1,0,0
2022-07-05,3907,23948.0,HOSPITAL OUTPATIENT,COMMERCIAL,SYMPTOMS,FATIGUE,0,1,3,0
2022-06-14,1645,10287.0,OFFICE,COMMERCIAL,CONDITIONS,heart_disease,0,24,11,0
2022-06-17,415,14422.0,URGENT CARE FACILITY,COMMERCIAL,CONDITIONS,disease_x,0,1,1,0
2022-06-17,1563,16627.0,OFFICE,COMMERCIAL,CONDITIONS,diabetes,0,106,26,0
2022-06-28,561,1272.0,OFFICE,COMMERCIAL,SYMPTOMS,DIARRHEA,0,1,1,0
2022-06-15,32,0.0,URGENT CARE FACILITY,COMMERCIAL,SYMPTOMS,FEVER,0,1,1,0
2022-06-19,2370,10815.0,URGENT CARE FACILITY,MEDICAID,SYMPTOMS,FATIGUE,0,1,1,3
2022-06-30,1715,827.0,URGENT CARE FACILITY,COMMERCIAL,CONDITIONS,disease_x,0,5,8,0
2022-06-01,526,20016.0,HOSPITAL OUTPATIENT,MEDICARE,CONDITIONS,disease_x,0,74,6,0
2022-06-07,680,21145.0,EMERGENCY ROOM - HOSPITAL,COMMERCIAL,CONDITIONS,disease_x,0,1,0,0
2022-06-21,2161,15008.0,ON CAMPUS-OUTPATIENT HOSPITAL,MEDICARE,CONDITIONS,HEART_DISEASE,0,11,4,0
2022-07-12,2536,3437.0,OFFICE,COMMERCIAL,CONDITIONS,HYPERTENSION,0,4,0,0
2022-06-30,3886,23954.0,INPATIENT HOSPITAL,MEDICARE,CONDITIONS,HEART_DISEASE,0,53,4,0
2022-06-27,2444,11187.0,TELEHEALTH PROVIDED OTHER THAN IN PATIENT'S HOME,COMMERCIAL,SYMPTOMS,FEVER,0,4,11,0
2022-06-30,751,1133.0,OFFICE,COMMERCIAL,SYMPTOMS,ACUTE_URI,0,16,61,0
2022-06-29,2245,5005.0,OFFICE,MEDICARE,SYMPTOMS,DIFFICULTY_BREATHING,0,58,21,12
2022-07-19,3416,13605.0,OFFICE,COMMERCIAL,CONDITIONS,immunocompromised,0,13,4,0
2022-07-07,3305,20199.0,EMERGENCY ROOM - HOSPITAL,MEDICARE,CONDITIONS,disease_x,0,72,48,19
2022-07-06,3215,13152.0,OFFICE,COMMERCIAL,CONDITIONS,diabetes,0,20,10,4
2022-06-30,3705,156.0,URGENT CARE FACILITY,MEDICAID,CONDITIONS,disease_x,0,1,0,0
2022-06-25,1638,0.0,URGENT CARE FACILITY,COMMERCIAL,CONDITIONS,disease_x,0,2,6,0
2022-06-13,1665,4.0,OFFICE,COMMERCIAL,CONDITIONS,disease_x,0,8,9,0
2022-07-04,2033,0.0,OTHER PLACE OF SERVICE,UNSPECIFIED,CONDITIONS,disease_x,0,4,0,0
2022-07-18,1043,0.0,OFFICE,COMMERCIAL,SYMPTOMS,COUGH,0,78,9,0
2022-06-04,1634,8635.0,HOSPITAL OUTPATIENT,COMMERCIAL,CONDITIONS,DISEASE_X,0,3,7,0
2022-06-30,1392,4176.0,UNASSIGNED,COMMERCIAL,CONDITIONS,heart_disease,0,46,1,0
2022-06-27,610,7179.0,OFFICE,COMMERCIAL,CONDITIONS,DISEASE_X,0,3,0,0
2022-06-12,3209,7009.0,HOSPITAL OUTPATIENT,COMMERCIAL,SYMPTOMS,NAUSEA_AND_VOMITING,0,137,48,0
2022-06-30,297,0.0,INDEPENDENT LABORATORY,COMMERCIAL,CONDITIONS,disease_x,0,1,0,0
2022-06-29,1078,0.0,INDEPENDENT LABORATORY,COMMERCIAL,CONDITIONS,DISEASE_X,0,2,10,0
2022-06-15,3475,358.0,URGENT CARE FACILITY,COMMERCIAL,CONDITIONS,DISEASE_X,0,4,6,0
2022-06-15,3389,0.0,INDEPENDENT LABORATORY,MEDICARE,CONDITIONS,disease_x,0,9,2,0
2022-06-18,3138,1442.0,URGENT CARE FACILITY,COMMERCIAL,SYMPTOMS,fever,0,2,13,0
2022-06-09,1536,4272.0,EMERGENCY ROOM - HOSPITAL,COMMERCIAL,CONDITIONS,disease_x,0,1,5,0
2022-06-27,1441,10543.0,EMERGENCY ROOM - HOSPITAL,COMMERCIAL,SYMPTOMS,DIFFICULTY_BREATHING,0,1,1,0
2022-06-09,741,11868.0,URGENT CARE FACILITY,COMMERCIAL,CONDITIONS,disease_x,0,1,1,0
2022-06-08,2330,24759.0,OFFICE,COMMERCIAL,CONDITIONS,disease_x,0,44,17,6
2022-07-15,859,0.0,INDEPENDENT LABORATORY,COMMERCIAL,CONDITIONS,immunocompromised,0,26,15,0
2022-07-16,1433,12284.0,UNASSIGNED,MEDICAID,CONDITIONS,diabetes,0,119,9,1
2022-07-07,3728,0.0,INDEPENDENT LABORATORY,COMMERCIAL,CONDITIONS,MENTAL_HEALTH_DISORDERS,0,41,3,5
2022-06-09,908,2915.0,TELEHEALTH PROVIDED OTHER THAN IN PATIENT'S HOME,COMMERCIAL,CONDITIONS,disease_x,0,1,1,5
2022-06-06,1417,0.0,INDEPENDENT LABORATORY,COMMERCIAL,SYMPTOMS,FEVER,0,1,1,0
2022-06-08,2998,3083.0,OTHER PLACE OF SERVICE,COMMERCIAL,CONDITIONS,disease_x,0,2,1,0
2022-07-14,3432,6056.0,EMERGENCY ROOM - HOSPITAL,COMMERCIAL,SYMPTOMS,sore_throat,0,39,35,18
2022-06-22,3027,0.0,INDEPENDENT LABORATORY,COMMERCIAL,SYMPTOMS,fever,0,1,2,0
2022-06-19,1592,22973.0,OTHER PLACE OF SERVICE,MEDICARE,CONDITIONS,DISEASE_X,0,8,9,4
2022-06-21,3532,10344.0,TELEHEALTH PROVIDED OTHER THAN IN PATIENT'S HOME,MEDICARE,CONDITIONS,disease_x,0,19,5,0
2022-06-02,3195,0.0,URGENT CARE FACILITY,COMMERCIAL,CONDITIONS,disease_x,0,3,0,0
2022-06-10,304,12549.0,URGENT CARE FACILITY,COMMERCIAL,SYMPTOMS,nausea_and_vomiting,0,1,1,0
2022-06-14,625,7758.0,OFFICE,MEDICARE,SYMPTOMS,ACUTE_URI,0,1,25,0
2022-06-28,868,4161.0,OFFICE,COMMERCIAL,CONDITIONS,DISEASE_X,0,2,12,0
2022-06-23,3365,22097.0,OFFICE,COMMERCIAL,CONDITIONS,OBESITY,0,10,2,30
2022-06-23,196,22393.0,EMERGENCY ROOM - HOSPITAL,COMMERCIAL,CONDITIONS,disease_x,0,1,5,0
2022-06-26,2439,0.0,URGENT CARE FACILITY,COMMERCIAL,CONDITIONS,disease_x,0,2,4,0
2022-06-29,1878,24014.0,OFFICE,COMMERCIAL,CONDITIONS,disease_x,0,2,0,0
2022-06-04,3223,11896.0,URGENT CARE FACILITY,COMMERCIAL,CONDITIONS,disease_x,0,1,7,0
2022-07-14,57,7801.0,INPATIENT HOSPITAL,MEDICAID,CONDITIONS,disease_x,0,14,0,0
2022-07-13,2825,4501.0,ON CAMPUS-OUTPATIENT HOSPITAL,MEDICARE,CONDITIONS,heart_disease,0,40,4,26
2022-06-25,3655,23952.0,URGENT CARE FACILITY,COMMERCIAL,CONDITIONS,disease_x,0,23,0,1
2022-06-30,3462,21288.0,HOSPITAL OUTPATIENT,MEDICARE,CONDITIONS,disease_x,0,7,0,0
2022-06-23,213,15453.0,EMERGENCY ROOM - HOSPITAL,COMMERCIAL,CONDITIONS,DISEASE_X,0,2,6,0
2022-06-29,327,6653.0,OFFICE,COMMERCIAL,CONDITIONS,disease_x,0,5,9,0
2022-06-06,623,11022.0,PHARMACY,COMMERCIAL,CONDITIONS,disease_x,0,5,14,0
2022-06-21,679,9926.0,OFFICE,COMMERCIAL,CONDITIONS,DISEASE_X,0,1,0,0
2022-07-08,2509,0.0,OTHER PLACE OF SERVICE,COMMERCIAL,CONDITIONS,DISEASE_X,0,5,2,9
2022-06-08,118,2942.0,HOSPITAL OUTPATIENT,COMMERCIAL,CONDITIONS,disease_x,0,1,0,0
2022-06-08,1261,0.0,OFFICE,MEDICARE,CONDITIONS,disease_x,0,2,3,0
2022-07-13,1462,24481.0,OFFICE,MEDICARE,SYMPTOMS,SORE_THROAT,0,12,26,0
2022-06-28,2921,0.0,INDEPENDENT LABORATORY,COMMERCIAL,SYMPTOMS,COUGH,0,4,2,0
2022-06-29,1169,264.0,OFFICE,COMMERCIAL,CONDITIONS,disease_x,0,15,9,0
2022-06-29,891,24392.0,OFFICE,COMMERCIAL,CONDITIONS,obesity,0,11,4,0
2022-06-06,1126,61.0,OFFICE,COMMERCIAL,SYMPTOMS,COUGH,0,1,1,0
2022-06-10,1487,12942.0,OFFICE,COMMERCIAL,CONDITIONS,disease_x,0,10,10,0
2022-06-29,230,7431.0,URGENT CARE FACILITY,COMMERCIAL,SYMPTOMS,ACUTE_URI,0,4,3,0
2022-06-22,632,6082.0,HOSPITAL OUTPATIENT,COMMERCIAL,CONDITIONS,disease_x,0,6,8,0
2022-06-18,3813,203.0,URGENT CARE FACILITY,MEDICARE,CONDITIONS,DISEASE_X,0,1,0,0
2022-06-30,2167,799.0,HOSPITAL OUTPATIENT,COMMERCIAL,CONDITIONS,obesity,0,28,2,0
2022-06-03,1421,14215.0,HOSPITAL OUTPATIENT,MEDICARE,CONDITIONS,disease_x,0,3,4,0
2022-06-02,2838,0.0,INDEPENDENT LABORATORY,COMMERCIAL,SYMPTOMS,SORE_THROAT,0,4,4,0
2022-06-30,442,6858.0,RURAL HEALTH CLINIC,COMMERCIAL,SYMPTOMS,FEVER,0,1,4,0
2022-06-23,811,0.0,URGENT CARE FACILITY,COMMERCIAL,CONDITIONS,disease_x,0,36,10,0
2022-06-13,888,13418.0,OTHER PLACE OF SERVICE,COMMERCIAL,CONDITIONS,disease_x,0,40,3,15
2022-06-17,619,10220.0,URGENT CARE FACILITY,COMMERCIAL,CONDITIONS,DISEASE_X,0,1,1,0
2022-06-09,792,4783.0,URGENT CARE FACILITY,COMMERCIAL,SYMPTOMS,HEADACHE,0,5,1,11
2022-06-26,617,0.0,URGENT CARE FACILITY,COMMERCIAL,SYMPTOMS,ACUTE_PHARYNGITIS,0,12,4,0
2022-06-11,1917,162.0,EMERGENCY ROOM - HOSPITAL,MEDICARE,CONDITIONS,disease_x,0,1,0,0
2022-06-27,2604,21878.0,TELEHEALTH PROVIDED OTHER THAN IN PATIENT'S HOME,COMMERCIAL,CONDITIONS,DISEASE_X,0,4,5,0
2022-07-04,2988,19987.0,EMERGENCY ROOM - HOSPITAL,COMMERCIAL,SYMPTOMS,COUGH,0,2,16,0
2022-06-07,628,16503.0,OFFICE,COMMERCIAL,CONDITIONS,DISEASE_X,0,5,0,0
2022-06-08,2418,0.0,INDEPENDENT LABORATORY,COMMERCIAL,CONDITIONS,disease_x,0,3,2,16
2022-07-05,3690,0.0,Unknown,COMMERCIAL,CONTRAINDICATIONS,Low_Contraindication,0,11,2,20
2022-07-22,3187,16172.0,Unknown,MEDICARE,CONTRAINDICATIONS,LOW_CONTRAINDICATION,0,36,12,17
2022-06-21,3236,17940.0,Unknown,MEDICARE,CONTRAINDICATIONS,Low_Contraindication,0,65,4,2
2022-06-22,402,3118.0,Unknown,COMMERCIAL,TREATMENTS,DRUG A,1,1,0,0
2022-07-11,3736,14765.0,Unknown,COMMERCIAL,CONTRAINDICATIONS,Low_Contraindication,0,33,23,76
2022-07-06,2528,7190.0,Unknown,COMMERCIAL,CONTRAINDICATIONS,LOW_CONTRAINDICATION,0,2,31,19
2022-07-18,1347,15095.0,Unknown,MEDICARE,CONTRAINDICATIONS,Medium_Contraindication,0,39,4,35
2022-06-21,1466,10389.0,Unknown,MEDICARE,CONTRAINDICATIONS,MEDIUM_CONTRAINDICATION,0,3,4,44
2022-06-30,3483,24023.0,Unknown,COMMERCIAL,CONTRAINDICATIONS,Low_Contraindication,0,4,11,6
2022-07-07,965,7695.0,Unknown,COMMERCIAL,CONTRAINDICATIONS,Medium_Contraindication,0,12,6,15
2022-07-18,215,7094.0,Unknown,COMMERCIAL,CONTRAINDICATIONS,LOW_CONTRAINDICATION,0,1,0,5
2022-06-29,3058,219.0,Unknown,MEDICARE,TREATMENTS,DRUG A,1,11,1,0
2022-06-20,3918,6201.0,HOSPITAL OUTPATIENT,COMMERCIAL,CONDITIONS,disease_x,0,3,1,0
2022-06-15,382,24.0,CLINIC - FREESTANDING,MEDICAID,CONDITIONS,disease_x,0,2,0,0
2022-07-13,3612,20775.0,OFFICE,COMMERCIAL,CONDITIONS,hypertension,0,14,0,0
2022-07-20,2428,18932.0,OFFICE,COMMERCIAL,SYMPTOMS,DIFFICULTY_BREATHING,0,2,11,0
2022-06-03,71,0.0,URGENT CARE FACILITY,COMMERCIAL,SYMPTOMS,ACUTE_URI,0,2,1,0
2022-06-26,2946,6481.0,EMERGENCY ROOM - HOSPITAL,COMMERCIAL,CONDITIONS,DISEASE_X,0,8,0,7
2022-06-22,3088,21537.0,FEDERALLY QUALIFIED HEALTH CENTER,COMMERCIAL,CONDITIONS,disease_x,0,15,5,0
2022-06-29,1523,19890.0,OTHER PLACE OF SERVICE,COMMERCIAL,CONDITIONS,hypertension,0,56,36,10
2022-06-28,1652,9805.0,EMERGENCY ROOM - HOSPITAL,COMMERCIAL,CONDITIONS,IMMUNOCOMPROMISED,0,31,1,0
2022-06-15,2108,6271.0,EMERGENCY ROOM - HOSPITAL,COMMERCIAL,SYMPTOMS,SORE_THROAT,0,4,5,0
2022-06-11,2992,4752.0,HOSPITAL OUTPATIENT,COMMERCIAL,SYMPTOMS,diarrhea,0,3,7,0
2022-06-08,941,552.0,OFFICE,COMMERCIAL,CONDITIONS,DISEASE_X,0,12,0,0
2022-06-03,566,19001.0,TELEHEALTH PROVIDED OTHER THAN IN PATIENT'S HOME,COMMERCIAL,SYMPTOMS,acute_pharyngitis,0,21,2,0
2022-06-18,1583,227.0,Unknown,COMMERCIAL,TREATMENTS,DRUG A,1,7,1,7
2022-06-30,3091,19874.0,Unknown,COMMERCIAL,CONTRAINDICATIONS,low_contraindication,0,5,1,39
2022-06-03,3150,14742.0,Unknown,COMMERCIAL,TREATMENTS,DRUG A,1,3,0,0
2022-06-02,3144,22829.0,Unknown,COMMERCIAL,TREATMENTS,DRUG A,1,31,2,0
2022-06-08,2024,17635.0,OFFICE,COMMERCIAL,CONDITIONS,disease_x,0,1,6,0
2022-07-06,2481,6124.0,TELEHEALTH PROVIDED IN PATIENT'S HOME,COMMERCIAL,CONDITIONS,obesity,0,50,23,14
2022-06-23,3833,20412.0,TELEHEALTH PROVIDED OTHER THAN IN PATIENT'S HOME,COMMERCIAL,CONDITIONS,disease_x,0,29,5,10
2022-06-01,1398,9450.0,URGENT CARE FACILITY,COMMERCIAL,SYMPTOMS,CONGESTION,0,1,6,0
2022-07-18,1611,15072.0,OFFICE,COMMERCIAL,CONDITIONS,immunocompromised,0,48,0,0
2022-06-04,3030,18804.0,Unknown,COMMERCIAL,TREATMENTS,DRUG A,1,2,12,0
2022-07-13,3481,12615.0,Unknown,MEDICARE,CONTRAINDICATIONS,low_contraindication,0,5,4,43
2022-06-22,2005,11833.0,Unknown,COMMERCIAL,TREATMENTS,DRUG A,1,27,1,0
2022-07-17,2122,20755.0,Unknown,COMMERCIAL,CONTRAINDICATIONS,low_contraindication,0,109,7,5
2022-06-28,693,22713.0,URGENT CARE FACILITY,COMMERCIAL,CONDITIONS,disease_x,0,1,12,1
2022-06-01,1352,10802.0,UNASSIGNED,MEDICARE,CONDITIONS,hypertension,0,22,22,0
2022-06-28,361,87.0,TELEHEALTH PROVIDED OTHER THAN IN PATIENT'S HOME,COMMERCIAL,CONDITIONS,DISEASE_X,0,1,6,0
2022-06-28,3040,0.0,AMBULANCE - LAND,COMMERCIAL,SYMPTOMS,FATIGUE,0,1,1,4
2022-06-27,3560,7548.0,TELEHEALTH PROVIDED OTHER THAN IN PATIENT'S HOME,COMMERCIAL,CONDITIONS,disease_x,0,8,3,0
2022-07-06,2139,15874.0,TELEHEALTH PROVIDED OTHER THAN IN PATIENT'S HOME,MEDICARE,CONDITIONS,mental_health_disorders,0,134,31,3
2022-07-16,3474,3708.0,Unknown,MEDICARE,CONTRAINDICATIONS,LOW_CONTRAINDICATION,0,68,11,11
2022-06-09,2468,273.0,Unknown,COMMERCIAL,TREATMENTS,drug a,1,19,1,0
2022-06-06,2153,5465.0,Unknown,COMMERCIAL,TREATMENTS,DRUG A,1,106,4,1
2022-07-04,2227,502.0,Unknown,MEDICARE,CONTRAINDICATIONS,LOW_CONTRAINDICATION,0,9,13,59
2022-06-10,3584,21214.0,Unknown,COMMERCIAL,TREATMENTS,DRUG A,1,3,0,0
2022-06-29,3615,24819.0,Unknown,COMMERCIAL,CONTRAINDICATIONS,MEDIUM_CONTRAINDICATION,0,10,1,65
2022-06-23,2554,29.0,Unknown,COMMERCIAL,TREATMENTS,DRUG A,1,1,3,0
2022-06-13,2345,8894.0,OFFICE,COMMERCIAL,CONDITIONS,disease_x,0,5,7,0
2022-06-07,2263,0.0,OFFICE,COMMERCIAL,CONDITIONS,DISEASE_X,0,1,0,2
2022-06-01,167,15088.0,EMERGENCY ROOM - HOSPITAL,COMMERCIAL,SYMPTOMS,cough,0,1,3,0
2022-06-19,582,17375.0,HOSPITAL OUTPATIENT,COMMERCIAL,CONDITIONS,disease_x,0,2,0,0
2022-07-20,955,3049.0,OTHER PLACE OF SERVICE,MEDICARE,SYMPTOMS,MUSCLE_ACHE,0,24,6,4
2022-06-20,171,19270.0,TELEHEALTH PROVIDED OTHER THAN IN PATIENT'S HOME,COMMERCIAL,CONDITIONS,DISEASE_X,0,1,4,0
2022-07-18,3467,9985.0,OFFICE,COMMERCIAL,CONDITIONS,mental_health_disorders,0,6,0,0
2022-06-27,1018,15632.0,URGENT CARE FACILITY,COMMERCIAL,SYMPTOMS,ACUTE_PHARYNGITIS,0,2,2,0
2022-07-06,3783,22707.0,Unknown,COMMERCIAL,CONTRAINDICATIONS,LOW_CONTRAINDICATION,0,8,2,5
2022-07-05,4017,13586.0,Unknown,MEDICARE,CONTRAINDICATIONS,Low_Contraindication,0,64,46,54
2022-06-04,2335,24193.0,Unknown,MEDICARE,TREATMENTS,DRUG A,1,7,8,0
2022-06-06,935,346.0,OFFICE,COMMERCIAL,CONDITIONS,disease_x,0,1,6,0
2022-06-08,1282,0.0,URGENT CARE FACILITY,COMMERCIAL,CONDITIONS,DISEASE_X,0,1,0,0
2022-06-07,2851,10657.0,HOSPITAL OUTPATIENT,COMMERCIAL,CONDITIONS,HYPERTENSION,0,3,7,0
2022-06-22,1504,11358.0,HOSPITAL OUTPATIENT,COMMERCIAL,CONDITIONS,DISEASE_X,0,3,5,0
2022-06-07,1677,914.0,Unknown,COMMERCIAL,TREATMENTS,DRUG A,1,3,10,0
2022-06-09,3646,773.0,Unknown,COMMERCIAL,TREATMENTS,DRUG A,1,13,6,1
2022-06-29,3310,15960.0,Unknown,COMMERCIAL,TREATMENTS,DRUG A,1,31,5,0
2022-06-18,2510,20317.0,Unknown,COMMERCIAL,TREATMENTS,DRUG A,1,23,7,0
2022-06-22,2941,23283.0,Unknown,COMMERCIAL,TREATMENTS,drug a,1,1,4,0
2022-06-01,2798,18273.0,OFFICE,COMMERCIAL,CONDITIONS,disease_x,0,3,2,0
2022-06-22,2603,24879.0,URGENT CARE FACILITY,COMMERCIAL,CONDITIONS,disease_x,0,2,2,0
2022-06-17,1953,17571.0,TELEHEALTH PROVIDED OTHER THAN IN PATIENT'S HOME,COMMERCIAL,SYMPTOMS,ACUTE_URI,0,1,1,0
2022-06-07,748,117.0,URGENT CARE FACILITY,COMMERCIAL,CONDITIONS,disease_x,0,1,7,0
2022-07-22,876,23334.0,OFFICE,COMMERCIAL,CONDITIONS,immunocompromised,0,53,4,0
2022-06-30,3670,2671.0,Unknown,MEDICARE,CONTRAINDICATIONS,low_contraindication,0,9,2,5
2022-07-10,3747,20809.0,EMERGENCY ROOM - HOSPITAL,COMMERCIAL,SYMPTOMS,SORE_THROAT,0,1,4,0
2022-06-24,573,24063.0,HOSPITAL OUTPATIENT,COMMERCIAL,CONDITIONS,disease_x,0,1,0,0
2022-07-07,3489,2555.0,Unknown,COMMERCIAL,CONTRAINDICATIONS,Low_Contraindication,0,47,20,7
2022-06-29,630,18054.0,Unknown,COMMERCIAL,TREATMENTS,DRUG A,1,8,6,0
2022-06-28,2983,17214.0,Unknown,MEDICARE,TREATMENTS,DRUG A,1,30,7,0
2022-06-06,2760,6138.0,Unknown,COMMERCIAL,TREATMENTS,drug a,1,5,0,0
2022-07-06,602,20552.0,Unknown,COMMERCIAL,CONTRAINDICATIONS,LOW_CONTRAINDICATION,0,12,8,21
2022-06-09,2361,23228.0,Unknown,COMMERCIAL,TREATMENTS,DRUG A,1,6,1,0
2022-07-15,2454,11419.0,Unknown,COMMERCIAL,CONTRAINDICATIONS,Medium_Contraindication,0,8,2,32
2022-07-10,2171,5545.0,Unknown,MEDICARE,CONTRAINDICATIONS,Low_Contraindication,0,49,5,15
2022-06-06,2634,8831.0,Unknown,COMMERCIAL,TREATMENTS,DRUG A,1,12,9,6
2022-06-25,2188,11701.0,Unknown,MEDICARE,TREATMENTS,DRUG A,1,8,1,0
2022-06-10,3585,33.0,Unknown,COMMERCIAL,TREATMENTS,DRUG A,1,34,1,6
2022-06-29,2047,11435.0,Unknown,COMMERCIAL,TREATMENTS,DRUG A,1,3,2,0
2022-06-22,2933,342.0,Unknown,MEDICARE,TREATMENTS,drug a,1,23,3,0
2022-07-14,3213,23195.0,Unknown,COMMERCIAL,CONTRAINDICATIONS,high_contraindication,0,16,26,18
2022-07-17,3744,4781.0,Unknown,COMMERCIAL,CONTRAINDICATIONS,LOW_CONTRAINDICATION,0,9,2,21
2022-07-11,3909,3940.0,Unknown,MEDICARE,CONTRAINDICATIONS,Low_Contraindication,0,12,0,8
2022-06-29,3814,23713.0,Unknown,COMMERCIAL,CONTRAINDICATIONS,Low_Contraindication,0,114,14,53
2022-07-18,2722,7332.0,Unknown,COMMERCIAL,CONTRAINDICATIONS,Low_Contraindication,0,6,8,51
2022-06-18,2068,1337.0,Unknown,COMMERCIAL,TREATMENTS,DRUG A,1,1,1,8
2022-07-13,3263,3787.0,Unknown,COMMERCIAL,CONTRAINDICATIONS,MEDIUM_CONTRAINDICATION,0,16,13,53
2022-06-25,2993,15261.0,Unknown,MEDICARE,TREATMENTS,DRUG A,1,6,0,1
2022-07-22,1172,18965.0,Unknown,COMMERCIAL,CONTRAINDICATIONS,low_contraindication,0,72,45,9
2022-07-14,2778,13454.0,Unknown,COMMERCIAL,CONTRAINDICATIONS,Low_Contraindication,0,19,1,74
2022-06-22,2991,10224.0,Unknown,COMMERCIAL,TREATMENTS,DRUG A,1,19,16,12
2022-06-30,3868,19247.0,Unknown,COMMERCIAL,TREATMENTS,DRUG A,1,22,3,0
2022-06-27,1724,17811.0,Unknown,COMMERCIAL,CONTRAINDICATIONS,low_contraindication,0,21,3,69
2022-06-26,1763,18300.0,Unknown,MEDICARE,CONTRAINDICATIONS,Medium_Contraindication,0,35,4,21
2022-07-22,682,21217.0,Unknown,COMMERCIAL,CONTRAINDICATIONS,Low_Contraindication,0,27,8,5
2022-06-27,2535,2745.0,Unknown,COMMERCIAL,CONTRAINDICATIONS,low_contraindication,0,31,7,6
2022-07-12,2332,3466.0,Unknown,MEDICARE,CONTRAINDICATIONS,Medium_Contraindication,0,77,7,41
2022-06-18,3135,14897.0,Unknown,COMMERCIAL,TREATMENTS,DRUG A,1,1,0,0
2022-06-07,1343,22642.0,Unknown,MEDICARE,TREATMENTS,drug a,1,2,2,0
2022-07-05,2672,224.0,Unknown,COMMERCIAL,CONTRAINDICATIONS,Low_Contraindication,0,71,19,1
2022-07-14,3750,6378.0,Unknown,MEDICARE,CONTRAINDICATIONS,Low_Contraindication,0,131,31,1
2022-07-21,517,4746.0,Unknown,COMMERCIAL,CONTRAINDICATIONS,LOW_CONTRAINDICATION,0,127,3,9
2022-06-28,2479,19431.0,Unknown,COMMERCIAL,TREATMENTS,DRUG A,1,30,6,4
2022-06-27,2762,9410.0,Unknown,COMMERCIAL,CONTRAINDICATIONS,Low_Contraindication,0,1,0,9
2022-07-07,2019,2816.0,Unknown,COMMERCIAL,CONTRAINDICATIONS,LOW_CONTRAINDICATION,0,10,6,14
2022-06-16,2943,23117.0,Unknown,MEDICARE,TREATMENTS,DRUG A,1,34,13,0
2022-06-07,1832,17479.0,Unknown,COMMERCIAL,TREATMENTS,drug a,1,29,1,0
2022-06-28,2434,3490.0,Unknown,MEDICAID,TREATMENTS,DRUG A,1,21,9,0
2022-06-03,2971,12685.0,Unknown,MEDICARE,TREATMENTS,DRUG A,1,21,5,0
2022-06-20,1062,7335.0,Unknown,COMMERCIAL,TREATMENTS,drug a,1,1,1,0
2022-07-05,2531,13474.0,Unknown,COMMERCIAL,CONTRAINDICATIONS,Medium_Contraindication,0,6,1,51
2022-06-02,3485,13055.0,Unknown,COMMERCIAL,TREATMENTS,DRUG A,1,39,9,1
2022-06-29,3659,1717.0,Unknown,COMMERCIAL,TREATMENTS,drug a,1,3,0,0
2022-06-29,1683,18796.0,Unknown,COMMERCIAL,TREATMENTS,DRUG A,1,1,0,0
2022-07-09,1759,22446.0,Unknown,COMMERCIAL,CONTRAINDICATIONS,Low_Contraindication,0,2,0,38
2022-07-07,2517,21306.0,Unknown,COMMERCIAL,CONTRAINDICATIONS,Medium_Contraindication,0,6,3,2
2022-07-20,2273,19419.0,Unknown,MEDICARE,CONTRAINDICATIONS,LOW_CONTRAINDICATION,0,134,30,77
2022-07-12,640,22747.0,Unknown,COMMERCIAL,CONTRAINDICATIONS,LOW_CONTRAINDICATION,0,69,2,11
2022-06-27,321,10234.0,URGENT CARE FACILITY,COMMERCIAL,CONDITIONS,DISEASE_X,0,1,0,0
2022-07-19,1895,4865.0,OFFICE,MEDICARE,SYMPTOMS,COUGH,0,10,3,0
2022-07-22,1548,400.0,PSYCHIATRIC FACILITY-PARTIAL HOSPITALIZATION,COMMERCIAL,CONDITIONS,mental_health_disorders,0,50,10,3
2022-06-30,3593,12704.0,HOSPITAL OUTPATIENT,COMMERCIAL,CONDITIONS,disease_x,0,61,14,1
2022-06-28,1955,9798.0,EMERGENCY ROOM - HOSPITAL,COMMERCIAL,CONDITIONS,disease_x,0,11,0,0
2022-06-29,439,1223.0,OFFICE,COMMERCIAL,CONDITIONS,disease_x,0,6,0,0
2022-06-06,2272,4272.0,EMERGENCY ROOM - HOSPITAL,MEDICAID,CONDITIONS,disease_x,0,1,3,1
2022-06-27,1311,735.0,TELEHEALTH PROVIDED OTHER THAN IN PATIENT'S HOME,COMMERCIAL,CONDITIONS,DISEASE_X,0,2,4,1
2022-06-15,2470,0.0,INDEPENDENT LABORATORY,COMMERCIAL,CONDITIONS,disease_x,0,2,0,0
2022-06-02,1636,0.0,TELEHEALTH PROVIDED OTHER THAN IN PATIENT'S HOME,COMMERCIAL,CONDITIONS,disease_x,0,1,0,0
2022-06-06,2812,3010.0,EMERGENCY ROOM - HOSPITAL,COMMERCIAL,CONDITIONS,disease_x,0,1,1,0
2022-06-10,1001,461.0,TELEHEALTH PROVIDED OTHER THAN IN PATIENT'S HOME,COMMERCIAL,CONDITIONS,DISEASE_X,0,20,5,3
2022-07-13,2674,23927.0,OFFICE,COMMERCIAL,CONDITIONS,obesity,0,53,0,9
2022-06-19,574,10619.0,HOSPITAL OUTPATIENT,COMMERCIAL,CONDITIONS,DISEASE_X,0,2,0,0
2022-06-30,3435,14820.0,UNASSIGNED,UNSPECIFIED,CONDITIONS,disease_x,0,3,21,5
2022-06-29,3857,2865.0,HOSPITAL OUTPATIENT,COMMERCIAL,CONDITIONS,disease_x,0,23,5,0
2022-06-24,2334,11210.0,INPATIENT HOSPITAL,MEDICARE,SYMPTOMS,difficulty_breathing,0,135,28,57
2022-07-11,1113,12975.0,UNASSIGNED,COMMERCIAL,CONDITIONS,immunocompromised,0,69,3,2
2022-06-16,2813,8328.0,OFFICE,COMMERCIAL,CONDITIONS,disease_x,0,5,0,0
2022-06-20,2681,14996.0,HOSPITAL OUTPATIENT,MEDICARE,CONDITIONS,DISEASE_X,0,7,0,0
2022-06-09,1158,18214.0,OFFICE,MEDICAID,CONDITIONS,disease_x,0,6,6,0
2022-06-17,3003,0.0,TELEHEALTH PROVIDED IN PATIENT'S HOME,COMMERCIAL,CONDITIONS,disease_x,0,84,5,7
2022-06-01,703,11205.0,OFFICE,COMMERCIAL,CONDITIONS,disease_x,0,1,0,0
2022-06-11,3285,44.0,URGENT CARE FACILITY,COMMERCIAL,CONDITIONS,disease_x,0,3,4,0
2022-06-04,3420,8723.0,OFFICE,COMMERCIAL,CONDITIONS,disease_x,0,4,16,0
2022-06-09,514,21256.0,TELEHEALTH PROVIDED OTHER THAN IN PATIENT'S HOME,COMMERCIAL,CONDITIONS,DISEASE_X,0,2,18,0
2022-07-14,2151,24186.0,OFFICE,COMMERCIAL,CONDITIONS,obesity,0,85,12,9
2022-06-22,1479,2579.0,OFFICE,MEDICARE,CONDITIONS,disease_x,0,15,5,0
2022-06-28,2835,17696.0,OFFICE,COMMERCIAL,CONDITIONS,disease_x,0,30,14,38
2022-06-14,1538,3773.0,TELEHEALTH PROVIDED OTHER THAN IN PATIENT'S HOME,COMMERCIAL,CONDITIONS,DISEASE_X,0,3,0,14
2022-06-01,2322,11237.0,OFFICE,COMMERCIAL,CONDITIONS,DISEASE_X,0,1,0,0
2022-07-05,1194,15646.0,HOSPITAL OUTPATIENT,MEDICARE,CONDITIONS,mental_health_disorders,0,53,4,0
2022-07-21,3854,1745.0,OFFICE,COMMERCIAL,SYMPTOMS,fatigue,0,70,35,1
2022-06-11,76,23995.0,URGENT CARE FACILITY,COMMERCIAL,SYMPTOMS,COUGH,0,1,3,0
2022-06-06,2804,9094.0,OFFICE,COMMERCIAL,CONDITIONS,disease_x,0,3,12,0
2022-07-11,657,18038.0,OFFICE,COMMERCIAL,CONDITIONS,hypertension,0,3,0,0
2022-07-12,2548,13210.0,OFFICE,COMMERCIAL,SYMPTOMS,DIARRHEA,0,1,5,0
2022-06-20,2319,11424.0,URGENT CARE FACILITY,COMMERCIAL,CONDITIONS,disease_x,0,4,6,0
2022-06-17,37,18651.0,TELEHEALTH PROVIDED OTHER THAN IN PATIENT'S HOME,COMMERCIAL,SYMPTOMS,acute_uri,0,1,1,0
2022-06-03,1115,23386.0,OFFICE,COMMERCIAL,CONDITIONS,disease_x,0,2,1,0
2022-06-10,653,14269.0,OFFICE,MEDICARE,SYMPTOMS,ACUTE_PHARYNGITIS,0,7,4,6
2022-06-08,3882,2215.0,OFFICE,MEDICARE,CONDITIONS,disease_x,0,1,1,0
2022-06-10,2501,19175.0,TELEHEALTH PROVIDED OTHER THAN IN PATIENT'S HOME,COMMERCIAL,CONDITIONS,DISEASE_X,0,104,11,8
2022-06-25,2726,4536.0,EMERGENCY ROOM - HOSPITAL,COMMERCIAL,CONDITIONS,HEART_DISEASE,0,8,0,23
2022-06-01,1581,8656.0,URGENT CARE FACILITY,COMMERCIAL,CONDITIONS,disease_x,0,2,2,0
2022-06-30,2028,16872.0,HOSPITAL OUTPATIENT,MEDICARE,CONDITIONS,DISEASE_X,0,10,9,0
2022-07-07,2924,11994.0,EMERGENCY ROOM - HOSPITAL,COMMERCIAL,CONDITIONS,disease_x,0,12,20,0
2022-06-24,3534,151.0,URGENT CARE FACILITY,COMMERCIAL,CONDITIONS,DISEASE_X,0,30,9,0
2022-06-08,825,1051.0,OFFICE,COMMERCIAL,CONDITIONS,disease_x,0,1,3,0
2022-07-18,3967,10948.0,OFFICE,COMMERCIAL,SYMPTOMS,MUSCLE_ACHE,0,16,42,21
2022-07-11,2725,20838.0,OFFICE,COMMERCIAL,CONDITIONS,hypertension,0,38,3,0
2022-06-13,1659,1335.0,HOSPITAL OUTPATIENT,COMMERCIAL,CONDITIONS,disease_x,0,14,26,0
2022-06-23,510,21571.0,URGENT CARE FACILITY,COMMERCIAL,CONDITIONS,disease_x,0,1,4,0
2022-06-28,1108,22575.0,TELEHEALTH PROVIDED OTHER THAN IN PATIENT'S HOME,COMMERCIAL,CONDITIONS,disease_x,0,3,1,1
2022-06-28,2266,0.0,INDEPENDENT LABORATORY,COMMERCIAL,CONDITIONS,disease_x,0,2,12,0
2022-06-23,1154,13474.0,OFFICE,COMMERCIAL,CONDITIONS,obesity,0,8,3,0
2022-06-17,2121,2362.0,TELEHEALTH PROVIDED OTHER THAN IN PATIENT'S HOME,COMMERCIAL,CONDITIONS,DISEASE_X,0,1,1,0
2022-06-07,3553,10723.0,HOSPITAL OUTPATIENT,COMMERCIAL,CONDITIONS,disease_x,0,1,0,0
2022-06-06,2233,23909.0,URGENT CARE FACILITY,COMMERCIAL,CONDITIONS,disease_x,0,1,1,0
2022-07-12,1206,4270.0,OFFICE,MEDICARE,CONDITIONS,immunocompromised,0,39,3,0
2022-06-25,3025,0.0,URGENT CARE FACILITY,MEDICARE,CONDITIONS,disease_x,0,2,1,0
2022-06-07,1246,14454.0,OFFICE,COMMERCIAL,CONDITIONS,DISEASE_X,0,1,7,0
2022-06-09,2538,14737.0,OFFICE,MEDICARE,SYMPTOMS,HEADACHE,0,49,22,1
2022-06-02,2788,0.0,INDEPENDENT LABORATORY,COMMERCIAL,CONDITIONS,DISEASE_X,0,1,0,0
2022-06-13,1476,16896.0,URGENT CARE FACILITY,COMMERCIAL,CONDITIONS,disease_x,0,1,0,0
2022-06-08,3317,17725.0,ON CAMPUS-OUTPATIENT HOSPITAL,COMMERCIAL,CONDITIONS,disease_x,0,6,1,0
2022-06-03,127,5245.0,TELEHEALTH PROVIDED IN PATIENT'S HOME,COMMERCIAL,CONDITIONS,disease_x,0,1,2,0
2022-07-07,1623,0.0,OTHER PLACE OF SERVICE,COMMERCIAL,CONDITIONS,hypertension,0,22,13,2
2022-06-07,3827,1159.0,HOSPITAL OUTPATIENT,COMMERCIAL,CONDITIONS,disease_x,0,18,0,1
2022-07-01,793,1710.0,HOSPITAL OUTPATIENT,COMMERCIAL,CONDITIONS,immunocompromised,0,70,2,1
2022-06-28,3198,5851.0,OFFICE,MEDICARE,CONDITIONS,HYPERTENSION,0,17,0,0
2022-06-22,3182,2884.0,ON CAMPUS-OUTPATIENT HOSPITAL,COMMERCIAL,CONDITIONS,disease_x,0,6,4,0
2022-07-13,2919,17797.0,OTHER PLACE OF SERVICE,MEDICARE,CONDITIONS,IMMUNOCOMPROMISED,0,153,12,11
2022-06-29,1776,24611.0,TELEHEALTH PROVIDED OTHER THAN IN PATIENT'S HOME,COMMERCIAL,CONDITIONS,DISEASE_X,0,25,19,0
2022-06-03,3505,6916.0,EMERGENCY ROOM - HOSPITAL,COMMERCIAL,CONDITIONS,DISEASE_X,0,8,10,28
2022-06-28,503,3520.0,URGENT CARE FACILITY,COMMERCIAL,CONDITIONS,DISEASE_X,0,1,0,0
2022-06-30,2964,15017.0,OFFICE,COMMERCIAL,CONDITIONS,disease_x,0,9,3,3
2022-06-01,3346,25171.0,OFFICE,COMMERCIAL,SYMPTOMS,COUGH,0,5,25,2
2022-06-13,1163,0.0,INDEPENDENT LABORATORY,COMMERCIAL,SYMPTOMS,COUGH,0,1,4,0
2022-06-12,1049,6750.0,URGENT CARE FACILITY,COMMERCIAL,CONDITIONS,DISEASE_X,0,3,1,0
2022-06-15,3294,7596.0,TELEHEALTH PROVIDED OTHER THAN IN PATIENT'S HOME,MEDICARE,SYMPTOMS,fatigue,0,70,28,45
2022-06-03,2632,8718.0,TELEHEALTH PROVIDED IN PATIENT'S HOME,COMMERCIAL,CONDITIONS,disease_x,0,2,11,0
2022-06-06,224,20051.0,TELEHEALTH PROVIDED OTHER THAN IN PATIENT'S HOME,COMMERCIAL,CONDITIONS,DISEASE_X,0,3,0,0
2022-07-20,2916,21066.0,OFFICE,MEDICARE,SYMPTOMS,CONGESTION,0,16,3,23
2022-06-06,1404,17636.0,INDEPENDENT LABORATORY,COMMERCIAL,CONDITIONS,DISEASE_X,0,1,0,0
2022-06-25,2914,23490.0,OFFICE,COMMERCIAL,CONDITIONS,disease_x,0,19,0,5
2022-06-21,631,0.0,INDEPENDENT LABORATORY,COMMERCIAL,CONDITIONS,disease_x,0,6,5,0
2022-06-18,764,12599.0,URGENT CARE FACILITY,COMMERCIAL,CONDITIONS,disease_x,0,15,5,0
2022-06-04,77,0.0,URGENT CARE FACILITY,COMMERCIAL,CONDITIONS,DISEASE_X,0,2,0,0
2022-06-11,3929,8784.0,URGENT CARE FACILITY,COMMERCIAL,SYMPTOMS,NAUSEA_AND_VOMITING,0,1,2,0
2022-07-06,3933,6416.0,CRITICAL ACCESS HOSPITAL,MEDICARE,CONDITIONS,diabetes,0,74,0,1
2022-06-09,1510,10107.0,HOSPITAL OUTPATIENT,COMMERCIAL,CONDITIONS,disease_x,0,1,4,0
2022-06-28,3329,16091.0,URGENT CARE FACILITY,MEDICARE,SYMPTOMS,HEADACHE,0,3,3,0
2022-06-08,194,15723.0,URGENT CARE FACILITY,COMMERCIAL,CONDITIONS,disease_x,0,6,0,0
2022-06-07,1688,7891.0,EMERGENCY ROOM - HOSPITAL,COMMERCIAL,CONDITIONS,disease_x,0,2,0,0
2022-07-12,2765,19600.0,OFFICE,MEDICARE,CONDITIONS,immunocompromised,0,75,11,2
2022-06-20,3895,0.0,URGENT CARE FACILITY,COMMERCIAL,CONDITIONS,disease_x,0,4,0,0
2022-07-13,1112,18066.0,OFFICE,MEDICARE,SYMPTOMS,COUGH,0,70,7,12
2022-06-30,907,3281.0,OFFICE,COMMERCIAL,CONDITIONS,disease_x,0,3,13,0
2022-06-23,1015,17334.0,TELEHEALTH PROVIDED OTHER THAN IN PATIENT'S HOME,COMMERCIAL,CONDITIONS,disease_x,0,2,0,0
2022-06-21,1916,2147.0,URGENT CARE FACILITY,COMMERCIAL,SYMPTOMS,COUGH,0,2,2,1
2022-06-24,123,715.0,EMERGENCY ROOM - HOSPITAL,COMMERCIAL,SYMPTOMS,fever,0,1,1,0
2022-06-20,234,4811.0,OFFICE,COMMERCIAL,CONDITIONS,disease_x,0,1,2,0
2022-06-01,3009,24763.0,OFFICE,COMMERCIAL,CONDITIONS,disease_x,0,1,0,0
2022-06-14,48,158.0,HOSPITAL OUTPATIENT,MEDICAID,CONDITIONS,disease_x,0,1,0,0
2022-06-02,699,0.0,OFFICE,COMMERCIAL,CONDITIONS,disease_x,0,1,3,0
2022-06-14,331,18374.0,OFFICE,COMMERCIAL,SYMPTOMS,congestion,0,1,1,0
2022-06-01,367,0.0,URGENT CARE FACILITY,COMMERCIAL,CONDITIONS,disease_x,0,1,4,0
2022-07-21,3354,5793.0,HOSPITAL OUTPATIENT,MEDICARE,CONDITIONS,immunocompromised,0,55,6,12
2022-06-22,3235,4624.0,WALK-IN RETAIL HEALTH CLINIC,COMMERCIAL,CONDITIONS,disease_x,0,1,0,0
2022-06-07,42,0.0,INDEPENDENT LABORATORY,COMMERCIAL,CONDITIONS,DISEASE_X,0,1,0,0
2022-06-13,1215,1961.0,URGENT CARE FACILITY,COMMERCIAL,CONDITIONS,DISEASE_X,0,1,1,0
2022-06-23,522,1824.0,OFFICE,COMMERCIAL,CONDITIONS,disease_x,0,1,0,0
2022-06-26,1743,1003.0,URGENT CARE FACILITY,COMMERCIAL,CONDITIONS,disease_x,0,2,0,0
2022-07-10,3950,12356.0,OFFICE,COMMERCIAL,SYMPTOMS,CONGESTION,0,7,9,0
2022-06-02,18,8471.0,CLINIC - FREESTANDING,MEDICAID,CONDITIONS,disease_x,0,1,0,0
2022-06-18,2940,223.0,URGENT CARE FACILITY,MEDICARE,CONDITIONS,disease_x,0,11,1,22
2022-06-23,3303,0.0,URGENT CARE FACILITY,COMMERCIAL,SYMPTOMS,ACUTE_URI,0,1,6,0
2022-06-20,2105,5808.0,HOSPITAL OUTPATIENT,COMMERCIAL,CONDITIONS,diabetes,0,51,12,3
2022-06-30,206,9374.0,EMERGENCY ROOM - HOSPITAL,COMMERCIAL,CONDITIONS,disease_x,0,1,1,0
2022-06-13,3515,8993.0,Unknown,COMMERCIAL,TREATMENTS,DRUG A,1,11,2,8
2022-07-17,1988,8569.0,Unknown,MEDICARE,CONTRAINDICATIONS,LOW_CONTRAINDICATION,0,49,26,2
2022-06-29,3205,8667.0,Unknown,MEDICARE,CONTRAINDICATIONS,Low_Contraindication,0,53,3,10
2022-07-15,1751,1212.0,Unknown,COMMERCIAL,CONTRAINDICATIONS,Medium_Contraindication,0,13,3,22
2022-06-30,3586,22415.0,Unknown,MEDICARE,CONTRAINDICATIONS,Low_Contraindication,0,23,10,5
2022-06-23,345,18097.0,Unknown,COMMERCIAL,TREATMENTS,DRUG A,1,5,0,0
2022-06-06,3243,0.0,INDEPENDENT LABORATORY,COMMERCIAL,CONDITIONS,disease_x,0,1,1,0
2022-06-12,3899,2009.0,Unknown,MEDICARE,CONTRAINDICATIONS,Low_Contraindication,0,25,8,28
2022-06-20,3418,2526.0,Unknown,COMMERCIAL,TREATMENTS,DRUG A,1,3,1,0
2022-06-22,1606,10930.0,Unknown,MEDICARE,CONTRAINDICATIONS,Medium_Contraindication,0,97,5,22
2022-06-27,3190,10779.0,HOSPITAL OUTPATIENT,MEDICARE,CONDITIONS,HEART_DISEASE,0,44,11,2
2022-06-27,2918,21288.0,HOSPITAL OUTPATIENT,COMMERCIAL,CONDITIONS,disease_x,0,1,0,0
2022-07-08,1996,12691.0,INPATIENT HOSPITAL,MEDICAID,CONDITIONS,OBESITY,0,17,3,0
2022-06-17,597,2454.0,EMERGENCY ROOM - HOSPITAL,COMMERCIAL,CONDITIONS,disease_x,0,1,1,0
2022-06-21,959,13694.0,INPATIENT HOSPITAL,MEDICARE,CONDITIONS,disease_x,0,41,12,0
2022-06-14,2018,22440.0,Unknown,MEDICARE,TREATMENTS,drug a,1,29,0,0
2022-07-21,3978,18908.0,OFF CAMPUS-OUTPATIENT HOSPITAL,COMMERCIAL,SYMPTOMS,ACUTE_URI,0,95,58,0
2022-06-24,2972,16590.0,EMERGENCY ROOM - HOSPITAL,COMMERCIAL,CONDITIONS,DIABETES,0,3,2,0
2022-07-02,318,16609.0,OFFICE,COMMERCIAL,SYMPTOMS,ACUTE_URI,0,1,5,0
2022-06-08,340,21614.0,TELEHEALTH PROVIDED OTHER THAN IN PATIENT'S HOME,COMMERCIAL,CONDITIONS,disease_x,0,2,0,0
2022-06-21,3473,11552.0,URGENT CARE FACILITY,COMMERCIAL,CONDITIONS,disease_x,0,6,3,0
2022-06-27,1418,16883.0,INPATIENT HOSPITAL,COMMERCIAL,CONDITIONS,heart_disease,0,42,5,0
2022-06-29,449,19603.0,TELEHEALTH PROVIDED OTHER THAN IN PATIENT'S HOME,COMMERCIAL,CONDITIONS,disease_x,0,1,10,0
2022-07-12,3155,24155.0,OFFICE,COMMERCIAL,CONDITIONS,immunocompromised,0,37,13,0
2022-06-17,2533,1593.0,HOSPITAL OUTPATIENT,MEDICARE,CONDITIONS,disease_x,0,171,13,0
2022-06-03,849,1529.0,TELEHEALTH PROVIDED OTHER THAN IN PATIENT'S HOME,COMMERCIAL,CONDITIONS,disease_x,0,2,18,0
2022-06-13,2973,19030.0,TELEHEALTH PROVIDED OTHER THAN IN PATIENT'S HOME,COMMERCIAL,CONDITIONS,disease_x,0,34,16,1
2022-06-03,3885,8566.0,EMERGENCY ROOM - HOSPITAL,COMMERCIAL,CONDITIONS,immunocompromised,0,3,0,0
2022-06-15,65,12057.0,INPATIENT HOSPITAL,MEDICARE,CONDITIONS,HYPERTENSION,0,10,7,0
2022-06-08,504,19846.0,OFFICE,MEDICARE,CONDITIONS,disease_x,0,9,0,0
2022-07-21,3633,18535.0,OFFICE,COMMERCIAL,CONDITIONS,DIABETES,0,42,3,0
2022-06-17,2530,270.0,OFFICE,COMMERCIAL,SYMPTOMS,HEADACHE,0,4,8,0
2022-06-03,2652,5030.0,EMERGENCY ROOM - HOSPITAL,COMMERCIAL,CONDITIONS,DISEASE_X,0,2,0,0
2022-06-13,1499,7440.0,TELEHEALTH PROVIDED IN PATIENT'S HOME,MEDICARE,CONDITIONS,heart_disease,0,12,1,0
2022-06-15,3349,11114.0,INPATIENT HOSPITAL,COMMERCIAL,CONDITIONS,heart_disease,0,12,38,40
2022-07-16,1188,0.0,OTHER PLACE OF SERVICE,COMMERCIAL,SYMPTOMS,sore_throat,0,5,23,0
2022-06-04,3795,14480.0,EMERGENCY ROOM - HOSPITAL,COMMERCIAL,CONDITIONS,immunocompromised,0,7,5,1
2022-07-22,3330,2015.0,ON CAMPUS-OUTPATIENT HOSPITAL,COMMERCIAL,SYMPTOMS,COUGH,0,1,3,3
2022-06-06,2094,9336.0,URGENT CARE FACILITY,COMMERCIAL,CONDITIONS,disease_x,0,10,11,0
2022-06-07,2772,1167.0,HOSPITAL OUTPATIENT,COMMERCIAL,SYMPTOMS,LOSS_OF_TASTE_OR_SMELL,0,4,7,0
2022-06-24,237,0.0,FEDERALLY QUALIFIED HEALTH CENTER,COMMERCIAL,CONDITIONS,DISEASE_X,0,1,3,0
2022-06-21,2729,12105.0,OFFICE,COMMERCIAL,CONDITIONS,hypertension,0,91,34,1
2022-06-28,2143,1933.0,TELEHEALTH PROVIDED OTHER THAN IN PATIENT'S HOME,COMMERCIAL,CONDITIONS,disease_x,0,3,0,0
2022-06-15,3257,3307.0,TELEHEALTH PROVIDED OTHER THAN IN PATIENT'S HOME,COMMERCIAL,CONDITIONS,DISEASE_X,0,3,0,0
2022-06-27,3032,4851.0,HOSPITAL OUTPATIENT,COMMERCIAL,CONDITIONS,disease_x,0,2,7,0
2022-06-13,2578,11953.0,EMERGENCY ROOM - HOSPITAL,MEDICARE,CONDITIONS,disease_x,0,6,1,0
2022-06-15,1907,8677.0,TELEHEALTH PROVIDED OTHER THAN IN PATIENT'S HOME,COMMERCIAL,CONDITIONS,DISEASE_X,0,41,2,3
2022-06-04,3936,569.0,HOSPITAL OUTPATIENT,COMMERCIAL,CONDITIONS,DISEASE_X,0,2,5,0
2022-06-29,2866,23916.0,URGENT CARE FACILITY,MEDICARE,CONDITIONS,hypertension,0,18,7,0
2022-06-30,3200,6801.0,TELEHEALTH PROVIDED OTHER THAN IN PATIENT'S HOME,COMMERCIAL,CONDITIONS,disease_x,0,5,6,0
2022-06-16,3415,14695.0,OFFICE,COMMERCIAL,SYMPTOMS,acute_pharyngitis,0,1,1,0
2022-06-13,3414,11264.0,TELEHEALTH PROVIDED OTHER THAN IN PATIENT'S HOME,COMMERCIAL,CONDITIONS,disease_x,0,11,0,0
2022-06-20,393,17208.0,OFFICE,MEDICARE,CONDITIONS,disease_x,0,9,0,0
2022-06-23,2368,0.0,URGENT CARE FACILITY,COMMERCIAL,CONDITIONS,DISEASE_X,0,2,1,0
2022-06-16,3767,7867.0,ON CAMPUS-OUTPATIENT HOSPITAL,MEDICARE,CONDITIONS,disease_x,0,3,5,0
2022-06-24,1243,18779.0,ON CAMPUS-OUTPATIENT HOSPITAL,COMMERCIAL,CONDITIONS,disease_x,0,1,1,0
2022-06-16,398,5498.0,OFFICE,COMMERCIAL,CONDITIONS,disease_x,0,1,1,0
2022-07-21,2386,7832.0,OFFICE,COMMERCIAL,CONDITIONS,immunocompromised,0,4,3,0
2022-07-15,24,8242.0,OFFICE,COMMERCIAL,SYMPTOMS,NAUSEA_AND_VOMITING,0,1,1,0
2022-06-24,1410,0.0,URGENT CARE FACILITY,COMMERCIAL,CONDITIONS,disease_x,0,1,2,1
2022-07-12,2665,7193.0,OFFICE,MEDICARE,SYMPTOMS,FATIGUE,0,13,14,0
2022-06-23,899,6889.0,OFFICE,COMMERCIAL,CONDITIONS,disease_x,0,3,1,0
2022-06-27,2160,20840.0,OFFICE,COMMERCIAL,SYMPTOMS,HEADACHE,0,17,38,22
2022-06-08,1928,0.0,INDEPENDENT LABORATORY,COMMERCIAL,CONDITIONS,disease_x,0,1,0,0
2022-07-03,2586,14420.0,OTHER PLACE OF SERVICE,COMMERCIAL,CONDITIONS,DISEASE_X,0,75,46,0
2022-06-26,1596,253.0,WALK-IN RETAIL HEALTH CLINIC,COMMERCIAL,SYMPTOMS,ACUTE_PHARYNGITIS,0,1,3,0
2022-06-23,3325,6330.0,URGENT CARE FACILITY,COMMERCIAL,SYMPTOMS,SORE_THROAT,0,1,6,0
2022-06-24,1567,23244.0,ON CAMPUS-OUTPATIENT HOSPITAL,COMMERCIAL,CONDITIONS,DISEASE_X,0,5,12,20
2022-06-29,2311,22652.0,OFFICE,COMMERCIAL,CONDITIONS,disease_x,0,2,0,0
2022-06-14,104,8444.0,HOSPITAL OUTPATIENT,COMMERCIAL,CONDITIONS,disease_x,0,2,2,0
2022-06-06,410,9470.0,URGENT CARE FACILITY,COMMERCIAL,CONDITIONS,disease_x,0,1,0,0
2022-06-08,259,5142.0,HOSPITAL OUTPATIENT,COMMERCIAL,CONDITIONS,DISEASE_X,0,2,0,0
2022-06-08,3319,6975.0,EMERGENCY ROOM - HOSPITAL,COMMERCIAL,SYMPTOMS,DIFFICULTY_BREATHING,0,11,12,0
2022-06-22,1460,16017.0,UNASSIGNED,MEDICARE,SYMPTOMS,muscle_ache,0,23,1,0
2022-06-23,2186,0.0,URGENT CARE FACILITY,COMMERCIAL,CONDITIONS,disease_x,0,44,8,0
2022-07-13,2555,10648.0,ON CAMPUS-OUTPATIENT HOSPITAL,COMMERCIAL,SYMPTOMS,DIFFICULTY_BREATHING,0,15,28,1
2022-06-29,3193,12029.0,EMERGENCY ROOM - HOSPITAL,MEDICARE,CONDITIONS,disease_x,0,3,3,11
2022-06-07,1780,0.0,INDEPENDENT LABORATORY,COMMERCIAL,CONDITIONS,disease_x,0,21,4,0
2022-06-24,284,22839.0,OFF CAMPUS-OUTPATIENT HOSPITAL,MEDICAID,CONDITIONS,disease_x,0,1,7,0
2022-06-25,1447,1352.0,EMERGENCY ROOM - HOSPITAL,MEDICARE,SYMPTOMS,acute_pharyngitis,0,2,3,9
2022-06-28,2646,1755.0,EMERGENCY ROOM - HOSPITAL,COMMERCIAL,SYMPTOMS,headache,0,2,11,0
2022-06-27,2698,10264.0,EMERGENCY ROOM - HOSPITAL,COMMERCIAL,CONDITIONS,disease_x,0,4,10,1
2022-07-11,3250,21368.0,TELEHEALTH PROVIDED OTHER THAN IN PATIENT'S HOME,COMMERCIAL,SYMPTOMS,SORE_THROAT,0,3,22,0
2022-07-12,880,23827.0,TELEHEALTH PROVIDED OTHER THAN IN PATIENT'S HOME,COMMERCIAL,CONDITIONS,disease_x,0,16,2,0
2022-06-16,1580,354.0,EMERGENCY ROOM - HOSPITAL,MEDICARE,CONDITIONS,disease_x,0,1,4,0
2022-06-10,2248,5931.0,EMERGENCY ROOM - HOSPITAL,COMMERCIAL,SYMPTOMS,sore_throat,0,2,2,0
2022-06-05,1219,18988.0,URGENT CARE FACILITY,COMMERCIAL,SYMPTOMS,ACUTE_PHARYNGITIS,0,3,28,0
2022-06-01,3555,17799.0,HOSPITAL OUTPATIENT,COMMERCIAL,CONDITIONS,DISEASE_X,0,2,0,0
2022-06-22,772,14135.0,HOSPITAL OUTPATIENT,COMMERCIAL,CONDITIONS,DISEASE_X,0,1,1,0
2022-06-30,963,2633.0,OFFICE,COMMERCIAL,CONDITIONS,disease_x,0,1,2,0
2022-06-29,914,0.0,INDEPENDENT LABORATORY,COMMERCIAL,SYMPTOMS,cough,0,2,5,0
2022-07-06,3124,6112.0,OFFICE,COMMERCIAL,SYMPTOMS,DIFFICULTY_BREATHING,0,10,9,0
2022-06-08,1364,455.0,URGENT CARE FACILITY,COMMERCIAL,SYMPTOMS,CONGESTION,0,4,3,0
2022-07-14,577,7145.0,OFFICE,COMMERCIAL,CONDITIONS,hypertension,0,9,3,0
2022-06-27,3860,19300.0,CLINIC - RURAL HEALTH,MEDICARE,CONDITIONS,diabetes,0,24,1,0
2022-06-06,3326,17009.0,OFFICE,COMMERCIAL,CONDITIONS,disease_x,0,2,9,0
2022-06-29,2553,20635.0,OFFICE,MEDICARE,CONDITIONS,disease_x,0,18,0,0
2022-06-21,2221,17157.0,OFFICE,COMMERCIAL,CONDITIONS,disease_x,0,4,9,0
2022-06-16,1857,6279.0,OFFICE,COMMERCIAL,CONDITIONS,disease_x,0,1,1,0
2022-06-16,295,22253.0,ON CAMPUS-OUTPATIENT HOSPITAL,COMMERCIAL,CONDITIONS,DISEASE_X,0,2,0,0
2022-07-05,4015,16444.0,OFFICE,COMMERCIAL,CONDITIONS,HYPERTENSION,0,22,0,0
2022-06-07,342,18859.0,OFFICE,COMMERCIAL,CONDITIONS,IMMUNOCOMPROMISED,0,5,2,1
2022-06-09,3900,15928.0,OFFICE,MEDICARE,CONDITIONS,disease_x,0,31,7,1
2022-06-01,3494,610.0,HOSPITAL OUTPATIENT,COMMERCIAL,SYMPTOMS,acute_uri,0,2,4,0
2022-07-18,686,8121.0,OFFICE,COMMERCIAL,CONDITIONS,DIABETES,0,43,0,0
2022-06-25,103,8214.0,HOSPITAL OUTPATIENT,COMMERCIAL,CONDITIONS,hypertension,0,22,5,0
2022-07-01,193,21194.0,URGENT CARE FACILITY,COMMERCIAL,CONDITIONS,disease_x,0,2,0,0
2022-06-01,2046,21235.0,TELEHEALTH PROVIDED OTHER THAN IN PATIENT'S HOME,COMMERCIAL,CONDITIONS,disease_x,0,1,0,1
2022-06-03,117,5648.0,TELEHEALTH PROVIDED OTHER THAN IN PATIENT'S HOME,COMMERCIAL,CONDITIONS,disease_x,0,1,0,0
2022-06-03,3047,2405.0,OFFICE,MEDICARE,CONDITIONS,hypertension,0,36,0,0
2022-06-17,869,16878.0,EMERGENCY ROOM - HOSPITAL,COMMERCIAL,SYMPTOMS,COUGH,0,70,18,0
2022-07-20,3242,16983.0,OFFICE,COMMERCIAL,SYMPTOMS,nausea_and_vomiting,0,14,10,3
2022-06-30,3021,0.0,EMERGENCY ROOM - HOSPITAL,COMMERCIAL,CONDITIONS,DISEASE_X,0,3,0,0
2022-06-27,2456,19965.0,HOSPITAL OUTPATIENT,COMMERCIAL,CONDITIONS,disease_x,0,2,51,0
2022-07-13,1873,13457.0,OFFICE,COMMERCIAL,CONDITIONS,DISEASE_X,0,15,0,12
2022-06-03,2411,6242.0,URGENT CARE FACILITY,MEDICARE,CONDITIONS,disease_x,0,7,13,22
2022-06-24,3930,3093.0,OFFICE,COMMERCIAL,CONDITIONS,mental_health_disorders,0,9,19,0
2022-07-12,1086,1992.0,OFFICE,COMMERCIAL,CONDITIONS,OBESITY,0,19,11,0
2022-06-23,1948,16389.0,EMERGENCY ROOM - HOSPITAL,COMMERCIAL,CONDITIONS,disease_x,0,1,0,0
2022-07-20,747,5510.0,OFFICE,COMMERCIAL,SYMPTOMS,COUGH,0,50,29,0
2022-07-17,3914,13885.0,HOSPITAL OUTPATIENT,COMMERCIAL,CONDITIONS,hypertension,0,4,5,7
2022-07-08,885,15071.0,FEDERALLY QUALIFIED HEALTH CENTER,COMMERCIAL,CONDITIONS,disease_x,0,2,19,0
2022-06-02,1489,0.0,URGENT CARE FACILITY,COMMERCIAL,CONDITIONS,disease_x,0,1,0,0
2022-07-01,3761,380.0,OTHER PLACE OF SERVICE,MEDICARE,SYMPTOMS,FATIGUE,0,48,24,0
2022-06-10,513,19216.0,TELEHEALTH PROVIDED OTHER THAN IN PATIENT'S HOME,COMMERCIAL,CONDITIONS,DISEASE_X,0,2,12,0
2022-06-21,389,0.0,OFFICE,COMMERCIAL,CONDITIONS,disease_x,0,1,4,0
2022-06-28,1139,48.0,URGENT CARE FACILITY,COMMERCIAL,CONDITIONS,disease_x,0,1,2,0
2022-06-28,3688,463.0,URGENT CARE FACILITY,COMMERCIAL,CONDITIONS,disease_x,0,1,2,0
2022-06-13,3372,0.0,INDEPENDENT LABORATORY,COMMERCIAL,CONDITIONS,disease_x,0,1,8,0
2022-06-09,2035,9868.0,OFFICE,COMMERCIAL,CONDITIONS,disease_x,0,2,2,0
2022-06-15,2017,23794.0,HOSPITAL OUTPATIENT,COMMERCIAL,CONDITIONS,immunocompromised,0,20,0,1
2022-06-14,622,16430.0,HOSPITAL OUTPATIENT,COMMERCIAL,SYMPTOMS,FATIGUE,0,2,5,0
2022-07-21,2466,3155.0,OFFICE,COMMERCIAL,SYMPTOMS,FATIGUE,0,8,15,0
2022-06-04,1950,0.0,EMERGENCY ROOM - HOSPITAL,COMMERCIAL,SYMPTOMS,COUGH,0,10,4,0
2022-06-20,1613,14940.0,OFFICE,COMMERCIAL,CONDITIONS,hypertension,0,35,4,15
2022-06-08,733,14829.0,OFFICE,COMMERCIAL,CONDITIONS,immunocompromised,0,8,1,0
2022-06-28,3645,21688.0,URGENT CARE FACILITY,COMMERCIAL,CONDITIONS,disease_x,0,2,6,0
2022-06-16,605,24616.0,URGENT CARE FACILITY,COMMERCIAL,CONDITIONS,disease_x,0,1,1,0
2022-06-25,841,0.0,URGENT CARE FACILITY,COMMERCIAL,CONDITIONS,disease_x,0,1,0,0
2022-07-06,289,675.0,OFFICE,COMMERCIAL,SYMPTOMS,FEVER,0,1,9,0
2022-06-03,3597,18913.0,EMERGENCY ROOM - HOSPITAL,MEDICARE,CONDITIONS,DISEASE_X,0,46,1,0
2022-06-29,509,0.0,INDEPENDENT LABORATORY,COMMERCIAL,CONDITIONS,disease_x,0,3,3,0
2022-06-21,1714,2167.0,URGENT CARE FACILITY,COMMERCIAL,CONDITIONS,disease_x,0,8,1,0
2022-07-20,3776,23542.0,OFFICE,MEDICARE,SYMPTOMS,FATIGUE,0,2,10,8
2022-07-20,1208,15476.0,FEDERALLY QUALIFIED HEALTH CENTER,COMMERCIAL,CONDITIONS,diabetes,0,4,0,0
2022-07-14,1813,15349.0,OFFICE,MEDICARE,CONDITIONS,diabetes,0,83,29,24
2022-07-11,2854,22315.0,FEDERALLY QUALIFIED HEALTH CENTER,COMMERCIAL,CONDITIONS,diabetes,0,21,4,0
2022-06-21,655,0.0,URGENT CARE FACILITY,COMMERCIAL,CONDITIONS,disease_x,0,1,3,0
2022-06-20,1340,17916.0,HOSPITAL OUTPATIENT,COMMERCIAL,CONDITIONS,DISEASE_X,0,2,1,0
2022-06-28,8,21499.0,EMERGENCY ROOM - HOSPITAL,COMMERCIAL,CONDITIONS,disease_x,0,1,0,0
2022-07-15,541,9856.0,CLINIC  - FEDERALLY QUALIFIED HEALTH CENTER (FQHC),COMMERCIAL,SYMPTOMS,cough,0,10,17,0
2022-06-29,3551,3451.0,URGENT CARE FACILITY,COMMERCIAL,SYMPTOMS,ACUTE_PHARYNGITIS,0,12,9,25
2022-06-29,1989,25205.0,TELEHEALTH PROVIDED OTHER THAN IN PATIENT'S HOME,COMMERCIAL,CONDITIONS,mental_health_disorders,0,41,2,2
2022-06-20,3149,16353.0,EMERGENCY ROOM - HOSPITAL,COMMERCIAL,CONDITIONS,disease_x,0,1,6,0
2022-07-16,500,24672.0,HOSPITAL OUTPATIENT,COMMERCIAL,SYMPTOMS,FEVER,0,1,9,0
2022-07-11,3993,12180.0,INPATIENT HOSPITAL,COMMERCIAL,SYMPTOMS,FATIGUE,0,16,10,2
2022-06-24,1565,0.0,INDEPENDENT LABORATORY,COMMERCIAL,SYMPTOMS,COUGH,0,1,2,0
2022-06-28,277,10837.0,OFFICE,COMMERCIAL,CONDITIONS,disease_x,0,1,1,0
2022-06-18,2441,13081.0,URGENT CARE FACILITY,COMMERCIAL,CONDITIONS,disease_x,0,2,2,1
2022-07-13,508,17503.0,OFFICE,COMMERCIAL,SYMPTOMS,ACUTE_URI,0,1,29,0
2022-07-14,2393,16772.0,OFFICE,COMMERCIAL,CONDITIONS,heart_disease,0,136,2,0
2022-06-21,1400,22050.0,EMERGENCY ROOM - HOSPITAL,COMMERCIAL,SYMPTOMS,FEVER,0,2,2,0
2022-06-23,3778,9770.0,URGENT CARE FACILITY,COMMERCIAL,CONDITIONS,DISEASE_X,0,1,4,1
2022-06-27,226,22188.0,OFFICE,COMMERCIAL,CONDITIONS,disease_x,0,2,1,0
2022-06-21,554,1754.0,TELEHEALTH PROVIDED OTHER THAN IN PATIENT'S HOME,COMMERCIAL,CONDITIONS,disease_x,0,2,0,0
2022-06-28,1527,0.0,OFFICE,MEDICARE,CONDITIONS,disease_x,0,2,2,0
2022-07-19,587,22235.0,OFFICE,COMMERCIAL,CONDITIONS,disease_x,0,5,0,0
2022-06-24,1674,13944.0,EMERGENCY ROOM - HOSPITAL,COMMERCIAL,SYMPTOMS,DIARRHEA,0,1,2,0
2022-07-18,1707,21379.0,OFFICE,MEDICARE,SYMPTOMS,COUGH,0,16,26,0
2022-07-18,3044,20443.0,TELEHEALTH PROVIDED IN PATIENT'S HOME,COMMERCIAL,CONDITIONS,disease_x,0,41,26,0
2022-06-13,529,24126.0,ON CAMPUS-OUTPATIENT HOSPITAL,COMMERCIAL,CONDITIONS,disease_x,0,12,0,0
2022-06-16,3614,0.0,INDEPENDENT LABORATORY,COMMERCIAL,SYMPTOMS,ACUTE_PHARYNGITIS,0,3,17,0
2022-06-28,457,11567.0,URGENT CARE FACILITY,COMMERCIAL,CONDITIONS,DISEASE_X,0,1,0,0
2022-06-11,2852,6852.0,OFFICE,COMMERCIAL,CONDITIONS,disease_x,0,1,0,0
2022-06-20,1212,15465.0,OFFICE,MEDICARE,CONDITIONS,disease_x,0,7,2,0
2022-07-20,2656,12522.0,OFFICE,COMMERCIAL,CONDITIONS,hypertension,0,36,34,22
2022-07-18,1478,19213.0,OFFICE,COMMERCIAL,SYMPTOMS,SORE_THROAT,0,16,4,62
2022-07-18,2063,16120.0,OFFICE,COMMERCIAL,SYMPTOMS,CONGESTION,0,1,47,0
2022-06-13,1443,7072.0,HOSPITAL OUTPATIENT,COMMERCIAL,CONDITIONS,disease_x,0,8,0,0
2022-06-08,1432,13859.0,OFFICE,COMMERCIAL,CONDITIONS,disease_x,0,8,12,0
2022-07-12,3772,5308.0,OFFICE,COMMERCIAL,CONDITIONS,diabetes,0,27,0,0
2022-06-29,1361,9301.0,HOSPITAL OUTPATIENT,MEDICARE,CONDITIONS,disease_x,0,2,24,0
2022-06-28,1187,3485.0,OFFICE,COMMERCIAL,CONDITIONS,MENTAL_HEALTH_DISORDERS,0,22,3,0
2022-06-29,248,24862.0,OFFICE,COMMERCIAL,CONDITIONS,disease_x,0,1,1,0
2022-06-15,1663,2374.0,OFFICE,COMMERCIAL,CONDITIONS,DISEASE_X,0,2,0,0
2022-06-05,3115,0.0,INDEPENDENT LABORATORY,COMMERCIAL,CONDITIONS,DISEASE_X,0,1,11,0
2022-06-10,553,0.0,TELEHEALTH PROVIDED OTHER THAN IN PATIENT'S HOME,COMMERCIAL,CONDITIONS,disease_x,0,2,5,0
2022-06-09,3186,2211.0,URGENT CARE FACILITY,COMMERCIAL,CONDITIONS,disease_x,0,3,1,5
2022-07-05,2217,20163.0,OFFICE,COMMERCIAL,CONDITIONS,immunocompromised,0,15,0,22
2022-06-27,1970,24351.0,TELEHEALTH PROVIDED OTHER THAN IN PATIENT'S HOME,COMMERCIAL,SYMPTOMS,COUGH,0,30,13,0
2022-06-12,3464,9144.0,URGENT CARE FACILITY,COMMERCIAL,CONDITIONS,DISEASE_X,0,15,3,1
2022-06-14,2679,7161.0,UNASSIGNED,COMMERCIAL,CONDITIONS,disease_x,0,6,5,0
2022-06-13,1830,13361.0,EMERGENCY ROOM - HOSPITAL,COMMERCIAL,CONDITIONS,DISEASE_X,0,39,2,17
2022-07-22,3734,5220.0,OFFICE,COMMERCIAL,CONDITIONS,hypertension,0,23,3,13
2022-06-04,3043,12545.0,EMERGENCY ROOM - HOSPITAL,COMMERCIAL,CONDITIONS,DISEASE_X,0,11,5,9
2022-07-12,1727,23971.0,OFFICE,MEDICARE,CONDITIONS,hypertension,0,74,3,0
2022-06-13,286,22334.0,HOSPITAL OUTPATIENT,COMMERCIAL,CONDITIONS,disease_x,0,1,0,0
2022-06-27,1858,0.0,INDEPENDENT LABORATORY,COMMERCIAL,CONDITIONS,disease_x,0,13,0,14
2022-06-24,1053,0.0,INDEPENDENT LABORATORY,COMMERCIAL,CONDITIONS,disease_x,0,51,10,0
2022-07-19,666,9458.0,HOSPITAL OUTPATIENT,COMMERCIAL,CONDITIONS,immunocompromised,0,25,5,0
2022-06-30,16,21804.0,HOSPITAL OUTPATIENT,UNSPECIFIED,CONDITIONS,disease_x,0,1,0,0
2022-07-21,805,20995.0,OFFICE,COMMERCIAL,CONDITIONS,DIABETES,0,27,6,0
2022-06-01,3570,7227.0,EMERGENCY ROOM - HOSPITAL,COMMERCIAL,SYMPTOMS,cough,0,9,47,0
2022-06-15,1371,4402.0,HOSPITAL OUTPATIENT,COMMERCIAL,CONDITIONS,disease_x,0,3,4,0
2022-06-08,762,690.0,URGENT CARE FACILITY,COMMERCIAL,SYMPTOMS,COUGH,0,4,7,0
2022-06-21,3097,24839.0,OFFICE,COMMERCIAL,SYMPTOMS,DIFFICULTY_BREATHING,0,2,8,1
2022-06-24,2156,22957.0,OFFICE,COMMERCIAL,CONDITIONS,obesity,0,5,1,0
2022-06-22,31,383.0,URGENT CARE FACILITY,COMMERCIAL,CONDITIONS,disease_x,0,1,1,0
2022-06-27,3681,18040.0,TELEHEALTH PROVIDED IN PATIENT'S HOME,COMMERCIAL,SYMPTOMS,COUGH,0,1,2,0
2022-06-09,1795,817.0,EMERGENCY ROOM - HOSPITAL,COMMERCIAL,CONDITIONS,disease_x,0,2,0,0
2022-07-12,1253,655.0,OFFICE,COMMERCIAL,SYMPTOMS,HEADACHE,0,86,52,7
2022-06-22,1980,18753.0,EMERGENCY ROOM - HOSPITAL,COMMERCIAL,CONDITIONS,DISEASE_X,0,10,5,0
2022-06-02,3495,0.0,URGENT CARE FACILITY,COMMERCIAL,CONDITIONS,disease_x,0,19,0,25
2022-06-24,867,8271.0,TELEHEALTH PROVIDED OTHER THAN IN PATIENT'S HOME,COMMERCIAL,CONDITIONS,disease_x,0,7,1,0
2022-07-21,3259,23202.0,UNASSIGNED,COMMERCIAL,CONDITIONS,OBESITY,0,7,1,0
2022-06-11,2001,9144.0,URGENT CARE FACILITY,COMMERCIAL,CONDITIONS,disease_x,0,1,2,6
2022-06-18,102,10961.0,URGENT CARE FACILITY,COMMERCIAL,CONDITIONS,DISEASE_X,0,1,1,0
2022-07-06,1005,16863.0,OFFICE,COMMERCIAL,CONDITIONS,immunocompromised,0,9,2,20
2022-06-15,1021,6585.0,OFFICE,COMMERCIAL,CONDITIONS,disease_x,0,3,3,0
2022-06-23,717,17694.0,OFFICE,COMMERCIAL,CONDITIONS,disease_x,0,1,1,0
2022-06-22,2846,0.0,INDEPENDENT LABORATORY,COMMERCIAL,CONDITIONS,HYPERTENSION,0,43,2,1
2022-06-26,968,99.0,OFFICE,COMMERCIAL,CONDITIONS,DISEASE_X,0,2,2,0
2022-06-19,961,8174.0,TELEHEALTH PROVIDED IN PATIENT'S HOME,COMMERCIAL,CONDITIONS,disease_x,0,9,1,0
2022-06-11,922,5354.0,TELEHEALTH PROVIDED OTHER THAN IN PATIENT'S HOME,COMMERCIAL,CONDITIONS,disease_x,0,23,2,0
2022-07-21,2426,4352.0,OFFICE,COMMERCIAL,SYMPTOMS,fatigue,0,2,7,0
2022-06-07,2497,14956.0,EMERGENCY ROOM - HOSPITAL,COMMERCIAL,CONDITIONS,disease_x,0,14,5,0
2022-07-17,319,0.0,AMBULANCE - LAND,COMMERCIAL,SYMPTOMS,FEVER,0,1,3,0
2022-06-07,3197,6806.0,OFFICE,COMMERCIAL,CONDITIONS,disease_x,0,2,1,0
2022-07-05,1411,21907.0,OFFICE,COMMERCIAL,CONDITIONS,immunocompromised,0,12,4,0
2022-06-12,44,23902.0,EMERGENCY ROOM - HOSPITAL,COMMERCIAL,CONDITIONS,DISEASE_X,0,1,0,0
2022-06-27,637,177.0,OFFICE,COMMERCIAL,CONDITIONS,disease_x,0,1,0,0
2022-07-08,1702,10901.0,OFFICE,COMMERCIAL,SYMPTOMS,cough,0,7,2,10
2022-06-20,3134,110.0,URGENT CARE FACILITY,COMMERCIAL,CONDITIONS,disease_x,0,1,4,0
2022-06-20,3677,1344.0,OFFICE,MEDICARE,CONDITIONS,DISEASE_X,0,22,1,0
2022-06-17,3707,9839.0,TELEHEALTH PROVIDED OTHER THAN IN PATIENT'S HOME,COMMERCIAL,CONDITIONS,DISEASE_X,0,1,1,0
2022-06-02,3516,0.0,OFFICE,COMMERCIAL,CONDITIONS,disease_x,0,2,0,0
2022-06-23,3839,3942.0,TELEHEALTH PROVIDED OTHER THAN IN PATIENT'S HOME,COMMERCIAL,CONDITIONS,heart_disease,0,14,2,25
2022-06-17,2576,5115.0,EMERGENCY ROOM - HOSPITAL,MEDICARE,CONDITIONS,DISEASE_X,0,36,6,0
2022-06-27,1753,4948.0,EMERGENCY ROOM - HOSPITAL,COMMERCIAL,CONDITIONS,disease_x,0,23,8,0
2022-06-15,1481,21357.0,URGENT CARE FACILITY,COMMERCIAL,CONDITIONS,disease_x,0,2,1,0
2022-06-22,715,7513.0,OFF CAMPUS-OUTPATIENT HOSPITAL,COMMERCIAL,CONDITIONS,disease_x,0,8,4,1
2022-07-01,1037,7510.0,OFFICE,COMMERCIAL,SYMPTOMS,ACUTE_URI,0,2,20,0
2022-06-28,3484,7111.0,INPATIENT HOSPITAL,COMMERCIAL,SYMPTOMS,fatigue,0,67,16,0
2022-06-24,1079,4794.0,EMERGENCY ROOM - HOSPITAL,COMMERCIAL,CONDITIONS,DISEASE_X,0,1,1,0
2022-06-14,2806,16093.0,URGENT CARE FACILITY,COMMERCIAL,CONDITIONS,DISEASE_X,0,1,0,0
2022-07-15,2861,2078.0,HOSPITAL OUTPATIENT,COMMERCIAL,CONDITIONS,immunocompromised,0,81,7,2
2022-06-06,2950,0.0,AMBULANCE - LAND,COMMERCIAL,SYMPTOMS,difficulty_breathing,0,5,9,1
2022-06-07,3249,0.0,URGENT CARE FACILITY,COMMERCIAL,CONDITIONS,disease_x,0,1,0,0
2022-07-22,3596,15215.0,OFFICE,COMMERCIAL,CONDITIONS,diabetes,0,6,0,23
2022-06-24,1326,7942.0,TELEHEALTH PROVIDED OTHER THAN IN PATIENT'S HOME,COMMERCIAL,CONDITIONS,disease_x,0,3,5,0
2022-07-22,752,2421.0,OFFICE,COMMERCIAL,CONDITIONS,OBESITY,0,13,9,0
2022-06-27,2290,13796.0,OTHER PLACE OF SERVICE,COMMERCIAL,CONDITIONS,disease_x,0,17,4,0
2022-06-23,3347,0.0,URGENT CARE FACILITY,COMMERCIAL,CONDITIONS,disease_x,0,2,1,4
2022-06-24,2641,14281.0,EMERGENCY ROOM - HOSPITAL,COMMERCIAL,CONDITIONS,disease_x,0,12,13,0
2022-06-07,742,20479.0,OFFICE,COMMERCIAL,CONDITIONS,DISEASE_X,0,1,0,0
2022-06-17,850,1077.0,EMERGENCY ROOM - HOSPITAL,MEDICARE,CONDITIONS,disease_x,0,16,2,0
2022-07-11,1542,16904.0,OFFICE,COMMERCIAL,CONDITIONS,obesity,0,9,3,1
2022-07-14,2402,0.0,OFFICE,COMMERCIAL,SYMPTOMS,FATIGUE,0,1,2,0
2022-06-20,1822,0.0,OFFICE,COMMERCIAL,CONDITIONS,disease_x,0,1,7,0
2022-07-15,1569,16603.0,OFFICE,COMMERCIAL,CONDITIONS,HYPERTENSION,0,66,10,12
2022-06-26,3540,21356.0,URGENT CARE FACILITY,COMMERCIAL,SYMPTOMS,COUGH,0,5,3,0
2022-06-27,67,22462.0,OFFICE,COMMERCIAL,CONDITIONS,disease_x,0,1,0,0
2022-07-08,2577,17460.0,HOSPITAL INPATIENT (INCLUDING MEDICARE PART A),COMMERCIAL,CONDITIONS,disease_x,0,43,0,1
2022-07-11,1602,0.0,INDEPENDENT LABORATORY,COMMERCIAL,SYMPTOMS,COUGH,0,2,4,0
2022-06-03,2493,9689.0,EMERGENCY ROOM - HOSPITAL,COMMERCIAL,CONDITIONS,disease_x,0,16,3,0
2022-07-02,146,3388.0,OFFICE,COMMERCIAL,SYMPTOMS,ACUTE_URI,0,1,1,0
2022-06-24,934,20541.0,OFF CAMPUS-OUTPATIENT HOSPITAL,COMMERCIAL,CONDITIONS,disease_x,0,37,8,1
2022-06-24,1069,20509.0,OFFICE,COMMERCIAL,CONDITIONS,disease_x,0,4,11,0
2022-06-25,2062,18558.0,URGENT CARE FACILITY,COMMERCIAL,CONDITIONS,disease_x,0,3,2,0
2022-07-21,2157,1242.0,UNASSIGNED,MEDICARE,CONDITIONS,disease_x,0,41,0,0
2022-06-20,1686,19698.0,EMERGENCY ROOM - HOSPITAL,COMMERCIAL,CONDITIONS,disease_x,0,3,0,0
2022-06-09,2979,0.0,PHARMACY,MEDICARE,CONDITIONS,disease_x,0,35,0,0
2022-07-18,2225,14463.0,OFFICE,MEDICARE,CONDITIONS,immunocompromised,0,16,17,0
2022-07-11,1119,25342.0,OTHER PLACE OF SERVICE,MEDICARE,CONDITIONS,disease_x,0,76,71,3
2022-06-19,1057,9980.0,HOSPITAL OUTPATIENT,COMMERCIAL,CONDITIONS,disease_x,0,7,4,0
2022-06-28,3272,21142.0,URGENT CARE FACILITY,COMMERCIAL,CONDITIONS,disease_x,0,21,7,26
2022-06-28,865,22535.0,TELEHEALTH PROVIDED OTHER THAN IN PATIENT'S HOME,COMMERCIAL,CONDITIONS,disease_x,0,13,6,0
2022-06-02,3549,54.0,OFFICE,COMMERCIAL,CONDITIONS,disease_x,0,88,8,0
2022-06-18,3119,0.0,INDEPENDENT LABORATORY,COMMERCIAL,CONDITIONS,disease_x,0,1,0,0
2022-07-22,2886,9514.0,OTHER PLACE OF SERVICE,COMMERCIAL,SYMPTOMS,MUSCLE_ACHE,0,15,59,0
2022-07-22,1412,5409.0,OFFICE,COMMERCIAL,CONDITIONS,immunocompromised,0,49,13,0
2022-07-21,2551,25083.0,UNASSIGNED,MEDICARE,CONDITIONS,disease_x,0,27,2,59
2022-06-27,539,19852.0,OFFICE,COMMERCIAL,CONDITIONS,DISEASE_X,0,1,1,0
2022-07-22,465,18650.0,OFFICE,COMMERCIAL,SYMPTOMS,cough,0,12,6,0
2022-06-24,690,0.0,OFFICE,COMMERCIAL,SYMPTOMS,ACUTE_PHARYNGITIS,0,3,6,0
2022-06-14,2050,8235.0,OFFICE,COMMERCIAL,CONDITIONS,DISEASE_X,0,2,1,0
2022-06-20,4003,16578.0,URGENT CARE FACILITY,COMMERCIAL,CONDITIONS,disease_x,0,2,2,0
2022-06-21,192,12209.0,EMERGENCY ROOM - HOSPITAL,COMMERCIAL,SYMPTOMS,HEADACHE,0,1,3,0
2022-07-08,3745,18808.0,OFFICE,MEDICARE,CONDITIONS,HEART_DISEASE,0,61,25,28
2022-06-07,2899,21082.0,TELEHEALTH PROVIDED OTHER THAN IN PATIENT'S HOME,COMMERCIAL,CONDITIONS,disease_x,0,11,18,14
2022-06-30,489,14249.0,OFFICE,COMMERCIAL,CONDITIONS,disease_x,0,1,0,0
2022-06-24,3965,8707.0,URGENT CARE FACILITY,COMMERCIAL,CONDITIONS,disease_x,0,19,0,2
2022-06-19,3322,870.0,HOSPITAL OUTPATIENT,COMMERCIAL,CONDITIONS,DISEASE_X,0,1,0,0
2022-06-25,3153,0.0,OFFICE,COMMERCIAL,CONDITIONS,DISEASE_X,0,7,3,0
2022-06-27,3080,0.0,TELEHEALTH PROVIDED IN PATIENT'S HOME,COMMERCIAL,CONDITIONS,DISEASE_X,0,38,6,15
2022-06-24,913,5995.0,URGENT CARE FACILITY,COMMERCIAL,CONDITIONS,DISEASE_X,0,1,5,0
2022-06-25,2226,11322.0,URGENT CARE FACILITY,COMMERCIAL,CONDITIONS,disease_x,0,1,0,0
2022-06-21,38,22222.0,EMERGENCY ROOM - HOSPITAL,COMMERCIAL,CONDITIONS,disease_x,0,1,0,0
2022-06-25,3788,10547.0,URGENT CARE FACILITY,MEDICARE,CONDITIONS,DISEASE_X,0,18,10,11
2022-06-13,3894,18209.0,WALK-IN RETAIL HEALTH CLINIC,COMMERCIAL,CONDITIONS,disease_x,0,16,0,9
2022-07-22,2939,24415.0,OFFICE,MEDICARE,CONDITIONS,hypertension,0,87,6,12
2022-07-05,3581,6090.0,OFFICE,COMMERCIAL,CONDITIONS,disease_x,0,5,22,3
2022-07-22,3105,0.0,OTHER PLACE OF SERVICE,MEDICARE,CONDITIONS,disease_x,0,134,17,3
2022-06-02,3226,4409.0,EMERGENCY ROOM - HOSPITAL,COMMERCIAL,CONDITIONS,disease_x,0,1,0,0
2022-06-22,2,7777.0,EMERGENCY ROOM - HOSPITAL,COMMERCIAL,SYMPTOMS,fever,0,1,1,0
2022-07-22,2569,22610.0,ON CAMPUS-OUTPATIENT HOSPITAL,MEDICARE,CONDITIONS,immunocompromised,0,21,13,0
2022-06-29,1359,22630.0,OFFICE,COMMERCIAL,CONDITIONS,disease_x,0,21,0,0
2022-06-22,774,15517.0,HOSPITAL OUTPATIENT,COMMERCIAL,CONDITIONS,disease_x,0,3,0,2
2022-06-18,1963,14429.0,URGENT CARE FACILITY,COMMERCIAL,CONDITIONS,disease_x,0,2,3,0
2022-06-01,3262,19846.0,OFFICE,COMMERCIAL,CONDITIONS,disease_x,0,4,0,0
2022-06-28,1859,4412.0,OFFICE,COMMERCIAL,CONDITIONS,OBESITY,0,51,7,0
2022-06-20,3799,1604.0,URGENT CARE FACILITY,MEDICARE,CONDITIONS,disease_x,0,104,3,1
2022-06-30,3689,11228.0,INPATIENT HOSPITAL,COMMERCIAL,CONDITIONS,diabetes,0,51,0,0
2022-06-20,2816,17863.0,URGENT CARE FACILITY,COMMERCIAL,CONDITIONS,disease_x,0,30,5,0
2022-07-22,1884,12947.0,ON CAMPUS-OUTPATIENT HOSPITAL,COMMERCIAL,CONDITIONS,heart_disease,0,35,22,11
2022-07-05,1898,5303.0,HOSPITAL OUTPATIENT,COMMERCIAL,CONDITIONS,disease_x,0,8,2,0
2022-07-05,2787,0.0,UNASSIGNED,COMMERCIAL,CONDITIONS,immunocompromised,0,50,2,0
2022-06-15,1087,16123.0,HOSPITAL OUTPATIENT,COMMERCIAL,CONDITIONS,disease_x,0,1,20,0
2022-06-10,1416,18370.0,TELEHEALTH PROVIDED IN PATIENT'S HOME,COMMERCIAL,CONDITIONS,disease_x,0,1,2,0
2022-06-15,2100,0.0,TELEHEALTH PROVIDED IN PATIENT'S HOME,COMMERCIAL,CONDITIONS,DISEASE_X,0,7,2,0
2022-06-07,1436,16388.0,OFFICE,COMMERCIAL,CONDITIONS,DISEASE_X,0,2,0,0
2022-07-13,3794,12687.0,OFFICE,MEDICARE,SYMPTOMS,fatigue,0,138,28,2
2022-06-04,1357,20728.0,TELEHEALTH PROVIDED OTHER THAN IN PATIENT'S HOME,COMMERCIAL,CONDITIONS,disease_x,0,13,4,0
2022-06-10,199,15489.0,OFFICE,COMMERCIAL,CONDITIONS,disease_x,0,1,0,0
2022-06-09,3268,6121.0,TELEHEALTH PROVIDED IN PATIENT'S HOME,COMMERCIAL,CONDITIONS,disease_x,0,2,0,0
2022-06-21,3876,9373.0,OFFICE,MEDICARE,CONDITIONS,disease_x,0,84,24,0
2022-06-24,1685,16851.0,TELEHEALTH PROVIDED OTHER THAN IN PATIENT'S HOME,COMMERCIAL,SYMPTOMS,ACUTE_PHARYNGITIS,0,2,1,0
2022-06-20,1804,6448.0,URGENT CARE FACILITY,COMMERCIAL,CONDITIONS,disease_x,0,1,0,0
2022-06-01,2412,624.0,URGENT CARE FACILITY,COMMERCIAL,CONDITIONS,DISEASE_X,0,6,2,0
2022-06-17,700,18677.0,ON CAMPUS-OUTPATIENT HOSPITAL,COMMERCIAL,CONDITIONS,disease_x,0,2,1,0
2022-06-10,3266,0.0,OFFICE,MEDICARE,CONDITIONS,disease_x,0,2,2,0
2022-06-29,2473,17215.0,OFFICE,COMMERCIAL,SYMPTOMS,COUGH,0,18,11,14
2022-06-01,1124,0.0,URGENT CARE FACILITY,COMMERCIAL,CONDITIONS,DISEASE_X,0,4,12,0
2022-07-22,3253,1001.0,ON CAMPUS-OUTPATIENT HOSPITAL,COMMERCIAL,CONDITIONS,heart_disease,0,22,5,0
2022-06-14,1046,9823.0,TELEHEALTH PROVIDED OTHER THAN IN PATIENT'S HOME,COMMERCIAL,CONDITIONS,disease_x,0,56,7,0
2022-06-28,2683,0.0,URGENT CARE FACILITY,COMMERCIAL,CONDITIONS,DISEASE_X,0,1,0,0
2022-06-15,520,1873.0,OFFICE,COMMERCIAL,SYMPTOMS,NAUSEA_AND_VOMITING,0,6,4,1
2022-06-02,654,1436.0,EMERGENCY ROOM - HOSPITAL,COMMERCIAL,CONDITIONS,disease_x,0,1,0,0
2022-07-19,2849,12243.0,OFFICE,MEDICARE,CONDITIONS,heart_disease,0,69,7,21
2022-06-07,1560,20213.0,OFFICE,COMMERCIAL,CONDITIONS,disease_x,0,3,0,0
2022-07-12,2734,19373.0,ON CAMPUS-OUTPATIENT HOSPITAL,MEDICAID,CONDITIONS,heart_disease,0,10,1,24
2022-06-01,1077,22280.0,TELEHEALTH PROVIDED OTHER THAN IN PATIENT'S HOME,COMMERCIAL,CONDITIONS,disease_x,0,6,3,0
2022-07-08,1524,4887.0,OFFICE,MEDICARE,CONDITIONS,diabetes,0,58,5,27
2022-06-19,2210,19816.0,OFFICE,COMMERCIAL,CONDITIONS,disease_x,0,8,1,0
2022-06-24,3392,19699.0,OFFICE,COMMERCIAL,SYMPTOMS,COUGH,0,5,6,0
2022-06-30,2154,20379.0,URGENT CARE FACILITY,COMMERCIAL,CONDITIONS,disease_x,0,3,1,22
2022-06-17,3202,17213.0,INPATIENT HOSPITAL,MEDICARE,CONDITIONS,disease_x,0,12,18,0
2022-06-02,1627,3334.0,RURAL HEALTH CLINIC,COMMERCIAL,CONDITIONS,disease_x,0,1,4,0
2022-06-12,1092,0.0,TELEHEALTH PROVIDED IN PATIENT'S HOME,COMMERCIAL,CONDITIONS,DISEASE_X,0,2,0,0
2022-06-04,903,4056.0,OFFICE,COMMERCIAL,CONDITIONS,DISEASE_X,0,1,13,0
2022-06-21,1010,16426.0,HOSPITAL OUTPATIENT,COMMERCIAL,CONDITIONS,DISEASE_X,0,5,0,0
2022-06-22,3407,15798.0,OFFICE,COMMERCIAL,SYMPTOMS,fever,0,1,2,0
2022-07-18,1558,0.0,OTHER PLACE OF SERVICE,COMMERCIAL,CONDITIONS,disease_x,0,191,1,0
2022-06-02,723,0.0,OFFICE,COMMERCIAL,CONDITIONS,disease_x,0,1,0,0
2022-06-22,3529,23781.0,TELEHEALTH PROVIDED OTHER THAN IN PATIENT'S HOME,COMMERCIAL,CONDITIONS,DISEASE_X,0,5,40,11
2022-06-02,3694,6871.0,WALK-IN RETAIL HEALTH CLINIC,COMMERCIAL,CONDITIONS,disease_x,0,1,1,0
2022-06-30,3359,1396.0,TELEHEALTH PROVIDED IN PATIENT'S HOME,COMMERCIAL,CONDITIONS,disease_x,0,1,0,0
2022-06-29,1391,2648.0,OFFICE,COMMERCIAL,CONDITIONS,disease_x,0,23,18,0
2022-06-09,3130,24671.0,OFFICE,COMMERCIAL,SYMPTOMS,DIFFICULTY_BREATHING,0,3,10,0
2022-06-02,2728,12248.0,OFFICE,COMMERCIAL,CONDITIONS,DISEASE_X,0,15,7,0
2022-06-13,1397,7455.0,OFFICE,COMMERCIAL,SYMPTOMS,COUGH,0,4,7,0
2022-06-01,2544,17592.0,TELEHEALTH PROVIDED OTHER THAN IN PATIENT'S HOME,COMMERCIAL,CONDITIONS,disease_x,0,1,5,0
2022-06-23,3001,22592.0,TELEHEALTH PROVIDED OTHER THAN IN PATIENT'S HOME,COMMERCIAL,CONDITIONS,disease_x,0,4,1,0
2022-06-28,3343,19770.0,TELEHEALTH PROVIDED OTHER THAN IN PATIENT'S HOME,MEDICARE,SYMPTOMS,cough,0,2,3,0
2022-06-23,1256,12440.0,URGENT CARE FACILITY,COMMERCIAL,CONDITIONS,DISEASE_X,0,2,0,0
2022-07-10,1439,0.0,OTHER PLACE OF SERVICE,COMMERCIAL,CONDITIONS,diabetes,0,128,5,1
2022-06-21,765,6083.0,HOSPITAL OUTPATIENT,COMMERCIAL,CONDITIONS,disease_x,0,1,4,0
2022-06-02,191,1327.0,HOSPITAL OUTPATIENT,COMMERCIAL,CONDITIONS,disease_x,0,5,5,0
2022-07-22,2118,25225.0,OFFICE,COMMERCIAL,SYMPTOMS,MUSCLE_ACHE,0,1,28,0
2022-07-18,1520,5544.0,OFFICE,COMMERCIAL,CONDITIONS,obesity,0,7,2,0
2022-06-22,3925,9738.0,EMERGENCY ROOM - HOSPITAL,COMMERCIAL,CONDITIONS,disease_x,0,3,0,0
2022-06-15,3742,10032.0,HOSPITAL OUTPATIENT,COMMERCIAL,CONDITIONS,DISEASE_X,0,4,1,0
2022-07-17,1568,4766.0,INPATIENT HOSPITAL,COMMERCIAL,CONDITIONS,heart_disease,0,16,13,0
2022-06-13,511,0.0,INDEPENDENT LABORATORY,MEDICARE,CONDITIONS,DISEASE_X,0,1,0,0
2022-06-16,1309,19790.0,EMERGENCY ROOM - HOSPITAL,MEDICARE,CONDITIONS,disease_x,0,15,9,0
2022-06-15,1521,23274.0,UNASSIGNED,COMMERCIAL,CONDITIONS,hypertension,0,58,4,1
2022-06-18,938,1653.0,URGENT CARE FACILITY,MEDICARE,SYMPTOMS,FATIGUE,0,1,1,0
2022-07-08,516,21618.0,OTHER PLACE OF SERVICE,COMMERCIAL,CONDITIONS,hypertension,0,177,8,0
2022-06-03,1280,0.0,URGENT CARE FACILITY,COMMERCIAL,CONDITIONS,DISEASE_X,0,14,12,0
2022-06-01,1535,3489.0,TELEHEALTH PROVIDED OTHER THAN IN PATIENT'S HOME,COMMERCIAL,CONDITIONS,DISEASE_X,0,14,7,0
2022-07-06,2930,20937.0,OFFICE,MEDICARE,CONDITIONS,DIABETES,0,18,0,2
2022-06-15,2753,0.0,URGENT CARE FACILITY,COMMERCIAL,CONDITIONS,disease_x,0,3,5,0
2022-06-27,1949,20417.0,OFFICE,COMMERCIAL,SYMPTOMS,ACUTE_PHARYNGITIS,0,26,10,0
2022-07-18,3431,20540.0,OFFICE,COMMERCIAL,CONDITIONS,DIABETES,0,108,52,1
2022-06-10,93,15317.0,OFFICE,COMMERCIAL,CONDITIONS,DISEASE_X,0,1,1,0
2022-07-19,3774,10804.0,OFFICE,MEDICARE,CONDITIONS,heart_disease,0,91,4,9
2022-06-16,3547,0.0,INDEPENDENT LABORATORY,COMMERCIAL,CONDITIONS,disease_x,0,14,0,3
2022-06-19,1885,10737.0,URGENT CARE FACILITY,COMMERCIAL,CONDITIONS,disease_x,0,18,5,0
2022-06-30,1114,1351.0,OFFICE,COMMERCIAL,CONDITIONS,DISEASE_X,0,2,11,0
2022-06-17,649,11670.0,OFFICE,COMMERCIAL,SYMPTOMS,DIFFICULTY_BREATHING,0,3,3,0
2022-06-07,1946,0.0,CLINIC - FREESTANDING,COMMERCIAL,CONDITIONS,disease_x,0,3,1,0
2022-06-17,1910,17633.0,TELEHEALTH PROVIDED OTHER THAN IN PATIENT'S HOME,COMMERCIAL,CONDITIONS,disease_x,0,5,0,0
2022-06-06,1028,0.0,INDEPENDENT LABORATORY,COMMERCIAL,CONDITIONS,disease_x,0,1,5,0
2022-06-03,1519,5487.0,EMERGENCY ROOM - HOSPITAL,COMMERCIAL,CONDITIONS,DISEASE_X,0,2,0,0
2022-06-20,1298,17067.0,TELEHEALTH PROVIDED OTHER THAN IN PATIENT'S HOME,COMMERCIAL,CONDITIONS,disease_x,0,1,13,0
2022-06-01,3621,10314.0,HOSPITAL - LABORATORY SERVICES PROVIDED TO NON-PATIENTS,MEDICARE,CONDITIONS,disease_x,0,77,0,1
2022-06-14,358,2320.0,HOSPITAL OUTPATIENT,COMMERCIAL,CONDITIONS,disease_x,0,2,1,0
2022-07-21,1666,2092.0,OFFICE,COMMERCIAL,SYMPTOMS,ACUTE_PHARYNGITIS,0,4,11,0
2022-07-21,1723,5734.0,INPATIENT HOSPITAL,MEDICARE,CONDITIONS,immunocompromised,0,89,7,3
2022-06-30,3748,2274.0,TELEHEALTH PROVIDED OTHER THAN IN PATIENT'S HOME,COMMERCIAL,CONDITIONS,disease_x,0,4,6,0
2022-06-29,2540,16037.0,EMERGENCY ROOM - HOSPITAL,COMMERCIAL,CONDITIONS,DISEASE_X,0,3,13,0
2022-07-07,1842,21781.0,INPATIENT HOSPITAL,COMMERCIAL,CONDITIONS,mental_health_disorders,0,19,1,0
2022-07-19,124,1303.0,OFFICE,COMMERCIAL,CONDITIONS,OBESITY,0,3,0,0
2022-06-17,3412,23133.0,OFFICE,MEDICARE,CONDITIONS,disease_x,0,38,6,1
2022-07-07,1616,0.0,OTHER PLACE OF SERVICE,MEDICARE,CONDITIONS,disease_x,0,87,32,3
2022-06-23,2839,14790.0,URGENT CARE FACILITY,MEDICARE,SYMPTOMS,COUGH,0,1,4,16
2022-06-22,1758,24675.0,HOSPITAL OUTPATIENT,COMMERCIAL,CONDITIONS,disease_x,0,1,0,0
2022-06-21,1274,19908.0,OFFICE,COMMERCIAL,CONDITIONS,disease_x,0,43,56,31
2022-06-29,496,11095.0,URGENT CARE FACILITY,COMMERCIAL,SYMPTOMS,FEVER,0,7,1,0
2022-06-15,2874,11946.0,URGENT CARE FACILITY,COMMERCIAL,SYMPTOMS,COUGH,0,20,3,0
2022-07-01,2307,22781.0,OFFICE,COMMERCIAL,CONDITIONS,immunocompromised,0,75,3,14
2022-06-08,2353,0.0,TELEHEALTH PROVIDED OTHER THAN IN PATIENT'S HOME,COMMERCIAL,CONDITIONS,DISEASE_X,0,1,2,0
2022-07-05,136,4164.0,EMERGENCY ROOM - HOSPITAL,COMMERCIAL,SYMPTOMS,fever,0,6,2,0
2022-06-25,939,20075.0,URGENT CARE FACILITY,COMMERCIAL,CONDITIONS,disease_x,0,2,2,0
2022-06-23,3668,5536.0,HOSPITAL OUTPATIENT,MEDICARE,CONDITIONS,DISEASE_X,0,24,4,0
2022-06-28,2901,1258.0,URGENT CARE FACILITY,COMMERCIAL,CONDITIONS,DISEASE_X,0,3,3,1
2022-06-11,3165,7196.0,OFFICE,MEDICARE,CONDITIONS,disease_x,0,29,3,0
2022-06-13,3674,9956.0,OFFICE,COMMERCIAL,CONDITIONS,immunocompromised,0,10,0,0
2022-07-18,1976,15509.0,TELEHEALTH PROVIDED OTHER THAN IN PATIENT'S HOME,COMMERCIAL,SYMPTOMS,COUGH,0,1,3,0
2022-06-21,2511,0.0,URGENT CARE FACILITY,COMMERCIAL,CONDITIONS,DISEASE_X,0,1,0,0
2022-06-17,152,11580.0,TELEHEALTH PROVIDED OTHER THAN IN PATIENT'S HOME,COMMERCIAL,CONDITIONS,disease_x,0,2,0,0
2022-06-16,1336,22670.0,TELEHEALTH PROVIDED OTHER THAN IN PATIENT'S HOME,COMMERCIAL,CONDITIONS,IMMUNOCOMPROMISED,0,105,13,0
2022-06-28,2071,24017.0,OFFICE,COMMERCIAL,CONDITIONS,DISEASE_X,0,1,4,0
2022-06-05,4005,21059.0,EMERGENCY ROOM - HOSPITAL,MEDICARE,CONDITIONS,disease_x,0,3,4,0
2022-06-24,233,24097.0,EMERGENCY ROOM - HOSPITAL,MEDICARE,CONDITIONS,disease_x,0,2,2,0
2022-06-23,1058,10929.0,OFFICE,COMMERCIAL,CONDITIONS,disease_x,0,1,0,0
2022-06-27,1670,0.0,INDEPENDENT LABORATORY,COMMERCIAL,CONDITIONS,disease_x,0,26,3,0
2022-06-27,322,9311.0,TELEHEALTH PROVIDED OTHER THAN IN PATIENT'S HOME,COMMERCIAL,CONDITIONS,disease_x,0,3,0,0
2022-07-11,1427,22505.0,FEDERALLY QUALIFIED HEALTH CENTER,COMMERCIAL,CONDITIONS,obesity,0,37,25,0
2022-06-29,490,9471.0,OFFICE,MEDICARE,SYMPTOMS,fatigue,0,10,11,1
2022-06-15,1322,12388.0,URGENT CARE FACILITY,COMMERCIAL,CONDITIONS,disease_x,0,1,2,0
2022-06-07,763,0.0,URGENT CARE FACILITY,COMMERCIAL,CONDITIONS,disease_x,0,1,5,0
2022-06-22,2124,8536.0,TELEHEALTH PROVIDED IN PATIENT'S HOME,COMMERCIAL,CONDITIONS,disease_x,0,4,2,0
2022-06-29,3048,4564.0,OFFICE,COMMERCIAL,SYMPTOMS,CONGESTION,0,2,21,0
2022-06-22,3421,21569.0,OFFICE,COMMERCIAL,CONDITIONS,hypertension,0,15,6,1
2022-06-27,1458,0.0,OTHER PLACE OF SERVICE,MEDICARE,CONDITIONS,disease_x,0,11,0,0
2022-06-27,1965,2162.0,OFFICE,COMMERCIAL,SYMPTOMS,cough,0,11,15,0
2022-06-17,2407,17300.0,OFFICE,COMMERCIAL,CONDITIONS,disease_x,0,15,1,0
2022-06-02,1068,14012.0,URGENT CARE FACILITY,COMMERCIAL,CONDITIONS,disease_x,0,8,8,9
2022-07-04,2827,0.0,OTHER PLACE OF SERVICE,COMMERCIAL,CONDITIONS,disease_x,0,5,0,0
2022-06-11,1303,0.0,INDEPENDENT LABORATORY,COMMERCIAL,CONDITIONS,disease_x,0,1,6,0
2022-06-08,2817,0.0,INDEPENDENT LABORATORY,COMMERCIAL,CONDITIONS,disease_x,0,1,3,0
2022-06-16,203,0.0,INDEPENDENT LABORATORY,COMMERCIAL,CONDITIONS,disease_x,0,1,0,0
2022-06-10,2030,7106.0,OFFICE,COMMERCIAL,CONDITIONS,DISEASE_X,0,1,33,9
2022-06-14,2867,8213.0,OFFICE,COMMERCIAL,CONDITIONS,disease_x,0,35,6,0
2022-06-21,2291,0.0,URGENT CARE FACILITY,COMMERCIAL,SYMPTOMS,ACUTE_URI,0,2,12,0
2022-07-11,3403,24107.0,OFFICE,COMMERCIAL,CONDITIONS,HEART_DISEASE,0,47,6,0
2022-06-15,3143,0.0,URGENT CARE FACILITY,COMMERCIAL,CONDITIONS,disease_x,0,12,6,0
2022-06-27,1530,4391.0,UNASSIGNED,MEDICARE,CONDITIONS,immunocompromised,0,48,18,2
2022-06-23,3743,0.0,OTHER PLACE OF SERVICE,MEDICAID,CONDITIONS,DISEASE_X,0,10,1,2
2022-06-11,3522,12106.0,EMERGENCY ROOM - HOSPITAL,COMMERCIAL,CONDITIONS,disease_x,0,4,3,0
2022-07-19,1799,8529.0,OFFICE,COMMERCIAL,SYMPTOMS,headache,0,75,23,0
2022-07-06,1577,14938.0,OFFICE,COMMERCIAL,CONDITIONS,obesity,0,73,16,21
2022-06-14,833,658.0,FEDERALLY QUALIFIED HEALTH CENTER,COMMERCIAL,CONDITIONS,disease_x,0,33,4,0
2022-06-08,3300,1089.0,OFFICE,MEDICARE,CONDITIONS,DISEASE_X,0,15,13,0
2022-06-22,250,0.0,URGENT CARE FACILITY,COMMERCIAL,CONDITIONS,DISEASE_X,0,1,1,0
2022-06-01,2354,23484.0,OFFICE,COMMERCIAL,SYMPTOMS,SORE_THROAT,0,1,1,0
2022-06-02,1766,22583.0,TELEHEALTH PROVIDED OTHER THAN IN PATIENT'S HOME,COMMERCIAL,CONDITIONS,disease_x,0,14,3,0
2022-06-24,2661,41.0,URGENT CARE FACILITY,COMMERCIAL,CONDITIONS,disease_x,0,1,0,4
2022-06-11,1853,918.0,HOSPITAL OUTPATIENT,COMMERCIAL,CONDITIONS,DISEASE_X,0,2,1,0
2022-06-09,2222,23404.0,TELEHEALTH PROVIDED OTHER THAN IN PATIENT'S HOME,COMMERCIAL,CONDITIONS,disease_x,0,30,1,0
2022-06-22,2573,15992.0,OFFICE,COMMERCIAL,SYMPTOMS,ACUTE_PHARYNGITIS,0,2,2,0
2022-06-23,3179,0.0,INDEPENDENT LABORATORY,COMMERCIAL,CONDITIONS,DISEASE_X,0,2,9,0
2022-07-11,2658,17608.0,EMERGENCY ROOM - HOSPITAL,COMMERCIAL,SYMPTOMS,sore_throat,0,56,52,0
2022-06-08,1914,10247.0,TELEHEALTH PROVIDED OTHER THAN IN PATIENT'S HOME,COMMERCIAL,CONDITIONS,disease_x,0,2,3,0
2022-06-26,898,15818.0,EMERGENCY ROOM - HOSPITAL,COMMERCIAL,CONDITIONS,disease_x,0,17,4,0
2022-06-21,2329,14086.0,OFFICE,COMMERCIAL,CONDITIONS,IMMUNOCOMPROMISED,0,17,11,19
2022-06-18,599,5578.0,OFFICE,COMMERCIAL,CONDITIONS,disease_x,0,10,1,0
2022-06-27,2014,12935.0,TELEHEALTH PROVIDED IN PATIENT'S HOME,COMMERCIAL,CONDITIONS,disease_x,0,45,4,5
2022-06-23,1257,23552.0,TELEHEALTH PROVIDED OTHER THAN IN PATIENT'S HOME,COMMERCIAL,CONDITIONS,disease_x,0,59,1,0
2022-06-24,1890,23338.0,OFFICE,MEDICARE,SYMPTOMS,ACUTE_URI,0,53,16,7
2022-06-29,2959,12255.0,OFFICE,COMMERCIAL,SYMPTOMS,COUGH,0,73,4,0
2022-06-12,2199,1267.0,EMERGENCY ROOM - HOSPITAL,COMMERCIAL,CONDITIONS,DISEASE_X,0,2,2,0
2022-06-03,1063,11258.0,EMERGENCY ROOM - HOSPITAL,COMMERCIAL,SYMPTOMS,HEADACHE,0,1,5,0
2022-06-22,759,1660.0,URGENT CARE FACILITY,COMMERCIAL,SYMPTOMS,CONGESTION,0,8,10,1
2022-07-19,3922,24598.0,OFFICE,COMMERCIAL,CONDITIONS,HYPERTENSION,0,41,7,0
2022-07-17,2048,4533.0,HOSPITAL OUTPATIENT,COMMERCIAL,CONDITIONS,immunocompromised,0,114,53,8
2022-06-27,2666,15366.0,RURAL HEALTH CLINIC,COMMERCIAL,CONDITIONS,disease_x,0,2,6,0
2022-07-21,3212,18134.0,TELEHEALTH PROVIDED OTHER THAN IN PATIENT'S HOME,COMMERCIAL,CONDITIONS,diabetes,0,140,14,45
2022-06-07,2089,9355.0,HOSPITAL OUTPATIENT,COMMERCIAL,CONDITIONS,DISEASE_X,0,4,0,0
2022-06-24,2278,0.0,URGENT CARE FACILITY,COMMERCIAL,CONDITIONS,disease_x,0,1,8,0
2022-06-29,2244,23360.0,URGENT CARE FACILITY,COMMERCIAL,CONDITIONS,disease_x,0,18,0,0
2022-06-20,432,742.0,EMERGENCY ROOM - HOSPITAL,COMMERCIAL,CONDITIONS,disease_x,0,1,5,0
2022-07-08,2295,0.0,OTHER PLACE OF SERVICE,COMMERCIAL,CONDITIONS,disease_x,0,15,8,75
2022-07-07,3760,0.0,OTHER PLACE OF SERVICE,COMMERCIAL,CONDITIONS,hypertension,0,7,3,0
2022-06-15,298,18115.0,EMERGENCY ROOM - HOSPITAL,COMMERCIAL,CONDITIONS,disease_x,0,1,5,0
2022-07-12,3678,2510.0,OFFICE,MEDICARE,CONDITIONS,diabetes,0,130,37,0
2022-06-07,1355,3755.0,URGENT CARE FACILITY,COMMERCIAL,CONDITIONS,disease_x,0,1,0,0
2022-06-24,2298,8294.0,HOSPITAL - LABORATORY SERVICES PROVIDED TO NON-PATIENTS,COMMERCIAL,CONDITIONS,disease_x,0,1,0,0
2022-07-01,2181,24758.0,OFFICE,COMMERCIAL,SYMPTOMS,COUGH,0,142,55,32
2022-06-11,1484,6107.0,INPATIENT HOSPITAL,COMMERCIAL,CONDITIONS,diabetes,0,60,16,0
2022-07-18,1831,1794.0,OFFICE,COMMERCIAL,CONDITIONS,hypertension,0,10,5,1
2022-06-14,1650,2642.0,HOSPITAL OUTPATIENT,COMMERCIAL,CONDITIONS,disease_x,0,85,2,4
2022-06-30,2887,2630.0,TELEHEALTH PROVIDED IN PATIENT'S HOME,COMMERCIAL,CONDITIONS,HYPERTENSION,0,5,1,34
2022-06-02,468,76.0,OFFICE,COMMERCIAL,CONDITIONS,disease_x,0,1,0,0
2022-06-22,23,8022.0,OFFICE,MEDICARE,CONDITIONS,disease_x,0,1,0,0
2022-06-27,658,24456.0,OFFICE,COMMERCIAL,CONDITIONS,disease_x,0,1,19,0
2022-06-10,3108,2238.0,EMERGENCY ROOM - HOSPITAL,COMMERCIAL,CONDITIONS,disease_x,0,1,2,0
2022-06-16,3445,0.0,TELEHEALTH PROVIDED IN PATIENT'S HOME,COMMERCIAL,CONDITIONS,DISEASE_X,0,1,0,0
2022-06-12,1474,0.0,INDEPENDENT LABORATORY,COMMERCIAL,SYMPTOMS,FATIGUE,0,8,1,0
2022-06-06,2193,3805.0,EMERGENCY ROOM - HOSPITAL,COMMERCIAL,CONDITIONS,disease_x,0,6,2,1
2022-06-24,1836,7568.0,HOSPITAL OUTPATIENT,COMMERCIAL,CONDITIONS,HEART_DISEASE,0,8,5,0
2022-06-29,3554,1643.0,OFFICE,COMMERCIAL,CONDITIONS,disease_x,0,10,1,0
2022-07-22,1477,25158.0,OFFICE,COMMERCIAL,CONDITIONS,HYPERTENSION,0,15,0,6
2022-06-14,56,2939.0,WALK-IN RETAIL HEALTH CLINIC,MEDICARE,CONDITIONS,disease_x,0,1,0,0
2022-06-28,3702,0.0,AMBULANCE - LAND,COMMERCIAL,SYMPTOMS,DIFFICULTY_BREATHING,0,6,13,1
2022-06-21,3753,20114.0,INPATIENT HOSPITAL,MEDICAID,CONDITIONS,disease_x,0,1,0,0
2022-07-21,1924,2100.0,OFFICE,COMMERCIAL,SYMPTOMS,FATIGUE,0,1,14,0
2022-07-11,3802,6025.0,OFFICE,COMMERCIAL,CONDITIONS,immunocompromised,0,56,5,0
2022-07-02,1992,2038.0,OFFICE,MEDICARE,CONDITIONS,disease_x,0,21,3,13
2022-06-25,1737,4676.0,URGENT CARE FACILITY,MEDICARE,CONDITIONS,disease_x,0,3,2,3
2022-06-08,262,18237.0,URGENT CARE FACILITY,COMMERCIAL,CONDITIONS,disease_x,0,1,4,0
2022-06-07,2564,519.0,TELEHEALTH PROVIDED IN PATIENT'S HOME,COMMERCIAL,CONDITIONS,disease_x,0,103,25,0
2022-06-08,3775,21193.0,OFFICE,COMMERCIAL,CONDITIONS,disease_x,0,1,1,0
2022-06-22,3120,23636.0,INPATIENT HOSPITAL,MEDICARE,CONDITIONS,DISEASE_X,0,63,7,33
2022-06-08,366,4145.0,OFFICE,COMMERCIAL,CONDITIONS,disease_x,0,1,0,0
2022-07-06,3558,3322.0,OFFICE,COMMERCIAL,CONDITIONS,IMMUNOCOMPROMISED,0,18,45,3
2022-06-29,406,17679.0,TELEHEALTH PROVIDED OTHER THAN IN PATIENT'S HOME,COMMERCIAL,CONDITIONS,immunocompromised,0,11,9,3
2022-06-06,2495,8804.0,EMERGENCY ROOM - HOSPITAL,MEDICARE,CONDITIONS,disease_x,0,1,3,0
2022-06-03,72,4509.0,URGENT CARE FACILITY,COMMERCIAL,CONDITIONS,disease_x,0,1,0,0
2022-07-20,789,17238.0,OFFICE,MEDICARE,CONDITIONS,IMMUNOCOMPROMISED,0,68,8,56
2022-07-12,3055,24100.0,OFFICE,MEDICARE,CONDITIONS,hypertension,0,4,1,0
2022-06-26,1304,0.0,INDEPENDENT LABORATORY,COMMERCIAL,CONDITIONS,DISEASE_X,0,17,3,0
2022-06-24,1025,12999.0,OFFICE,MEDICARE,CONDITIONS,disease_x,0,10,8,0
2022-06-27,3961,11628.0,OFFICE,MEDICARE,CONDITIONS,diabetes,0,104,1,20
2022-06-02,3357,19602.0,TELEHEALTH PROVIDED IN PATIENT'S HOME,COMMERCIAL,SYMPTOMS,COUGH,0,1,1,0
2022-07-14,2253,1939.0,HOSPITAL OUTPATIENT,COMMERCIAL,SYMPTOMS,SORE_THROAT,0,38,68,0
2022-06-08,2267,23218.0,HOSPITAL INPATIENT (INCLUDING MEDICARE PART A),COMMERCIAL,CONDITIONS,disease_x,0,1,0,3
2022-06-29,2070,1854.0,EMERGENCY ROOM - HOSPITAL,COMMERCIAL,CONDITIONS,disease_x,0,7,7,0
2022-06-30,823,8858.0,OFFICE,MEDICARE,CONDITIONS,disease_x,0,42,1,0
2022-06-21,1153,0.0,INDEPENDENT LABORATORY,COMMERCIAL,CONDITIONS,disease_x,0,1,2,0
2022-06-29,2419,7315.0,HOSPITAL OUTPATIENT,MEDICARE,CONDITIONS,immunocompromised,0,10,4,0
2022-07-20,4020,17195.0,OFFICE,COMMERCIAL,CONDITIONS,diabetes,0,29,4,1
2022-06-16,2981,6890.0,URGENT CARE FACILITY,COMMERCIAL,CONDITIONS,IMMUNOCOMPROMISED,0,24,1,0
2022-07-08,746,13066.0,HOSPITAL OUTPATIENT,COMMERCIAL,CONDITIONS,heart_disease,0,111,6,3
2022-06-17,222,9679.0,EMERGENCY ROOM - HOSPITAL,MEDICARE,CONDITIONS,disease_x,0,4,0,0
2022-07-05,804,24331.0,OFFICE,COMMERCIAL,CONDITIONS,HYPERTENSION,0,11,6,2
2022-07-20,1090,13155.0,OTHER PLACE OF SERVICE,COMMERCIAL,CONDITIONS,DISEASE_X,0,153,12,0
2022-07-07,983,0.0,AMBULANCE - LAND,COMMERCIAL,SYMPTOMS,headache,0,68,30,17
2022-06-17,413,0.0,AMBULANCE - LAND,COMMERCIAL,CONDITIONS,disease_x,0,5,5,0
2022-06-25,2872,1751.0,EMERGENCY ROOM - HOSPITAL,COMMERCIAL,CONDITIONS,DISEASE_X,0,29,25,0
2022-06-20,634,20250.0,OFFICE,COMMERCIAL,CONDITIONS,disease_x,0,2,5,0
2022-06-23,470,24407.0,HOSPITAL OUTPATIENT,COMMERCIAL,CONDITIONS,disease_x,0,1,0,0
2022-06-23,11,22582.0,EMERGENCY ROOM - HOSPITAL,COMMERCIAL,CONDITIONS,disease_x,0,2,0,0
2022-06-24,1047,15023.0,OFFICE,COMMERCIAL,CONDITIONS,disease_x,0,13,6,1
2022-06-24,2960,10951.0,URGENT CARE FACILITY,MEDICARE,CONDITIONS,disease_x,0,3,1,0
2022-07-15,2344,49.0,OFFICE,COMMERCIAL,SYMPTOMS,MUSCLE_ACHE,0,121,42,0
2022-07-20,1750,17360.0,OFFICE,COMMERCIAL,SYMPTOMS,nausea_and_vomiting,0,10,8,0
2022-06-23,2723,3317.0,URGENT CARE FACILITY,COMMERCIAL,SYMPTOMS,ACUTE_PHARYNGITIS,0,2,4,0
2022-06-28,809,22270.0,OFFICE,MEDICARE,CONDITIONS,immunocompromised,0,12,1,0
2022-06-20,2880,14350.0,OFFICE,COMMERCIAL,CONDITIONS,immunocompromised,0,64,0,46
2022-06-09,2129,5499.0,EMERGENCY ROOM - HOSPITAL,COMMERCIAL,CONDITIONS,disease_x,0,1,0,0
2022-06-09,473,12283.0,URGENT CARE FACILITY,COMMERCIAL,CONDITIONS,DISEASE_X,0,5,4,3
2022-06-07,1534,10105.0,TELEHEALTH PROVIDED OTHER THAN IN PATIENT'S HOME,COMMERCIAL,CONDITIONS,disease_x,0,1,0,0
2022-06-27,2776,4385.0,OFFICE,COMMERCIAL,CONDITIONS,DISEASE_X,0,26,0,0
2022-06-17,348,3337.0,ON CAMPUS-OUTPATIENT HOSPITAL,COMMERCIAL,CONDITIONS,mental_health_disorders,0,10,0,13
2022-06-25,3840,5131.0,URGENT CARE FACILITY,COMMERCIAL,CONDITIONS,disease_x,0,9,8,0
2022-06-29,3174,906.0,TELEHEALTH PROVIDED IN PATIENT'S HOME,COMMERCIAL,CONDITIONS,DISEASE_X,0,5,1,0
2022-06-29,1118,4702.0,TELEHEALTH PROVIDED OTHER THAN IN PATIENT'S HOME,COMMERCIAL,CONDITIONS,disease_x,0,12,7,0
2022-07-15,3367,10571.0,OFFICE,COMMERCIAL,CONDITIONS,DISEASE_X,0,148,19,0
2022-06-01,822,5058.0,URGENT CARE FACILITY,COMMERCIAL,CONDITIONS,disease_x,0,6,1,0
2022-06-11,2259,16478.0,OFFICE,COMMERCIAL,SYMPTOMS,cough,0,19,9,0
2022-06-09,1708,261.0,URGENT CARE FACILITY,COMMERCIAL,CONDITIONS,disease_x,0,1,3,0
2022-06-29,3290,0.0,URGENT CARE FACILITY,COMMERCIAL,SYMPTOMS,ACUTE_URI,0,6,30,1
2022-06-24,1350,19942.0,OFFICE,COMMERCIAL,SYMPTOMS,acute_uri,0,24,2,0
2022-07-03,229,336.0,URGENT CARE FACILITY,COMMERCIAL,SYMPTOMS,COUGH,0,2,3,0
2022-06-23,1291,24251.0,OFFICE,MEDICARE,CONDITIONS,disease_x,0,1,0,0
2022-06-11,2797,17317.0,URGENT CARE FACILITY,COMMERCIAL,CONDITIONS,disease_x,0,1,2,0
2022-06-02,800,19585.0,OFFICE,MEDICARE,CONDITIONS,disease_x,0,79,23,3
2022-06-08,1165,23739.0,HOSPITAL OUTPATIENT,COMMERCIAL,CONDITIONS,disease_x,0,3,12,0
2022-06-20,3356,12723.0,OFFICE,COMMERCIAL,SYMPTOMS,cough,0,66,4,2
2022-06-27,2138,8455.0,OFFICE,COMMERCIAL,CONDITIONS,heart_disease,0,28,3,0
2022-06-14,1284,0.0,INDEPENDENT LABORATORY,COMMERCIAL,CONDITIONS,disease_x,0,1,0,0
2022-06-30,2881,19086.0,OFFICE,MEDICARE,CONDITIONS,diabetes,0,38,8,25
2022-07-15,2647,7354.0,HOSPITAL OUTPATIENT,COMMERCIAL,CONDITIONS,hypertension,0,45,17,0
2022-07-14,618,22316.0,INPATIENT HOSPITAL,MEDICARE,CONDITIONS,immunocompromised,0,29,14,2
2022-06-10,2137,17894.0,OFFICE,COMMERCIAL,CONDITIONS,disease_x,0,3,2,0
2022-06-05,2357,0.0,INDEPENDENT LABORATORY,COMMERCIAL,CONDITIONS,disease_x,0,3,4,0
2022-07-13,3603,3888.0,OFFICE,COMMERCIAL,SYMPTOMS,ACUTE_URI,0,1,9,0
2022-07-01,1941,802.0,HOSPITAL OUTPATIENT,COMMERCIAL,CONDITIONS,DISEASE_X,0,13,3,13
2022-06-18,3208,0.0,INDEPENDENT LABORATORY,MEDICARE,CONDITIONS,DISEASE_X,0,130,10,3
2022-06-07,730,8081.0,TELEHEALTH PROVIDED OTHER THAN IN PATIENT'S HOME,COMMERCIAL,CONDITIONS,DISEASE_X,0,1,2,0
2022-06-07,1377,744.0,EMERGENCY ROOM - HOSPITAL,COMMERCIAL,CONDITIONS,disease_x,0,4,10,0
2022-06-15,1557,0.0,OFFICE,COMMERCIAL,CONDITIONS,disease_x,0,1,3,0
2022-06-02,3928,20851.0,UNASSIGNED,MEDICARE,CONDITIONS,immunocompromised,0,68,19,14
2022-06-02,3344,0.0,INDEPENDENT LABORATORY,COMMERCIAL,CONDITIONS,disease_x,0,15,8,0
2022-06-07,2294,3043.0,TELEHEALTH PROVIDED OTHER THAN IN PATIENT'S HOME,COMMERCIAL,CONDITIONS,obesity,0,82,30,0
2022-06-25,1833,425.0,URGENT CARE FACILITY,COMMERCIAL,CONDITIONS,disease_x,0,1,1,0
2022-06-23,2438,12984.0,URGENT CARE FACILITY,COMMERCIAL,SYMPTOMS,cough,0,1,8,0
2022-06-20,178,6341.0,FEDERALLY QUALIFIED HEALTH CENTER,COMMERCIAL,SYMPTOMS,cough,0,3,7,0
2022-06-28,3369,534.0,URGENT CARE FACILITY,COMMERCIAL,CONDITIONS,disease_x,0,4,0,0
2022-06-08,50,13956.0,EMERGENCY ROOM - HOSPITAL,COMMERCIAL,CONDITIONS,disease_x,0,1,1,0
2022-06-28,2707,0.0,URGENT CARE FACILITY,COMMERCIAL,CONDITIONS,disease_x,0,1,0,0
2022-06-22,743,0.0,URGENT CARE FACILITY,COMMERCIAL,CONDITIONS,disease_x,0,1,3,0
2022-06-30,731,20409.0,OFFICE,COMMERCIAL,CONDITIONS,DISEASE_X,0,1,15,1
2022-06-28,1942,1014.0,OFFICE,COMMERCIAL,CONDITIONS,DISEASE_X,0,1,14,0
2022-06-01,3237,19858.0,TELEHEALTH PROVIDED OTHER THAN IN PATIENT'S HOME,COMMERCIAL,CONDITIONS,disease_x,0,39,1,0
2022-06-24,404,0.0,INDEPENDENT LABORATORY,COMMERCIAL,SYMPTOMS,congestion,0,6,14,0
2022-06-08,2682,19061.0,EMERGENCY ROOM - HOSPITAL,MEDICARE,CONDITIONS,disease_x,0,1,4,0
2022-06-16,2113,0.0,INDEPENDENT LABORATORY,COMMERCIAL,CONDITIONS,disease_x,0,3,1,1
2022-06-11,2366,0.0,INDEPENDENT LABORATORY,COMMERCIAL,SYMPTOMS,acute_pharyngitis,0,4,4,0
2022-06-15,2252,23138.0,OFFICE,COMMERCIAL,CONDITIONS,disease_x,0,13,20,0
2022-06-10,1658,16737.0,URGENT CARE FACILITY,COMMERCIAL,CONDITIONS,disease_x,0,1,0,0
2022-06-07,2747,647.0,INPATIENT HOSPITAL,MEDICARE,CONDITIONS,hypertension,0,6,0,0
2022-06-02,2844,6212.0,EMERGENCY ROOM - HOSPITAL,COMMERCIAL,CONDITIONS,DISEASE_X,0,13,3,8
2022-06-30,2209,17975.0,MOBILE UNIT,COMMERCIAL,CONDITIONS,DISEASE_X,0,3,1,1
2022-07-07,3167,9405.0,OFFICE,COMMERCIAL,CONDITIONS,heart_disease,0,57,31,2
2022-06-20,2442,317.0,TELEHEALTH PROVIDED OTHER THAN IN PATIENT'S HOME,COMMERCIAL,CONDITIONS,disease_x,0,9,4,0
2022-06-24,923,16211.0,INPATIENT HOSPITAL,MEDICARE,CONDITIONS,immunocompromised,0,48,5,0
2022-06-22,2404,0.0,URGENT CARE FACILITY,COMMERCIAL,CONDITIONS,disease_x,0,1,4,0
2022-07-20,3710,3162.0,UNASSIGNED,COMMERCIAL,CONDITIONS,hypertension,0,189,1,15
2022-06-13,1617,10196.0,EMERGENCY ROOM - HOSPITAL,COMMERCIAL,CONDITIONS,disease_x,0,2,2,0
2022-06-09,240,10400.0,EMERGENCY ROOM - HOSPITAL,COMMERCIAL,CONDITIONS,disease_x,0,4,2,0
2022-06-13,2022,6963.0,TELEHEALTH PROVIDED OTHER THAN IN PATIENT'S HOME,MEDICARE,CONDITIONS,disease_x,0,26,2,0
2022-06-03,1639,11013.0,OFFICE,COMMERCIAL,CONDITIONS,disease_x,0,3,2,0
2022-07-12,1551,7837.0,OFFICE,MEDICARE,CONDITIONS,immunocompromised,0,37,8,67
2022-07-21,4018,6625.0,OFFICE,COMMERCIAL,CONDITIONS,immunocompromised,0,68,8,37
2022-06-19,1120,951.0,URGENT CARE FACILITY,COMMERCIAL,CONDITIONS,disease_x,0,29,5,0
2022-06-02,66,0.0,URGENT CARE FACILITY,COMMERCIAL,CONDITIONS,DISEASE_X,0,1,0,0
2022-06-22,3161,7473.0,OFFICE,COMMERCIAL,SYMPTOMS,FEVER,0,1,6,0
2022-06-05,111,18063.0,OFFICE,MEDICAID,CONDITIONS,disease_x,0,1,1,0
2022-07-10,2697,0.0,OTHER PLACE OF SERVICE,COMMERCIAL,CONDITIONS,HYPERTENSION,0,10,4,0
2022-06-23,2358,0.0,OFFICE,COMMERCIAL,CONDITIONS,disease_x,0,1,0,0
2022-06-26,2636,3282.0,OFFICE,COMMERCIAL,SYMPTOMS,acute_uri,0,1,1,0
2022-07-01,1769,828.0,OFFICE,COMMERCIAL,SYMPTOMS,MUSCLE_ACHE,0,26,10,0
2022-06-01,2749,554.0,URGENT CARE FACILITY,COMMERCIAL,SYMPTOMS,acute_pharyngitis,0,2,1,0
2022-06-27,3098,13231.0,EMERGENCY ROOM - HOSPITAL,COMMERCIAL,CONDITIONS,mental_health_disorders,0,5,8,0
2022-06-25,3805,0.0,INDEPENDENT LABORATORY,COMMERCIAL,CONDITIONS,disease_x,0,2,5,1
2022-07-19,3398,24246.0,UNASSIGNED,MEDICARE,CONDITIONS,disease_x,0,11,7,17
2022-06-13,2175,12371.0,OFFICE,COMMERCIAL,CONDITIONS,disease_x,0,1,15,0
2022-06-27,615,2208.0,OFFICE,COMMERCIAL,CONDITIONS,disease_x,0,3,2,0
2022-06-17,2585,3724.0,URGENT CARE FACILITY,COMMERCIAL,CONDITIONS,disease_x,0,42,8,5
2022-07-18,339,23395.0,UNASSIGNED,MEDICARE,CONDITIONS,disease_x,0,11,0,0
2022-06-29,1268,8567.0,URGENT CARE FACILITY,MEDICARE,CONDITIONS,disease_x,0,29,4,6
2022-06-13,2522,22706.0,TELEHEALTH PROVIDED OTHER THAN IN PATIENT'S HOME,COMMERCIAL,CONDITIONS,disease_x,0,15,10,0
2022-06-01,261,9194.0,OFFICE,COMMERCIAL,SYMPTOMS,FEVER,0,5,30,0
2022-06-13,544,3958.0,ON CAMPUS-OUTPATIENT HOSPITAL,COMMERCIAL,CONDITIONS,disease_x,0,2,2,0
2022-06-17,3457,18368.0,OFFICE,MEDICARE,CONDITIONS,hypertension,0,81,12,4
2022-06-07,177,0.0,INDEPENDENT LABORATORY,COMMERCIAL,CONDITIONS,disease_x,0,1,0,0
2022-06-01,1934,8347.0,TELEHEALTH PROVIDED OTHER THAN IN PATIENT'S HOME,COMMERCIAL,CONDITIONS,disease_x,0,6,24,0
2022-07-19,1134,8616.0,HOSPITAL OUTPATIENT,COMMERCIAL,SYMPTOMS,DIFFICULTY_BREATHING,0,1,9,0
2022-06-22,1526,3207.0,ON CAMPUS-OUTPATIENT HOSPITAL,COMMERCIAL,CONDITIONS,immunocompromised,0,20,11,0
2022-06-06,546,11316.0,EMERGENCY ROOM - HOSPITAL,COMMERCIAL,CONDITIONS,disease_x,0,3,8,0
2022-06-09,218,4193.0,HOSPITAL OUTPATIENT,COMMERCIAL,CONDITIONS,disease_x,0,2,0,0
2022-07-14,3786,23518.0,OFFICE,COMMERCIAL,CONDITIONS,hypertension,0,48,13,51
2022-07-13,1573,18363.0,OFFICE,MEDICARE,CONDITIONS,hypertension,0,42,19,0
2022-06-22,2279,15300.0,OFFICE,COMMERCIAL,CONDITIONS,DISEASE_X,0,1,7,0
2022-07-14,1731,18852.0,UNASSIGNED,MEDICARE,CONDITIONS,diabetes,0,55,23,17
2022-06-06,3636,0.0,URGENT CARE FACILITY,COMMERCIAL,SYMPTOMS,COUGH,0,1,5,0
2022-07-22,1198,3592.0,HOSPITAL OUTPATIENT,COMMERCIAL,CONDITIONS,IMMUNOCOMPROMISED,0,96,17,0
2022-06-20,278,14077.0,OFFICE,COMMERCIAL,SYMPTOMS,fever,0,1,8,0
2022-06-28,3576,3273.0,CLINIC  - FEDERALLY QUALIFIED HEALTH CENTER (FQHC),COMMERCIAL,CONDITIONS,DISEASE_X,0,4,12,0
2022-06-22,3311,703.0,ON CAMPUS-OUTPATIENT HOSPITAL,COMMERCIAL,CONDITIONS,disease_x,0,6,2,0
2022-06-04,3661,10945.0,EMERGENCY ROOM - HOSPITAL,MEDICARE,CONDITIONS,disease_x,0,9,6,0
2022-06-29,2299,0.0,URGENT CARE FACILITY,COMMERCIAL,CONDITIONS,disease_x,0,1,0,0
2022-06-20,2853,6443.0,OFFICE,COMMERCIAL,CONDITIONS,disease_x,0,1,6,0
2022-06-27,333,21200.0,OFFICE,COMMERCIAL,CONDITIONS,disease_x,0,1,0,0
2022-06-01,2128,23448.0,OFFICE,COMMERCIAL,CONDITIONS,disease_x,0,1,12,0
2022-06-11,2948,8497.0,ON CAMPUS-OUTPATIENT HOSPITAL,COMMERCIAL,CONDITIONS,disease_x,0,22,12,5
2022-06-13,2978,0.0,UNASSIGNED,COMMERCIAL,CONDITIONS,disease_x,0,53,6,70
2022-07-05,1711,2258.0,OTHER PLACE OF SERVICE,MEDICARE,SYMPTOMS,FATIGUE,0,23,1,24
2022-06-17,992,16436.0,OFFICE,MEDICAID,CONDITIONS,disease_x,0,1,4,0
2022-06-09,2829,0.0,AMBULANCE - LAND,MEDICARE,CONDITIONS,disease_x,0,35,8,6
2022-06-24,2363,18674.0,EMERGENCY ROOM - HOSPITAL,COMMERCIAL,SYMPTOMS,FEVER,0,5,10,1
2022-06-23,3368,679.0,URGENT CARE FACILITY,COMMERCIAL,CONDITIONS,DISEASE_X,0,2,8,0
2022-06-21,1618,0.0,INDEPENDENT LABORATORY,COMMERCIAL,CONDITIONS,disease_x,0,1,0,0
2022-06-19,3422,7505.0,OFFICE,COMMERCIAL,CONDITIONS,DISEASE_X,0,8,7,1
2022-07-06,1943,13025.0,INPATIENT HOSPITAL,COMMERCIAL,CONDITIONS,heart_disease,0,18,4,0
2022-07-22,1590,20531.0,UNASSIGNED,COMMERCIAL,CONDITIONS,DISEASE_X,0,86,1,0
2022-06-20,2811,890.0,OFFICE,COMMERCIAL,CONDITIONS,disease_x,0,6,3,0
2022-06-16,147,2669.0,OFFICE,COMMERCIAL,CONDITIONS,DISEASE_X,0,1,2,0
2022-06-28,3986,0.0,TELEHEALTH PROVIDED IN PATIENT'S HOME,MEDICARE,CONDITIONS,disease_x,0,106,7,4
2022-06-15,1974,1402.0,TELEHEALTH PROVIDED OTHER THAN IN PATIENT'S HOME,COMMERCIAL,CONDITIONS,disease_x,0,5,0,0
2022-06-01,2077,255.0,WALK-IN RETAIL HEALTH CLINIC,MEDICARE,CONDITIONS,disease_x,0,1,1,0
2022-06-14,1872,17805.0,TELEHEALTH PROVIDED IN PATIENT'S HOME,COMMERCIAL,CONDITIONS,disease_x,0,7,6,1
2022-06-08,1642,13378.0,HOSPITAL OUTPATIENT,COMMERCIAL,CONDITIONS,DISEASE_X,0,28,3,13
2022-06-27,3575,22876.0,OFFICE,COMMERCIAL,SYMPTOMS,cough,0,16,7,0
2022-06-15,3211,4082.0,OFFICE,COMMERCIAL,CONDITIONS,DISEASE_X,0,1,1,0
2022-06-28,355,21395.0,EMERGENCY ROOM - HOSPITAL,COMMERCIAL,SYMPTOMS,DIFFICULTY_BREATHING,0,10,1,0
2022-06-20,911,2992.0,OFFICE,COMMERCIAL,CONDITIONS,disease_x,0,22,2,0
2022-06-20,2848,10811.0,HOSPITAL OUTPATIENT,COMMERCIAL,SYMPTOMS,chills,0,1,14,1
2022-06-28,3339,4785.0,CLINIC - FREESTANDING,MEDICAID,CONDITIONS,hypertension,0,23,7,2
2022-06-15,395,8488.0,OFFICE,COMMERCIAL,CONDITIONS,disease_x,0,1,10,0
2022-06-27,1808,0.0,INDEPENDENT LABORATORY,COMMERCIAL,CONDITIONS,DISEASE_X,0,3,11,8
2022-06-03,829,7244.0,URGENT CARE FACILITY,COMMERCIAL,CONDITIONS,disease_x,0,2,32,0
2022-06-22,3821,17052.0,TELEHEALTH PROVIDED IN PATIENT'S HOME,COMMERCIAL,CONDITIONS,obesity,0,2,2,0
2022-06-19,2392,3335.0,EMERGENCY ROOM - HOSPITAL,COMMERCIAL,CONDITIONS,disease_x,0,1,0,0
2022-06-24,708,547.0,OFFICE,COMMERCIAL,CONDITIONS,mental_health_disorders,0,11,17,0
2022-06-20,847,2521.0,TELEHEALTH PROVIDED OTHER THAN IN PATIENT'S HOME,COMMERCIAL,CONDITIONS,immunocompromised,0,13,1,0
2022-06-03,1467,0.0,TELEHEALTH PROVIDED OTHER THAN IN PATIENT'S HOME,COMMERCIAL,SYMPTOMS,ACUTE_URI,0,18,14,0
2022-06-25,848,11567.0,URGENT CARE FACILITY,COMMERCIAL,SYMPTOMS,FEVER,0,1,11,0
2022-06-23,840,11877.0,URGENT CARE FACILITY,COMMERCIAL,CONDITIONS,disease_x,0,1,0,0
2022-07-01,2547,5525.0,INPATIENT HOSPITAL,MEDICARE,CONDITIONS,immunocompromised,0,104,6,1
2022-06-30,1608,7258.0,TELEHEALTH PROVIDED OTHER THAN IN PATIENT'S HOME,COMMERCIAL,CONDITIONS,disease_x,0,34,1,0
2022-06-30,3577,9841.0,OFFICE,COMMERCIAL,CONDITIONS,disease_x,0,17,1,0
2022-06-11,978,0.0,URGENT CARE FACILITY,COMMERCIAL,CONDITIONS,disease_x,0,1,2,0
2022-07-08,2792,18743.0,OFFICE,COMMERCIAL,SYMPTOMS,FATIGUE,0,27,3,0
2022-06-12,1701,1813.0,EMERGENCY ROOM - HOSPITAL,COMMERCIAL,CONDITIONS,disease_x,0,4,0,0
2022-06-07,397,17110.0,TELEHEALTH PROVIDED OTHER THAN IN PATIENT'S HOME,COMMERCIAL,CONDITIONS,disease_x,0,1,0,0
2022-06-07,373,15389.0,URGENT CARE FACILITY,COMMERCIAL,SYMPTOMS,cough,0,1,5,0
2022-07-14,3939,10709.0,CRITICAL ACCESS HOSPITAL,MEDICARE,CONDITIONS,immunocompromised,0,85,13,15
2022-06-20,3,17051.0,OFFICE,COMMERCIAL,CONDITIONS,disease_x,0,1,0,0
2022-06-20,3173,7627.0,OFFICE,COMMERCIAL,SYMPTOMS,ACUTE_PHARYNGITIS,0,1,2,0
2022-06-30,2399,19222.0,OFFICE,COMMERCIAL,CONDITIONS,disease_x,0,13,4,3
2022-06-29,2202,5763.0,EMERGENCY ROOM - HOSPITAL,COMMERCIAL,CONDITIONS,DISEASE_X,0,3,3,0
2022-06-14,3024,6562.0,EMERGENCY ROOM - HOSPITAL,COMMERCIAL,SYMPTOMS,COUGH,0,90,72,4
2022-06-12,711,0.0,URGENT CARE FACILITY,COMMERCIAL,CONDITIONS,disease_x,0,1,1,0
2022-06-23,2800,8293.0,OFFICE,COMMERCIAL,CONDITIONS,disease_x,0,1,4,1
2022-06-05,2889,14813.0,TELEHEALTH PROVIDED OTHER THAN IN PATIENT'S HOME,COMMERCIAL,CONDITIONS,disease_x,0,6,6,0
2022-07-08,2453,21234.0,OFF CAMPUS-OUTPATIENT HOSPITAL,COMMERCIAL,SYMPTOMS,HEADACHE,0,5,11,2
2022-06-09,2249,22595.0,TELEHEALTH PROVIDED OTHER THAN IN PATIENT'S HOME,COMMERCIAL,CONDITIONS,disease_x,0,22,1,5
2022-06-15,3276,9890.0,OFFICE,MEDICARE,SYMPTOMS,fatigue,0,27,4,6
2022-07-08,4016,0.0,INDEPENDENT LABORATORY,MEDICARE,CONDITIONS,HEART_DISEASE,0,71,36,6
2022-06-14,3912,252.0,TELEHEALTH PROVIDED OTHER THAN IN PATIENT'S HOME,COMMERCIAL,CONDITIONS,disease_x,0,1,11,0
2022-06-10,1445,16829.0,OFFICE,COMMERCIAL,CONDITIONS,DISEASE_X,0,1,3,0
2022-06-06,836,12573.0,TELEHEALTH PROVIDED OTHER THAN IN PATIENT'S HOME,COMMERCIAL,CONDITIONS,disease_x,0,2,18,0
2022-06-17,527,18851.0,OFFICE,COMMERCIAL,CONDITIONS,disease_x,0,1,5,0
2022-06-06,2740,377.0,TELEHEALTH PROVIDED OTHER THAN IN PATIENT'S HOME,COMMERCIAL,CONDITIONS,disease_x,0,1,2,0
2022-06-10,3054,0.0,INDEPENDENT LABORATORY,COMMERCIAL,CONDITIONS,disease_x,0,4,0,0
2022-06-29,1490,144.0,URGENT CARE FACILITY,COMMERCIAL,CONDITIONS,DISEASE_X,0,2,44,0
2022-07-22,3735,4933.0,CLINIC - HOSPITAL BASED OR INDEPENDENT RENAL DIALYSIS CENTER,COMMERCIAL,CONDITIONS,IMMUNOCOMPROMISED,0,135,16,0
2022-07-01,2784,14997.0,UNASSIGNED,COMMERCIAL,CONDITIONS,heart_disease,0,12,35,0
2022-06-22,2841,13854.0,TELEHEALTH PROVIDED IN PATIENT'S HOME,COMMERCIAL,CONDITIONS,disease_x,0,10,1,0
2022-06-30,260,22266.0,HOSPITAL - LABORATORY SERVICES PROVIDED TO NON-PATIENTS,COMMERCIAL,CONDITIONS,disease_x,0,3,0,0
2022-06-08,1978,107.0,TELEHEALTH PROVIDED IN PATIENT'S HOME,COMMERCIAL,CONDITIONS,DISEASE_X,0,8,9,1
2022-06-17,2067,24531.0,EMERGENCY ROOM - HOSPITAL,COMMERCIAL,CONDITIONS,hypertension,0,16,12,0
2022-07-18,3018,13143.0,HOSPITAL OUTPATIENT,MEDICARE,SYMPTOMS,COUGH,0,30,11,0
2022-06-27,2609,4728.0,TELEHEALTH PROVIDED OTHER THAN IN PATIENT'S HOME,COMMERCIAL,CONDITIONS,disease_x,0,3,5,1
2022-06-06,41,0.0,INDEPENDENT LABORATORY,COMMERCIAL,SYMPTOMS,FEVER,0,1,1,0
2022-06-20,1621,14733.0,URGENT CARE FACILITY,COMMERCIAL,CONDITIONS,disease_x,0,2,0,0
2022-06-29,1200,12741.0,TELEHEALTH PROVIDED OTHER THAN IN PATIENT'S HOME,COMMERCIAL,SYMPTOMS,ACUTE_URI,0,2,2,0
2022-06-13,1867,13295.0,OFFICE,COMMERCIAL,CONDITIONS,DISEASE_X,0,2,1,0
2022-06-13,576,9557.0,OFFICE,COMMERCIAL,CONDITIONS,diabetes,0,9,8,0
2022-06-14,2065,16059.0,OFFICE,COMMERCIAL,CONDITIONS,disease_x,0,5,0,3
2022-07-19,401,5149.0,UNASSIGNED,COMMERCIAL,CONDITIONS,disease_x,0,65,45,0
2022-06-10,3036,11492.0,TELEHEALTH PROVIDED OTHER THAN IN PATIENT'S HOME,COMMERCIAL,CONDITIONS,DISEASE_X,0,4,2,0
2022-06-22,3455,12314.0,WALK-IN RETAIL HEALTH CLINIC,COMMERCIAL,CONDITIONS,DISEASE_X,0,29,0,0
2022-06-30,403,5073.0,OFFICE,COMMERCIAL,CONDITIONS,disease_x,0,24,8,6
2022-06-29,1101,2600.0,EMERGENCY ROOM - HOSPITAL,COMMERCIAL,CONDITIONS,DISEASE_X,0,1,0,0
2022-06-24,353,20584.0,EMERGENCY ROOM - HOSPITAL,COMMERCIAL,CONDITIONS,disease_x,0,8,1,0
2022-06-18,2116,1385.0,OFFICE,COMMERCIAL,CONDITIONS,disease_x,0,19,2,1
2022-07-21,4000,3012.0,OFFICE,MEDICARE,SYMPTOMS,MUSCLE_ACHE,0,64,35,0
2022-06-07,3665,716.0,TELEHEALTH PROVIDED IN PATIENT'S HOME,COMMERCIAL,CONDITIONS,disease_x,0,1,1,0
2022-06-23,92,12495.0,OFFICE,COMMERCIAL,SYMPTOMS,NAUSEA_AND_VOMITING,0,1,1,0
2022-06-30,351,2276.0,OFFICE,COMMERCIAL,CONDITIONS,disease_x,0,2,5,0
2022-06-29,2095,6658.0,ON CAMPUS-OUTPATIENT HOSPITAL,MEDICARE,CONDITIONS,immunocompromised,0,6,14,0
2022-06-06,2534,0.0,OFFICE,MEDICARE,CONDITIONS,disease_x,0,32,33,0
2022-07-20,3825,15436.0,OFFICE,MEDICARE,CONDITIONS,DIABETES,0,185,8,45
2022-07-19,4001,22520.0,OFFICE,COMMERCIAL,SYMPTOMS,DIFFICULTY_BREATHING,0,7,4,0
2022-06-02,1227,16284.0,HOSPITAL OUTPATIENT,COMMERCIAL,SYMPTOMS,ACUTE_URI,0,2,3,0
2022-06-08,364,25171.0,TELEHEALTH PROVIDED OTHER THAN IN PATIENT'S HOME,COMMERCIAL,CONDITIONS,disease_x,0,1,5,0
2022-06-07,1147,24617.0,TELEHEALTH PROVIDED OTHER THAN IN PATIENT'S HOME,COMMERCIAL,SYMPTOMS,COUGH,0,3,5,10
2022-06-10,1656,1371.0,HOSPITAL INPATIENT (INCLUDING MEDICARE PART A),COMMERCIAL,CONDITIONS,heart_disease,0,27,1,1
2022-06-24,1146,644.0,EMERGENCY ROOM - HOSPITAL,COMMERCIAL,CONDITIONS,disease_x,0,1,2,0
2022-06-03,659,11006.0,TELEHEALTH PROVIDED OTHER THAN IN PATIENT'S HOME,COMMERCIAL,CONDITIONS,disease_x,0,4,12,0
2022-06-26,713,3422.0,UNASSIGNED,MEDICARE,CONDITIONS,disease_x,0,2,0,0
2022-07-01,893,17705.0,UNASSIGNED,MEDICAID,CONDITIONS,disease_x,0,33,39,12
2022-07-01,2884,23871.0,HOSPITAL OUTPATIENT,COMMERCIAL,CONDITIONS,disease_x,0,36,0,2
2022-06-16,2189,3446.0,OFFICE,COMMERCIAL,CONDITIONS,disease_x,0,4,7,0
2022-06-24,3391,2195.0,OFFICE,MEDICARE,SYMPTOMS,FATIGUE,0,4,11,0
2022-07-21,856,3181.0,OFFICE,COMMERCIAL,CONDITIONS,hypertension,0,35,14,0
2022-06-28,973,18258.0,OFFICE,COMMERCIAL,CONDITIONS,disease_x,0,1,2,0
2022-06-12,1435,23177.0,EMERGENCY ROOM - HOSPITAL,COMMERCIAL,SYMPTOMS,DIFFICULTY_BREATHING,0,7,8,0
2022-06-01,3333,21100.0,UNASSIGNED,MEDICARE,CONDITIONS,disease_x,0,25,7,2
2022-06-01,2183,1238.0,EMERGENCY ROOM - HOSPITAL,COMMERCIAL,CONDITIONS,disease_x,0,2,4,1
2022-06-03,3244,0.0,TELEHEALTH PROVIDED IN PATIENT'S HOME,COMMERCIAL,CONDITIONS,disease_x,0,1,0,1
2022-06-04,1389,10325.0,HOSPITAL OUTPATIENT,COMMERCIAL,CONDITIONS,disease_x,0,11,3,0
2022-06-20,1011,0.0,INDEPENDENT LABORATORY,COMMERCIAL,CONDITIONS,DISEASE_X,0,15,1,0
2022-06-01,3307,23508.0,ON CAMPUS-OUTPATIENT HOSPITAL,COMMERCIAL,CONDITIONS,DISEASE_X,0,1,21,0
2022-06-14,1407,0.0,INDEPENDENT LABORATORY,COMMERCIAL,CONDITIONS,disease_x,0,54,4,43
2022-06-13,247,777.0,URGENT CARE FACILITY,MEDICARE,SYMPTOMS,COUGH,0,7,2,0
2022-06-23,3811,24898.0,OFFICE,COMMERCIAL,CONDITIONS,disease_x,0,3,2,0
2022-06-03,1191,9817.0,OTHER PLACE OF SERVICE,COMMERCIAL,CONDITIONS,disease_x,0,1,0,3
2022-06-30,2375,23201.0,TELEHEALTH PROVIDED IN PATIENT'S HOME,COMMERCIAL,CONDITIONS,DISEASE_X,0,3,4,0
2022-06-27,2088,9734.0,OFFICE,COMMERCIAL,CONDITIONS,DISEASE_X,0,2,3,0
2022-06-07,3093,23775.0,OFFICE,COMMERCIAL,CONDITIONS,disease_x,0,1,12,0
2022-06-22,1672,12452.0,OFFICE,COMMERCIAL,SYMPTOMS,FEVER,0,5,5,0
2022-06-17,536,3535.0,URGENT CARE FACILITY,COMMERCIAL,CONDITIONS,DISEASE_X,0,1,3,0
2022-07-18,132,4945.0,OFFICE,COMMERCIAL,SYMPTOMS,cough,0,1,2,0
2022-06-07,17,16590.0,EMERGENCY ROOM - HOSPITAL,MEDICARE,CONDITIONS,disease_x,0,1,0,0
2022-06-02,799,0.0,AMBULANCE - LAND,MEDICARE,CONDITIONS,disease_x,0,19,15,0
2022-06-29,2281,13089.0,OFFICE,COMMERCIAL,SYMPTOMS,ACUTE_URI,0,14,2,0
2022-07-01,3397,4609.0,UNASSIGNED,MEDICARE,CONDITIONS,disease_x,0,11,7,8
2022-07-13,609,21305.0,OFFICE,COMMERCIAL,CONDITIONS,obesity,0,4,1,0
2022-06-04,2432,11824.0,EMERGENCY ROOM - HOSPITAL,COMMERCIAL,CONDITIONS,disease_x,0,8,2,1
2022-06-09,3530,24575.0,URGENT CARE FACILITY,COMMERCIAL,SYMPTOMS,sore_throat,0,3,4,0
2022-06-02,957,5740.0,WALK-IN RETAIL HEALTH CLINIC,COMMERCIAL,CONDITIONS,DISEASE_X,0,2,1,0
2022-07-13,2054,10739.0,OFFICE,COMMERCIAL,CONDITIONS,mental_health_disorders,0,41,22,0
2022-06-18,1224,18997.0,INDEPENDENT LABORATORY,COMMERCIAL,CONDITIONS,disease_x,0,2,2,0
2022-06-29,2149,0.0,OFFICE,COMMERCIAL,CONDITIONS,disease_x,0,8,0,0
2022-07-03,349,5163.0,TELEHEALTH PROVIDED OTHER THAN IN PATIENT'S HOME,COMMERCIAL,SYMPTOMS,FEVER,0,1,1,0
2022-07-18,2552,15708.0,UNASSIGNED,MEDICARE,CONDITIONS,DIABETES,0,90,6,20
2022-06-13,3100,0.0,URGENT CARE FACILITY,COMMERCIAL,CONDITIONS,disease_x,0,1,0,0
2022-06-17,1640,10643.0,OFFICE,COMMERCIAL,CONDITIONS,DISEASE_X,0,1,16,0
2022-07-14,3517,0.0,INDEPENDENT LABORATORY,COMMERCIAL,CONDITIONS,immunocompromised,0,6,1,0
2022-06-15,1695,17297.0,OFFICE,COMMERCIAL,SYMPTOMS,ACUTE_PHARYNGITIS,0,1,1,0
2022-06-27,2775,0.0,URGENT CARE FACILITY,COMMERCIAL,CONDITIONS,disease_x,0,8,2,0
2022-06-06,1286,622.0,TELEHEALTH PROVIDED OTHER THAN IN PATIENT'S HOME,COMMERCIAL,CONDITIONS,disease_x,0,2,4,0
2022-06-27,210,16570.0,OFFICE,COMMERCIAL,CONDITIONS,disease_x,0,1,1,0
2022-06-29,2875,4322.0,TELEHEALTH PROVIDED IN PATIENT'S HOME,COMMERCIAL,CONDITIONS,disease_x,0,33,36,48
2022-06-22,3436,12205.0,EMERGENCY ROOM - HOSPITAL,COMMERCIAL,CONDITIONS,disease_x,0,1,3,0
2022-06-09,122,5346.0,OFFICE,COMMERCIAL,CONDITIONS,disease_x,0,1,0,0
2022-06-10,3545,13483.0,OFFICE,MEDICARE,CONDITIONS,disease_x,0,24,1,0
2022-06-08,3789,16919.0,TELEHEALTH PROVIDED OTHER THAN IN PATIENT'S HOME,COMMERCIAL,CONDITIONS,disease_x,0,4,4,0
2022-06-24,1301,814.0,EMERGENCY ROOM - HOSPITAL,COMMERCIAL,CONDITIONS,DISEASE_X,0,2,2,0
2022-06-27,991,20137.0,HOSPITAL OUTPATIENT,COMMERCIAL,CONDITIONS,disease_x,0,1,2,0
2022-07-07,3858,302.0,OTHER PLACE OF SERVICE,MEDICARE,CONDITIONS,hypertension,0,30,6,0
2022-06-02,3132,12088.0,OFFICE,COMMERCIAL,CONDITIONS,disease_x,0,28,19,0
2022-06-16,2045,12770.0,EMERGENCY ROOM - HOSPITAL,COMMERCIAL,CONDITIONS,DISEASE_X,0,1,8,2
2022-06-13,3880,11493.0,URGENT CARE FACILITY,COMMERCIAL,CONDITIONS,disease_x,0,18,8,0
2022-06-22,3672,10909.0,TELEHEALTH PROVIDED IN PATIENT'S HOME,COMMERCIAL,CONDITIONS,DISEASE_X,0,41,7,1
2022-06-08,1395,21544.0,OFF CAMPUS-OUTPATIENT HOSPITAL,MEDICARE,CONDITIONS,disease_x,0,4,3,0
2022-06-10,1811,0.0,INDEPENDENT LABORATORY,COMMERCIAL,CONDITIONS,disease_x,0,2,2,0
2022-06-23,2523,0.0,URGENT CARE FACILITY,COMMERCIAL,CONDITIONS,disease_x,0,5,4,0
2022-06-03,2557,17362.0,OFFICE,COMMERCIAL,CONDITIONS,disease_x,0,6,7,0
2022-06-28,3845,0.0,URGENT CARE FACILITY,COMMERCIAL,CONDITIONS,disease_x,0,33,10,3
2022-06-28,1176,0.0,OTHER PLACE OF SERVICE,COMMERCIAL,CONDITIONS,HYPERTENSION,0,62,60,0
2022-06-20,2083,22836.0,OFFICE,COMMERCIAL,CONDITIONS,disease_x,0,1,1,0
2022-07-09,91,5153.0,OFFICE,COMMERCIAL,SYMPTOMS,congestion,0,1,2,0
2022-06-12,2117,0.0,OFFICE,COMMERCIAL,CONDITIONS,disease_x,0,3,0,2
2022-06-16,767,24555.0,TELEHEALTH PROVIDED OTHER THAN IN PATIENT'S HOME,COMMERCIAL,CONDITIONS,disease_x,0,3,4,0
2022-06-28,3383,3034.0,URGENT CARE FACILITY,COMMERCIAL,CONDITIONS,hypertension,0,10,1,0
2022-06-22,2008,12413.0,OFFICE,MEDICARE,CONDITIONS,disease_x,0,24,8,0
2022-06-01,864,3584.0,UNASSIGNED,MEDICARE,CONDITIONS,disease_x,0,122,20,16
2022-06-13,1647,5425.0,EMERGENCY ROOM - HOSPITAL,COMMERCIAL,SYMPTOMS,COUGH,0,4,13,0
2022-06-16,3849,22376.0,EMERGENCY ROOM - HOSPITAL,COMMERCIAL,CONDITIONS,disease_x,0,4,10,0
2022-07-19,3441,42.0,OFFICE,MEDICARE,SYMPTOMS,FATIGUE,0,65,31,45
2022-06-08,100,3559.0,OFFICE,COMMERCIAL,CONDITIONS,disease_x,0,1,1,0
2022-06-30,1726,0.0,URGENT CARE FACILITY,COMMERCIAL,CONDITIONS,DISEASE_X,0,90,4,0
2022-06-16,487,5682.0,EMERGENCY ROOM - HOSPITAL,MEDICAID,CONDITIONS,disease_x,0,2,0,0
2022-06-02,2615,0.0,INDEPENDENT LABORATORY,COMMERCIAL,CONDITIONS,disease_x,0,21,1,13
2022-06-20,3893,863.0,TELEHEALTH PROVIDED OTHER THAN IN PATIENT'S HOME,COMMERCIAL,CONDITIONS,disease_x,0,2,0,0
2022-06-14,2742,0.0,OFFICE,COMMERCIAL,CONDITIONS,disease_x,0,5,2,0
2022-06-22,12,10655.0,EMERGENCY ROOM - HOSPITAL,COMMERCIAL,CONDITIONS,DISEASE_X,0,1,0,0
2022-06-07,2120,19203.0,OFFICE,COMMERCIAL,CONDITIONS,DISEASE_X,0,1,0,0
2022-06-04,3544,22806.0,OFFICE,COMMERCIAL,CONDITIONS,disease_x,0,5,11,0
2022-07-07,3565,0.0,INDEPENDENT LABORATORY,COMMERCIAL,CONDITIONS,disease_x,0,60,4,0
2022-07-21,453,0.0,INDEPENDENT LABORATORY,COMMERCIAL,CONDITIONS,IMMUNOCOMPROMISED,0,5,0,0
2022-07-18,3926,4715.0,OFFICE,COMMERCIAL,CONDITIONS,immunocompromised,0,42,21,0
2022-07-08,3859,12332.0,UNASSIGNED,MEDICARE,CONDITIONS,immunocompromised,0,29,29,0
2022-07-12,3157,16004.0,TELEHEALTH PROVIDED OTHER THAN IN PATIENT'S HOME,COMMERCIAL,CONDITIONS,MENTAL_HEALTH_DISORDERS,0,47,18,79
2022-06-09,1491,11321.0,HOSPITAL OUTPATIENT,COMMERCIAL,SYMPTOMS,ACUTE_URI,0,4,4,0
2022-07-11,1166,11142.0,ON CAMPUS-OUTPATIENT HOSPITAL,COMMERCIAL,SYMPTOMS,DIFFICULTY_BREATHING,0,17,16,0
2022-06-27,3716,846.0,CLINIC - RURAL HEALTH,MEDICARE,SYMPTOMS,COUGH,0,23,7,0
2022-06-30,892,4632.0,TELEHEALTH PROVIDED OTHER THAN IN PATIENT'S HOME,COMMERCIAL,CONDITIONS,DISEASE_X,0,5,0,0
2022-07-18,886,24870.0,OFFICE,MEDICARE,CONDITIONS,immunocompromised,0,28,8,0
2022-07-22,1875,12051.0,EMERGENCY ROOM - HOSPITAL,COMMERCIAL,CONDITIONS,immunocompromised,0,116,2,18
2022-07-12,1641,16604.0,OFFICE,COMMERCIAL,SYMPTOMS,COUGH,0,2,5,0
2022-06-04,1137,9298.0,URGENT CARE FACILITY,COMMERCIAL,CONDITIONS,disease_x,0,18,3,0
2022-06-05,235,4852.0,OFFICE,COMMERCIAL,CONDITIONS,disease_x,0,1,1,0
2022-06-27,3807,21913.0,OFFICE,MEDICARE,CONDITIONS,immunocompromised,0,22,8,25
2022-06-20,3090,4035.0,HOSPITAL INPATIENT (INCLUDING MEDICARE PART A),COMMERCIAL,CONDITIONS,disease_x,0,6,0,0
2022-06-20,1925,0.0,TELEHEALTH PROVIDED OTHER THAN IN PATIENT'S HOME,COMMERCIAL,CONDITIONS,disease_x,0,1,0,0
2022-06-21,1002,0.0,INDEPENDENT LABORATORY,MEDICAID,CONDITIONS,disease_x,0,1,0,0
2022-06-27,761,14652.0,OFFICE,COMMERCIAL,CONDITIONS,disease_x,0,1,5,0
2022-06-14,600,17171.0,TELEHEALTH PROVIDED OTHER THAN IN PATIENT'S HOME,COMMERCIAL,CONDITIONS,disease_x,0,6,3,3
2022-07-01,2882,21191.0,HOSPITAL OUTPATIENT,MEDICARE,SYMPTOMS,DIFFICULTY_BREATHING,0,12,4,2
2022-06-02,724,13262.0,URGENT CARE FACILITY,COMMERCIAL,CONDITIONS,disease_x,0,1,0,0
2022-07-22,1710,9410.0,UNASSIGNED,MEDICARE,CONDITIONS,disease_x,0,38,11,2
2022-06-30,1142,23188.0,INPATIENT HOSPITAL,MEDICARE,CONDITIONS,disease_x,0,13,3,27
2022-06-10,652,2069.0,HOSPITAL OUTPATIENT,COMMERCIAL,CONDITIONS,disease_x,0,1,3,0
2022-06-09,1368,11213.0,EMERGENCY ROOM - HOSPITAL,MEDICARE,SYMPTOMS,COUGH,0,1,5,0
2022-06-09,1065,19779.0,ON CAMPUS-OUTPATIENT HOSPITAL,COMMERCIAL,CONDITIONS,disease_x,0,1,2,0
2022-06-30,3514,2994.0,EMERGENCY ROOM - HOSPITAL,COMMERCIAL,SYMPTOMS,FEVER,0,4,13,0
2022-06-29,1985,394.0,URGENT CARE FACILITY,COMMERCIAL,CONDITIONS,disease_x,0,1,0,0
2022-06-30,857,6571.0,OFFICE,COMMERCIAL,CONDITIONS,disease_x,0,1,1,0
2022-06-21,2744,0.0,INDEPENDENT LABORATORY,MEDICARE,CONDITIONS,disease_x,0,19,0,6
2022-06-18,1835,0.0,OFFICE,COMMERCIAL,SYMPTOMS,ACUTE_PHARYNGITIS,0,20,6,0
2022-06-23,2056,17527.0,OFFICE,COMMERCIAL,CONDITIONS,disease_x,0,5,13,0
2022-06-02,1247,2598.0,OFFICE,COMMERCIAL,CONDITIONS,disease_x,0,14,11,0
2022-06-09,3552,4876.0,TELEHEALTH PROVIDED OTHER THAN IN PATIENT'S HOME,COMMERCIAL,CONDITIONS,disease_x,0,14,1,1
2022-06-14,3096,17077.0,OFFICE,COMMERCIAL,SYMPTOMS,cough,0,9,3,3
2022-06-17,845,0.0,URGENT CARE FACILITY,COMMERCIAL,CONDITIONS,disease_x,0,1,0,0
2022-06-27,3085,6870.0,URGENT CARE FACILITY,COMMERCIAL,CONDITIONS,disease_x,0,1,2,0
2022-07-13,2230,5418.0,INPATIENT HOSPITAL,MEDICARE,CONDITIONS,heart_disease,0,87,17,41
2022-06-05,3987,3892.0,URGENT CARE FACILITY,COMMERCIAL,CONDITIONS,disease_x,0,2,18,0
2022-06-04,1275,5247.0,URGENT CARE FACILITY,COMMERCIAL,CONDITIONS,disease_x,0,3,0,0
2022-06-06,2347,8219.0,OFFICE,MEDICARE,CONDITIONS,disease_x,0,26,5,2
2022-06-30,2957,19879.0,URGENT CARE FACILITY,COMMERCIAL,CONDITIONS,DISEASE_X,0,50,1,1
2022-06-28,370,550.0,TELEHEALTH PROVIDED OTHER THAN IN PATIENT'S HOME,COMMERCIAL,CONDITIONS,disease_x,0,2,2,0
2022-06-06,3589,22533.0,OFFICE,MEDICARE,CONDITIONS,DISEASE_X,0,24,12,0
2022-06-13,1362,9585.0,CLINIC - RURAL HEALTH,MEDICAID,CONDITIONS,DISEASE_X,0,5,6,0
2022-07-14,2664,19943.0,OFFICE,COMMERCIAL,CONDITIONS,IMMUNOCOMPROMISED,0,7,0,1
2022-06-29,720,20542.0,HOSPITAL OUTPATIENT,COMMERCIAL,CONDITIONS,DISEASE_X,0,2,0,0
2022-06-22,2152,21172.0,OFFICE,COMMERCIAL,CONDITIONS,obesity,0,24,6,0
2022-06-27,584,2730.0,OFFICE,COMMERCIAL,CONDITIONS,disease_x,0,1,0,0
2022-07-21,786,15081.0,OFFICE,COMMERCIAL,CONDITIONS,mental_health_disorders,0,89,37,1
2022-07-21,1912,9851.0,OFFICE,MEDICARE,CONDITIONS,hypertension,0,30,7,22
2022-06-20,1192,0.0,INDEPENDENT LABORATORY,COMMERCIAL,CONDITIONS,disease_x,0,2,0,0
2022-06-09,2970,0.0,OFFICE,COMMERCIAL,CONDITIONS,disease_x,0,3,0,0
2022-06-02,1202,10793.0,URGENT CARE FACILITY,COMMERCIAL,CONDITIONS,disease_x,0,1,4,0
2022-06-14,1185,0.0,INDEPENDENT LABORATORY,COMMERCIAL,CONDITIONS,disease_x,0,4,4,0
2022-06-14,1454,0.0,TELEHEALTH PROVIDED IN PATIENT'S HOME,COMMERCIAL,CONDITIONS,DISEASE_X,0,1,0,0
2022-06-10,1861,1700.0,OFFICE,COMMERCIAL,CONDITIONS,disease_x,0,1,0,0
2022-06-17,807,15275.0,TELEHEALTH PROVIDED IN PATIENT'S HOME,COMMERCIAL,CONDITIONS,disease_x,0,1,31,0
2022-06-30,2075,1558.0,OFFICE,COMMERCIAL,SYMPTOMS,COUGH,0,27,9,8
2022-06-02,68,4461.0,URGENT CARE FACILITY,COMMERCIAL,SYMPTOMS,acute_uri,0,1,1,0
2022-07-05,1035,4213.0,HOSPITAL - LABORATORY SERVICES PROVIDED TO NON-PATIENTS,COMMERCIAL,CONDITIONS,disease_x,0,70,31,1
2022-07-18,3442,9188.0,OFFICE,COMMERCIAL,CONDITIONS,heart_disease,0,18,24,14
2022-06-07,775,17607.0,EMERGENCY ROOM - HOSPITAL,COMMERCIAL,CONDITIONS,disease_x,0,5,1,2
2022-06-23,1818,399.0,OFFICE,MEDICARE,CONDITIONS,disease_x,0,35,3,18
2022-06-30,1140,1007.0,OFFICE,COMMERCIAL,CONDITIONS,disease_x,0,2,4,8
2022-06-25,916,5922.0,EMERGENCY ROOM - HOSPITAL,COMMERCIAL,SYMPTOMS,ACUTE_URI,0,89,5,86
2022-06-18,1175,0.0,INDEPENDENT LABORATORY,COMMERCIAL,CONDITIONS,disease_x,0,1,2,0
2022-06-27,3832,18074.0,TELEHEALTH PROVIDED OTHER THAN IN PATIENT'S HOME,COMMERCIAL,CONDITIONS,disease_x,0,1,0,0
2022-06-19,1196,6429.0,OFFICE,COMMERCIAL,CONDITIONS,disease_x,0,1,2,0
2022-06-02,3751,2613.0,OFFICE,COMMERCIAL,CONDITIONS,disease_x,0,38,15,3
2022-06-30,1919,12889.0,EMERGENCY ROOM - HOSPITAL,COMMERCIAL,CONDITIONS,disease_x,0,28,6,0
2022-07-01,1452,0.0,INDEPENDENT LABORATORY,COMMERCIAL,CONDITIONS,disease_x,0,3,4,0
2022-06-08,3162,19374.0,HOSPITAL OUTPATIENT,COMMERCIAL,CONDITIONS,DISEASE_X,0,6,1,0
2022-06-07,1571,1028.0,URGENT CARE FACILITY,COMMERCIAL,CONDITIONS,disease_x,0,1,0,0
2022-07-11,1339,4824.0,OFFICE,COMMERCIAL,CONDITIONS,HEART_DISEASE,0,111,9,8
2022-06-20,3622,13664.0,OFFICE,COMMERCIAL,CONDITIONS,disease_x,0,56,3,0
2022-06-18,902,16415.0,EMERGENCY ROOM - HOSPITAL,COMMERCIAL,CONDITIONS,disease_x,0,93,0,1
2022-07-01,3635,19634.0,UNASSIGNED,MEDICARE,CONDITIONS,HEART_DISEASE,0,123,24,1
2022-06-22,1111,0.0,URGENT CARE FACILITY,COMMERCIAL,CONDITIONS,disease_x,0,2,0,0
2022-06-23,79,101.0,FEDERALLY QUALIFIED HEALTH CENTER,COMMERCIAL,CONDITIONS,DISEASE_X,0,3,2,0
2022-06-21,674,45.0,URGENT CARE FACILITY,COMMERCIAL,CONDITIONS,DISEASE_X,0,1,0,0
2022-06-08,438,6959.0,OFFICE,COMMERCIAL,SYMPTOMS,ACUTE_PHARYNGITIS,0,1,1,0
2022-07-01,2312,0.0,OFFICE,MEDICARE,SYMPTOMS,headache,0,58,6,0
2022-06-04,2397,0.0,INDEPENDENT LABORATORY,COMMERCIAL,CONDITIONS,disease_x,0,27,23,3
2022-06-14,2338,10760.0,OTHER PLACE OF SERVICE,MEDICARE,CONDITIONS,DISEASE_X,0,82,47,1
2022-06-10,380,6264.0,OFFICE,COMMERCIAL,CONDITIONS,disease_x,0,1,2,0
2022-06-02,482,21748.0,EMERGENCY ROOM - HOSPITAL,COMMERCIAL,CONDITIONS,disease_x,0,2,4,0
2022-06-30,1276,13289.0,OFFICE,MEDICARE,SYMPTOMS,SORE_THROAT,0,27,7,2
2022-07-19,3434,24501.0,TELEHEALTH PROVIDED OTHER THAN IN PATIENT'S HOME,COMMERCIAL,CONDITIONS,mental_health_disorders,0,55,24,6
2022-06-06,1373,17991.0,URGENT CARE FACILITY,COMMERCIAL,CONDITIONS,disease_x,0,1,1,0
2022-07-15,3600,0.0,OTHER PLACE OF SERVICE,COMMERCIAL,CONDITIONS,DISEASE_X,0,35,63,28
2022-06-27,2487,12280.0,OFFICE,COMMERCIAL,CONDITIONS,disease_x,0,1,4,0
2022-06-23,2542,0.0,URGENT CARE FACILITY,COMMERCIAL,CONDITIONS,DISEASE_X,0,1,0,0
2022-06-27,1331,24554.0,OFFICE,COMMERCIAL,CONDITIONS,DISEASE_X,0,11,3,0
2022-06-30,3075,2365.0,OFFICE,COMMERCIAL,CONDITIONS,disease_x,0,1,2,0
2022-06-23,419,11267.0,HOSPITAL OUTPATIENT,COMMERCIAL,CONDITIONS,disease_x,0,2,1,0
2022-07-07,2814,874.0,OFFICE,COMMERCIAL,SYMPTOMS,DIFFICULTY_BREATHING,0,3,2,0
2022-07-21,2261,19889.0,OFFICE,MEDICARE,CONDITIONS,heart_disease,0,11,6,31
2022-07-19,86,0.0,INDEPENDENT LABORATORY,MEDICARE,CONDITIONS,disease_x,0,10,0,0
2022-06-06,843,8971.0,OFFICE,COMMERCIAL,CONDITIONS,DISEASE_X,0,9,8,0
2022-06-01,2980,14612.0,TELEHEALTH PROVIDED OTHER THAN IN PATIENT'S HOME,COMMERCIAL,CONDITIONS,disease_x,0,12,1,0
2022-06-23,1216,0.0,URGENT CARE FACILITY,COMMERCIAL,CONDITIONS,disease_x,0,3,9,0
2022-06-27,870,21417.0,COMMUNITY MENTAL HEALTH CENTER,MEDICARE,CONDITIONS,MENTAL_HEALTH_DISORDERS,0,115,4,4
2022-06-28,656,21052.0,OFFICE,COMMERCIAL,CONDITIONS,DISEASE_X,0,1,11,0
2022-06-21,3315,21926.0,HOSPITAL OUTPATIENT,COMMERCIAL,CONDITIONS,disease_x,0,1,0,0
2022-06-29,2173,16280.0,OFFICE,COMMERCIAL,CONDITIONS,hypertension,0,6,0,0
2022-06-21,956,0.0,URGENT CARE FACILITY,COMMERCIAL,CONDITIONS,disease_x,0,1,0,0
2022-06-05,769,0.0,URGENT CARE FACILITY,COMMERCIAL,CONDITIONS,disease_x,0,9,6,0
2022-06-07,3521,19378.0,TELEHEALTH PROVIDED OTHER THAN IN PATIENT'S HOME,COMMERCIAL,CONDITIONS,disease_x,0,4,4,0
2022-06-30,3008,20065.0,HOSPITAL OUTPATIENT,COMMERCIAL,CONDITIONS,DISEASE_X,0,20,4,0
2022-06-15,3438,22666.0,OFFICE,MEDICARE,CONDITIONS,disease_x,0,13,9,0
2022-07-07,2624,18678.0,OFFICE,COMMERCIAL,CONDITIONS,immunocompromised,0,32,2,0
2022-06-25,181,15643.0,EMERGENCY ROOM - HOSPITAL,COMMERCIAL,CONDITIONS,disease_x,0,1,3,0
2022-07-14,3816,23441.0,OFFICE,MEDICARE,CONDITIONS,hypertension,0,18,7,0
2022-06-20,3758,21615.0,OFFICE,COMMERCIAL,CONDITIONS,immunocompromised,0,26,1,0
2022-07-18,2463,2873.0,OFFICE,COMMERCIAL,SYMPTOMS,HEADACHE,0,58,21,3
2022-06-09,89,24097.0,EMERGENCY ROOM - HOSPITAL,COMMERCIAL,CONDITIONS,disease_x,0,1,1,0
2022-06-01,2269,0.0,URGENT CARE FACILITY,COMMERCIAL,CONDITIONS,DISEASE_X,0,5,0,2
2022-06-25,669,8228.0,OFFICE,COMMERCIAL,CONDITIONS,obesity,0,3,1,0
2022-07-01,1250,10722.0,UNASSIGNED,MEDICARE,CONDITIONS,DISEASE_X,0,3,0,0
2022-06-13,62,0.0,URGENT CARE FACILITY,COMMERCIAL,CONDITIONS,disease_x,0,1,0,0
2022-06-23,3168,1862.0,EMERGENCY ROOM - HOSPITAL,COMMERCIAL,CONDITIONS,disease_x,0,1,1,0
2022-07-06,1684,0.0,INDEPENDENT LABORATORY,COMMERCIAL,CONDITIONS,disease_x,0,62,83,0
2022-06-09,2662,0.0,INDEPENDENT LABORATORY,COMMERCIAL,SYMPTOMS,ACUTE_PHARYNGITIS,0,4,9,1
2022-06-22,568,4806.0,OFFICE,COMMERCIAL,CONDITIONS,disease_x,0,1,1,0
2022-07-20,1576,14941.0,OFFICE,COMMERCIAL,SYMPTOMS,NAUSEA_AND_VOMITING,0,2,3,0
2022-06-23,1735,8269.0,TELEHEALTH PROVIDED IN PATIENT'S HOME,COMMERCIAL,CONDITIONS,disease_x,0,4,50,0
2022-06-26,1909,11335.0,URGENT CARE FACILITY,COMMERCIAL,CONDITIONS,disease_x,0,1,34,0
2022-06-22,586,8402.0,URGENT CARE FACILITY,COMMERCIAL,CONDITIONS,disease_x,0,1,0,0
2022-06-28,173,23333.0,EMERGENCY ROOM - HOSPITAL,COMMERCIAL,CONDITIONS,disease_x,0,2,6,0
2022-06-26,2055,18524.0,HOSPITAL OUTPATIENT,COMMERCIAL,CONDITIONS,disease_x,0,1,1,0
2022-06-16,3095,23024.0,UNASSIGNED,COMMERCIAL,CONDITIONS,disease_x,0,12,1,8
2022-06-10,3531,8724.0,INPATIENT HOSPITAL,MEDICARE,CONDITIONS,DISEASE_X,0,37,6,39
2022-07-18,2830,16237.0,OFFICE,MEDICARE,CONDITIONS,hypertension,0,101,4,0
2022-07-20,3872,18661.0,ON CAMPUS-OUTPATIENT HOSPITAL,MEDICARE,CONDITIONS,IMMUNOCOMPROMISED,0,131,6,0
2022-07-01,399,20861.0,TELEHEALTH PROVIDED OTHER THAN IN PATIENT'S HOME,COMMERCIAL,CONDITIONS,disease_x,0,12,1,0
2022-06-23,2783,0.0,INDEPENDENT LABORATORY,COMMERCIAL,CONDITIONS,disease_x,0,1,0,0
2022-06-07,665,186.0,OFFICE,COMMERCIAL,CONDITIONS,DISEASE_X,0,3,5,4
2022-07-14,638,0.0,INDEPENDENT LABORATORY,MEDICARE,CONDITIONS,hypertension,0,62,2,1
2022-06-04,300,2322.0,OFFICE,COMMERCIAL,CONDITIONS,disease_x,0,1,9,0
2022-06-22,687,0.0,URGENT CARE FACILITY,COMMERCIAL,CONDITIONS,disease_x,0,1,0,0
2022-07-08,2764,15640.0,OFFICE,COMMERCIAL,CONDITIONS,immunocompromised,0,92,5,27
2022-06-01,3196,23939.0,OFFICE,COMMERCIAL,CONDITIONS,disease_x,0,3,0,0
2022-06-02,798,16242.0,TELEHEALTH PROVIDED OTHER THAN IN PATIENT'S HOME,COMMERCIAL,SYMPTOMS,COUGH,0,2,9,0
2022-06-30,3706,19325.0,OFFICE,COMMERCIAL,CONDITIONS,DISEASE_X,0,6,0,11
2022-06-07,2675,8241.0,OFFICE,COMMERCIAL,CONDITIONS,disease_x,0,1,1,0
2022-06-02,3350,8725.0,INPATIENT HOSPITAL,COMMERCIAL,CONDITIONS,disease_x,0,19,1,1
2022-07-22,842,2930.0,TELEHEALTH PROVIDED OTHER THAN IN PATIENT'S HOME,COMMERCIAL,CONDITIONS,mental_health_disorders,0,19,9,9
2022-06-05,78,922.0,INPATIENT HOSPITAL,COMMERCIAL,CONDITIONS,disease_x,0,5,4,0
2022-07-11,1968,7362.0,OFFICE,COMMERCIAL,CONDITIONS,mental_health_disorders,0,45,0,0
2022-06-08,180,2190.0,OFFICE,COMMERCIAL,CONDITIONS,DISEASE_X,0,1,0,0
2022-06-10,451,5340.0,EMERGENCY ROOM - HOSPITAL,COMMERCIAL,CONDITIONS,disease_x,0,1,1,0
2022-06-13,1084,3230.0,OFFICE,COMMERCIAL,CONDITIONS,disease_x,0,1,1,0
2022-06-20,594,25127.0,OFFICE,MEDICARE,CONDITIONS,DIABETES,0,17,7,9
2022-06-22,3286,0.0,INDEPENDENT LABORATORY,MEDICARE,CONDITIONS,disease_x,0,2,1,1
2022-06-05,444,5583.0,EMERGENCY ROOM - HOSPITAL,COMMERCIAL,CONDITIONS,disease_x,0,1,2,0
2022-07-15,3444,1275.0,OFFICE,COMMERCIAL,CONDITIONS,immunocompromised,0,19,2,0
2022-06-23,2073,11390.0,OFFICE,COMMERCIAL,CONDITIONS,obesity,0,45,2,0
2022-06-18,2622,0.0,URGENT CARE FACILITY,COMMERCIAL,CONDITIONS,disease_x,0,1,4,0
2022-06-27,148,23275.0,OFFICE,COMMERCIAL,CONDITIONS,disease_x,0,2,2,0
2022-06-30,1040,17970.0,TELEHEALTH PROVIDED OTHER THAN IN PATIENT'S HOME,COMMERCIAL,CONDITIONS,disease_x,0,13,13,0
2022-06-09,596,10428.0,TELEHEALTH PROVIDED OTHER THAN IN PATIENT'S HOME,MEDICAID,CONDITIONS,disease_x,0,5,10,0
2022-06-10,1292,6351.0,TELEHEALTH PROVIDED OTHER THAN IN PATIENT'S HOME,COMMERCIAL,CONDITIONS,disease_x,0,6,4,0
2022-07-20,3962,9466.0,HOSPITAL OUTPATIENT,MEDICARE,CONDITIONS,immunocompromised,0,28,5,0
2022-06-25,592,1043.0,WALK-IN RETAIL HEALTH CLINIC,COMMERCIAL,SYMPTOMS,acute_pharyngitis,0,1,1,0
2022-06-16,1161,15518.0,OFFICE,COMMERCIAL,CONDITIONS,disease_x,0,1,0,0
2022-06-29,2733,10963.0,TELEHEALTH PROVIDED OTHER THAN IN PATIENT'S HOME,COMMERCIAL,CONDITIONS,disease_x,0,14,3,1
2022-06-17,165,4574.0,CLINIC - RURAL HEALTH,MEDICAID,CONDITIONS,DISEASE_X,0,1,3,0
2022-06-29,1341,2080.0,URGENT CARE FACILITY,COMMERCIAL,CONDITIONS,disease_x,0,1,0,0
2022-06-15,523,7262.0,URGENT CARE FACILITY,COMMERCIAL,SYMPTOMS,fever,0,1,3,0
2022-06-07,2284,4238.0,TELEHEALTH PROVIDED IN PATIENT'S HOME,COMMERCIAL,CONDITIONS,disease_x,0,4,0,0
2022-06-07,1067,6844.0,OFFICE,COMMERCIAL,CONDITIONS,disease_x,0,1,0,1
2022-06-14,722,0.0,INDEPENDENT LABORATORY,COMMERCIAL,CONDITIONS,disease_x,0,1,4,0
2022-06-23,2310,11402.0,OTHER PLACE OF SERVICE,MEDICARE,CONDITIONS,disease_x,0,33,37,22
2022-06-07,1218,1690.0,TELEHEALTH PROVIDED IN PATIENT'S HOME,COMMERCIAL,CONDITIONS,disease_x,0,2,21,0
2022-06-15,2915,4346.0,INPATIENT HOSPITAL,MEDICARE,CONDITIONS,immunocompromised,0,36,75,0
2022-06-22,3451,2725.0,URGENT CARE FACILITY,COMMERCIAL,CONDITIONS,disease_x,0,2,3,0
2022-07-14,1588,2287.0,CLINIC - RURAL HEALTH,MEDICARE,SYMPTOMS,COUGH,0,8,13,20
2022-06-05,293,18749.0,EMERGENCY ROOM - HOSPITAL,COMMERCIAL,CONDITIONS,DISEASE_X,0,1,0,0
2022-06-06,557,18526.0,HOSPITAL - LABORATORY SERVICES PROVIDED TO NON-PATIENTS,COMMERCIAL,CONDITIONS,disease_x,0,1,0,0
2022-07-14,1967,20146.0,OFFICE,MEDICARE,CONDITIONS,HEART_DISEASE,0,155,15,34
2022-06-01,70,4211.0,HOSPITAL OUTPATIENT,COMMERCIAL,SYMPTOMS,ACUTE_PHARYNGITIS,0,1,1,0
2022-06-21,900,14760.0,URGENT CARE FACILITY,COMMERCIAL,CONDITIONS,disease_x,0,1,3,0
2022-06-24,3176,0.0,URGENT CARE FACILITY,COMMERCIAL,CONDITIONS,disease_x,0,6,3,8
2022-06-13,607,8921.0,OFFICE,COMMERCIAL,CONDITIONS,disease_x,0,1,25,0
2022-06-16,830,69.0,OFFICE,COMMERCIAL,CONDITIONS,disease_x,0,5,51,0
2022-06-08,121,0.0,OTHER PLACE OF SERVICE,COMMERCIAL,CONDITIONS,disease_x,0,3,1,0
2022-07-11,3128,15952.0,OFFICE,MEDICARE,CONDITIONS,heart_disease,0,154,13,0
2022-06-14,2953,20157.0,TELEHEALTH PROVIDED OTHER THAN IN PATIENT'S HOME,COMMERCIAL,CONDITIONS,DISEASE_X,0,3,5,24
2022-06-21,2142,11078.0,TELEHEALTH PROVIDED OTHER THAN IN PATIENT'S HOME,COMMERCIAL,CONDITIONS,DISEASE_X,0,1,7,0
2022-06-23,347,17985.0,OFFICE,COMMERCIAL,SYMPTOMS,ACUTE_URI,0,1,5,0
2022-07-21,3580,22227.0,INPATIENT HOSPITAL,MEDICAID,SYMPTOMS,sore_throat,0,8,3,0
2022-07-21,1589,11093.0,TELEHEALTH PROVIDED OTHER THAN IN PATIENT'S HOME,MEDICARE,CONDITIONS,mental_health_disorders,0,50,12,5
2022-07-13,1951,5523.0,OFFICE,COMMERCIAL,CONDITIONS,mental_health_disorders,0,20,2,0
2022-06-23,1789,0.0,INDEPENDENT LABORATORY,COMMERCIAL,SYMPTOMS,COUGH,0,1,1,1
2022-06-24,271,1297.0,OFFICE,COMMERCIAL,CONDITIONS,disease_x,0,1,0,0
2022-06-11,2380,615.0,URGENT CARE FACILITY,COMMERCIAL,CONDITIONS,DISEASE_X,0,1,0,1
2022-06-28,2292,3164.0,OFFICE,COMMERCIAL,CONDITIONS,disease_x,0,3,1,0
2022-07-21,3704,25141.0,TELEHEALTH PROVIDED OTHER THAN IN PATIENT'S HOME,COMMERCIAL,CONDITIONS,mental_health_disorders,0,91,1,0
2022-06-04,1601,18351.0,TELEHEALTH PROVIDED OTHER THAN IN PATIENT'S HOME,MEDICARE,CONDITIONS,DISEASE_X,0,30,17,0
2022-06-30,3686,0.0,URGENT CARE FACILITY,COMMERCIAL,CONDITIONS,DISEASE_X,0,9,4,0
2022-06-07,467,2358.0,HOSPITAL OUTPATIENT,COMMERCIAL,CONDITIONS,disease_x,0,2,2,0
2022-06-29,1765,548.0,OFFICE,MEDICARE,CONDITIONS,disease_x,0,4,4,0
2022-06-30,3605,22415.0,TELEHEALTH PROVIDED IN PATIENT'S HOME,COMMERCIAL,CONDITIONS,disease_x,0,19,0,0
2022-06-16,1969,1947.0,HOSPITAL OUTPATIENT,COMMERCIAL,CONDITIONS,disease_x,0,12,3,0
2022-06-21,4011,0.0,INDEPENDENT LABORATORY,COMMERCIAL,CONDITIONS,disease_x,0,4,2,0
2022-06-01,1482,2717.0,UNASSIGNED,COMMERCIAL,CONDITIONS,disease_x,0,118,1,6
2022-06-06,569,0.0,TELEHEALTH PROVIDED OTHER THAN IN PATIENT'S HOME,COMMERCIAL,SYMPTOMS,COUGH,0,7,2,0
2022-06-07,1207,818.0,EMERGENCY ROOM - HOSPITAL,MEDICARE,CONDITIONS,disease_x,0,14,0,0
2022-06-14,3843,0.0,URGENT CARE FACILITY,COMMERCIAL,CONDITIONS,DISEASE_X,0,8,5,1
2022-06-27,1991,18566.0,ON CAMPUS-OUTPATIENT HOSPITAL,COMMERCIAL,SYMPTOMS,DIARRHEA,0,11,6,0
2022-06-23,689,18851.0,CLINIC - FREESTANDING,MEDICAID,CONDITIONS,disease_x,0,2,5,0
2022-06-30,3651,3584.0,OFFICE,COMMERCIAL,CONDITIONS,disease_x,0,32,1,3
2022-06-21,2339,0.0,TELEHEALTH PROVIDED IN PATIENT'S HOME,COMMERCIAL,CONDITIONS,disease_x,0,1,1,0
2022-06-15,3803,0.0,URGENT CARE FACILITY,COMMERCIAL,CONDITIONS,DISEASE_X,0,4,0,2
2022-06-13,2398,19746.0,HOSPITAL OUTPATIENT,COMMERCIAL,CONDITIONS,DISEASE_X,0,1,2,0
2022-06-15,360,7868.0,EMERGENCY ROOM - HOSPITAL,COMMERCIAL,CONDITIONS,DISEASE_X,0,1,0,2
2022-06-20,1228,1830.0,OFFICE,COMMERCIAL,CONDITIONS,disease_x,0,2,0,0
2022-06-27,844,435.0,OFFICE,COMMERCIAL,CONDITIONS,DISEASE_X,0,1,9,0
2022-06-09,2384,3438.0,TELEHEALTH PROVIDED OTHER THAN IN PATIENT'S HOME,COMMERCIAL,CONDITIONS,DISEASE_X,0,1,1,0
2022-06-04,852,17275.0,OFFICE,COMMERCIAL,SYMPTOMS,FEVER,0,7,5,0
2022-06-24,3077,4719.0,OFFICE,COMMERCIAL,SYMPTOMS,COUGH,0,85,10,0
2022-06-26,2491,11571.0,HOSPITAL OUTPATIENT,COMMERCIAL,CONDITIONS,disease_x,0,6,0,0
2022-06-19,912,4833.0,INDEPENDENT LABORATORY,COMMERCIAL,CONDITIONS,DISEASE_X,0,2,0,0
2022-06-29,1307,13317.0,HOSPITAL INPATIENT (INCLUDING MEDICARE PART A),COMMERCIAL,CONDITIONS,disease_x,0,1,2,0
2022-06-28,502,15899.0,HOSPITAL OUTPATIENT,MEDICARE,CONDITIONS,disease_x,0,10,1,0
2022-07-05,3459,16930.0,TELEHEALTH PROVIDED IN PATIENT'S HOME,COMMERCIAL,CONDITIONS,mental_health_disorders,0,25,1,0
2022-07-13,341,5932.0,OFFICE,COMMERCIAL,CONDITIONS,obesity,0,2,2,0
2022-06-05,328,62.0,OFFICE,MEDICAID,CONDITIONS,disease_x,0,1,0,0
2022-06-02,2093,21158.0,OFFICE,COMMERCIAL,CONDITIONS,disease_x,0,3,13,0
2022-06-01,2315,111.0,CLINIC - FREESTANDING,MEDICAID,CONDITIONS,disease_x,0,1,0,0
2022-06-16,2110,19912.0,HOSPITAL OUTPATIENT,COMMERCIAL,CONDITIONS,disease_x,0,2,18,0
2022-06-17,2293,298.0,OFFICE,COMMERCIAL,CONDITIONS,disease_x,0,2,0,0
2022-07-05,3264,18471.0,OFFICE,COMMERCIAL,CONDITIONS,hypertension,0,6,3,0
2022-07-02,540,0.0,TELEHEALTH PROVIDED IN PATIENT'S HOME,COMMERCIAL,SYMPTOMS,CONGESTION,0,3,4,23
2022-07-14,3219,8837.0,OFFICE,MEDICARE,CONDITIONS,immunocompromised,0,54,2,54
2022-06-28,3362,13961.0,OFFICE,COMMERCIAL,CONDITIONS,disease_x,0,23,4,1
2022-07-21,2148,20700.0,OFFICE,COMMERCIAL,CONDITIONS,mental_health_disorders,0,19,3,8
2022-06-17,3571,0.0,URGENT CARE FACILITY,COMMERCIAL,CONDITIONS,disease_x,0,1,2,0
2022-06-21,2247,0.0,URGENT CARE FACILITY,COMMERCIAL,CONDITIONS,disease_x,0,1,0,0
2022-07-11,2969,18921.0,OFFICE,COMMERCIAL,CONDITIONS,hypertension,0,36,5,9
2022-07-07,3376,19821.0,OFFICE,COMMERCIAL,SYMPTOMS,difficulty_breathing,0,10,28,0
2022-06-03,1997,0.0,URGENT CARE FACILITY,COMMERCIAL,CONDITIONS,disease_x,0,24,3,0
2022-06-07,107,7311.0,OFFICE,COMMERCIAL,CONDITIONS,disease_x,0,1,0,0
2022-06-17,3869,8557.0,OFFICE,MEDICARE,CONDITIONS,disease_x,0,30,4,10
2022-06-11,3191,18687.0,EMERGENCY ROOM - HOSPITAL,COMMERCIAL,CONDITIONS,DISEASE_X,0,1,4,13
2022-06-21,416,4069.0,OFFICE,COMMERCIAL,CONDITIONS,DISEASE_X,0,1,0,0
2022-06-20,455,3238.0,EMERGENCY ROOM - HOSPITAL,COMMERCIAL,CONDITIONS,disease_x,0,1,0,0
2022-07-07,3640,17591.0,UNASSIGNED,MEDICARE,CONDITIONS,IMMUNOCOMPROMISED,0,83,18,0
2022-07-10,61,0.0,OTHER PLACE OF SERVICE,COMMERCIAL,CONDITIONS,DISEASE_X,0,3,0,0
2022-07-15,808,24958.0,OFFICE,COMMERCIAL,CONDITIONS,diabetes,0,111,5,31
2022-06-29,521,10996.0,URGENT CARE FACILITY,COMMERCIAL,CONDITIONS,disease_x,0,1,8,0
2022-06-25,3503,0.0,INDEPENDENT LABORATORY,COMMERCIAL,CONDITIONS,DISEASE_X,0,8,6,0
2022-07-08,1442,19172.0,OFFICE,COMMERCIAL,CONDITIONS,DISEASE_X,0,34,14,0
2022-06-03,2489,18602.0,URGENT CARE FACILITY,COMMERCIAL,CONDITIONS,disease_x,0,2,9,0
2022-06-27,1195,25180.0,URGENT CARE FACILITY,COMMERCIAL,CONDITIONS,disease_x,0,11,0,0
2022-06-08,936,18851.0,OFFICE,COMMERCIAL,CONDITIONS,disease_x,0,5,8,0
2022-06-24,2205,0.0,URGENT CARE FACILITY,COMMERCIAL,CONDITIONS,disease_x,0,2,3,0
2022-06-23,2280,0.0,INDEPENDENT LABORATORY,COMMERCIAL,CONDITIONS,disease_x,0,2,1,0
2022-06-27,1607,8664.0,ON CAMPUS-OUTPATIENT HOSPITAL,COMMERCIAL,CONDITIONS,disease_x,0,1,0,0
2022-06-02,2563,216.0,URGENT CARE FACILITY,COMMERCIAL,CONDITIONS,disease_x,0,1,0,0
2022-06-21,815,0.0,OTHER PLACE OF SERVICE,COMMERCIAL,CONDITIONS,disease_x,0,7,2,5
2022-06-25,1104,25149.0,EMERGENCY ROOM - HOSPITAL,COMMERCIAL,CONDITIONS,disease_x,0,1,0,0
2022-06-13,484,2142.0,URGENT CARE FACILITY,COMMERCIAL,SYMPTOMS,cough,0,3,1,0
2022-06-05,3927,0.0,URGENT CARE FACILITY,COMMERCIAL,CONDITIONS,DISEASE_X,0,1,0,0
2022-06-10,2754,12792.0,CLINIC  - FEDERALLY QUALIFIED HEALTH CENTER (FQHC),MEDICARE,CONDITIONS,disease_x,0,4,5,0
2022-06-15,635,15999.0,OFFICE,COMMERCIAL,SYMPTOMS,fever,0,1,15,0
2022-06-02,3353,3528.0,INPATIENT HOSPITAL,COMMERCIAL,CONDITIONS,DISEASE_X,0,1,0,0
2022-07-20,3051,23271.0,OFFICE,MEDICARE,CONDITIONS,diabetes,0,30,1,5
2022-06-08,302,19246.0,HOSPITAL OUTPATIENT,COMMERCIAL,CONDITIONS,disease_x,0,4,1,0
2022-06-21,1709,2889.0,URGENT CARE FACILITY,COMMERCIAL,CONDITIONS,DISEASE_X,0,14,0,0
2022-07-22,1405,17892.0,INPATIENT HOSPITAL,COMMERCIAL,CONDITIONS,immunocompromised,0,14,1,0
2022-07-20,3546,0.0,INDEPENDENT LABORATORY,MEDICARE,CONDITIONS,DISEASE_X,0,36,2,0
2022-06-24,1746,3461.0,OFFICE,COMMERCIAL,CONDITIONS,disease_x,0,1,1,0
2022-06-20,1496,24.0,CLINIC - FREESTANDING,MEDICAID,CONDITIONS,disease_x,0,1,0,0
2022-06-20,3053,4445.0,TELEHEALTH PROVIDED OTHER THAN IN PATIENT'S HOME,COMMERCIAL,CONDITIONS,disease_x,0,15,3,0
2022-06-20,562,14520.0,TELEHEALTH PROVIDED OTHER THAN IN PATIENT'S HOME,COMMERCIAL,CONDITIONS,disease_x,0,3,2,0
2022-06-03,931,7691.0,EMERGENCY ROOM - HOSPITAL,COMMERCIAL,CONDITIONS,disease_x,0,2,0,20
2022-07-18,3060,3735.0,OFFICE,MEDICARE,CONDITIONS,hypertension,0,43,6,0
2022-06-30,2090,20413.0,OFFICE,COMMERCIAL,CONDITIONS,disease_x,0,2,9,0
2022-06-22,3477,13471.0,OFFICE,MEDICARE,CONDITIONS,disease_x,0,3,11,8
2022-07-05,904,4750.0,OFFICE,COMMERCIAL,CONDITIONS,disease_x,0,9,4,0
2022-06-01,688,0.0,URGENT CARE FACILITY,COMMERCIAL,SYMPTOMS,sore_throat,0,4,1,0
2022-07-05,1259,8749.0,HOSPITAL OUTPATIENT,COMMERCIAL,CONDITIONS,DISEASE_X,0,93,15,2
2022-06-17,1409,23861.0,TELEHEALTH PROVIDED OTHER THAN IN PATIENT'S HOME,COMMERCIAL,CONDITIONS,disease_x,0,1,0,0
2022-07-01,2374,5032.0,EMERGENCY ROOM - HOSPITAL,COMMERCIAL,CONDITIONS,DISEASE_X,0,3,0,0
2022-06-09,258,2894.0,WALK-IN RETAIL HEALTH CLINIC,COMMERCIAL,CONDITIONS,disease_x,0,1,0,0
2022-06-28,1155,19189.0,TELEHEALTH PROVIDED IN PATIENT'S HOME,COMMERCIAL,CONDITIONS,DISEASE_X,0,8,0,0
2022-06-30,1631,19483.0,OFFICE,COMMERCIAL,CONDITIONS,disease_x,0,1,1,0
2022-06-11,1,24633.0,EMERGENCY ROOM - HOSPITAL,COMMERCIAL,CONDITIONS,disease_x,0,1,0,0
2022-06-22,1320,13591.0,INPATIENT HOSPITAL,MEDICARE,CONDITIONS,disease_x,0,10,0,0
2022-06-09,214,18575.0,OFFICE,COMMERCIAL,CONDITIONS,DISEASE_X,0,1,0,0
2022-06-14,1181,20992.0,OFFICE,MEDICARE,CONDITIONS,disease_x,0,21,15,0
2022-06-03,3676,10084.0,EMERGENCY ROOM - HOSPITAL,COMMERCIAL,SYMPTOMS,DIFFICULTY_BREATHING,0,1,1,0
2022-06-12,1314,1772.0,HOSPITAL OUTPATIENT,COMMERCIAL,CONDITIONS,disease_x,0,1,10,0
2022-07-07,3610,17859.0,OFFICE,COMMERCIAL,SYMPTOMS,DIFFICULTY_BREATHING,0,2,6,0
2022-06-07,475,0.0,TELEHEALTH PROVIDED OTHER THAN IN PATIENT'S HOME,COMMERCIAL,CONDITIONS,disease_x,0,1,1,0
2022-06-14,3572,0.0,URGENT CARE FACILITY,COMMERCIAL,CONDITIONS,disease_x,0,2,1,0
2022-06-10,2824,7979.0,URGENT CARE FACILITY,COMMERCIAL,CONDITIONS,disease_x,0,1,13,0
2022-06-07,3628,2024.0,OFFICE,COMMERCIAL,CONDITIONS,hypertension,0,6,1,28
2022-06-18,2608,13061.0,TELEHEALTH PROVIDED OTHER THAN IN PATIENT'S HOME,COMMERCIAL,CONDITIONS,disease_x,0,1,1,0
2022-06-20,1790,21246.0,INPATIENT HOSPITAL,MEDICARE,CONDITIONS,disease_x,0,132,1,4
2022-07-15,2701,6339.0,OFFICE,COMMERCIAL,SYMPTOMS,DIFFICULTY_BREATHING,0,9,14,0
2022-06-05,3413,13043.0,URGENT CARE FACILITY,COMMERCIAL,CONDITIONS,DISEASE_X,0,11,2,0
2022-06-24,3426,179.0,OFFICE,COMMERCIAL,SYMPTOMS,HEADACHE,0,1,4,0
2022-06-22,2976,8874.0,OFFICE,MEDICARE,CONDITIONS,disease_x,0,3,1,7
2022-06-27,421,1834.0,OFFICE,COMMERCIAL,CONDITIONS,disease_x,0,1,6,0
2022-06-10,1262,0.0,TELEHEALTH PROVIDED IN PATIENT'S HOME,COMMERCIAL,SYMPTOMS,cough,0,1,5,0
2022-06-16,1720,14416.0,OFFICE,COMMERCIAL,SYMPTOMS,SORE_THROAT,0,49,17,0
2022-07-15,279,21481.0,ON CAMPUS-OUTPATIENT HOSPITAL,COMMERCIAL,CONDITIONS,disease_x,0,28,4,6
2022-06-09,954,7680.0,TELEHEALTH PROVIDED OTHER THAN IN PATIENT'S HOME,COMMERCIAL,CONDITIONS,DISEASE_X,0,2,4,0
2022-06-15,352,199.0,URGENT CARE FACILITY,COMMERCIAL,CONDITIONS,disease_x,0,1,0,0
2022-06-04,3695,0.0,URGENT CARE FACILITY,COMMERCIAL,CONDITIONS,HYPERTENSION,0,6,2,1
2022-06-01,1933,0.0,INDEPENDENT LABORATORY,COMMERCIAL,CONDITIONS,disease_x,0,2,1,0
2022-06-30,3238,10950.0,OFFICE,COMMERCIAL,SYMPTOMS,DIFFICULTY_BREATHING,0,3,5,0
2022-06-27,2041,0.0,URGENT CARE FACILITY,COMMERCIAL,CONDITIONS,disease_x,0,5,5,0
2022-07-20,863,15484.0,HOSPITAL OUTPATIENT,COMMERCIAL,CONDITIONS,diabetes,0,109,10,0
2022-07-19,1285,24812.0,HOSPITAL OUTPATIENT,MEDICARE,CONDITIONS,immunocompromised,0,30,4,0
2022-06-15,2598,13663.0,EMERGENCY ROOM - HOSPITAL,COMMERCIAL,CONDITIONS,disease_x,0,1,0,0
2022-06-07,2229,5829.0,URGENT CARE FACILITY,COMMERCIAL,CONDITIONS,disease_x,0,1,1,0
2022-06-09,3468,3763.0,HOSPITAL OUTPATIENT,COMMERCIAL,CONDITIONS,disease_x,0,8,5,0
2022-06-22,1646,0.0,INDEPENDENT LABORATORY,COMMERCIAL,CONDITIONS,disease_x,0,1,0,0
2022-06-29,2144,5529.0,OFFICE,COMMERCIAL,CONDITIONS,disease_x,0,4,3,1
2022-06-08,1556,0.0,OFFICE,COMMERCIAL,CONDITIONS,disease_x,0,1,9,0
2022-06-30,2620,10618.0,EMERGENCY ROOM - HOSPITAL,COMMERCIAL,CONDITIONS,DISEASE_X,0,2,20,2
2022-06-29,543,11375.0,EMERGENCY ROOM - HOSPITAL,COMMERCIAL,CONDITIONS,disease_x,0,25,4,0
2022-06-26,1088,19131.0,URGENT CARE FACILITY,COMMERCIAL,CONDITIONS,disease_x,0,1,3,0
2022-06-23,1048,504.0,URGENT CARE FACILITY,COMMERCIAL,CONDITIONS,disease_x,0,1,1,0
2022-06-17,1130,1668.0,URGENT CARE FACILITY,COMMERCIAL,CONDITIONS,disease_x,0,2,5,0
2022-07-19,3855,326.0,OFFICE,COMMERCIAL,CONDITIONS,immunocompromised,0,94,24,13
2022-06-16,1958,7202.0,TELEHEALTH PROVIDED IN PATIENT'S HOME,COMMERCIAL,CONDITIONS,obesity,0,6,8,0
2022-06-06,59,13679.0,HOSPITAL - LABORATORY SERVICES PROVIDED TO NON-PATIENTS,COMMERCIAL,CONDITIONS,disease_x,0,4,0,0
2022-07-18,3129,23099.0,OFFICE,COMMERCIAL,SYMPTOMS,HEADACHE,0,15,19,0
2022-07-06,3274,1870.0,OFFICE,COMMERCIAL,CONDITIONS,OBESITY,0,16,0,0
2022-06-02,1399,0.0,URGENT CARE FACILITY,COMMERCIAL,CONDITIONS,disease_x,0,2,1,4
2022-07-12,3525,0.0,INDEPENDENT LABORATORY,COMMERCIAL,CONDITIONS,heart_disease,0,34,20,5
2022-06-22,994,12963.0,URGENT CARE FACILITY,COMMERCIAL,CONDITIONS,disease_x,0,1,27,0
2022-06-02,270,24720.0,OFFICE,COMMERCIAL,CONDITIONS,disease_x,0,2,4,0
2022-06-20,174,9718.0,INPATIENT HOSPITAL,COMMERCIAL,CONDITIONS,disease_x,0,2,0,0
2022-07-20,3022,0.0,OTHER PLACE OF SERVICE,COMMERCIAL,CONDITIONS,DISEASE_X,0,5,11,2
2022-06-14,3071,4656.0,HOSPITAL OUTPATIENT,COMMERCIAL,CONDITIONS,DISEASE_X,0,1,7,0
2022-06-30,705,7947.0,OFFICE,COMMERCIAL,CONDITIONS,DISEASE_X,0,1,2,0
2022-06-01,2072,16432.0,HOSPITAL OUTPATIENT,COMMERCIAL,CONDITIONS,disease_x,0,22,25,0
2022-06-28,974,12377.0,OFFICE,COMMERCIAL,SYMPTOMS,ACUTE_PHARYNGITIS,0,4,39,0
2022-06-06,2614,1220.0,URGENT CARE FACILITY,MEDICARE,CONDITIONS,disease_x,0,22,2,0
2022-07-19,2492,4101.0,HOSPITAL OUTPATIENT,MEDICAID,CONDITIONS,hypertension,0,59,0,0
2022-06-21,853,17744.0,TELEHEALTH PROVIDED OTHER THAN IN PATIENT'S HOME,COMMERCIAL,CONDITIONS,disease_x,0,3,8,0
2022-06-16,2447,18987.0,INPATIENT HOSPITAL,COMMERCIAL,CONDITIONS,DISEASE_X,0,7,0,0
2022-06-17,3851,0.0,URGENT CARE FACILITY,COMMERCIAL,CONDITIONS,disease_x,0,6,0,0
2022-06-05,1772,17611.0,HOSPITAL OUTPATIENT,COMMERCIAL,CONDITIONS,disease_x,0,2,0,0
2022-06-24,2673,19357.0,OFFICE,COMMERCIAL,CONDITIONS,disease_x,0,2,2,0
2022-06-24,256,1415.0,TELEHEALTH PROVIDED OTHER THAN IN PATIENT'S HOME,COMMERCIAL,CONDITIONS,disease_x,0,2,3,0
2022-06-18,1354,0.0,URGENT CARE FACILITY,COMMERCIAL,CONDITIONS,disease_x,0,1,0,0
2022-06-20,1722,23298.0,ON CAMPUS-OUTPATIENT HOSPITAL,MEDICARE,SYMPTOMS,COUGH,0,44,102,48
2022-06-12,456,3718.0,HOSPITAL OUTPATIENT,COMMERCIAL,CONDITIONS,disease_x,0,2,0,0
2022-06-28,3679,0.0,INDEPENDENT LABORATORY,COMMERCIAL,CONDITIONS,disease_x,0,9,2,0
2022-06-22,2031,0.0,INDEPENDENT LABORATORY,MEDICARE,CONDITIONS,disease_x,0,8,3,0
2022-07-16,2162,14378.0,EMERGENCY ROOM - HOSPITAL,COMMERCIAL,SYMPTOMS,DIFFICULTY_BREATHING,0,78,20,9
2022-06-20,753,18575.0,OFFICE,COMMERCIAL,CONDITIONS,disease_x,0,1,1,0
2022-06-16,1615,3360.0,TELEHEALTH PROVIDED OTHER THAN IN PATIENT'S HOME,COMMERCIAL,CONDITIONS,disease_x,0,3,1,0
2022-06-07,2483,0.0,TELEHEALTH PROVIDED OTHER THAN IN PATIENT'S HOME,COMMERCIAL,CONDITIONS,disease_x,0,2,9,0
2022-06-14,2212,11548.0,EMERGENCY ROOM - HOSPITAL,MEDICARE,CONDITIONS,disease_x,0,7,0,2
2022-06-15,1829,3091.0,TELEHEALTH PROVIDED OTHER THAN IN PATIENT'S HOME,COMMERCIAL,CONDITIONS,disease_x,0,5,1,0
2022-06-17,6,0.0,INDEPENDENT LABORATORY,COMMERCIAL,CONDITIONS,disease_x,0,1,0,0
2022-06-06,1680,21495.0,OFFICE,COMMERCIAL,CONDITIONS,disease_x,0,2,9,0
2022-06-02,2087,0.0,URGENT CARE FACILITY,COMMERCIAL,CONDITIONS,disease_x,0,1,5,0
2022-07-07,1908,415.0,CLINIC  - FEDERALLY QUALIFIED HEALTH CENTER (FQHC),MEDICARE,CONDITIONS,hypertension,0,41,8,4
2022-06-28,480,0.0,OTHER PLACE OF SERVICE,COMMERCIAL,CONDITIONS,disease_x,0,1,0,0
2022-07-21,2668,3821.0,ON CAMPUS-OUTPATIENT HOSPITAL,MEDICARE,CONDITIONS,heart_disease,0,84,14,13
2022-06-16,3822,15014.0,INPATIENT HOSPITAL,COMMERCIAL,SYMPTOMS,FEVER,0,137,21,13
2022-06-27,1214,0.0,OTHER PLACE OF SERVICE,MEDICARE,CONDITIONS,DISEASE_X,0,51,0,0
2022-06-21,1054,11148.0,TELEHEALTH PROVIDED OTHER THAN IN PATIENT'S HOME,COMMERCIAL,CONDITIONS,disease_x,0,1,3,0
2022-06-30,3607,14464.0,OFFICE,COMMERCIAL,CONDITIONS,disease_x,0,40,10,0
2022-06-03,491,0.0,TELEHEALTH PROVIDED IN PATIENT'S HOME,COMMERCIAL,CONDITIONS,disease_x,0,1,2,0
2022-06-22,232,3926.0,EMERGENCY ROOM - HOSPITAL,COMMERCIAL,CONDITIONS,disease_x,0,4,1,0
2022-06-20,837,20481.0,HOSPITAL OUTPATIENT,COMMERCIAL,CONDITIONS,disease_x,0,1,11,0
2022-06-25,2967,20208.0,EMERGENCY ROOM - HOSPITAL,COMMERCIAL,SYMPTOMS,HEADACHE,0,107,20,2
2022-07-22,3440,23624.0,OFFICE,COMMERCIAL,CONDITIONS,diabetes,0,6,14,0
2022-06-23,2786,24660.0,OFFICE,COMMERCIAL,CONDITIONS,disease_x,0,2,1,0
2022-06-06,2224,18180.0,EMERGENCY ROOM - HOSPITAL,MEDICAID,CONDITIONS,DISEASE_X,0,11,8,10
2022-06-16,2708,12269.0,TELEHEALTH PROVIDED IN PATIENT'S HOME,COMMERCIAL,CONDITIONS,disease_x,0,1,5,0
2022-06-16,2133,8642.0,EMERGENCY ROOM - HOSPITAL,MEDICARE,CONDITIONS,disease_x,0,7,0,0
2022-06-24,2288,14915.0,OFFICE,COMMERCIAL,CONDITIONS,DISEASE_X,0,2,0,1
2022-06-08,3402,5916.0,HOSPITAL OUTPATIENT,COMMERCIAL,CONDITIONS,hypertension,0,10,9,1
2022-07-19,3870,3975.0,OFFICE,MEDICARE,CONDITIONS,hypertension,0,48,21,12
2022-06-27,1425,450.0,OFFICE,COMMERCIAL,CONDITIONS,disease_x,0,3,6,0
2022-06-29,834,16439.0,OFFICE,COMMERCIAL,CONDITIONS,disease_x,0,1,16,0
2022-07-01,683,16981.0,UNASSIGNED,MEDICAID,CONDITIONS,MENTAL_HEALTH_DISORDERS,0,61,4,0
2022-06-30,1733,20471.0,CLINIC  - FEDERALLY QUALIFIED HEALTH CENTER (FQHC),COMMERCIAL,CONDITIONS,disease_x,0,13,3,27
2022-06-27,3160,15752.0,HOSPITAL OUTPATIENT,MEDICARE,CONDITIONS,disease_x,0,3,1,18
2022-06-02,283,5494.0,TELEHEALTH PROVIDED OTHER THAN IN PATIENT'S HOME,COMMERCIAL,CONDITIONS,DISEASE_X,0,18,0,0
2022-06-24,19,0.0,OFFICE,COMMERCIAL,CONDITIONS,disease_x,0,1,0,0
2022-06-14,1700,9755.0,OFF CAMPUS-OUTPATIENT HOSPITAL,COMMERCIAL,CONDITIONS,disease_x,0,43,2,1
2022-07-22,3782,751.0,OFFICE,COMMERCIAL,SYMPTOMS,muscle_ache,0,4,4,112
2022-06-09,3616,8447.0,OFFICE,COMMERCIAL,CONDITIONS,disease_x,0,2,1,2
2022-06-09,2136,25008.0,OFFICE,COMMERCIAL,CONDITIONS,disease_x,0,2,4,0
2022-06-05,3981,0.0,URGENT CARE FACILITY,COMMERCIAL,SYMPTOMS,SORE_THROAT,0,6,19,0
2022-06-08,2304,24798.0,HOSPITAL OUTPATIENT,COMMERCIAL,CONDITIONS,disease_x,0,61,15,0
2022-06-20,787,0.0,INDEPENDENT LABORATORY,COMMERCIAL,CONDITIONS,disease_x,0,1,22,0
2022-06-28,346,0.0,AMBULANCE - LAND,COMMERCIAL,CONDITIONS,disease_x,0,1,0,0
2022-06-23,3838,879.0,OFFICE,COMMERCIAL,CONDITIONS,disease_x,0,1,0,0
2022-06-04,3068,24078.0,OFFICE,COMMERCIAL,CONDITIONS,disease_x,0,1,0,0
2022-07-14,3295,23670.0,ON CAMPUS-OUTPATIENT HOSPITAL,COMMERCIAL,CONDITIONS,mental_health_disorders,0,16,6,0
2022-06-13,383,16154.0,OFFICE,COMMERCIAL,CONDITIONS,disease_x,0,1,0,0
2022-07-08,1089,16939.0,OFFICE,COMMERCIAL,CONDITIONS,disease_x,0,2,4,0
2022-06-09,507,0.0,OFFICE,COMMERCIAL,CONDITIONS,disease_x,0,1,7,0
2022-07-19,2450,13047.0,OFFICE,COMMERCIAL,CONDITIONS,immunocompromised,0,35,7,0
2022-07-13,73,24455.0,OFFICE,MEDICARE,CONDITIONS,MENTAL_HEALTH_DISORDERS,0,4,1,1
2022-06-23,1516,22365.0,ON CAMPUS-OUTPATIENT HOSPITAL,COMMERCIAL,CONDITIONS,disease_x,0,1,0,0
2022-06-29,3312,7120.0,TELEHEALTH PROVIDED OTHER THAN IN PATIENT'S HOME,COMMERCIAL,CONDITIONS,DISEASE_X,0,10,3,0
2022-06-08,3700,18686.0,URGENT CARE FACILITY,COMMERCIAL,SYMPTOMS,HEADACHE,0,16,35,5
2022-07-19,3480,0.0,AMBULANCE - LAND,COMMERCIAL,SYMPTOMS,difficulty_breathing,0,1,3,0
2022-06-30,2405,8562.0,OFFICE,MEDICAID,CONDITIONS,disease_x,0,22,26,0
2022-07-18,1644,7843.0,OFFICE,COMMERCIAL,SYMPTOMS,CHILLS,0,2,3,0
2022-06-04,3141,0.0,URGENT CARE FACILITY,COMMERCIAL,CONDITIONS,DISEASE_X,0,1,0,0
2022-06-29,691,14292.0,OFFICE,COMMERCIAL,CONDITIONS,disease_x,0,2,0,0
2022-06-30,1264,19579.0,OFFICE,COMMERCIAL,CONDITIONS,HYPERTENSION,0,13,0,0
2022-06-02,3399,0.0,URGENT CARE FACILITY,COMMERCIAL,CONDITIONS,disease_x,0,3,11,1
2022-06-29,3271,680.0,URGENT CARE FACILITY,COMMERCIAL,CONDITIONS,DISEASE_X,0,1,1,0
2022-06-09,2223,17332.0,TELEHEALTH PROVIDED IN PATIENT'S HOME,COMMERCIAL,CONDITIONS,disease_x,0,6,1,0
2022-06-22,3076,5434.0,URGENT CARE FACILITY,COMMERCIAL,CONDITIONS,disease_x,0,1,0,0
2022-07-06,2710,2461.0,OFFICE,COMMERCIAL,CONDITIONS,DISEASE_X,0,3,4,0
2022-07-19,3533,23732.0,OFFICE,COMMERCIAL,CONDITIONS,diabetes,0,65,6,11
2022-06-09,2462,5543.0,TELEHEALTH PROVIDED OTHER THAN IN PATIENT'S HOME,COMMERCIAL,CONDITIONS,disease_x,0,1,8,0
2022-06-09,497,0.0,INDEPENDENT LABORATORY,COMMERCIAL,CONDITIONS,DISEASE_X,0,1,1,0
2022-06-18,40,18158.0,OFFICE,COMMERCIAL,CONDITIONS,DISEASE_X,0,1,0,0
2022-06-12,1116,11399.0,URGENT CARE FACILITY,COMMERCIAL,CONDITIONS,disease_x,0,1,2,0
2022-06-02,1160,5114.0,HOSPITAL OUTPATIENT,COMMERCIAL,CONDITIONS,disease_x,0,4,1,0
2022-06-08,3660,9245.0,OFFICE,COMMERCIAL,CONDITIONS,DISEASE_X,0,3,0,0
2022-06-13,110,22348.0,EMERGENCY ROOM - HOSPITAL,MEDICAID,CONDITIONS,immunocompromised,0,2,1,0
2022-06-23,2617,1708.0,URGENT CARE FACILITY,COMMERCIAL,CONDITIONS,disease_x,0,10,3,0
2022-06-19,3908,23578.0,URGENT CARE FACILITY,COMMERCIAL,CONDITIONS,disease_x,0,1,1,0
2022-06-22,3563,470.0,OTHER PLACE OF SERVICE,MEDICARE,CONDITIONS,disease_x,0,71,16,0
2022-06-21,2952,18825.0,URGENT CARE FACILITY,COMMERCIAL,CONDITIONS,disease_x,0,9,4,0
2022-06-24,846,215.0,URGENT CARE FACILITY,COMMERCIAL,CONDITIONS,disease_x,0,3,7,0
2022-06-03,3189,2757.0,URGENT CARE FACILITY,MEDICARE,CONDITIONS,disease_x,0,21,8,0
2022-07-01,3902,11084.0,OTHER PLACE OF SERVICE,MEDICARE,CONDITIONS,IMMUNOCOMPROMISED,0,179,17,17
2022-06-10,3620,10703.0,OFFICE,MEDICARE,CONDITIONS,disease_x,0,39,21,0
2022-07-05,779,0.0,INDEPENDENT LABORATORY,COMMERCIAL,CONDITIONS,disease_x,0,178,0,12
2022-06-10,737,3055.0,OFFICE,COMMERCIAL,CONDITIONS,disease_x,0,10,0,1
2022-06-08,2408,309.0,HOSPITAL OUTPATIENT,COMMERCIAL,CONDITIONS,disease_x,0,1,0,0
2022-06-02,443,0.0,TELEHEALTH PROVIDED IN PATIENT'S HOME,COMMERCIAL,CONDITIONS,disease_x,0,7,0,0
2022-06-27,2527,6503.0,OFFICE,COMMERCIAL,CONDITIONS,disease_x,0,7,4,1
2022-06-24,2911,16264.0,OFFICE,COMMERCIAL,CONDITIONS,disease_x,0,2,0,3
2022-06-28,1533,21115.0,OFFICE,MEDICARE,CONDITIONS,disease_x,0,81,0,0
2022-07-22,3207,23012.0,OFFICE,MEDICARE,CONDITIONS,HEART_DISEASE,0,77,7,29
2022-06-14,3974,23528.0,OFFICE,COMMERCIAL,CONDITIONS,diabetes,0,17,23,0
2022-06-02,2826,6267.0,OFFICE,COMMERCIAL,CONDITIONS,disease_x,0,32,0,0
2022-07-12,3497,13273.0,HOSPITAL OUTPATIENT,MEDICARE,CONDITIONS,heart_disease,0,35,7,16
2022-06-20,2591,2707.0,EMERGENCY ROOM - HOSPITAL,COMMERCIAL,CONDITIONS,DISEASE_X,0,2,17,0
2022-06-28,2623,1103.0,OFF CAMPUS-OUTPATIENT HOSPITAL,COMMERCIAL,CONDITIONS,DISEASE_X,0,18,13,0
2022-06-24,626,0.0,URGENT CARE FACILITY,COMMERCIAL,CONDITIONS,DISEASE_X,0,1,0,0
2022-06-28,1850,0.0,URGENT CARE FACILITY,COMMERCIAL,SYMPTOMS,acute_pharyngitis,0,4,2,0
2022-07-21,3063,16272.0,INPATIENT HOSPITAL,COMMERCIAL,CONDITIONS,IMMUNOCOMPROMISED,0,186,6,54
2022-06-22,3016,0.0,OFFICE,COMMERCIAL,CONDITIONS,OBESITY,0,21,4,0
2022-06-29,1449,17119.0,HOSPITAL OUTPATIENT,COMMERCIAL,CONDITIONS,disease_x,0,10,3,0
2022-07-13,1732,2297.0,OFFICE,COMMERCIAL,CONDITIONS,hypertension,0,19,15,0
2022-06-01,2556,21428.0,OFFICE,COMMERCIAL,CONDITIONS,disease_x,0,10,8,2
2022-07-21,726,24725.0,OFFICE,MEDICARE,CONDITIONS,obesity,0,77,8,0
2022-06-08,2084,24045.0,URGENT CARE FACILITY,COMMERCIAL,CONDITIONS,disease_x,0,1,9,0
2022-06-10,1738,23343.0,OFFICE,COMMERCIAL,CONDITIONS,disease_x,0,1,0,0
2022-06-26,2965,1983.0,OFFICE,COMMERCIAL,CONDITIONS,disease_x,0,1,0,1
2022-06-14,3500,1638.0,URGENT CARE FACILITY,COMMERCIAL,CONDITIONS,disease_x,0,1,1,0
2022-06-03,2897,13.0,URGENT CARE FACILITY,COMMERCIAL,CONDITIONS,disease_x,0,7,8,0
2022-06-24,1675,13087.0,RURAL HEALTH CLINIC,COMMERCIAL,CONDITIONS,disease_x,0,1,0,1
2022-06-27,2155,7974.0,OFFICE,COMMERCIAL,CONDITIONS,disease_x,0,2,0,0
2022-06-07,1260,11582.0,TELEHEALTH PROVIDED IN PATIENT'S HOME,COMMERCIAL,CONDITIONS,disease_x,0,10,0,9
2022-06-08,3340,0.0,URGENT CARE FACILITY,COMMERCIAL,CONDITIONS,DISEASE_X,0,2,4,0
2022-06-09,694,0.0,URGENT CARE FACILITY,COMMERCIAL,SYMPTOMS,SORE_THROAT,0,8,9,0
2022-06-06,7,8189.0,INPATIENT HOSPITAL,COMMERCIAL,CONDITIONS,disease_x,0,1,0,0
2022-06-28,1097,14994.0,OFFICE,COMMERCIAL,CONDITIONS,disease_x,0,17,2,0
2022-06-07,3045,8399.0,TELEHEALTH PROVIDED OTHER THAN IN PATIENT'S HOME,COMMERCIAL,CONDITIONS,disease_x,0,1,11,0
2022-06-20,2912,10723.0,HOSPITAL OUTPATIENT,COMMERCIAL,CONDITIONS,disease_x,0,1,2,0
2022-06-22,2864,0.0,URGENT CARE FACILITY,COMMERCIAL,CONDITIONS,DISEASE_X,0,1,1,0
2022-06-20,440,0.0,FEDERALLY QUALIFIED HEALTH CENTER,COMMERCIAL,CONDITIONS,DISEASE_X,0,1,7,0
2022-06-28,2741,0.0,URGENT CARE FACILITY,COMMERCIAL,CONDITIONS,disease_x,0,2,2,0
2022-06-05,2860,0.0,INDEPENDENT LABORATORY,COMMERCIAL,CONDITIONS,disease_x,0,10,0,3
2022-07-04,2895,23909.0,URGENT CARE FACILITY,COMMERCIAL,CONDITIONS,disease_x,0,4,0,0
2022-06-16,2437,10008.0,INPATIENT HOSPITAL,COMMERCIAL,CONDITIONS,disease_x,0,6,1,0
2022-06-30,310,15744.0,URGENT CARE FACILITY,COMMERCIAL,CONDITIONS,disease_x,0,1,0,0
2022-06-28,858,0.0,INDEPENDENT LABORATORY,COMMERCIAL,CONDITIONS,disease_x,0,3,0,0
2022-06-08,580,4703.0,TELEHEALTH PROVIDED OTHER THAN IN PATIENT'S HOME,COMMERCIAL,CONDITIONS,DISEASE_X,0,1,0,0
2022-06-02,2951,14.0,URGENT CARE FACILITY,COMMERCIAL,CONDITIONS,disease_x,0,1,0,0
2022-06-07,1242,0.0,URGENT CARE FACILITY,COMMERCIAL,SYMPTOMS,HEADACHE,0,1,2,0
2022-06-15,269,323.0,URGENT CARE FACILITY,COMMERCIAL,CONDITIONS,disease_x,0,3,1,0
2022-06-20,2678,5691.0,OFFICE,COMMERCIAL,CONDITIONS,disease_x,0,6,1,0
2022-06-29,1800,19212.0,TELEHEALTH PROVIDED OTHER THAN IN PATIENT'S HOME,COMMERCIAL,CONDITIONS,disease_x,0,42,21,0
2022-06-27,3564,20592.0,OFFICE,COMMERCIAL,CONDITIONS,disease_x,0,10,5,0
2022-07-07,3400,7688.0,OFFICE,MEDICARE,CONDITIONS,DIABETES,0,156,22,26
2022-06-20,2746,1395.0,URGENT CARE FACILITY,MEDICAID,SYMPTOMS,SORE_THROAT,0,2,1,0
2022-06-09,63,12665.0,OFFICE,COMMERCIAL,CONDITIONS,DISEASE_X,0,1,0,0
2022-07-06,535,21113.0,INPATIENT HOSPITAL,COMMERCIAL,CONDITIONS,mental_health_disorders,0,52,9,0
2022-06-17,1358,4205.0,URGENT CARE FACILITY,COMMERCIAL,CONDITIONS,disease_x,0,7,12,0
2022-06-25,3074,0.0,INDEPENDENT LABORATORY,MEDICARE,CONDITIONS,DISEASE_X,0,15,7,0
2022-07-14,501,3701.0,OFFICE,COMMERCIAL,CONDITIONS,diabetes,0,51,3,0
2022-06-04,2834,3525.0,EMERGENCY ROOM - HOSPITAL,COMMERCIAL,CONDITIONS,disease_x,0,11,2,0
2022-06-03,2185,0.0,URGENT CARE FACILITY,COMMERCIAL,CONDITIONS,DISEASE_X,0,3,0,0
2022-07-11,866,14477.0,OFFICE,MEDICARE,CONDITIONS,heart_disease,0,56,17,42
2022-07-11,2401,22013.0,INPATIENT HOSPITAL,COMMERCIAL,CONDITIONS,disease_x,0,30,21,2
2022-07-01,3103,0.0,URGENT CARE FACILITY,COMMERCIAL,SYMPTOMS,COUGH,0,5,4,0
2022-07-20,1993,15527.0,CRITICAL ACCESS HOSPITAL,COMMERCIAL,CONDITIONS,diabetes,0,47,27,5
2022-06-29,1374,0.0,INDEPENDENT LABORATORY,COMMERCIAL,CONDITIONS,disease_x,0,1,2,0
2022-06-24,2648,5546.0,CRITICAL ACCESS HOSPITAL,COMMERCIAL,CONDITIONS,disease_x,0,56,24,8
2022-06-15,2469,16302.0,OFFICE,COMMERCIAL,CONDITIONS,IMMUNOCOMPROMISED,0,20,28,0
2022-06-03,2680,10723.0,HOSPITAL OUTPATIENT,COMMERCIAL,CONDITIONS,disease_x,0,4,4,0
2022-07-18,418,13899.0,OFFICE,COMMERCIAL,CONDITIONS,obesity,0,4,29,0
2022-06-22,1060,8894.0,OFFICE,COMMERCIAL,CONDITIONS,disease_x,0,46,7,0
2022-06-22,434,5877.0,OFFICE,MEDICARE,CONDITIONS,DISEASE_X,0,1,0,0
2022-06-02,141,13481.0,OFFICE,COMMERCIAL,CONDITIONS,disease_x,0,1,1,0
2022-06-12,188,12779.0,URGENT CARE FACILITY,COMMERCIAL,CONDITIONS,disease_x,0,1,0,0
2022-06-02,2526,6356.0,URGENT CARE FACILITY,COMMERCIAL,CONDITIONS,disease_x,0,5,0,0
2022-07-03,997,10982.0,OFFICE,COMMERCIAL,SYMPTOMS,ACUTE_URI,0,18,12,0
2022-06-26,1764,0.0,OFFICE,COMMERCIAL,CONDITIONS,disease_x,0,6,3,0
2022-06-29,3982,13079.0,URGENT CARE FACILITY,COMMERCIAL,CONDITIONS,disease_x,0,1,0,38
2022-06-12,53,9441.0,URGENT CARE FACILITY,COMMERCIAL,CONDITIONS,disease_x,0,1,0,0
2022-06-29,390,18337.0,OFFICE,COMMERCIAL,CONDITIONS,DISEASE_X,0,9,0,0
2022-07-06,2628,1786.0,OFFICE,COMMERCIAL,CONDITIONS,disease_x,0,3,0,0
2022-06-09,2494,0.0,URGENT CARE FACILITY,COMMERCIAL,CONDITIONS,DISEASE_X,0,1,20,0
2022-06-08,1768,19822.0,URGENT CARE FACILITY,COMMERCIAL,CONDITIONS,disease_x,0,30,9,0
2022-06-01,3884,10089.0,URGENT CARE FACILITY,COMMERCIAL,CONDITIONS,disease_x,0,1,0,0
2022-07-22,1493,22721.0,HOSPITAL OUTPATIENT,COMMERCIAL,CONDITIONS,IMMUNOCOMPROMISED,0,4,3,0
2022-06-28,1954,15842.0,URGENT CARE FACILITY,COMMERCIAL,CONDITIONS,DISEASE_X,0,14,0,0
2022-06-16,377,0.0,INDEPENDENT LABORATORY,COMMERCIAL,CONDITIONS,immunocompromised,0,10,0,0
2022-06-27,2451,16233.0,OFFICE,COMMERCIAL,CONDITIONS,disease_x,0,16,14,0
2022-06-30,1848,0.0,INDEPENDENT LABORATORY,COMMERCIAL,CONDITIONS,disease_x,0,31,6,0
2022-06-23,3458,0.0,URGENT CARE FACILITY,COMMERCIAL,CONDITIONS,disease_x,0,10,12,0
2022-06-26,873,18529.0,EMERGENCY ROOM - HOSPITAL,COMMERCIAL,SYMPTOMS,DIFFICULTY_BREATHING,0,31,18,0
2022-06-08,1378,6405.0,OFFICE,COMMERCIAL,CONDITIONS,disease_x,0,2,0,0
2022-06-22,1145,4121.0,TELEHEALTH PROVIDED OTHER THAN IN PATIENT'S HOME,COMMERCIAL,CONDITIONS,disease_x,0,2,8,0
2022-06-02,379,22011.0,TELEHEALTH PROVIDED OTHER THAN IN PATIENT'S HOME,COMMERCIAL,CONDITIONS,disease_x,0,9,0,0
2022-06-13,784,23302.0,OFFICE,COMMERCIAL,CONDITIONS,disease_x,0,1,7,0
2022-06-08,474,0.0,INDEPENDENT LABORATORY,COMMERCIAL,CONDITIONS,disease_x,0,1,0,0
2022-06-30,2362,5416.0,TELEHEALTH PROVIDED OTHER THAN IN PATIENT'S HOME,COMMERCIAL,CONDITIONS,disease_x,0,9,88,1
2022-06-22,138,0.0,INDEPENDENT LABORATORY,COMMERCIAL,CONDITIONS,disease_x,0,1,0,0
2022-06-28,645,21965.0,OFFICE,COMMERCIAL,CONDITIONS,disease_x,0,1,5,0
2022-06-08,664,0.0,INDEPENDENT LABORATORY,COMMERCIAL,CONDITIONS,disease_x,0,1,9,0
2022-06-30,1327,480.0,URGENT CARE FACILITY,COMMERCIAL,CONDITIONS,disease_x,0,3,7,0
2022-06-02,3453,9118.0,TELEHEALTH PROVIDED IN PATIENT'S HOME,COMMERCIAL,CONDITIONS,disease_x,0,5,25,0
2022-06-29,644,1388.0,URGENT CARE FACILITY,COMMERCIAL,CONDITIONS,disease_x,0,1,0,0
2022-07-21,2346,20002.0,OFFICE,MEDICARE,CONDITIONS,heart_disease,0,75,11,12
2022-07-20,2945,9496.0,HOSPITAL OUTPATIENT,MEDICARE,SYMPTOMS,CONGESTION,0,12,31,0
2022-06-14,3658,11960.0,OFFICE,MEDICARE,CONDITIONS,DISEASE_X,0,38,16,0
2022-07-08,3746,8413.0,OFFICE,COMMERCIAL,SYMPTOMS,COUGH,0,6,6,0
2022-06-23,3111,17670.0,OFFICE,COMMERCIAL,CONDITIONS,disease_x,0,9,1,0
2022-07-04,299,19601.0,EMERGENCY ROOM - HOSPITAL,COMMERCIAL,SYMPTOMS,DIARRHEA,0,1,1,0
2022-06-02,1012,8889.0,OFFICE,COMMERCIAL,SYMPTOMS,cough,0,2,19,0
2022-06-25,306,2394.0,OFFICE,COMMERCIAL,CONDITIONS,disease_x,0,1,0,0
2022-06-18,3733,2813.0,TELEHEALTH PROVIDED OTHER THAN IN PATIENT'S HOME,COMMERCIAL,CONDITIONS,disease_x,0,11,0,1
2022-07-20,1713,7377.0,CRITICAL ACCESS HOSPITAL,MEDICARE,CONDITIONS,hypertension,0,69,19,0
2022-06-06,2987,0.0,URGENT CARE FACILITY,COMMERCIAL,CONDITIONS,disease_x,0,19,2,19
2022-06-15,2903,5132.0,HOSPITAL OUTPATIENT,COMMERCIAL,CONDITIONS,disease_x,0,4,31,0
2022-07-02,1582,1454.0,INDEPENDENT LABORATORY,COMMERCIAL,CONDITIONS,obesity,0,9,2,1
2022-06-04,1026,0.0,INDEPENDENT LABORATORY,COMMERCIAL,CONDITIONS,DISEASE_X,0,1,0,0
2022-06-12,51,0.0,TELEHEALTH PROVIDED IN PATIENT'S HOME,COMMERCIAL,SYMPTOMS,ACUTE_URI,0,1,1,0
2022-06-16,3879,15857.0,OFFICE,COMMERCIAL,CONDITIONS,disease_x,0,3,3,0
2022-06-27,1845,18370.0,OFFICE,COMMERCIAL,CONDITIONS,disease_x,0,1,17,0
2022-06-17,3766,3668.0,OFFICE,COMMERCIAL,CONDITIONS,disease_x,0,1,3,0
2022-06-04,197,15020.0,URGENT CARE FACILITY,COMMERCIAL,CONDITIONS,DISEASE_X,0,1,0,0
2022-06-07,1586,18376.0,OFFICE,MEDICARE,CONDITIONS,disease_x,0,29,1,2
2022-06-28,2232,0.0,INDEPENDENT LABORATORY,COMMERCIAL,CONDITIONS,disease_x,0,1,0,0
2022-06-17,1308,11372.0,URGENT CARE FACILITY,COMMERCIAL,CONDITIONS,disease_x,0,3,12,1
2022-06-23,2845,2112.0,TELEHEALTH PROVIDED OTHER THAN IN PATIENT'S HOME,COMMERCIAL,CONDITIONS,DISEASE_X,0,2,3,0
2022-06-28,2600,0.0,OFFICE,COMMERCIAL,CONDITIONS,disease_x,0,7,1,0
2022-06-13,160,17632.0,OFFICE,COMMERCIAL,CONDITIONS,disease_x,0,2,0,0
2022-06-17,3078,4743.0,TELEHEALTH PROVIDED OTHER THAN IN PATIENT'S HOME,COMMERCIAL,CONDITIONS,disease_x,0,1,1,0
2022-06-14,394,10097.0,OFFICE,COMMERCIAL,CONDITIONS,DISEASE_X,0,1,6,0
2022-07-18,1555,731.0,OFFICE,MEDICARE,SYMPTOMS,fatigue,0,22,21,0
2022-06-19,624,0.0,URGENT CARE FACILITY,COMMERCIAL,CONDITIONS,disease_x,0,1,11,0
2022-06-22,1351,0.0,URGENT CARE FACILITY,COMMERCIAL,CONDITIONS,disease_x,0,1,0,0
2022-06-30,738,11605.0,OFFICE,COMMERCIAL,CONDITIONS,disease_x,0,1,3,0
2022-06-08,1622,14112.0,OFFICE,COMMERCIAL,CONDITIONS,disease_x,0,3,1,0
2022-07-18,3456,22540.0,OFFICE,MEDICARE,CONDITIONS,HYPERTENSION,0,52,26,0
2022-06-24,2508,7941.0,Unknown,COMMERCIAL,TREATMENTS,DRUG A,1,3,0,0
2022-06-21,1300,8535.0,OFFICE,COMMERCIAL,CONDITIONS,DISEASE_X,0,11,39,0
2022-06-16,3321,18313.0,Unknown,MEDICARE,TREATMENTS,DRUG A,1,26,11,0
2022-06-29,2135,3251.0,Unknown,CASH,CONTRAINDICATIONS,Low_Contraindication,0,4,2,1
2022-06-29,1803,0.0,INDEPENDENT LABORATORY,COMMERCIAL,CONDITIONS,disease_x,0,1,1,0
2022-06-29,3913,7681.0,TELEHEALTH PROVIDED IN PATIENT'S HOME,COMMERCIAL,CONDITIONS,disease_x,0,7,3,51
2022-06-13,603,11934.0,OFFICE,MEDICARE,CONDITIONS,disease_x,0,9,12,6
2022-07-17,3334,21494.0,UNASSIGNED,MEDICARE,SYMPTOMS,DIFFICULTY_BREATHING,0,12,30,0
2022-06-06,3643,0.0,URGENT CARE FACILITY,COMMERCIAL,CONDITIONS,DISEASE_X,0,5,0,0
2022-06-02,1506,0.0,INDEPENDENT LABORATORY,COMMERCIAL,CONDITIONS,disease_x,0,1,3,0
2022-06-04,1781,98.0,OFFICE,COMMERCIAL,CONDITIONS,disease_x,0,6,0,0
2022-06-28,1199,0.0,INDEPENDENT LABORATORY,COMMERCIAL,SYMPTOMS,FATIGUE,0,120,6,0
2022-06-28,585,9671.0,TELEHEALTH PROVIDED OTHER THAN IN PATIENT'S HOME,COMMERCIAL,CONDITIONS,disease_x,0,1,2,0
2022-06-24,1559,7444.0,TELEHEALTH PROVIDED IN PATIENT'S HOME,COMMERCIAL,CONDITIONS,disease_x,0,16,9,2
2022-06-13,3015,0.0,URGENT CARE FACILITY,COMMERCIAL,CONDITIONS,DISEASE_X,0,9,3,0
2022-06-13,2373,706.0,TELEHEALTH PROVIDED OTHER THAN IN PATIENT'S HOME,COMMERCIAL,CONDITIONS,DISEASE_X,0,1,0,0
2022-07-18,1413,315.0,OFFICE,COMMERCIAL,CONDITIONS,disease_x,0,55,15,0
2022-07-01,1072,15211.0,OFFICE,COMMERCIAL,SYMPTOMS,acute_pharyngitis,0,1,38,0
2022-06-29,3112,732.0,URGENT CARE FACILITY,COMMERCIAL,CONDITIONS,disease_x,0,2,0,0
2022-06-24,2170,441.0,EMERGENCY ROOM - HOSPITAL,COMMERCIAL,CONDITIONS,disease_x,0,3,7,11
2022-07-14,3583,19217.0,Unknown,MEDICARE,CONTRAINDICATIONS,Medium_Contraindication,0,104,37,3
2022-07-11,2926,5574.0,Unknown,COMMERCIAL,CONTRAINDICATIONS,Low_Contraindication,0,3,5,3
2022-06-06,940,1171.0,Unknown,COMMERCIAL,TREATMENTS,DRUG A,1,35,21,3
2022-07-14,1719,18883.0,Unknown,COMMERCIAL,CONTRAINDICATIONS,Low_Contraindication,0,20,14,16
2022-06-02,1512,384.0,TELEHEALTH PROVIDED OTHER THAN IN PATIENT'S HOME,MEDICARE,CONDITIONS,DISEASE_X,0,36,1,23
2022-06-05,1159,10486.0,OFFICE,COMMERCIAL,CONDITIONS,disease_x,0,1,0,0
2022-06-01,2642,13424.0,OFFICE,COMMERCIAL,CONDITIONS,disease_x,0,3,5,0
2022-07-04,2795,359.0,Unknown,COMMERCIAL,CONTRAINDICATIONS,MEDIUM_CONTRAINDICATION,0,5,19,64
2022-06-23,3390,24208.0,Unknown,COMMERCIAL,TREATMENTS,drug a,1,15,9,2
2022-06-07,2204,1694.0,Unknown,MEDICARE,TREATMENTS,DRUG A,1,30,22,0
2022-07-20,2667,453.0,Unknown,COMMERCIAL,CONTRAINDICATIONS,low_contraindication,0,15,5,2
2022-07-22,3482,19886.0,Unknown,MEDICARE,CONTRAINDICATIONS,Low_Contraindication,0,76,31,46
2022-06-22,1691,11520.0,OFFICE,COMMERCIAL,CONDITIONS,DISEASE_X,0,78,11,0
2022-06-08,1184,9504.0,URGENT CARE FACILITY,COMMERCIAL,CONDITIONS,disease_x,0,6,0,0
2022-06-22,1971,10589.0,OFFICE,MEDICARE,CONDITIONS,immunocompromised,0,5,2,1
2022-06-23,3800,13316.0,ON CAMPUS-OUTPATIENT HOSPITAL,COMMERCIAL,SYMPTOMS,COUGH,0,86,11,2
2022-06-14,2015,760.0,HOSPITAL OUTPATIENT,COMMERCIAL,CONDITIONS,disease_x,0,2,0,0
2022-06-13,3158,0.0,OFFICE,COMMERCIAL,CONDITIONS,disease_x,0,5,5,0
2022-07-07,3983,18231.0,OFFICE,COMMERCIAL,CONDITIONS,disease_x,0,42,10,0
2022-06-11,1562,11165.0,OFFICE,COMMERCIAL,CONDITIONS,disease_x,0,2,8,0
2022-06-01,10,12379.0,EMERGENCY ROOM - HOSPITAL,COMMERCIAL,CONDITIONS,disease_x,0,1,0,0
2022-07-18,1802,24332.0,Unknown,MEDICARE,CONTRAINDICATIONS,HIGH_CONTRAINDICATION,0,80,16,52
2022-07-14,2785,6308.0,Unknown,COMMERCIAL,CONTRAINDICATIONS,Low_Contraindication,0,19,0,4
2022-07-01,1549,8630.0,Unknown,MEDICARE,TREATMENTS,DRUG A,1,3,7,0
2022-06-27,3502,4441.0,Unknown,COMMERCIAL,TREATMENTS,DRUG A,1,16,56,1
2022-06-29,3591,18700.0,Unknown,COMMERCIAL,CONTRAINDICATIONS,Low_Contraindication,0,50,2,25
2022-06-20,2132,2550.0,Unknown,COMMERCIAL,TREATMENTS,DRUG A,1,1,5,0
2022-06-20,3817,24355.0,Unknown,COMMERCIAL,TREATMENTS,drug a,1,1,4,0
2022-06-29,2172,1867.0,Unknown,MEDICARE,CONTRAINDICATIONS,MEDIUM_CONTRAINDICATION,0,4,0,29
2022-06-27,2519,23002.0,Unknown,COMMERCIAL,TREATMENTS,drug a,1,1,0,0
2022-06-24,2471,7023.0,EMERGENCY ROOM - HOSPITAL,MEDICAID,CONDITIONS,disease_x,0,1,1,0
2022-06-26,3121,11133.0,TELEHEALTH PROVIDED IN PATIENT'S HOME,COMMERCIAL,CONDITIONS,disease_x,0,39,0,11
2022-06-17,729,7219.0,EMERGENCY ROOM - HOSPITAL,COMMERCIAL,CONDITIONS,disease_x,0,1,4,0
2022-06-13,52,3936.0,URGENT CARE FACILITY,COMMERCIAL,CONDITIONS,DISEASE_X,0,1,0,0
2022-06-06,3154,15486.0,EMERGENCY ROOM - HOSPITAL,COMMERCIAL,CONDITIONS,disease_x,0,1,1,1
2022-06-30,4,19478.0,EMERGENCY ROOM - HOSPITAL,COMMERCIAL,CONDITIONS,disease_x,0,1,0,0
2022-07-18,2331,0.0,OTHER PLACE OF SERVICE,MEDICARE,CONDITIONS,diabetes,0,32,2,12
2022-06-19,3510,0.0,INDEPENDENT LABORATORY,COMMERCIAL,CONDITIONS,disease_x,0,1,0,0
2022-07-19,3487,16566.0,Unknown,CASH,CONTRAINDICATIONS,MEDIUM_CONTRAINDICATION,0,54,11,25
2022-06-26,2364,6511.0,Unknown,COMMERCIAL,CONTRAINDICATIONS,Low_Contraindication,0,10,9,42
2022-07-20,2560,18505.0,Unknown,MEDICARE,CONTRAINDICATIONS,low_contraindication,0,1,0,15
2022-07-13,3945,18620.0,Unknown,MEDICARE,CONTRAINDICATIONS,Low_Contraindication,0,1,1,67
2022-07-15,2260,23532.0,Unknown,COMMERCIAL,CONTRAINDICATIONS,low_contraindication,0,3,12,10
2022-07-01,2243,17056.0,Unknown,COMMERCIAL,TREATMENTS,drug a,1,20,21,12
2022-06-27,639,16860.0,EMERGENCY ROOM - HOSPITAL,COMMERCIAL,CONDITIONS,disease_x,0,1,0,0
2022-07-05,3461,5226.0,OFFICE,COMMERCIAL,CONDITIONS,obesity,0,10,3,0
2022-07-19,2898,15447.0,Unknown,MEDICARE,CONTRAINDICATIONS,Medium_Contraindication,0,2,0,34
2022-06-28,2262,14959.0,Unknown,MEDICARE,TREATMENTS,drug a,1,1,0,0
2022-06-22,3224,0.0,INDEPENDENT LABORATORY,COMMERCIAL,CONDITIONS,disease_x,0,24,16,0
2022-06-28,1624,0.0,OFFICE,COMMERCIAL,CONDITIONS,disease_x,0,1,5,0
2022-06-24,1770,0.0,INDEPENDENT LABORATORY,MEDICARE,CONDITIONS,IMMUNOCOMPROMISED,0,40,18,21
2022-06-29,537,10723.0,HOSPITAL OUTPATIENT,COMMERCIAL,CONDITIONS,DISEASE_X,0,10,0,0
2022-06-03,1266,864.0,OFFICE,COMMERCIAL,CONDITIONS,disease_x,0,1,1,0
2022-07-08,1935,24651.0,Unknown,COMMERCIAL,CONTRAINDICATIONS,Low_Contraindication,0,19,15,42
2022-07-05,3756,14668.0,Unknown,MEDICARE,CONTRAINDICATIONS,medium_contraindication,0,25,3,13
2022-06-18,3642,2789.0,Unknown,MEDICARE,CONTRAINDICATIONS,low_contraindication,0,67,0,16
2022-06-15,673,714.0,EMERGENCY ROOM - HOSPITAL,COMMERCIAL,CONDITIONS,disease_x,0,2,1,0
2022-06-09,3618,19477.0,INPATIENT HOSPITAL,MEDICARE,CONDITIONS,DISEASE_X,0,6,4,0
2022-06-07,3917,24740.0,URGENT CARE FACILITY,MEDICARE,CONDITIONS,DISEASE_X,0,6,10,0
2022-06-28,3028,7082.0,OFFICE,MEDICARE,CONDITIONS,DISEASE_X,0,12,12,2
2022-06-01,460,2112.0,TELEHEALTH PROVIDED OTHER THAN IN PATIENT'S HOME,COMMERCIAL,CONDITIONS,DISEASE_X,0,2,0,3
2022-06-29,2736,20769.0,OFFICE,MEDICARE,CONDITIONS,DISEASE_X,0,9,0,0
2022-06-17,374,1241.0,EMERGENCY ROOM - HOSPITAL,COMMERCIAL,CONDITIONS,DISEASE_X,0,1,0,0
2022-07-18,806,11132.0,OFFICE,MEDICARE,CONDITIONS,obesity,0,87,3,1
2022-06-24,1747,10460.0,OTHER PLACE OF SERVICE,MEDICARE,CONDITIONS,disease_x,0,47,4,1
2022-07-22,530,4527.0,EMERGENCY ROOM - HOSPITAL,COMMERCIAL,SYMPTOMS,FEVER,0,7,4,0
2022-06-24,1254,1981.0,TELEHEALTH PROVIDED IN PATIENT'S HOME,COMMERCIAL,SYMPTOMS,HEADACHE,0,16,11,0
2022-06-02,3194,24148.0,OFFICE,COMMERCIAL,CONDITIONS,disease_x,0,1,0,0
2022-06-15,3316,8741.0,HOSPITAL OUTPATIENT,MEDICARE,CONDITIONS,obesity,0,148,51,12
2022-06-17,1488,0.0,INDEPENDENT LABORATORY,COMMERCIAL,CONDITIONS,disease_x,0,1,0,0
2022-06-22,1273,15152.0,OFFICE,COMMERCIAL,CONDITIONS,disease_x,0,1,0,0
2022-06-26,307,4052.0,EMERGENCY ROOM - HOSPITAL,COMMERCIAL,CONDITIONS,disease_x,0,1,0,0
2022-06-27,1222,19877.0,Unknown,COMMERCIAL,CONTRAINDICATIONS,low_contraindication,0,8,5,19
2022-06-28,1651,7773.0,OFFICE,COMMERCIAL,CONDITIONS,immunocompromised,0,11,4,1
2022-06-27,1387,22115.0,OFFICE,COMMERCIAL,CONDITIONS,disease_x,0,1,1,0
2022-06-17,2618,7424.0,EMERGENCY ROOM - HOSPITAL,COMMERCIAL,CONDITIONS,DISEASE_X,0,1,0,0
2022-06-20,1209,13585.0,HOSPITAL OUTPATIENT,MEDICARE,CONDITIONS,disease_x,0,1,0,0
2022-06-21,2409,0.0,RURAL HEALTH CLINIC,COMMERCIAL,CONDITIONS,disease_x,0,3,11,0
2022-06-17,2265,0.0,INDEPENDENT LABORATORY,COMMERCIAL,CONDITIONS,diabetes,0,41,9,0
2022-06-13,3999,23712.0,OFFICE,MEDICARE,CONDITIONS,disease_x,0,16,4,0
2022-06-19,2574,3342.0,OFFICE,COMMERCIAL,CONDITIONS,disease_x,0,2,2,0
2022-06-27,1682,555.0,WALK-IN RETAIL HEALTH CLINIC,COMMERCIAL,CONDITIONS,DISEASE_X,0,3,3,1
2022-06-09,986,2213.0,OFFICE,MEDICARE,CONDITIONS,disease_x,0,51,17,0
2022-06-23,2123,22209.0,OFFICE,COMMERCIAL,CONDITIONS,disease_x,0,7,3,0
2022-06-17,2757,0.0,INDEPENDENT LABORATORY,COMMERCIAL,CONDITIONS,disease_x,0,1,0,0
2022-06-25,851,19069.0,URGENT CARE FACILITY,COMMERCIAL,CONDITIONS,disease_x,0,1,16,0
2022-07-13,1744,9951.0,Unknown,MEDICARE,CONTRAINDICATIONS,low_contraindication,0,15,15,44
2022-06-30,2423,17995.0,Unknown,COMMERCIAL,TREATMENTS,drug a,1,7,3,1
2022-07-15,1718,18714.0,Unknown,COMMERCIAL,CONTRAINDICATIONS,Low_Contraindication,0,22,7,51
2022-07-01,3599,13452.0,Unknown,COMMERCIAL,CONTRAINDICATIONS,Low_Contraindication,0,2,2,1
2022-07-08,2572,15134.0,Unknown,COMMERCIAL,CONTRAINDICATIONS,Medium_Contraindication,0,50,0,24
2022-06-13,287,4269.0,TELEHEALTH PROVIDED OTHER THAN IN PATIENT'S HOME,COMMERCIAL,CONDITIONS,disease_x,0,1,1,0
2022-07-15,3527,0.0,INDEPENDENT LABORATORY,MEDICARE,CONDITIONS,immunocompromised,0,128,2,27
2022-06-16,1225,1067.0,OFFICE,COMMERCIAL,CONDITIONS,obesity,0,12,5,2
2022-07-21,1856,13007.0,HOSPITAL - LABORATORY SERVICES PROVIDED TO NON-PATIENTS,MEDICARE,CONDITIONS,hypertension,0,18,14,0
2022-06-23,3125,654.0,Unknown,COMMERCIAL,TREATMENTS,DRUG A,1,2,1,0
2022-07-22,2961,4666.0,Unknown,MEDICARE,CONTRAINDICATIONS,Low_Contraindication,0,140,6,5
2022-07-14,3446,12249.0,OFFICE,MEDICARE,CONDITIONS,immunocompromised,0,4,0,0
2022-06-24,3875,0.0,INDEPENDENT LABORATORY,COMMERCIAL,CONDITIONS,disease_x,0,29,2,20
2022-06-23,1529,2178.0,TELEHEALTH PROVIDED OTHER THAN IN PATIENT'S HOME,COMMERCIAL,CONDITIONS,disease_x,0,2,2,0
2022-06-27,3568,16793.0,INPATIENT HOSPITAL,COMMERCIAL,CONDITIONS,immunocompromised,0,34,1,3
2022-06-01,3023,3405.0,TELEHEALTH PROVIDED OTHER THAN IN PATIENT'S HOME,COMMERCIAL,CONDITIONS,disease_x,0,1,11,2
2022-06-15,1082,9566.0,OFFICE,COMMERCIAL,CONDITIONS,DISEASE_X,0,1,15,0
2022-06-28,3218,17603.0,OFFICE,MEDICARE,CONDITIONS,disease_x,0,3,4,0
2022-06-02,2007,9355.0,HOSPITAL OUTPATIENT,COMMERCIAL,CONDITIONS,disease_x,0,4,1,0
2022-06-10,860,22582.0,INPATIENT HOSPITAL,COMMERCIAL,CONDITIONS,HYPERTENSION,0,79,0,0
2022-07-08,2694,0.0,AMBULANCE - LAND,MEDICARE,SYMPTOMS,FATIGUE,0,31,9,0
2022-06-17,1964,0.0,TELEHEALTH PROVIDED IN PATIENT'S HOME,COMMERCIAL,CONDITIONS,disease_x,0,1,1,2
2022-06-29,2271,18270.0,TELEHEALTH PROVIDED OTHER THAN IN PATIENT'S HOME,COMMERCIAL,CONDITIONS,disease_x,0,1,19,0
2022-06-28,3417,16428.0,ON CAMPUS-OUTPATIENT HOSPITAL,COMMERCIAL,SYMPTOMS,FATIGUE,0,1,10,0
2022-07-21,3919,2606.0,OFFICE,COMMERCIAL,SYMPTOMS,COUGH,0,16,10,2
2022-06-05,2923,0.0,URGENT CARE FACILITY,COMMERCIAL,CONDITIONS,disease_x,0,26,13,0
2022-06-13,1438,9712.0,Unknown,COMMERCIAL,TREATMENTS,drug a,1,4,12,1
2022-06-11,2321,0.0,Unknown,MEDICARE,TREATMENTS,DRUG A,1,1,0,0
2022-07-15,3730,3800.0,Unknown,MEDICARE,CONTRAINDICATIONS,Medium_Contraindication,0,18,6,24
2022-07-11,3280,23290.0,Unknown,MEDICARE,CONTRAINDICATIONS,Low_Contraindication,0,20,5,2
2022-06-24,3041,15206.0,Unknown,MEDICARE,CONTRAINDICATIONS,low_contraindication,0,39,17,23
2022-06-10,928,4832.0,TELEHEALTH PROVIDED OTHER THAN IN PATIENT'S HOME,COMMERCIAL,CONDITIONS,disease_x,0,5,0,0
2022-06-11,2333,17842.0,CLINIC - RURAL HEALTH,COMMERCIAL,CONDITIONS,DISEASE_X,0,5,3,0
2022-06-21,993,13967.0,OFFICE,COMMERCIAL,CONDITIONS,disease_x,0,3,1,1
2022-06-27,3653,772.0,HOSPITAL OUTPATIENT,COMMERCIAL,CONDITIONS,disease_x,0,49,17,0
2022-07-21,265,14849.0,OFFICE,MEDICARE,SYMPTOMS,cough,0,14,3,0
2022-06-12,1932,14012.0,URGENT CARE FACILITY,COMMERCIAL,CONDITIONS,disease_x,0,2,1,0
2022-06-22,3064,17093.0,OFFICE,COMMERCIAL,CONDITIONS,DISEASE_X,0,5,1,4
2022-06-15,2815,8754.0,URGENT CARE FACILITY,COMMERCIAL,CONDITIONS,DISEASE_X,0,4,0,0
2022-06-14,2475,18789.0,TELEHEALTH PROVIDED OTHER THAN IN PATIENT'S HOME,COMMERCIAL,CONDITIONS,disease_x,0,3,4,0
2022-06-01,559,22128.0,EMERGENCY ROOM - HOSPITAL,COMMERCIAL,CONDITIONS,disease_x,0,1,0,0
2022-06-13,3123,761.0,TELEHEALTH PROVIDED OTHER THAN IN PATIENT'S HOME,COMMERCIAL,CONDITIONS,disease_x,0,1,1,0
2022-07-07,2301,6141.0,UNASSIGNED,MEDICARE,CONDITIONS,DISEASE_X,0,7,1,0
2022-06-27,2558,15573.0,Unknown,COMMERCIAL,CONTRAINDICATIONS,low_contraindication,0,14,16,21
2022-07-22,1240,376.0,Unknown,MEDICARE,CONTRAINDICATIONS,low_contraindication,0,36,1,184
2022-06-30,2314,22126.0,Unknown,MEDICAID,CONTRAINDICATIONS,HIGH_CONTRAINDICATION,0,59,4,50
2022-06-12,756,0.0,TELEHEALTH PROVIDED OTHER THAN IN PATIENT'S HOME,COMMERCIAL,SYMPTOMS,HEADACHE,0,2,4,0
2022-06-21,267,8287.0,TELEHEALTH PROVIDED OTHER THAN IN PATIENT'S HOME,COMMERCIAL,CONDITIONS,disease_x,0,3,9,0
2022-06-07,2038,15605.0,EMERGENCY ROOM - HOSPITAL,COMMERCIAL,CONDITIONS,disease_x,0,2,2,0
2022-06-13,2037,2928.0,OFFICE,COMMERCIAL,CONDITIONS,disease_x,0,12,0,0
2022-06-08,2011,2891.0,URGENT CARE FACILITY,MEDICARE,CONDITIONS,disease_x,0,26,6,10
2022-07-11,875,17620.0,Unknown,COMMERCIAL,CONTRAINDICATIONS,Low_Contraindication,0,22,3,48
2022-07-01,3026,24080.0,Unknown,COMMERCIAL,TREATMENTS,DRUG A,1,84,6,1
2022-07-06,3942,941.0,Unknown,COMMERCIAL,CONTRAINDICATIONS,Low_Contraindication,0,17,37,3
2022-07-10,2768,21779.0,Unknown,MEDICARE,CONTRAINDICATIONS,Low_Contraindication,0,15,2,57
2022-06-22,896,576.0,URGENT CARE FACILITY,COMMERCIAL,CONDITIONS,disease_x,0,1,8,0
2022-06-06,3574,446.0,HOSPITAL OUTPATIENT,COMMERCIAL,CONDITIONS,disease_x,0,2,2,0
2022-06-28,3791,0.0,OFFICE,COMMERCIAL,CONDITIONS,disease_x,0,1,0,0
2022-06-01,3720,4191.0,HOSPITAL OUTPATIENT,COMMERCIAL,CONDITIONS,disease_x,0,1,4,0
2022-06-03,3288,19487.0,OFFICE,COMMERCIAL,CONDITIONS,disease_x,0,1,4,0
2022-06-01,627,10339.0,URGENT CARE FACILITY,COMMERCIAL,CONDITIONS,disease_x,0,7,1,0
2022-06-18,97,2205.0,URGENT CARE FACILITY,COMMERCIAL,CONDITIONS,disease_x,0,1,1,0
2022-06-23,1330,4650.0,URGENT CARE FACILITY,COMMERCIAL,CONDITIONS,disease_x,0,2,0,0
2022-06-25,221,17305.0,OFFICE,COMMERCIAL,CONDITIONS,disease_x,0,2,2,0
2022-07-03,2696,15505.0,Unknown,COMMERCIAL,CONTRAINDICATIONS,MEDIUM_CONTRAINDICATION,0,1,0,52
2022-07-02,2687,18531.0,Unknown,MEDICARE,TREATMENTS,DRUG A,1,66,16,0
2022-06-02,3944,11870.0,Unknown,COMMERCIAL,CONTRAINDICATIONS,Low_Contraindication,0,17,7,2
2022-06-27,2367,0.0,INDEPENDENT LABORATORY,COMMERCIAL,CONDITIONS,DISEASE_X,0,5,1,11
2022-07-22,3792,24792.0,UNASSIGNED,MEDICAID,CONDITIONS,DISEASE_X,0,55,9,19
2022-06-29,2847,6719.0,OFFICE,COMMERCIAL,CONDITIONS,disease_x,0,1,0,0
2022-07-22,3873,17422.0,ON CAMPUS-OUTPATIENT HOSPITAL,COMMERCIAL,CONDITIONS,immunocompromised,0,13,0,0
2022-06-03,1814,0.0,INDEPENDENT LABORATORY,COMMERCIAL,CONDITIONS,disease_x,0,2,0,0
2022-06-12,2956,0.0,URGENT CARE FACILITY,COMMERCIAL,CONDITIONS,DISEASE_X,0,7,7,23
2022-06-06,1787,3845.0,HOSPITAL OUTPATIENT,COMMERCIAL,CONDITIONS,disease_x,0,10,4,0
2022-06-28,2282,13758.0,EMERGENCY ROOM - HOSPITAL,COMMERCIAL,CONDITIONS,DISEASE_X,0,12,25,19
2022-06-20,492,12596.0,OFFICE,COMMERCIAL,CONDITIONS,disease_x,0,1,6,0
2022-06-25,1649,19732.0,TELEHEALTH PROVIDED OTHER THAN IN PATIENT'S HOME,COMMERCIAL,CONDITIONS,disease_x,0,10,3,0
2022-06-29,3379,0.0,INDEPENDENT LABORATORY,COMMERCIAL,CONDITIONS,DISEASE_X,0,1,0,0
2022-06-28,225,9888.0,OFFICE,COMMERCIAL,SYMPTOMS,DIFFICULTY_BREATHING,0,1,3,0
2022-06-13,55,0.0,URGENT CARE FACILITY,COMMERCIAL,CONDITIONS,disease_x,0,1,0,0
2022-06-27,2920,22878.0,Unknown,MEDICARE,CONTRAINDICATIONS,Low_Contraindication,0,122,10,48
2022-07-20,1782,11902.0,Unknown,COMMERCIAL,CONTRAINDICATIONS,High_Contraindication,0,25,6,2
2022-06-15,2986,12039.0,Unknown,MEDICARE,TREATMENTS,DRUG A,1,22,5,0
2022-07-09,2584,19432.0,Unknown,COMMERCIAL,CONTRAINDICATIONS,low_contraindication,0,25,7,23
2022-06-18,1031,3961.0,URGENT CARE FACILITY,COMMERCIAL,CONDITIONS,disease_x,0,1,0,0
2022-06-21,343,1573.0,OFFICE,COMMERCIAL,SYMPTOMS,NAUSEA_AND_VOMITING,0,4,31,0
2022-06-07,3247,15172.0,FEDERALLY QUALIFIED HEALTH CENTER,COMMERCIAL,CONDITIONS,disease_x,0,8,9,0
2022-06-04,3601,9279.0,EMERGENCY ROOM - HOSPITAL,COMMERCIAL,CONDITIONS,disease_x,0,1,1,0
2022-06-13,1168,213.0,OTHER PLACE OF SERVICE,COMMERCIAL,SYMPTOMS,MUSCLE_ACHE,0,75,56,0
2022-06-15,3394,7346.0,OFFICE,COMMERCIAL,CONDITIONS,disease_x,0,12,19,1
2022-06-20,320,5031.0,EMERGENCY ROOM - HOSPITAL,COMMERCIAL,CONDITIONS,disease_x,0,1,3,0
2022-06-17,1105,7352.0,OFFICE,COMMERCIAL,CONDITIONS,DISEASE_X,0,2,8,0
2022-06-13,2767,18850.0,OFFICE,COMMERCIAL,CONDITIONS,disease_x,0,1,0,0
2022-06-01,3606,4452.0,HOSPITAL OUTPATIENT,MEDICARE,CONDITIONS,disease_x,0,2,5,0
2022-06-06,3469,9158.0,HOSPITAL OUTPATIENT,COMMERCIAL,CONDITIONS,DISEASE_X,0,8,10,0
2022-06-12,3991,9014.0,Unknown,COMMERCIAL,TREATMENTS,DRUG A,1,5,6,1
2022-07-10,797,20323.0,Unknown,COMMERCIAL,CONTRAINDICATIONS,Medium_Contraindication,0,12,8,3
2022-07-17,1348,0.0,OTHER PLACE OF SERVICE,COMMERCIAL,SYMPTOMS,cough,0,11,15,0
2022-06-10,3627,0.0,INDEPENDENT LABORATORY,COMMERCIAL,CONDITIONS,disease_x,0,1,0,0
2022-07-12,2599,19225.0,OFFICE,COMMERCIAL,SYMPTOMS,FATIGUE,0,83,16,7
2022-06-10,2690,15898.0,OFFICE,COMMERCIAL,CONDITIONS,disease_x,0,1,1,0
2022-06-22,236,14300.0,URGENT CARE FACILITY,COMMERCIAL,CONDITIONS,DISEASE_X,0,1,0,0
2022-06-21,1938,3188.0,OFFICE,MEDICAID,CONDITIONS,DISEASE_X,0,1,3,0
2022-07-20,2859,16072.0,Unknown,COMMERCIAL,CONTRAINDICATIONS,Low_Contraindication,0,26,6,24
2022-07-19,1440,17732.0,Unknown,MEDICARE,CONTRAINDICATIONS,Medium_Contraindication,0,23,5,21
2022-07-12,721,0.0,Unknown,COMMERCIAL,CONTRAINDICATIONS,Medium_Contraindication,0,3,0,25
2022-06-30,1110,11623.0,OFFICE,COMMERCIAL,SYMPTOMS,FATIGUE,0,1,66,0
2022-06-27,2130,23509.0,TELEHEALTH PROVIDED OTHER THAN IN PATIENT'S HOME,COMMERCIAL,CONDITIONS,disease_x,0,1,1,0
2022-06-21,1662,13870.0,TELEHEALTH PROVIDED OTHER THAN IN PATIENT'S HOME,COMMERCIAL,CONDITIONS,DISEASE_X,0,6,1,0
2022-06-03,2896,0.0,INDEPENDENT LABORATORY,MEDICAID,CONDITIONS,disease_x,0,5,8,0
2022-07-06,3639,17356.0,OFFICE,MEDICARE,SYMPTOMS,COUGH,0,10,17,3
2022-06-30,643,0.0,URGENT CARE FACILITY,COMMERCIAL,CONDITIONS,disease_x,0,2,4,0
2022-07-20,1162,11354.0,OFFICE,COMMERCIAL,CONDITIONS,HYPERTENSION,0,56,13,0
2022-06-10,3298,12126.0,OFFICE,COMMERCIAL,CONDITIONS,immunocompromised,0,9,2,1
2022-06-11,3327,21637.0,OFFICE,COMMERCIAL,CONDITIONS,disease_x,0,1,6,0
2022-07-06,425,4540.0,OFFICE,COMMERCIAL,CONDITIONS,diabetes,0,15,0,0
2022-06-09,1783,2236.0,URGENT CARE FACILITY,COMMERCIAL,CONDITIONS,disease_x,0,1,0,0
2022-07-05,2285,22440.0,TELEHEALTH PROVIDED OTHER THAN IN PATIENT'S HOME,COMMERCIAL,CONDITIONS,disease_x,0,4,0,1
2022-06-23,3183,16551.0,Unknown,COMMERCIAL,CONTRAINDICATIONS,medium_contraindication,0,4,12,6
2022-07-15,1332,10516.0,Unknown,COMMERCIAL,CONTRAINDICATIONS,Medium_Contraindication,0,12,0,18
2022-06-22,1761,3396.0,EMERGENCY ROOM - HOSPITAL,COMMERCIAL,CONDITIONS,disease_x,0,4,1,2
2022-06-03,1960,0.0,URGENT CARE FACILITY,COMMERCIAL,CONDITIONS,disease_x,0,5,7,0
2022-06-10,2592,25276.0,Unknown,COMMERCIAL,CONTRAINDICATIONS,low_contraindication,0,4,6,4
2022-06-01,1094,0.0,URGENT CARE FACILITY,COMMERCIAL,CONDITIONS,disease_x,0,59,31,0
2022-06-21,1000,4628.0,TELEHEALTH PROVIDED IN PATIENT'S HOME,COMMERCIAL,CONDITIONS,mental_health_disorders,0,5,16,0
2022-07-22,2910,8644.0,HOSPITAL OUTPATIENT,COMMERCIAL,CONDITIONS,immunocompromised,0,18,1,0
2022-06-07,1402,685.0,URGENT CARE FACILITY,COMMERCIAL,CONDITIONS,disease_x,0,2,0,0
2022-06-21,450,6808.0,URGENT CARE FACILITY,COMMERCIAL,CONDITIONS,disease_x,0,1,0,0
2022-06-23,3770,5636.0,HOSPITAL OUTPATIENT,MEDICARE,CONDITIONS,disease_x,0,50,0,33
2022-06-13,927,10497.0,INPATIENT HOSPITAL,COMMERCIAL,CONDITIONS,disease_x,0,26,17,1
2022-06-04,2871,0.0,URGENT CARE FACILITY,COMMERCIAL,CONDITIONS,DISEASE_X,0,9,1,35
2022-07-21,2389,0.0,TELEHEALTH PROVIDED OTHER THAN IN PATIENT'S HOME,COMMERCIAL,CONDITIONS,mental_health_disorders,0,3,0,0
2022-07-07,1390,16646.0,OFFICE,COMMERCIAL,CONDITIONS,disease_x,0,2,2,0
2022-06-14,408,6284.0,EMERGENCY ROOM - HOSPITAL,MEDICAID,CONDITIONS,DISEASE_X,0,4,10,0
