PATIENT_ID,TXN_LOCATION_TYPE,INSURANCE_TYPE,TARGET,NO_OF_CONDN,NO_OF_SYMPT,NO_OF_CONTRD,PAT_GENDER,PHY_STATE,PHY_PHYSICIAN_TYPE,PAT_AGE
3366,TELEHEALTH PROVIDED IN PATIENT'S HOME,COMMERCIAL,0,44,1,0,M,CA,FAMILY MEDICINE,58
326,EMERGENCY ROOM - HOSPITAL,COMMERCIAL,0,1,2,0,M,NJ,EMERGENCY MEDICINE,7
1486,OFFICE,MEDICARE,0,21,4,0,F,DE,FAMILY MEDICINE,73
3673,EMERGENCY ROOM - HOSPITAL,COMMERCIAL,0,65,11,2,M,NY,EMERGENCY MEDICINE,72
810,ON CAMPUS-OUTPATIENT HOSPITAL,COMMERCIAL,0,21,55,0,F,NY,NURSE PRACTITIONER,20
2455,OFFICE,COMMERCIAL,0,6,4,0,F,MN,FAMILY MEDICINE,56
291,EMERGENCY ROOM - HOSPITAL,COMMERCIAL,0,1,5,0,F,CA,EMERGENCY MEDICINE,9
1396,OTHER PLACE OF SERVICE,MEDICARE,0,3,5,0,M,UNKNOWN,UNKNOWN,86
2480,OFFICE,COMMERCIAL,0,2,0,0,M,CA,FAMILY MEDICINE,18
2805,HOSPITAL OUTPATIENT,COMMERCIAL,0,3,4,0,F,TN,FAMILY MEDICINE,63
1745,CLINIC - FREESTANDING,MEDICAID,0,15,17,0,M,CA,PHYSICIAN ASSISTANT,21
989,OFFICE,COMMERCIAL,0,25,6,0,M,LA,FAMILY MEDICINE,84
3289,INDEPENDENT LABORATORY,COMMERCIAL,0,6,2,0,F,UNKNOWN,UNKNOWN,51
581,INDEPENDENT LABORATORY,COMMERCIAL,0,1,5,0,F,UNKNOWN,UNKNOWN,8
1252,URGENT CARE FACILITY,COMMERCIAL,0,3,8,0,F,MD,EMERGENCY MEDICINE,74
1940,TELEHEALTH PROVIDED IN PATIENT'S HOME,COMMERCIAL,0,1,2,0,M,TX,NURSE PRACTITIONER,15
1552,HOSPITAL OUTPATIENT,COMMERCIAL,0,4,8,0,F,SC,EMERGENCY MEDICINE,13
2790,OFFICE,COMMERCIAL,0,8,10,0,F,NC,NURSE PRACTITIONER,63
2745,OFFICE,MEDICARE,0,95,38,7,F,CO,CARDIOVASCULAR DISEASE,77
3069,EMERGENCY ROOM - HOSPITAL,COMMERCIAL,0,62,68,46,M,MI,DIAGNOSTIC RADIOLOGY,53
3762,OFFICE,COMMERCIAL,0,11,0,0,M,CA,FAMILY MEDICINE,63
1329,INDEPENDENT LABORATORY,COMMERCIAL,0,2,3,0,F,UNKNOWN,UNKNOWN,78
1687,EMERGENCY ROOM - HOSPITAL,COMMERCIAL,0,8,1,0,M,KY,CARDIOVASCULAR DISEASE,45
2465,EMERGENCY ROOM - HOSPITAL,COMMERCIAL,0,2,0,0,F,CA,OBSTETRICS & GYNECOLOGY,32
198,OFFICE,COMMERCIAL,0,8,3,0,F,AZ,NURSE PRACTITIONER,52
155,URGENT CARE FACILITY,MEDICAID,0,1,4,0,M,CO,PHYSICIAN ASSISTANT,21
1255,URGENT CARE FACILITY,COMMERCIAL,0,2,14,0,F,UNKNOWN,UNKNOWN,13
2613,OFFICE,COMMERCIAL,0,7,4,1,M,LA,NURSE PRACTITIONER,28
1148,URGENT CARE FACILITY,COMMERCIAL,0,1,2,0,M,NY,NURSE PRACTITIONER,12
2650,INPATIENT HOSPITAL,MEDICARE,0,30,2,37,M,FL,PHYSICIAN ASSISTANT,56
2580,URGENT CARE FACILITY,COMMERCIAL,0,1,2,0,M,UNKNOWN,UNKNOWN,36
3852,TELEHEALTH PROVIDED IN PATIENT'S HOME,COMMERCIAL,0,42,20,62,F,RI,NURSE PRACTITIONER,62
2448,HOSPITAL - LABORATORY SERVICES PROVIDED TO NON-PATIENTS,COMMERCIAL,0,72,40,0,F,CA,EMERGENCY MEDICINE,58
3279,OFFICE,COMMERCIAL,0,12,21,10,F,SC,FAMILY MEDICINE,69
2179,INDEPENDENT LABORATORY,COMMERCIAL,0,4,26,0,M,UNKNOWN,UNKNOWN,32
3528,TELEHEALTH PROVIDED OTHER THAN IN PATIENT'S HOME,COMMERCIAL,0,57,10,0,F,LA,FAMILY MEDICINE,69
1318,HOSPITAL OUTPATIENT,MEDICARE,0,3,0,0,F,FL,FAMILY MEDICINE,28
512,OFFICE,COMMERCIAL,0,8,28,0,M,VA,FAMILY MEDICINE,89
3385,UNASSIGNED,MEDICARE,0,81,15,41,M,FL,INTERNAL MEDICINE,86
1823,OFFICE,COMMERCIAL,0,18,25,1,F,SC,PHYSICIAN ASSISTANT,67
3647,URGENT CARE FACILITY,COMMERCIAL,0,1,2,0,F,CA,NURSE PRACTITIONER,55
919,URGENT CARE FACILITY,COMMERCIAL,0,1,1,0,M,UNKNOWN,UNKNOWN,42
3903,OTHER PLACE OF SERVICE,COMMERCIAL,0,81,2,0,F,UNKNOWN,UNKNOWN,55
2640,URGENT CARE FACILITY,MEDICARE,0,4,5,0,F,WA,EMERGENCY MEDICINE,75
2287,OFFICE,COMMERCIAL,0,6,7,0,F,NY,INTERNAL MEDICINE,42
1667,INPATIENT HOSPITAL,COMMERCIAL,0,136,38,0,M,UNKNOWN,UNKNOWN,89
239,HOSPITAL OUTPATIENT,COMMERCIAL,0,1,0,0,F,WV,FAMILY MEDICINE,45
3410,OFFICE,COMMERCIAL,0,6,0,0,M,TX,INTERNAL MEDICINE,83
1036,TELEHEALTH PROVIDED OTHER THAN IN PATIENT'S HOME,COMMERCIAL,0,39,4,0,F,FL,FAMILY MEDICINE,54
3980,INDEPENDENT LABORATORY,COMMERCIAL,0,2,1,0,F,UNKNOWN,UNKNOWN,74
3351,URGENT CARE FACILITY,COMMERCIAL,0,1,7,45,M,TX,PHYSICIAN ASSISTANT,44
2078,TELEHEALTH PROVIDED OTHER THAN IN PATIENT'S HOME,COMMERCIAL,0,13,17,23,F,MD,NURSE PRACTITIONER,53
2165,OFFICE,COMMERCIAL,0,8,1,0,F,TN,NURSE PRACTITIONER,44
947,TELEHEALTH PROVIDED IN PATIENT'S HOME,COMMERCIAL,0,1,0,5,M,VA,FAMILY MEDICINE,39
3089,EMERGENCY ROOM - HOSPITAL,COMMERCIAL,0,1,5,0,F,IL,EMERGENCY MEDICINE,22
1846,CLINIC - FREESTANDING,MEDICAID,0,19,19,0,F,CA,FAMILY MEDICINE,45
812,EMERGENCY ROOM - HOSPITAL,COMMERCIAL,0,3,6,0,F,VA,DIAGNOSTIC RADIOLOGY,32
39,INDEPENDENT LABORATORY,COMMERCIAL,0,1,1,0,M,UNKNOWN,UNKNOWN,36
3056,OFFICE,COMMERCIAL,0,51,4,3,F,TX,FAMILY MEDICINE,51
2877,OFFICE,COMMERCIAL,0,3,3,0,F,MO,FAMILY MEDICINE,22
1595,UNASSIGNED,MEDICARE,0,22,1,1,F,WA,FAMILY MEDICINE,89
3087,EMERGENCY ROOM - HOSPITAL,COMMERCIAL,0,7,7,18,F,TX,EMERGENCY MEDICINE,37
3065,OFFICE,MEDICAID,0,16,17,0,F,CT,NURSE PRACTITIONER,42
2779,EMERGENCY ROOM - HOSPITAL,COMMERCIAL,0,2,1,0,M,IL,DIAGNOSTIC RADIOLOGY,20
2190,HOSPITAL OUTPATIENT,COMMERCIAL,0,2,0,0,F,FL,NURSE PRACTITIONER,29
391,OFFICE,COMMERCIAL,0,1,13,0,M,TX,PHYSICIAN ASSISTANT,6
1430,URGENT CARE FACILITY,COMMERCIAL,0,109,9,0,M,UNKNOWN,UNKNOWN,63
220,URGENT CARE FACILITY,COMMERCIAL,0,2,2,0,M,UNKNOWN,UNKNOWN,48
1055,INDEPENDENT LABORATORY,COMMERCIAL,0,4,8,0,F,UNKNOWN,UNKNOWN,64
54,URGENT CARE FACILITY,COMMERCIAL,0,1,0,0,F,MD,PHYSICIAN ASSISTANT,26
3887,EMERGENCY ROOM - HOSPITAL,COMMERCIAL,0,2,4,0,F,CA,PEDIATRIC EMERGENCY MEDICINE,60
2490,EMERGENCY ROOM - HOSPITAL,COMMERCIAL,0,1,1,0,M,IL,EMERGENCY MEDICINE,37
142,EMERGENCY ROOM - HOSPITAL,COMMERCIAL,0,1,0,0,M,NC,EMERGENCY MEDICINE,4
1847,EMERGENCY ROOM - HOSPITAL,COMMERCIAL,0,1,2,0,M,TN,RADIOLOGY,32
835,URGENT CARE FACILITY,COMMERCIAL,0,14,11,0,F,AL,NURSE PRACTITIONER,54
20,URGENT CARE FACILITY,COMMERCIAL,0,1,0,0,M,UNKNOWN,UNKNOWN,37
2512,EMERGENCY ROOM - HOSPITAL,COMMERCIAL,0,1,2,0,M,WA,FAMILY MEDICINE,27
1900,TELEHEALTH PROVIDED OTHER THAN IN PATIENT'S HOME,COMMERCIAL,0,18,16,0,M,NY,INTERNAL MEDICINE,45
1376,EMERGENCY ROOM - HOSPITAL,COMMERCIAL,0,2,12,0,M,SC,EMERGENCY MEDICINE,37
143,INDEPENDENT LABORATORY,MEDICAID,0,1,5,0,M,UNKNOWN,UNKNOWN,36
1073,URGENT CARE FACILITY,COMMERCIAL,0,9,6,0,F,CA,FAMILY MEDICINE,53
2995,OFFICE,MEDICARE,0,76,22,4,M,CA,PAIN MEDICINE,55
3370,EMERGENCY ROOM - HOSPITAL,COMMERCIAL,0,58,1,0,M,MA,EMERGENCY MEDICINE,69
1061,TELEHEALTH PROVIDED IN PATIENT'S HOME,COMMERCIAL,0,1,5,0,F,UNKNOWN,UNKNOWN,43
943,OFFICE,COMMERCIAL,0,23,2,0,F,MN,PHYSICIAN ASSISTANT,39
1232,OFFICE,COMMERCIAL,0,11,10,0,F,TX,NURSE PRACTITIONER,41
3137,TELEHEALTH PROVIDED OTHER THAN IN PATIENT'S HOME,COMMERCIAL,0,92,10,0,F,GA,PSYCHOLOGY,20
305,EMERGENCY ROOM - HOSPITAL,COMMERCIAL,0,1,2,0,M,TX,PEDIATRICS,5
90,OFFICE,COMMERCIAL,0,1,2,0,F,KY,PEDIATRICS,4
3131,EMERGENCY ROOM - HOSPITAL,COMMERCIAL,0,19,4,3,F,MD,EMERGENCY MEDICINE,61
2500,OFFICE,COMMERCIAL,0,8,8,8,F,UNKNOWN,UNKNOWN,56
2645,TELEHEALTH PROVIDED IN PATIENT'S HOME,COMMERCIAL,0,1,6,0,F,OH,PHYSICIAN ASSISTANT,57
2809,OFFICE,COMMERCIAL,0,1,8,0,F,UNKNOWN,UNKNOWN,41
58,URGENT CARE FACILITY,COMMERCIAL,0,1,0,0,M,CA,NURSE PRACTITIONER,44
1503,OFFICE,COMMERCIAL,0,5,1,7,F,AR,FAMILY MEDICINE,39
1456,TELEHEALTH PROVIDED OTHER THAN IN PATIENT'S HOME,MEDICARE,0,11,0,0,F,VA,FAMILY MEDICINE,73
3598,OFFICE,MEDICARE,0,2,4,0,F,CA,FAMILY MEDICINE,73
2594,OFFICE,COMMERCIAL,0,1,1,1,M,CO,FAMILY MEDICINE,45
3185,EMERGENCY ROOM - HOSPITAL,MEDICARE,0,1,0,22,F,TX,PHYSICIAN ASSISTANT,22
488,EMERGENCY ROOM - HOSPITAL,COMMERCIAL,0,1,0,0,F,FL,PEDIATRIC EMERGENCY MEDICINE,7
565,OFFICE,COMMERCIAL,0,1,0,0,M,NJ,INTERNAL MEDICINE,37
3518,OTHER PLACE OF SERVICE,COMMERCIAL,0,115,10,2,F,AZ,FAMILY MEDICINE,54
436,URGENT CARE FACILITY,COMMERCIAL,0,1,0,0,M,TX,NURSE PRACTITIONER,6
1133,TELEHEALTH PROVIDED IN PATIENT'S HOME,COMMERCIAL,0,6,9,0,F,PA,INTERNAL MEDICINE,40
3841,OFFICE,MEDICARE,0,15,5,0,F,IN,DERMATOLOGY,72
3810,OFF CAMPUS-OUTPATIENT HOSPITAL,COMMERCIAL,0,2,10,1,F,OH,PHYSICIAN ASSISTANT,60
2417,CRITICAL ACCESS HOSPITAL,COMMERCIAL,0,25,3,0,M,WV,"ENDOCRINOLOGY, DIABETES & METABOLISM",46
3281,HOSPITAL OUTPATIENT,MEDICARE,0,7,18,3,F,NY,INTERNAL MEDICINE,89
1554,OFFICE,COMMERCIAL,0,50,2,0,M,UT,CLINICAL SOCIAL WORKER,22
3348,CLINIC - RURAL HEALTH,MEDICARE,0,7,13,11,F,KY,INTERNAL MEDICINE,81
1939,TELEHEALTH PROVIDED OTHER THAN IN PATIENT'S HOME,COMMERCIAL,0,1,0,0,M,CA,INTERNAL MEDICINE,64
2414,OFFICE,COMMERCIAL,0,14,14,0,M,DE,EMERGENCY MEDICINE,52
2416,HOSPITAL OUTPATIENT,COMMERCIAL,0,5,7,0,F,LA,EMERGENCY MEDICINE,32
212,HOSPITAL OUTPATIENT,COMMERCIAL,0,1,1,0,F,OH,EMERGENCY MEDICINE,25
2922,URGENT CARE FACILITY,COMMERCIAL,0,10,0,0,M,MO,NURSE PRACTITIONER,72
2935,OFFICE,COMMERCIAL,0,62,7,0,F,CO,INTERNAL MEDICINE,82
802,EMERGENCY ROOM - HOSPITAL,MEDICARE,0,161,4,38,M,NJ,EMERGENCY MEDICINE,85
2074,EMERGENCY ROOM - HOSPITAL,COMMERCIAL,0,71,1,1,F,CA,EMERGENCY MEDICINE,74
1771,EMERGENCY ROOM - HOSPITAL,COMMERCIAL,0,45,4,0,M,NC,EMERGENCY MEDICINE,86
3229,OFFICE,MEDICARE,0,156,11,3,M,FL,INTERNAL MEDICINE,89
3476,INPATIENT HOSPITAL,COMMERCIAL,0,9,0,21,M,PA,INFECTIOUS DISEASE,83
114,EMERGENCY ROOM - HOSPITAL,COMMERCIAL,0,3,7,0,M,NY,EMERGENCY MEDICINE,6
1017,EMERGENCY ROOM - HOSPITAL,COMMERCIAL,0,1,2,0,F,FL,HEMATOLOGY (PATHOLOGY),41
1345,OFFICE,COMMERCIAL,0,18,73,1,M,SD,PHYSICIAN ASSISTANT,26
1880,TELEHEALTH PROVIDED OTHER THAN IN PATIENT'S HOME,COMMERCIAL,0,7,2,0,M,GA,FAMILY MEDICINE,39
882,OFFICE,COMMERCIAL,0,7,10,0,M,SC,EMERGENCY MEDICINE,64
1386,CLINIC - RURAL HEALTH,COMMERCIAL,0,8,2,0,F,UNKNOWN,UNKNOWN,30
2601,INDEPENDENT LABORATORY,COMMERCIAL,0,2,7,12,M,UNKNOWN,UNKNOWN,56
3830,UNASSIGNED,COMMERCIAL,0,49,0,0,F,NV,HEMATOLOGY/ONCOLOGY,66
1654,HOSPITAL INPATIENT (INCLUDING MEDICARE PART A),COMMERCIAL,0,36,2,0,F,NM,NURSE PRACTITIONER,45
3425,INDEPENDENT LABORATORY,COMMERCIAL,0,10,3,0,F,UNKNOWN,UNKNOWN,67
45,URGENT CARE FACILITY,COMMERCIAL,0,1,2,0,M,SC,FAMILY MEDICINE,32
426,EMERGENCY ROOM - HOSPITAL,COMMERCIAL,0,1,0,0,F,FL,PEDIATRICS,6
732,OFFICE,MEDICARE,0,20,6,0,F,AL,CARDIOVASCULAR DISEASE,72
1044,TELEHEALTH PROVIDED OTHER THAN IN PATIENT'S HOME,MEDICARE,0,8,4,0,M,NV,INTERNAL MEDICINE,76
1633,OFFICE,COMMERCIAL,0,2,3,0,M,SC,PHYSICIAN ASSISTANT,44
515,HOSPITAL OUTPATIENT,COMMERCIAL,0,1,3,0,M,PR,GENERAL PRACTICE,7
2507,URGENT CARE FACILITY,COMMERCIAL,0,1,1,0,F,UNKNOWN,UNKNOWN,28
3181,OFF CAMPUS-OUTPATIENT HOSPITAL,MEDICARE,0,12,4,0,F,IL,INTERNAL MEDICINE,78
1051,FEDERALLY QUALIFIED HEALTH CENTER,COMMERCIAL,0,41,1,0,M,CA,INTERNAL MEDICINE,51
2712,OFFICE,MEDICARE,0,16,14,0,M,NJ,FAMILY MEDICINE,79
1725,URGENT CARE FACILITY,MEDICARE,0,24,6,0,F,GA,FAMILY MEDICINE,82
3989,TELEHEALTH PROVIDED OTHER THAN IN PATIENT'S HOME,COMMERCIAL,0,3,2,0,F,CA,FAMILY MEDICINE,26
3146,URGENT CARE FACILITY,COMMERCIAL,0,1,0,0,M,TX,INTERNAL MEDICINE,25
944,EMERGENCY ROOM - HOSPITAL,COMMERCIAL,0,1,0,0,F,IL,ANATOMIC/CLINICAL PATHOLOGY,35
1844,HOSPITAL OUTPATIENT,COMMERCIAL,0,35,50,2,M,OH,COLON & RECTAL SURGERY,51
2595,URGENT CARE FACILITY,COMMERCIAL,0,2,8,0,F,LA,FAMILY MEDICINE,55
2182,TELEHEALTH PROVIDED OTHER THAN IN PATIENT'S HOME,COMMERCIAL,0,1,3,0,M,CO,FAMILY MEDICINE,59
126,URGENT CARE FACILITY,COMMERCIAL,0,1,1,0,F,UNKNOWN,UNKNOWN,27
1122,ON CAMPUS-OUTPATIENT HOSPITAL,COMMERCIAL,0,132,7,1,M,KS,PEDIATRIC HEMATOLOGY/ONCOLOGY,12
3683,OFFICE,COMMERCIAL,0,1,2,0,M,NY,PEDIATRICS,24
3685,INPATIENT HOSPITAL,MEDICARE,0,74,32,0,F,NY,INTERNAL MEDICINE,89
1003,OFFICE,COMMERCIAL,0,20,11,0,F,NY,INTERNAL MEDICINE,52
910,HOSPITAL OUTPATIENT,COMMERCIAL,0,5,12,0,F,OH,EMERGENCY MEDICINE,47
2913,TELEHEALTH PROVIDED OTHER THAN IN PATIENT'S HOME,MEDICARE,0,71,4,50,F,FL,INTERNAL MEDICINE,89
1762,OFFICE,COMMERCIAL,0,20,10,0,F,IN,NURSE PRACTITIONER,73
770,URGENT CARE FACILITY,COMMERCIAL,0,1,0,0,F,MO,PHYSICIAN ASSISTANT,39
2197,URGENT CARE FACILITY,MEDICARE,0,51,5,0,F,VA,EMERGENCY MEDICINE,80
3116,EMERGENCY ROOM - HOSPITAL,COMMERCIAL,0,20,36,2,F,CA,EMERGENCY MEDICINE,88
2515,TELEHEALTH PROVIDED OTHER THAN IN PATIENT'S HOME,COMMERCIAL,0,46,25,0,M,NY,INTERNAL MEDICINE,72
2799,OTHER PLACE OF SERVICE,COMMERCIAL,0,85,3,12,M,PA,FAMILY MEDICINE,89
728,URGENT CARE FACILITY,COMMERCIAL,0,1,1,0,F,AL,NURSE PRACTITIONER,81
350,HOSPITAL OUTPATIENT,COMMERCIAL,0,3,7,0,F,WA,EMERGENCY MEDICINE,6
1465,OTHER PLACE OF SERVICE,MEDICARE,0,42,14,0,F,NJ,INTERNAL MEDICINE,85
3826,OFFICE,MEDICARE,0,2,38,1,M,NY,INTERNAL MEDICINE,37
3997,OFFICE,COMMERCIAL,0,9,22,0,M,TN,NURSE PRACTITIONER,44
671,OFFICE,COMMERCIAL,0,1,0,0,F,NY,INTERNAL MEDICINE,9
1013,EMERGENCY ROOM - HOSPITAL,COMMERCIAL,0,1,14,0,M,NV,EMERGENCY MEDICINE,15
3499,AMBULANCE - LAND,MEDICARE,0,19,2,0,F,UNKNOWN,UNKNOWN,89
1403,URGENT CARE FACILITY,COMMERCIAL,0,1,0,0,M,CO,PHYSICIAN ASSISTANT,51
636,HOSPITAL - LABORATORY SERVICES PROVIDED TO NON-PATIENTS,COMMERCIAL,0,3,10,0,M,CA,EMERGENCY MEDICINE,14
1468,ON CAMPUS-OUTPATIENT HOSPITAL,COMMERCIAL,0,2,2,0,M,UT,VASCULAR & INTERVENTIONAL RADIOLOGY,34
692,EMERGENCY ROOM - HOSPITAL,COMMERCIAL,0,1,4,0,F,KY,EMERGENCY MEDICINE,22
782,URGENT CARE FACILITY,COMMERCIAL,0,5,6,0,F,LA,FAMILY MEDICINE,47
2836,HOSPITAL OUTPATIENT,MEDICARE,0,49,8,22,F,OR,PHYSICIAN ASSISTANT,86
698,HOSPITAL OUTPATIENT,COMMERCIAL,0,2,0,0,M,NY,INTERNAL MEDICINE,9
151,TELEHEALTH PROVIDED OTHER THAN IN PATIENT'S HOME,COMMERCIAL,0,1,2,0,F,FL,NURSE PRACTITIONER,4
2377,ON CAMPUS-OUTPATIENT HOSPITAL,MEDICAID,0,92,79,0,F,OH,PEDIATRIC HEMATOLOGY/ONCOLOGY,21
3086,HOSPITAL OUTPATIENT,COMMERCIAL,0,11,0,7,M,CT,INTERNAL MEDICINE,72
776,URGENT CARE FACILITY,COMMERCIAL,0,4,3,0,F,GA,FAMILY MEDICINE,40
3284,URGENT CARE FACILITY,COMMERCIAL,0,2,1,0,M,SC,FAMILY MEDICINE,34
3548,URGENT CARE FACILITY,COMMERCIAL,0,28,29,2,F,NV,FAMILY MEDICINE,63
1463,OFFICE,COMMERCIAL,0,4,0,1,F,NV,FAMILY MEDICINE,69
921,URGENT CARE FACILITY,COMMERCIAL,0,3,0,0,F,UNKNOWN,UNKNOWN,45
263,EMERGENCY ROOM - HOSPITAL,COMMERCIAL,0,2,0,0,M,CA,EMERGENCY MEDICINE,6
3623,OFFICE,COMMERCIAL,0,77,10,0,F,GA,CARDIOVASCULAR DISEASE,72
3360,URGENT CARE FACILITY,COMMERCIAL,0,3,0,0,M,UNKNOWN,UNKNOWN,25
1817,TELEHEALTH PROVIDED OTHER THAN IN PATIENT'S HOME,COMMERCIAL,0,2,5,0,M,CA,EMERGENCY MEDICINE,47
952,OFFICE,MEDICARE,0,64,16,2,M,FL,FAMILY MEDICINE,75
685,URGENT CARE FACILITY,COMMERCIAL,0,1,6,0,F,UNKNOWN,UNKNOWN,22
30,HOSPITAL OUTPATIENT,COMMERCIAL,0,1,0,0,F,OH,EMERGENCY MEDICINE,23
249,EMERGENCY ROOM - HOSPITAL,COMMERCIAL,0,1,5,0,F,IL,EMERGENCY MEDICINE,5
962,HOSPITAL OUTPATIENT,COMMERCIAL,0,1,2,1,M,CA,EMERGENCY MEDICINE,52
3629,URGENT CARE FACILITY,COMMERCIAL,0,1,25,0,M,UNKNOWN,UNKNOWN,22
670,INDEPENDENT LABORATORY,COMMERCIAL,0,19,0,0,F,UNKNOWN,UNKNOWN,30
3773,INDEPENDENT LABORATORY,COMMERCIAL,0,1,25,0,M,UNKNOWN,UNKNOWN,32
1509,OFFICE,MEDICARE,0,10,4,0,F,CA,INTERNAL MEDICINE,89
3314,TELEHEALTH PROVIDED OTHER THAN IN PATIENT'S HOME,MEDICARE,0,38,2,0,M,NJ,INTERNAL MEDICINE,89
1306,URGENT CARE FACILITY,COMMERCIAL,0,3,0,0,F,UNKNOWN,UNKNOWN,29
2452,OFFICE,COMMERCIAL,0,2,2,0,F,LA,INTERNAL MEDICINE,52
9,HOSPITAL OUTPATIENT,COMMERCIAL,0,2,0,0,M,MO,EMERGENCY MEDICINE,35
1669,EMERGENCY ROOM - HOSPITAL,COMMERCIAL,0,1,16,0,F,TX,NURSE PRACTITIONER,15
176,EMERGENCY ROOM - HOSPITAL,COMMERCIAL,0,1,3,0,M,OR,PEDIATRIC EMERGENCY MEDICINE (PEDIATRICS),5
548,EMERGENCY ROOM - HOSPITAL,MEDICAID,0,1,3,0,M,OK,PHYSICIAN ASSISTANT,7
3812,EMERGENCY ROOM - HOSPITAL,COMMERCIAL,0,4,11,0,M,CA,DIAGNOSTIC RADIOLOGY,49
3780,HOSPITAL OUTPATIENT,MEDICARE,0,20,1,0,F,NV,FAMILY MEDICINE,78
3871,OFFICE,MEDICARE,0,35,7,3,M,TN,NURSE PRACTITIONER,85
430,URGENT CARE FACILITY,COMMERCIAL,0,3,2,0,F,GA,FAMILY MEDICINE,64
330,EMERGENCY ROOM - HOSPITAL,COMMERCIAL,0,1,9,0,F,NV,EMERGENCY MEDICINE,5
1310,TELEHEALTH PROVIDED OTHER THAN IN PATIENT'S HOME,COMMERCIAL,0,3,11,0,F,FL,FAMILY MEDICINE,52
3228,AMBULANCE - LAND,COMMERCIAL,0,46,11,40,F,UNKNOWN,UNKNOWN,46
3439,TELEHEALTH PROVIDED OTHER THAN IN PATIENT'S HOME,COMMERCIAL,0,4,3,2,M,FL,INTERNAL MEDICINE,50
3324,URGENT CARE FACILITY,COMMERCIAL,0,1,1,0,F,IN,NURSE PRACTITIONER,56
1498,OFFICE,COMMERCIAL,0,5,5,0,F,CA,ALLERGY & IMMUNOLOGY,45
2504,EMERGENCY ROOM - HOSPITAL,COMMERCIAL,0,1,5,0,M,CA,EMERGENCY MEDICINE,18
3701,INDEPENDENT LABORATORY,COMMERCIAL,0,1,1,0,M,UNKNOWN,UNKNOWN,49
2885,OFFICE,MEDICARE,0,16,3,2,M,TN,NURSE PRACTITIONER,71
3081,TELEHEALTH PROVIDED IN PATIENT'S HOME,COMMERCIAL,0,42,3,1,F,OH,NURSE PRACTITIONER,74
1211,OFFICE,COMMERCIAL,0,12,21,12,F,MN,PHYSICIAN ASSISTANT,51
684,OFFICE,COMMERCIAL,0,37,8,0,F,NY,INTERNAL MEDICINE,29
125,EMERGENCY ROOM - HOSPITAL,COMMERCIAL,0,3,8,0,M,TX,ANATOMIC/CLINICAL PATHOLOGY,4
1096,URGENT CARE FACILITY,COMMERCIAL,0,2,0,0,F,OH,EMERGENCY MEDICINE,57
1628,OFFICE,COMMERCIAL,0,1,0,0,F,AL,FAMILY MEDICINE,23
1655,EMERGENCY ROOM - HOSPITAL,MEDICARE,0,97,20,0,M,LA,NURSE PRACTITIONER,84
2082,EMERGENCY ROOM - HOSPITAL,COMMERCIAL,0,14,1,0,F,FL,ANATOMIC/CLINICAL PATHOLOGY,67
1793,OFFICE,COMMERCIAL,0,19,4,0,F,CA,PHYSICIAN ASSISTANT,60
2114,OFFICE,MEDICARE,0,36,7,0,F,VA,INTERNAL MEDICINE,89
1791,URGENT CARE FACILITY,COMMERCIAL,0,2,0,0,M,CA,FAMILY MEDICINE,51
3304,URGENT CARE FACILITY,COMMERCIAL,0,1,1,0,M,CA,INTERNAL MEDICINE,35
612,URGENT CARE FACILITY,COMMERCIAL,0,1,1,0,F,GA,NURSE PRACTITIONER,24
254,EMERGENCY ROOM - HOSPITAL,COMMERCIAL,0,1,2,0,M,CA,EMERGENCY MEDICINE,5
2010,URGENT CARE FACILITY,COMMERCIAL,0,4,11,4,F,CA,INTERNAL MEDICINE,34
725,URGENT CARE FACILITY,COMMERCIAL,0,3,18,0,F,AZ,PEDIATRICS,9
795,OFFICE,MEDICARE,0,170,27,35,F,FL,PULMONARY CRITICAL CARE MEDICINE,74
1346,HOSPITAL OUTPATIENT,COMMERCIAL,0,2,0,0,F,CA,FAMILY MEDICINE,67
2296,EMERGENCY ROOM - HOSPITAL,MEDICARE,0,13,5,1,F,AK,EMERGENCY MEDICINE,73
1981,TELEHEALTH PROVIDED OTHER THAN IN PATIENT'S HOME,COMMERCIAL,0,2,2,0,F,CA,FAMILY MEDICINE,49
43,EMERGENCY ROOM - HOSPITAL,MEDICARE,0,2,0,0,F,TN,PHYSICIAN ASSISTANT,75
461,EMERGENCY ROOM - HOSPITAL,COMMERCIAL,0,1,3,0,M,NY,PHYSICIAN ASSISTANT,7
2096,URGENT CARE FACILITY,COMMERCIAL,0,3,11,0,F,UNKNOWN,UNKNOWN,33
1420,OFFICE,MEDICARE,0,25,2,0,M,IN,FAMILY MEDICINE,77
1019,INPATIENT HOSPITAL,COMMERCIAL,0,52,11,0,F,FL,INFECTIOUS DISEASE,61
897,INDEPENDENT LABORATORY,COMMERCIAL,0,1,2,1,F,UNKNOWN,UNKNOWN,37
3006,OFFICE,COMMERCIAL,0,57,17,0,M,MI,HOME HEALTH/PERSONAL CARE,85
3147,INPATIENT HOSPITAL,MEDICARE,0,73,102,7,F,MA,INTERNAL MEDICINE,89
1323,HOSPITAL OUTPATIENT,COMMERCIAL,0,8,1,0,M,NY,EMERGENCY MEDICINE,55
819,HOSPITAL OUTPATIENT,COMMERCIAL,0,15,7,0,F,TX,EMERGENCY MEDICINE,34
281,OFFICE,COMMERCIAL,0,2,2,0,M,CA,PEDIATRICS,5
3142,URGENT CARE FACILITY,COMMERCIAL,0,2,1,0,F,UNKNOWN,UNKNOWN,66
332,OFFICE,COMMERCIAL,0,1,2,0,M,TX,PEDIATRICS,5
2337,URGENT CARE FACILITY,COMMERCIAL,0,10,9,0,F,CA,PHYSICIAN ASSISTANT,33
3711,OFFICE,COMMERCIAL,0,16,3,24,M,NC,FAMILY MEDICINE,68
3172,URGENT CARE FACILITY,COMMERCIAL,0,5,3,0,M,NY,EMERGENCY MEDICINE,43
325,OFFICE,COMMERCIAL,0,9,5,3,F,AZ,INTERNAL MEDICINE,55
1810,UNASSIGNED,COMMERCIAL,0,46,4,0,M,UNKNOWN,UNKNOWN,14
2503,URGENT CARE FACILITY,COMMERCIAL,0,12,6,0,F,NV,NURSE PRACTITIONER,58
2752,URGENT CARE FACILITY,COMMERCIAL,0,5,10,0,M,OK,NURSE PRACTITIONER,66
3331,EMERGENCY ROOM - HOSPITAL,COMMERCIAL,0,31,6,9,M,WI,EMERGENCY MEDICINE,63
1174,OFFICE,MEDICARE,0,52,13,1,M,CA,NURSE PRACTITIONER,86
1277,EMERGENCY ROOM - HOSPITAL,COMMERCIAL,0,2,2,0,M,KS,SELECTIVE PATHOLOGY,38
113,EMERGENCY ROOM - HOSPITAL,COMMERCIAL,0,1,1,0,F,FL,EMERGENCY MEDICINE,9
3787,EMERGENCY ROOM - HOSPITAL,COMMERCIAL,0,8,6,22,M,MO,EMERGENCY MEDICINE,82
1349,UNASSIGNED,COMMERCIAL,0,54,11,0,F,TX,FAMILY MEDICINE,67
1315,INDEPENDENT LABORATORY,COMMERCIAL,0,1,5,0,F,UNKNOWN,UNKNOWN,46
112,URGENT CARE FACILITY,COMMERCIAL,0,1,1,0,F,SC,PHYSICIAN ASSISTANT,55
966,OFFICE,COMMERCIAL,0,1,13,0,F,CA,FAMILY MEDICINE,12
3460,HOSPITAL OUTPATIENT,MEDICAID,0,3,8,0,M,CA,EMERGENCY MEDICINE,30
1545,HOSPITAL OUTPATIENT,COMMERCIAL,0,13,8,0,F,FL,FAMILY MEDICINE,65
1986,OFFICE,COMMERCIAL,0,12,5,0,M,FL,INTERNAL MEDICINE,51
3836,URGENT CARE FACILITY,COMMERCIAL,0,12,0,0,F,UNKNOWN,UNKNOWN,57
1600,INPATIENT HOSPITAL,COMMERCIAL,0,165,3,1,M,ME,NEPHROLOGY,84
80,OFFICE,COMMERCIAL,0,3,1,0,F,OH,FAMILY MEDICINE,28
2277,HOSPITAL OUTPATIENT,MEDICARE,0,32,8,13,M,PA,CLINICAL CARDIAC ELECTROPHYSIOLOGY,73
2111,OFFICE,COMMERCIAL,0,1,2,0,M,SC,EMERGENCY MEDICINE,42
3106,INPATIENT HOSPITAL,COMMERCIAL,0,9,5,0,M,OH,CARDIOVASCULAR DISEASE,43
3117,URGENT CARE FACILITY,COMMERCIAL,0,2,5,0,M,UNKNOWN,UNKNOWN,23
2496,HOSPITAL OUTPATIENT,COMMERCIAL,0,7,6,0,M,NJ,"STUDENT, HEALTH CARE",57
3126,TELEHEALTH PROVIDED IN PATIENT'S HOME,COMMERCIAL,0,19,0,57,M,MA,FAMILY MEDICINE,58
672,OFFICE,COMMERCIAL,0,1,0,3,M,FL,FAMILY MEDICINE,44
273,HOSPITAL OUTPATIENT,COMMERCIAL,0,3,1,0,F,VA,EMERGENCY MEDICINE,28
1381,OFFICE,COMMERCIAL,0,1,0,0,F,CA,OBSTETRICS & GYNECOLOGY,25
119,EMERGENCY ROOM - HOSPITAL,COMMERCIAL,0,3,4,0,M,MI,EMERGENCY MEDICINE,4
982,OFFICE,COMMERCIAL,0,4,5,0,F,PA,INTERNAL MEDICINE,47
958,OFFICE,COMMERCIAL,0,13,12,3,M,UNKNOWN,UNKNOWN,46
3509,EMERGENCY ROOM - HOSPITAL,COMMERCIAL,0,1,4,0,M,FL,EMERGENCY MEDICINE,28
2937,OFFICE,MEDICARE,0,22,32,0,F,FL,INTERNAL MEDICINE,81
3504,OFFICE,COMMERCIAL,0,14,1,2,M,NC,FAMILY MEDICINE,69
1739,INDEPENDENT LABORATORY,COMMERCIAL,0,4,3,0,F,UNKNOWN,UNKNOWN,34
1375,URGENT CARE FACILITY,COMMERCIAL,0,5,6,0,F,OR,PHYSICIAN ASSISTANT,80
3110,HOSPITAL OUTPATIENT,MEDICARE,0,111,41,2,M,VA,FAMILY MEDICINE,86
36,EMERGENCY ROOM - HOSPITAL,COMMERCIAL,0,1,1,0,M,TN,EMERGENCY MEDICINE,50
3891,HOSPITAL INPATIENT (INCLUDING MEDICARE PART A),COMMERCIAL,0,1,2,0,M,NV,INTERNAL MEDICINE,47
2537,UNASSIGNED,MEDICARE,0,3,4,0,F,MA,GERIATRIC MEDICINE (INTERNAL MEDICINE),71
2145,HOSPITAL INPATIENT (INCLUDING MEDICARE PART A),MEDICARE,0,14,0,0,F,TX,MEDICAL GENETICS,72
1828,OTHER PLACE OF SERVICE,COMMERCIAL,0,59,14,0,M,KY,INTERNAL MEDICINE,73
589,INDEPENDENT LABORATORY,COMMERCIAL,0,1,1,0,F,UNKNOWN,UNKNOWN,26
3777,OFFICE,COMMERCIAL,0,3,13,0,F,UNKNOWN,UNKNOWN,69
3099,EMERGENCY ROOM - HOSPITAL,COMMERCIAL,0,2,4,0,M,FL,NURSE PRACTITIONER,66
1221,URGENT CARE FACILITY,COMMERCIAL,0,3,8,0,M,UNKNOWN,UNKNOWN,24
1385,URGENT CARE FACILITY,COMMERCIAL,0,1,2,0,M,CA,EMERGENCY MEDICINE,22
1337,OFFICE,COMMERCIAL,0,2,2,0,M,NY,INTERNAL MEDICINE,28
1784,TELEHEALTH PROVIDED IN PATIENT'S HOME,COMMERCIAL,0,4,2,0,M,UNKNOWN,UNKNOWN,59
572,OFFICE,COMMERCIAL,0,1,1,0,F,NY,FAMILY MEDICINE,27
563,OFFICE,COMMERCIAL,0,1,5,0,M,MD,INTERNAL MEDICINE/PEDIATRICS,8
3114,INDEPENDENT LABORATORY,COMMERCIAL,0,2,1,0,M,UNKNOWN,UNKNOWN,28
702,EMERGENCY ROOM - HOSPITAL,COMMERCIAL,0,100,6,4,M,IL,EMERGENCY MEDICINE,77
1760,TELEHEALTH PROVIDED IN PATIENT'S HOME,COMMERCIAL,0,50,10,0,F,UNKNOWN,UNKNOWN,62
2388,INDEPENDENT LABORATORY,COMMERCIAL,0,2,3,0,M,UNKNOWN,UNKNOWN,36
3865,TELEHEALTH PROVIDED OTHER THAN IN PATIENT'S HOME,MEDICARE,0,61,16,18,M,PA,PULMONARY CRITICAL CARE MEDICINE,89
2657,EMERGENCY ROOM - HOSPITAL,COMMERCIAL,0,1,3,0,M,HI,EMERGENCY MEDICINE,19
1283,OFFICE,COMMERCIAL,0,8,9,0,F,KY,ALLERGY & IMMUNOLOGY,47
1561,AMBULANCE - LAND,MEDICARE,0,3,2,22,M,UNKNOWN,UNKNOWN,89
3699,URGENT CARE FACILITY,COMMERCIAL,0,7,1,0,M,UNKNOWN,UNKNOWN,60
3377,OFFICE,COMMERCIAL,0,1,3,0,F,MS,NURSE PRACTITIONER,30
3042,TELEHEALTH PROVIDED OTHER THAN IN PATIENT'S HOME,COMMERCIAL,0,7,21,0,F,CA,FAMILY MEDICINE,53
189,OTHER PLACE OF SERVICE,MEDICARE,0,3,0,0,M,UNKNOWN,UNKNOWN,70
1635,EMERGENCY ROOM - HOSPITAL,COMMERCIAL,0,2,3,0,F,IL,EMERGENCY MEDICINE,27
1223,INDEPENDENT LABORATORY,COMMERCIAL,0,1,2,3,M,UNKNOWN,UNKNOWN,43
252,TELEHEALTH PROVIDED OTHER THAN IN PATIENT'S HOME,COMMERCIAL,0,1,2,0,F,CA,FAMILY MEDICINE,7
3964,OFFICE,COMMERCIAL,0,18,0,0,F,ME,FAMILY MEDICINE,62
1233,INDEPENDENT LABORATORY,COMMERCIAL,0,7,4,0,M,UNKNOWN,UNKNOWN,60
1696,OFFICE,COMMERCIAL,0,13,8,0,M,IL,PHYSICIAN ASSISTANT,63
2066,INDEPENDENT LABORATORY,COMMERCIAL,0,4,9,1,M,UNKNOWN,UNKNOWN,64
3335,OFFICE,COMMERCIAL,0,2,5,0,F,FL,FAMILY MEDICINE,22
2520,HOSPITAL OUTPATIENT,COMMERCIAL,0,1,4,0,F,WA,NURSE PRACTITIONER,34
3492,HOSPITAL OUTPATIENT,COMMERCIAL,0,46,5,25,F,FL,FAMILY MEDICINE,89
1866,OFFICE,COMMERCIAL,0,3,7,0,F,MA,CARDIOVASCULAR DISEASE,36
3122,HOSPITAL OUTPATIENT,COMMERCIAL,0,34,12,3,F,FL,INTERNAL MEDICINE,85
3652,TELEHEALTH PROVIDED OTHER THAN IN PATIENT'S HOME,MEDICARE,0,29,12,26,F,TX,NURSE PRACTITIONER,84
337,EMERGENCY ROOM - HOSPITAL,COMMERCIAL,0,1,4,0,F,FL,ANATOMIC/CLINICAL PATHOLOGY,6
528,URGENT CARE FACILITY,COMMERCIAL,0,3,11,0,F,UNKNOWN,UNKNOWN,7
3863,OFFICE,MEDICARE,0,12,4,4,M,MI,INTERNAL MEDICINE,81
879,TELEHEALTH PROVIDED OTHER THAN IN PATIENT'S HOME,COMMERCIAL,0,2,4,0,M,CA,PEDIATRICS,10
3033,OFFICE,COMMERCIAL,0,6,26,0,F,TX,PEDIATRICS,21
149,INPATIENT HOSPITAL,COMMERCIAL,0,1,3,0,M,CA,PEDIATRIC RADIOLOGY,5
2883,HOSPITAL OUTPATIENT,MEDICARE,0,56,3,49,F,CA,CARDIOVASCULAR DISEASE,82
2781,INDEPENDENT LABORATORY,COMMERCIAL,0,15,26,0,F,UNKNOWN,UNKNOWN,31
3966,INPATIENT HOSPITAL,COMMERCIAL,0,33,7,0,F,VA,INTERNAL MEDICINE,65
3387,OFFICE,COMMERCIAL,0,5,3,0,F,GA,PHYSICIAN ASSISTANT,58
3889,URGENT CARE FACILITY,COMMERCIAL,0,16,8,0,F,CA,HOSPITALIST,73
3216,RURAL HEALTH CLINIC,COMMERCIAL,0,7,4,0,F,MS,FAMILY MEDICINE,68
727,URGENT CARE FACILITY,COMMERCIAL,0,3,1,0,M,CA,PHYSICIAN ASSISTANT,9
712,OFFICE,COMMERCIAL,0,1,2,0,F,GA,FAMILY MEDICINE,37
243,EMERGENCY ROOM - HOSPITAL,COMMERCIAL,0,2,2,0,M,TX,EMERGENCY MEDICINE,5
1325,TELEHEALTH PROVIDED OTHER THAN IN PATIENT'S HOME,COMMERCIAL,0,90,14,0,F,MO,PSYCHIATRY,74
874,HOSPITAL OUTPATIENT,COMMERCIAL,0,8,11,0,F,MD,INTERNAL MEDICINE,56
3301,HOSPITAL OUTPATIENT,COMMERCIAL,0,2,5,0,M,FL,FAMILY MEDICINE,43
1807,URGENT CARE FACILITY,COMMERCIAL,0,1,20,0,M,NY,PHYSICIAN ASSISTANT,14
494,TELEHEALTH PROVIDED IN PATIENT'S HOME,COMMERCIAL,0,1,3,0,F,UNKNOWN,UNKNOWN,34
207,EMERGENCY ROOM - HOSPITAL,COMMERCIAL,0,2,1,0,F,WA,PHYSICIAN ASSISTANT,8
3050,HOSPITAL OUTPATIENT,COMMERCIAL,0,31,0,31,F,NJ,FAMILY MEDICINE,89
429,HOSPITAL - LABORATORY SERVICES PROVIDED TO NON-PATIENTS,COMMERCIAL,0,1,2,0,M,MD,EMERGENCY MEDICINE,6
493,URGENT CARE FACILITY,COMMERCIAL,0,1,0,0,M,CA,PHYSICIAN ASSISTANT,57
2059,HOSPITAL OUTPATIENT,COMMERCIAL,0,1,9,0,F,HI,EMERGENCY MEDICINE,15
4013,AMBULANCE - LAND,MEDICARE,0,2,2,0,F,UNKNOWN,UNKNOWN,32
1882,HOSPITAL OUTPATIENT,COMMERCIAL,0,120,1,1,M,MA,NURSE PRACTITIONER,61
871,URGENT CARE FACILITY,COMMERCIAL,0,1,0,0,F,UNKNOWN,UNKNOWN,48
3466,OFFICE,MEDICARE,0,26,6,0,M,FL,FAMILY MEDICINE,72
930,INDEPENDENT LABORATORY,COMMERCIAL,0,2,1,0,M,UNKNOWN,UNKNOWN,50
1123,URGENT CARE FACILITY,COMMERCIAL,0,1,4,0,F,UNKNOWN,UNKNOWN,65
925,CLINIC - FREESTANDING,MEDICAID,0,1,12,3,F,CA,INTERNAL MEDICINE/PEDIATRICS,47
1234,OFFICE,COMMERCIAL,0,1,0,0,M,VA,NURSE PRACTITIONER,36
1918,TELEHEALTH PROVIDED OTHER THAN IN PATIENT'S HOME,COMMERCIAL,0,2,9,1,F,TX,FAMILY MEDICINE,48
2905,INPATIENT HOSPITAL,COMMERCIAL,0,27,5,41,F,NC,PEDIATRIC RADIOLOGY,69
1226,ON CAMPUS-OUTPATIENT HOSPITAL,COMMERCIAL,0,5,1,0,F,MT,PHYSICIAN ASSISTANT,72
2857,OFFICE,COMMERCIAL,0,7,5,0,F,VA,FAMILY MEDICINE,65
3395,URGENT CARE FACILITY,COMMERCIAL,0,1,2,0,F,UNKNOWN,UNKNOWN,21
828,HOSPITAL INPATIENT (INCLUDING MEDICARE PART A),COMMERCIAL,0,9,2,0,F,NY,INTERNAL MEDICINE,40
3164,HOSPITAL OUTPATIENT,COMMERCIAL,0,16,9,1,F,LA,NURSE PRACTITIONER,67
2631,UNASSIGNED,MEDICARE,0,139,7,31,M,NH,FAMILY MEDICINE,89
26,EMERGENCY ROOM - HOSPITAL,COMMERCIAL,0,1,1,0,M,UT,EMERGENCY MEDICINE,4
2039,URGENT CARE FACILITY,MEDICAID,0,2,10,1,M,OK,PHYSICIAN ASSISTANT,25
948,OFFICE,MEDICARE,0,10,1,0,M,UNKNOWN,UNKNOWN,79
2566,URGENT CARE FACILITY,COMMERCIAL,0,2,1,0,M,AZ,NURSE PRACTITIONER,26
3073,OFFICE,COMMERCIAL,0,20,27,1,F,UNKNOWN,UNKNOWN,44
894,EMERGENCY ROOM - HOSPITAL,COMMERCIAL,0,1,1,0,F,IL,EMERGENCY MEDICINE,37
3180,URGENT CARE FACILITY,COMMERCIAL,0,2,3,0,F,NY,PHYSICIAN ASSISTANT,50
2688,OFFICE,COMMERCIAL,0,5,2,0,M,OR,INTERNAL MEDICINE,20
1066,OFFICE,COMMERCIAL,0,4,8,0,M,CA,NURSE PRACTITIONER,19
826,TELEHEALTH PROVIDED OTHER THAN IN PATIENT'S HOME,COMMERCIAL,0,4,1,0,F,CA,FAMILY MEDICINE,17
3611,OFFICE,COMMERCIAL,0,12,0,0,F,MI,NURSE PRACTITIONER,89
3318,URGENT CARE FACILITY,COMMERCIAL,0,7,0,0,M,MD,FAMILY MEDICINE,37
3201,OFFICE,MEDICARE,0,27,1,0,F,CO,INTERNAL MEDICINE,89
1877,OFFICE,MEDICARE,0,180,0,0,M,MN,CARDIOTHORACIC RADIOLOGY,81
1994,TELEHEALTH PROVIDED OTHER THAN IN PATIENT'S HOME,COMMERCIAL,0,21,10,0,F,UT,FAMILY MEDICINE,52
2013,URGENT CARE FACILITY,MEDICARE,0,7,14,0,F,LA,NURSE PRACTITIONER,71
2382,OFFICE,COMMERCIAL,0,2,6,0,M,TX,NURSE PRACTITIONER,41
1501,INPATIENT HOSPITAL,COMMERCIAL,0,14,24,0,M,IL,HOSPITALIST,54
2349,INDEPENDENT LABORATORY,COMMERCIAL,0,2,9,0,M,UNKNOWN,UNKNOWN,17
3722,URGENT CARE FACILITY,COMMERCIAL,0,49,3,0,M,UNKNOWN,UNKNOWN,62
1841,TELEHEALTH PROVIDED IN PATIENT'S HOME,COMMERCIAL,0,2,10,0,M,VA,PEDIATRICS,14
2550,OFFICE,COMMERCIAL,0,1,19,4,F,TX,NURSE PRACTITIONER,45
1825,TELEHEALTH PROVIDED IN PATIENT'S HOME,COMMERCIAL,0,6,1,0,M,NC,FAMILY MEDICINE,65
2425,OFFICE,COMMERCIAL,0,2,1,0,F,FL,NURSE PRACTITIONER,17
3079,EMERGENCY ROOM - HOSPITAL,COMMERCIAL,0,12,18,0,M,FL,DIAGNOSTIC RADIOLOGY,36
2803,HOSPITAL OUTPATIENT,COMMERCIAL,0,33,5,0,F,MD,PHYSICIAN ASSISTANT,59
1075,OFFICE,MEDICARE,0,13,1,0,M,FL,NURSE PRACTITIONER,76
2134,URGENT CARE FACILITY,COMMERCIAL,0,1,2,0,F,NY,PHYSICIAN ASSISTANT,19
2246,EMERGENCY ROOM - HOSPITAL,COMMERCIAL,0,3,6,0,M,CA,DIAGNOSTIC RADIOLOGY,16
1324,ON CAMPUS-OUTPATIENT HOSPITAL,COMMERCIAL,0,3,4,0,M,FL,HEMATOLOGY (PATHOLOGY),21
2239,OFFICE,COMMERCIAL,0,38,6,0,M,UT,PHYSICIAN ASSISTANT,41
3848,OFFICE,COMMERCIAL,0,62,12,0,F,NY,INTERNAL MEDICINE,89
3241,EMERGENCY ROOM - HOSPITAL,COMMERCIAL,0,49,4,0,F,FL,ANATOMIC/CLINICAL PATHOLOGY,51
1532,OFFICE,COMMERCIAL,0,6,4,4,F,NY,INTERNAL MEDICINE,82
2203,OFFICE,COMMERCIAL,0,59,0,0,F,AL,FAMILY MEDICINE,73
1431,OFFICE,MEDICARE,0,15,6,0,M,KS,INTERNAL MEDICINE,67
2716,OFFICE,COMMERCIAL,0,18,3,1,F,SD,NURSE PRACTITIONER,66
3472,OFF CAMPUS-OUTPATIENT HOSPITAL,MEDICARE,0,91,3,0,M,DE,FAMILY MEDICINE,68
2660,OFFICE,COMMERCIAL,0,1,8,26,F,MA,FAMILY MEDICINE,54
120,EMERGENCY ROOM - HOSPITAL,COMMERCIAL,0,1,2,0,F,LA,PEDIATRICS,5
1876,OFFICE,MEDICARE,0,66,1,20,M,MD,INTERNAL MEDICINE,74
2211,OFFICE,COMMERCIAL,0,1,1,0,F,TN,ANATOMIC/CLINICAL PATHOLOGY,17
1584,OFFICE,MEDICARE,0,24,8,19,F,AL,FAMILY MEDICINE,76
3393,EMERGENCY ROOM - HOSPITAL,COMMERCIAL,0,3,8,11,M,VA,EMERGENCY MEDICINE,56
3985,OFFICE,COMMERCIAL,0,22,0,1,M,MI,UROLOGY,76
1812,OFFICE,COMMERCIAL,0,35,21,0,F,TN,FAMILY MEDICINE,76
2532,HOSPITAL OUTPATIENT,COMMERCIAL,0,1,15,0,F,PA,FAMILY MEDICINE,52
3332,OFFICE,COMMERCIAL,0,28,6,0,F,TN,FAMILY MEDICINE,59
2597,EMERGENCY ROOM - HOSPITAL,COMMERCIAL,0,5,12,0,F,NJ,PHYSICIAN ASSISTANT,26
3358,OFFICE,COMMERCIAL,0,51,31,13,F,FL,INTERNAL MEDICINE,89
1973,OTHER PLACE OF SERVICE,COMMERCIAL,0,20,3,38,F,MN,NURSE PRACTITIONER,89
3479,OFFICE,COMMERCIAL,0,21,12,0,M,SD,FAMILY MEDICINE,66
1085,EMERGENCY ROOM - HOSPITAL,COMMERCIAL,0,26,28,16,F,OH,NURSE PRACTITIONER,35
1020,HOSPITAL OUTPATIENT,COMMERCIAL,0,1,2,0,M,FL,FAMILY MEDICINE,59
3943,FEDERALLY QUALIFIED HEALTH CENTER,COMMERCIAL,0,3,0,0,F,ME,NURSE PRACTITIONER,67
2159,EMERGENCY ROOM - HOSPITAL,MEDICARE,0,9,5,50,M,TN,EMERGENCY MEDICINE,83
105,EMERGENCY ROOM - HOSPITAL,COMMERCIAL,0,2,3,0,F,FL,EMERGENCY MEDICINE,4
766,URGENT CARE FACILITY,COMMERCIAL,0,2,12,0,M,UNKNOWN,UNKNOWN,9
3519,EMERGENCY ROOM - HOSPITAL,MEDICARE,0,12,9,2,F,FL,EMERGENCY MEDICINE,77
2350,INDEPENDENT LABORATORY,COMMERCIAL,0,3,9,2,M,UNKNOWN,UNKNOWN,28
2936,EMERGENCY ROOM - HOSPITAL,COMMERCIAL,0,27,10,28,M,OH,DIAGNOSTIC RADIOLOGY,66
371,EMERGENCY ROOM - HOSPITAL,COMMERCIAL,0,1,3,0,F,OR,EMERGENCY MEDICINE,37
3273,URGENT CARE FACILITY,COMMERCIAL,0,1,1,0,M,LA,FAMILY MEDICINE,26
1547,OFFICE,COMMERCIAL,0,1,10,0,F,TN,PEDIATRICS,13
2415,HOSPITAL - LABORATORY SERVICES PROVIDED TO NON-PATIENTS,COMMERCIAL,0,3,2,0,F,SC,NURSE PRACTITIONER,29
2653,HOSPITAL OUTPATIENT,COMMERCIAL,0,1,3,0,F,FL,FAMILY MEDICINE,69
768,URGENT CARE FACILITY,COMMERCIAL,0,1,3,0,F,MI,PHYSICIAN ASSISTANT,31
1514,URGENT CARE FACILITY,COMMERCIAL,0,2,10,0,F,CA,EMERGENCY MEDICINE,30
1626,INPATIENT HOSPITAL,MEDICARE,0,119,0,0,M,UT,FAMILY MEDICINE,86
369,EMERGENCY ROOM - HOSPITAL,COMMERCIAL,0,1,3,0,F,CA,FAMILY MEDICINE,24
2702,TELEHEALTH PROVIDED OTHER THAN IN PATIENT'S HOME,COMMERCIAL,0,2,4,0,M,UNKNOWN,UNKNOWN,43
241,URGENT CARE FACILITY,COMMERCIAL,0,1,1,0,M,NY,PHYSICIAN ASSISTANT,5
1679,OFFICE,COMMERCIAL,0,16,8,0,F,OK,FAMILY MEDICINE,74
2449,URGENT CARE FACILITY,COMMERCIAL,0,2,1,0,F,OK,NURSE PRACTITIONER,45
1977,OFFICE,COMMERCIAL,0,2,0,0,F,FL,PEDIATRIC DERMATOLOGY,59
2091,HOSPITAL OUTPATIENT,COMMERCIAL,0,2,0,0,F,NY,EMERGENCY MEDICINE,35
3337,OFFICE,COMMERCIAL,0,1,8,0,F,TN,NURSE PRACTITIONER,31
3375,TELEHEALTH PROVIDED OTHER THAN IN PATIENT'S HOME,COMMERCIAL,0,46,2,1,M,UNKNOWN,UNKNOWN,67
280,HOSPITAL OUTPATIENT,COMMERCIAL,0,4,3,0,F,MD,FAMILY MEDICINE,45
2359,OFFICE,COMMERCIAL,0,13,7,0,F,NY,NURSE PRACTITIONER,59
2206,ON CAMPUS-OUTPATIENT HOSPITAL,MEDICARE,0,2,13,0,F,FL,ANATOMIC/CLINICAL PATHOLOGY,33
3427,HOSPITAL OUTPATIENT,COMMERCIAL,0,2,3,0,F,OH,PHYSICIAN ASSISTANT,25
3287,OFFICE,COMMERCIAL,0,7,13,5,F,CA,NURSE PRACTITIONER,26
3708,OTHER PLACE OF SERVICE,MEDICARE,0,55,25,0,F,NC,NURSE PRACTITIONER,78
3619,OFFICE,MEDICARE,0,60,3,26,M,IA,FAMILY MEDICINE,69
2429,OFFICE,COMMERCIAL,0,23,7,24,F,MN,PHYSICIAN ASSISTANT,79
2506,URGENT CARE FACILITY,COMMERCIAL,0,1,2,0,M,NE,NURSE PRACTITIONER,44
1014,INPATIENT HOSPITAL,COMMERCIAL,0,1,0,0,F,FL,HOSPITALIST,67
182,UNASSIGNED,COMMERCIAL,0,100,4,5,M,WA,NURSE PRACTITIONER,75
2276,OFFICE,COMMERCIAL,0,25,2,0,F,NJ,FAMILY MEDICINE,65
3012,OFFICE,COMMERCIAL,0,10,1,0,F,CA,FAMILY MEDICINE,55
2579,OFFICE,MEDICARE,0,19,0,0,M,FL,INTERNAL MEDICINE/FAMILY MEDICINE,78
889,EMERGENCY ROOM - HOSPITAL,COMMERCIAL,0,33,60,0,F,MA,DIAGNOSTIC RADIOLOGY,62
1294,TELEHEALTH PROVIDED OTHER THAN IN PATIENT'S HOME,COMMERCIAL,0,8,13,0,F,MD,"ENDOCRINOLOGY, DIABETES & METABOLISM",37
2516,OFFICE,MEDICARE,0,7,3,0,F,NC,FAMILY MEDICINE,76
1975,TELEHEALTH PROVIDED OTHER THAN IN PATIENT'S HOME,COMMERCIAL,0,140,16,8,F,KY,FAMILY MEDICINE,46
1689,OFFICE,COMMERCIAL,0,2,11,1,F,NE,NURSE PRACTITIONER,36
1152,OFFICE,MEDICARE,0,36,2,1,M,MI,INTERNAL MEDICINE,85
706,OFFICE,COMMERCIAL,0,1,2,0,M,TN,SPORTS MEDICINE (FAMILY MEDICINE),27
1849,URGENT CARE FACILITY,COMMERCIAL,0,1,3,21,M,CA,PHYSICIAN ASSISTANT,52
2766,URGENT CARE FACILITY,COMMERCIAL,0,3,15,41,M,IN,FAMILY MEDICINE,51
3248,INPATIENT HOSPITAL,COMMERCIAL,0,47,28,0,M,OH,INTERNAL MEDICINE,74
157,INDEPENDENT LABORATORY,COMMERCIAL,0,1,5,0,F,UNKNOWN,UNKNOWN,37
2207,TELEHEALTH PROVIDED OTHER THAN IN PATIENT'S HOME,COMMERCIAL,0,9,4,0,M,DC,"ENDOCRINOLOGY, DIABETES & METABOLISM",42
890,TELEHEALTH PROVIDED IN PATIENT'S HOME,MEDICARE,0,7,14,1,F,SC,PHYSICIAN ASSISTANT,72
1705,OFFICE,COMMERCIAL,0,2,4,0,F,CA,INTERNAL MEDICINE,65
750,HOSPITAL INPATIENT (INCLUDING MEDICARE PART A),MEDICARE,0,3,1,0,F,FL,HOSPICE & PALLIATIVE MEDICINE,89
1952,URGENT CARE FACILITY,COMMERCIAL,0,22,13,25,M,CA,PHYSICIAN ASSISTANT,72
1505,URGENT CARE FACILITY,COMMERCIAL,0,5,7,3,F,UNKNOWN,UNKNOWN,40
1893,OFFICE,COMMERCIAL,0,2,5,0,M,OH,NURSE PRACTITIONER,39
999,HOSPITAL OUTPATIENT,COMMERCIAL,0,24,18,1,M,CA,INTERNAL MEDICINE,66
22,OFFICE,COMMERCIAL,0,1,3,0,F,VA,NURSE PRACTITIONER,8
3609,TELEHEALTH PROVIDED IN PATIENT'S HOME,COMMERCIAL,0,161,37,59,M,CA,INTERNAL MEDICINE,82
1173,OFFICE,COMMERCIAL,0,5,2,0,M,TX,FAMILY MEDICINE,52
575,OFFICE,COMMERCIAL,0,41,18,9,F,SC,FAMILY MEDICINE,61
3270,OFFICE,COMMERCIAL,0,1,5,1,F,SC,FAMILY MEDICINE,56
3864,TELEHEALTH PROVIDED OTHER THAN IN PATIENT'S HOME,COMMERCIAL,0,91,0,10,F,MD,FAMILY MEDICINE,64
1587,AMBULANCE - LAND,MEDICARE,0,19,3,0,M,UNKNOWN,UNKNOWN,87
2893,EMERGENCY ROOM - HOSPITAL,MEDICARE,0,5,27,7,F,TX,NURSE PRACTITIONER,74
3170,ON CAMPUS-OUTPATIENT HOSPITAL,COMMERCIAL,0,8,3,6,F,NY,HOSPITALIST,89
3430,OFFICE,COMMERCIAL,0,54,19,4,F,NM,OPTOMETRIST,62
2695,INDEPENDENT LABORATORY,COMMERCIAL,0,2,18,1,M,UNKNOWN,UNKNOWN,49
1815,URGENT CARE FACILITY,COMMERCIAL,0,1,5,0,M,UNKNOWN,UNKNOWN,13
4007,OFFICE,COMMERCIAL,0,3,2,0,M,CA,DIAGNOSTIC RADIOLOGY,29
2012,OFFICE,COMMERCIAL,0,26,7,3,M,NY,FAMILY MEDICINE,62
2655,HOSPITAL OUTPATIENT,COMMERCIAL,0,48,8,1,M,TX,INTERNAL MEDICINE,86
3543,TELEHEALTH PROVIDED IN PATIENT'S HOME,COMMERCIAL,0,15,0,0,F,CT,FAMILY MEDICINE,75
3741,OFFICE,MEDICARE,0,21,8,26,M,SC,OTOLARYNGOLOGY,72
209,HOSPITAL - LABORATORY SERVICES PROVIDED TO NON-PATIENTS,COMMERCIAL,0,1,6,0,M,AZ,EMERGENCY MEDICINE,5
428,OFFICE,COMMERCIAL,0,28,1,1,M,WA,FAMILY MEDICINE,49
238,EMERGENCY ROOM - HOSPITAL,MEDICARE,0,3,0,0,F,MI,NURSE PRACTITIONER,88
137,URGENT CARE FACILITY,COMMERCIAL,0,1,2,0,F,CA,PHYSICIAN ASSISTANT,26
964,HOSPITAL - LABORATORY SERVICES PROVIDED TO NON-PATIENTS,COMMERCIAL,0,1,5,0,F,CA,EMERGENCY MEDICINE,36
1059,OFFICE,COMMERCIAL,0,13,32,0,M,CA,PEDIATRICS,13
2166,OTHER PLACE OF SERVICE,COMMERCIAL,0,122,42,0,F,NY,INTERNAL MEDICINE,83
1507,EMERGENCY ROOM - HOSPITAL,COMMERCIAL,0,29,5,0,F,FL,ANATOMIC/CLINICAL PATHOLOGY,43
2748,URGENT CARE FACILITY,COMMERCIAL,0,12,7,0,M,MO,PHYSICIAN ASSISTANT,45
1902,URGENT CARE FACILITY,COMMERCIAL,0,1,6,0,M,NY,NURSE PRACTITIONER,20
2770,OFFICE,COMMERCIAL,0,6,25,1,M,LA,FAMILY MEDICINE,59
1593,URGENT CARE FACILITY,COMMERCIAL,0,3,3,4,M,CO,PHYSICIAN ASSISTANT,56
3309,URGENT CARE FACILITY,COMMERCIAL,0,44,16,0,F,FL,PHYSICIAN ASSISTANT,77
854,OFFICE,MEDICARE,0,2,3,0,F,TX,NURSE PRACTITIONER,70
1131,EMERGENCY ROOM - HOSPITAL,COMMERCIAL,0,2,11,0,F,CA,ANATOMIC/CLINICAL PATHOLOGY,48
483,ON CAMPUS-OUTPATIENT HOSPITAL,COMMERCIAL,0,1,4,0,M,IL,PEDIATRIC CARDIOLOGY,7
3874,URGENT CARE FACILITY,COMMERCIAL,0,6,2,0,F,MD,INTERNAL MEDICINE,66
303,URGENT CARE FACILITY,COMMERCIAL,0,1,0,0,M,MD,PEDIATRIC EMERGENCY MEDICINE (PEDIATRICS),5
476,INDEPENDENT LABORATORY,COMMERCIAL,0,1,2,0,F,UNKNOWN,UNKNOWN,37
1295,OFFICE,COMMERCIAL,0,24,5,0,M,SC,FAMILY MEDICINE,65
2433,OFFICE,COMMERCIAL,0,42,3,6,M,NY,ORAL & MAXILLOFACIAL SURGERY,60
83,EMERGENCY ROOM - HOSPITAL,COMMERCIAL,0,2,5,0,M,IL,PEDIATRICS,4
3592,OFFICE,COMMERCIAL,0,70,26,0,F,CA,NEPHROLOGY,49
2929,OFFICE,COMMERCIAL,0,7,10,0,F,IN,FAMILY MEDICINE,42
2828,OFFICE,COMMERCIAL,0,33,2,1,M,PA,NURSE PRACTITIONER,82
311,OFFICE,COMMERCIAL,0,1,8,0,M,KY,NURSE PRACTITIONER,5
4009,OFFICE,MEDICARE,0,12,1,0,F,CA,CARDIOVASCULAR DISEASE,76
2459,OFFICE,COMMERCIAL,0,8,1,0,F,TX,INTERNAL MEDICINE,49
861,INDEPENDENT LABORATORY,COMMERCIAL,0,12,14,0,F,UNKNOWN,UNKNOWN,18
2216,OFFICE,COMMERCIAL,0,8,2,0,F,MD,GASTROENTEROLOGY,61
3931,HOSPITAL OUTPATIENT,MEDICARE,0,111,55,0,F,OH,NURSE PRACTITIONER,76
1464,OFFICE,COMMERCIAL,0,8,5,1,M,UT,FAMILY MEDICINE,72
1099,INPATIENT HOSPITAL,COMMERCIAL,0,128,6,0,M,CA,INTERNAL MEDICINE,51
3406,OFFICE,COMMERCIAL,0,22,15,1,M,TX,PHYSICIAN ASSISTANT,86
184,OFFICE,COMMERCIAL,0,1,3,0,F,NE,PEDIATRICS,5
1338,HOSPITAL OUTPATIENT,COMMERCIAL,0,120,15,7,F,NM,EMERGENCY MEDICINE,62
2659,OFFICE,COMMERCIAL,0,22,4,1,M,OH,NURSE PRACTITIONER,71
1197,EMERGENCY ROOM - HOSPITAL,COMMERCIAL,0,1,2,0,F,NJ,INTERNAL MEDICINE,13
1201,OFFICE,COMMERCIAL,0,3,0,0,M,TX,INTERNAL MEDICINE,43
1541,OFFICE,MEDICARE,0,36,6,0,M,MD,FAMILY MEDICINE,78
3145,INDEPENDENT LABORATORY,COMMERCIAL,0,4,3,0,M,UNKNOWN,UNKNOWN,37
547,TELEHEALTH PROVIDED IN PATIENT'S HOME,COMMERCIAL,0,2,2,0,F,TX,NURSE PRACTITIONER,64
1401,INDEPENDENT LABORATORY,COMMERCIAL,0,3,3,0,M,UNKNOWN,UNKNOWN,33
2099,URGENT CARE FACILITY,COMMERCIAL,0,2,9,0,F,MD,NURSE PRACTITIONER,48
3764,URGENT CARE FACILITY,MEDICARE,0,3,2,0,M,WA,FAMILY MEDICINE,70
1459,TELEHEALTH PROVIDED OTHER THAN IN PATIENT'S HOME,COMMERCIAL,0,32,2,0,F,AK,FAMILY MEDICINE,54
2036,URGENT CARE FACILITY,COMMERCIAL,0,7,17,0,F,UNKNOWN,UNKNOWN,47
794,OFFICE,COMMERCIAL,0,128,36,0,F,OH,INTERNAL MEDICINE,71
2925,OFFICE,MEDICARE,0,33,20,0,F,AL,INTERNAL MEDICINE,73
3828,OFFICE,COMMERCIAL,0,31,47,2,F,KY,NURSE PRACTITIONER,60
2317,EMERGENCY ROOM - HOSPITAL,COMMERCIAL,0,5,11,0,F,FL,INTERNAL MEDICINE,29
2150,HOSPITAL OUTPATIENT,COMMERCIAL,0,22,10,0,F,GA,OBSTETRICS & GYNECOLOGY,31
593,OFFICE,COMMERCIAL,0,2,4,0,F,SC,PEDIATRICS,9
3488,INDEPENDENT LABORATORY,COMMERCIAL,0,7,2,0,M,UNKNOWN,UNKNOWN,41
1546,URGENT CARE FACILITY,COMMERCIAL,0,52,2,5,F,UNKNOWN,UNKNOWN,63
3381,INDEPENDENT LABORATORY,COMMERCIAL,0,2,3,2,F,UNKNOWN,UNKNOWN,48
94,HOSPITAL OUTPATIENT,COMMERCIAL,0,3,1,0,M,NC,EMERGENCY MEDICINE,4
3881,CLINIC - RURAL HEALTH,MEDICARE,0,43,0,0,M,MI,NURSE PRACTITIONER,89
3374,URGENT CARE FACILITY,COMMERCIAL,0,1,0,0,F,LA,NURSE PRACTITIONER,64
3559,HOSPITAL OUTPATIENT,COMMERCIAL,0,36,8,0,F,AZ,EMERGENCY MEDICINE,78
1827,TELEHEALTH PROVIDED IN PATIENT'S HOME,COMMERCIAL,0,1,16,0,F,UNKNOWN,UNKNOWN,31
2958,OFFICE,COMMERCIAL,0,7,1,1,F,FL,HOSPITALIST,67
1419,EMERGENCY ROOM - HOSPITAL,COMMERCIAL,0,5,7,0,M,CO,VASCULAR & INTERVENTIONAL RADIOLOGY,65
315,TELEHEALTH PROVIDED OTHER THAN IN PATIENT'S HOME,COMMERCIAL,0,4,7,0,M,OH,NURSE PRACTITIONER,38
3046,URGENT CARE FACILITY,COMMERCIAL,0,1,6,0,F,MD,EMERGENCY MEDICINE,83
1170,TELEHEALTH PROVIDED IN PATIENT'S HOME,COMMERCIAL,0,2,0,0,M,CA,FAMILY MEDICINE,39
2076,URGENT CARE FACILITY,COMMERCIAL,0,1,6,0,M,IL,FAMILY MEDICINE,47
3696,OFFICE,COMMERCIAL,0,8,19,0,F,NJ,DIAGNOSTIC RADIOLOGY,68
2241,TELEHEALTH PROVIDED OTHER THAN IN PATIENT'S HOME,COMMERCIAL,0,19,2,1,M,CA,FAMILY MEDICINE,81
60,EMERGENCY ROOM - HOSPITAL,COMMERCIAL,0,2,0,0,F,MA,PEDIATRIC EMERGENCY MEDICINE (PEDIATRICS),4
3820,OFFICE,COMMERCIAL,0,1,1,0,F,NC,PHYSICIAN ASSISTANT,40
2689,COMMUNITY MENTAL HEALTH CENTER,COMMERCIAL,0,50,4,0,F,TN,NURSE PRACTITIONER,66
1995,HOSPITAL OUTPATIENT,COMMERCIAL,0,1,3,0,F,FL,EMERGENCY MEDICINE,21
472,URGENT CARE FACILITY,COMMERCIAL,0,1,0,0,M,CA,NURSE PRACTITIONER,70
2994,OFFICE,COMMERCIAL,0,7,2,0,F,IL,INTERNAL MEDICINE,60
714,URGENT CARE FACILITY,COMMERCIAL,0,94,5,14,M,UNKNOWN,UNKNOWN,66
3255,URGENT CARE FACILITY,COMMERCIAL,0,8,12,0,M,UNKNOWN,UNKNOWN,25
2383,URGENT CARE FACILITY,COMMERCIAL,0,8,5,0,M,CA,PHYSICIAN ASSISTANT,22
3806,OFFICE,MEDICARE,0,6,10,0,F,MA,FAMILY MEDICINE,87
3000,UNASSIGNED,COMMERCIAL,0,9,0,0,F,UNKNOWN,UNKNOWN,84
2034,OFFICE,COMMERCIAL,0,1,8,0,F,GA,PEDIATRICS,15
920,OFFICE,COMMERCIAL,0,1,0,0,F,NC,FAMILY MEDICINE,67
2999,EMERGENCY ROOM - HOSPITAL,COMMERCIAL,0,7,6,38,F,FL,DIAGNOSTIC RADIOLOGY,78
3017,INPATIENT HOSPITAL,MEDICARE,0,155,14,29,F,FL,PULMONARY DISEASE,74
3680,HOSPITAL OUTPATIENT,COMMERCIAL,0,26,24,2,F,AZ,EMERGENCY MEDICINE,75
3302,OFFICE,MEDICARE,0,5,4,1,F,NC,ALLERGY & IMMUNOLOGY,72
803,URGENT CARE FACILITY,COMMERCIAL,0,5,14,0,F,RI,PHYSICIAN ASSISTANT,53
168,EMERGENCY ROOM - HOSPITAL,COMMERCIAL,0,1,9,0,F,NE,FAMILY MEDICINE,5
3278,OFFICE,MEDICARE,0,32,7,0,M,TX,FAMILY MEDICINE,87
945,INDEPENDENT LABORATORY,COMMERCIAL,0,1,28,0,M,UNKNOWN,UNKNOWN,11
128,EMERGENCY ROOM - HOSPITAL,COMMERCIAL,0,1,1,0,M,FL,PEDIATRIC EMERGENCY MEDICINE (PEDIATRICS),4
3049,EMERGENCY ROOM - HOSPITAL,MEDICARE,0,11,2,2,M,AZ,EMERGENCY MEDICINE,83
2320,EMERGENCY ROOM - HOSPITAL,COMMERCIAL,0,2,1,0,F,TX,EMERGENCY MEDICINE,60
75,OFFICE,COMMERCIAL,0,1,0,0,M,SC,NURSE PRACTITIONER,59
3648,OFFICE,COMMERCIAL,0,63,6,0,M,CO,INTERNAL MEDICINE/PEDIATRICS,52
1334,OFFICE,COMMERCIAL,0,1,0,0,M,UNKNOWN,UNKNOWN,35
3452,ON CAMPUS-OUTPATIENT HOSPITAL,MEDICARE,0,175,0,6,M,DE,RHEUMATOLOGY,81
1716,OTHER PLACE OF SERVICE,MEDICARE,0,98,12,2,F,GA,GENERAL SURGERY,89
2583,RURAL HEALTH CLINIC,COMMERCIAL,0,3,8,0,F,KS,NURSE PRACTITIONER,23
2546,EMERGENCY ROOM - HOSPITAL,MEDICARE,0,62,36,0,M,TX,FAMILY MEDICINE,88
3067,OFFICE,COMMERCIAL,0,78,6,0,M,PA,FAMILY MEDICINE,44
646,OFFICE,COMMERCIAL,0,1,8,0,M,GA,PEDIATRICS,8
2391,HOSPITAL OUTPATIENT,COMMERCIAL,0,24,20,0,M,NJ,PULMONARY CRITICAL CARE MEDICINE,71
3523,OFFICE,COMMERCIAL,0,33,2,0,M,NY,DERMATOLOGY,26
1485,INPATIENT HOSPITAL,COMMERCIAL,0,4,7,0,M,NY,HOSPITALIST,55
274,URGENT CARE FACILITY,COMMERCIAL,0,2,2,0,F,NE,FAMILY MEDICINE,58
2727,UNASSIGNED,COMMERCIAL,0,68,14,18,F,TX,FAMILY MEDICINE,70
179,OFFICE,COMMERCIAL,0,4,8,0,F,KY,PEDIATRICS,5
2878,OFFICE,COMMERCIAL,0,10,3,8,M,FL,NURSE PRACTITIONER,73
2737,OFFICE,COMMERCIAL,0,1,5,0,M,TX,NURSE PRACTITIONER,22
1179,OFFICE,COMMERCIAL,0,3,1,9,F,PR,GENERAL PRACTICE,48
2318,EMERGENCY ROOM - HOSPITAL,COMMERCIAL,0,1,6,0,M,CA,EMERGENCY MEDICINE,45
3166,URGENT CARE FACILITY,COMMERCIAL,0,1,1,0,F,UNKNOWN,UNKNOWN,32
1034,OFFICE,COMMERCIAL,0,2,0,0,F,NY,OBSTETRICS & GYNECOLOGY,42
2606,OFFICE,MEDICARE,0,6,5,0,M,WI,NURSE PRACTITIONER,75
1098,URGENT CARE FACILITY,COMMERCIAL,0,1,1,0,F,UNKNOWN,UNKNOWN,18
3796,OFFICE,COMMERCIAL,0,23,21,3,M,MD,FAMILY MEDICINE,40
3401,HOSPITAL OUTPATIENT,COMMERCIAL,0,4,9,4,F,TX,INTERNAL MEDICINE,59
2633,URGENT CARE FACILITY,COMMERCIAL,0,3,1,0,M,OK,NURSE PRACTITIONER,59
3363,URGENT CARE FACILITY,COMMERCIAL,0,1,0,0,F,UNKNOWN,UNKNOWN,32
2975,HOSPITAL OUTPATIENT,COMMERCIAL,0,6,1,0,F,FL,FAMILY MEDICINE,50
231,ON CAMPUS-OUTPATIENT HOSPITAL,COMMERCIAL,0,20,5,0,F,SC,PEDIATRICS,5
3352,OFFICE,COMMERCIAL,0,30,11,8,F,NJ,INTERNAL MEDICINE,43
579,TELEHEALTH PROVIDED OTHER THAN IN PATIENT'S HOME,COMMERCIAL,0,1,1,0,M,MD,INTERNAL MEDICINE,41
2643,OFFICE,COMMERCIAL,0,4,9,0,M,TX,INTERNAL MEDICINE,70
2026,TELEHEALTH PROVIDED OTHER THAN IN PATIENT'S HOME,COMMERCIAL,0,10,0,0,F,NY,FAMILY MEDICINE,68
1851,OFFICE,COMMERCIAL,0,2,23,0,M,KY,FAMILY MEDICINE,23
749,OFFICE,COMMERCIAL,0,1,30,0,F,TX,PEDIATRICS,9
2521,OFFICE,COMMERCIAL,0,2,6,0,F,TX,FAMILY MEDICINE,37
2709,TELEHEALTH PROVIDED OTHER THAN IN PATIENT'S HOME,COMMERCIAL,0,7,1,0,F,UNKNOWN,UNKNOWN,61
1312,TELEHEALTH PROVIDED OTHER THAN IN PATIENT'S HOME,COMMERCIAL,0,43,0,0,M,FL,PSYCHIATRY,65
735,TELEHEALTH PROVIDED OTHER THAN IN PATIENT'S HOME,COMMERCIAL,0,9,1,0,M,CA,FAMILY MEDICINE,41
3784,TELEHEALTH PROVIDED OTHER THAN IN PATIENT'S HOME,COMMERCIAL,0,1,2,0,F,PA,FAMILY MEDICINE,49
2581,TELEHEALTH PROVIDED OTHER THAN IN PATIENT'S HOME,MEDICARE,0,116,71,0,F,MI,INTERNAL MEDICINE,76
583,OFFICE,COMMERCIAL,0,1,4,0,F,FL,PEDIATRICS,13
2413,EMERGENCY ROOM - HOSPITAL,COMMERCIAL,0,3,28,0,F,MO,NEURORADIOLOGY,25
1136,INPATIENT HOSPITAL,COMMERCIAL,0,6,0,0,F,IL,GASTROENTEROLOGY,37
1926,URGENT CARE FACILITY,COMMERCIAL,0,2,0,0,F,UNKNOWN,UNKNOWN,37
3463,TELEHEALTH PROVIDED OTHER THAN IN PATIENT'S HOME,COMMERCIAL,0,13,15,2,F,TX,FAMILY MEDICINE,56
3790,OFFICE,MEDICARE,0,19,4,32,F,VA,FAMILY MEDICINE,73
3910,OFFICE,COMMERCIAL,0,108,39,0,F,NY,CARDIOVASCULAR DISEASE,63
3818,INPATIENT HOSPITAL,MEDICARE,0,2,2,19,F,TX,DIAGNOSTIC RADIOLOGY,85
2821,URGENT CARE FACILITY,COMMERCIAL,0,68,25,1,M,MD,EMERGENCY MEDICINE,87
101,EMERGENCY ROOM - HOSPITAL,COMMERCIAL,0,3,1,0,M,FL,HEMATOLOGY (PATHOLOGY),4
3948,OFFICE,MEDICARE,0,104,16,0,F,MI,FAMILY MEDICINE,76
2305,OFFICE,MEDICARE,0,120,15,19,F,FL,FAMILY MEDICINE,89
3590,OFFICE,MEDICARE,0,5,2,0,M,MS,NURSE PRACTITIONER,71
884,OFFICE,COMMERCIAL,0,4,9,0,M,AZ,FAMILY MEDICINE,34
3256,ON CAMPUS-OUTPATIENT HOSPITAL,MEDICARE,0,25,11,0,F,OH,CARDIOVASCULAR DISEASE,89
906,URGENT CARE FACILITY,COMMERCIAL,0,1,6,0,F,OK,NURSE PRACTITIONER,11
3133,URGENT CARE FACILITY,COMMERCIAL,0,1,2,0,F,UNKNOWN,UNKNOWN,25
396,INPATIENT HOSPITAL,COMMERCIAL,0,11,1,0,M,FL,INTERNAL MEDICINE,66
1854,HOSPITAL OUTPATIENT,COMMERCIAL,0,21,4,1,M,IL,INTERNAL MEDICINE,59
435,OFFICE,COMMERCIAL,0,1,1,1,M,GA,FAMILY MEDICINE,59
1369,INPATIENT HOSPITAL,MEDICARE,0,20,0,0,M,CA,HOSPITALIST,72
175,URGENT CARE FACILITY,COMMERCIAL,0,1,3,0,M,NC,PHYSICIAN ASSISTANT,46
3342,INDEPENDENT LABORATORY,COMMERCIAL,0,2,16,0,F,UNKNOWN,UNKNOWN,40
3361,OFFICE,COMMERCIAL,0,10,30,0,F,TN,GENERAL PRACTICE,69
1500,EMERGENCY ROOM - HOSPITAL,COMMERCIAL,0,2,14,1,M,OH,EMERGENCY MEDICINE,42
1475,OFFICE,MEDICAID,0,6,4,0,M,CO,NURSE PRACTITIONER,24
1809,HOSPITAL OUTPATIENT,COMMERCIAL,0,5,15,0,M,KS,FAMILY MEDICINE,41
405,INDEPENDENT LABORATORY,COMMERCIAL,0,1,3,0,F,UNKNOWN,UNKNOWN,22
1394,TELEHEALTH PROVIDED OTHER THAN IN PATIENT'S HOME,COMMERCIAL,0,5,35,0,F,CA,PEDIATRICS,13
1906,TELEHEALTH PROVIDED OTHER THAN IN PATIENT'S HOME,COMMERCIAL,0,23,0,21,M,FL,INTERNAL MEDICINE,61
2476,OFFICE,COMMERCIAL,0,1,1,0,M,KY,NURSE PRACTITIONER,32
827,EMERGENCY ROOM - HOSPITAL,MEDICARE,0,76,17,11,F,FL,EMERGENCY MEDICINE,87
158,EMERGENCY ROOM - HOSPITAL,COMMERCIAL,0,1,1,0,F,IN,FAMILY MEDICINE,5
506,CLINIC - FREESTANDING,MEDICAID,0,2,5,0,M,CA,FAMILY MEDICINE,7
567,URGENT CARE FACILITY,COMMERCIAL,0,1,0,0,F,MD,PHYSICIAN ASSISTANT,9
3729,OTHER PLACE OF SERVICE,COMMERCIAL,0,26,14,0,M,AZ,PHYSICIAN ASSISTANT,56
1157,EMERGENCY ROOM - HOSPITAL,COMMERCIAL,0,16,5,0,F,FL,EMERGENCY MEDICINE,60
3408,OFFICE,COMMERCIAL,0,125,14,0,M,CA,INTERNAL MEDICINE,69
1472,RURAL HEALTH CLINIC,COMMERCIAL,0,5,20,0,M,CO,FAMILY MEDICINE,26
3308,TELEHEALTH PROVIDED OTHER THAN IN PATIENT'S HOME,COMMERCIAL,0,5,2,0,M,OH,FAMILY MEDICINE,33
3148,TELEHEALTH PROVIDED OTHER THAN IN PATIENT'S HOME,COMMERCIAL,0,14,23,2,F,MD,INTERNAL MEDICINE/PEDIATRICS,54
1748,INDEPENDENT LABORATORY,COMMERCIAL,0,1,2,2,F,UNKNOWN,UNKNOWN,54
953,OFFICE,COMMERCIAL,0,6,12,0,F,AL,NURSE PRACTITIONER,41
2862,OFFICE,COMMERCIAL,0,2,1,0,M,GA,INTERNAL MEDICINE,25
3724,INPATIENT HOSPITAL,MEDICARE,0,6,1,0,M,DE,INTERNAL MEDICINE,75
2351,EMERGENCY ROOM - HOSPITAL,MEDICARE,0,3,3,0,F,IL,EMERGENCY MEDICINE,81
1091,URGENT CARE FACILITY,MEDICARE,0,19,2,0,F,UNKNOWN,UNKNOWN,81
208,OFFICE,COMMERCIAL,0,1,0,0,F,TX,FAMILY MEDICINE,63
1798,HOSPITAL OUTPATIENT,COMMERCIAL,0,9,2,0,F,TX,EMERGENCY MEDICINE,37
532,OFFICE,COMMERCIAL,0,2,56,0,M,TX,PEDIATRICS,7
3785,EMERGENCY ROOM - HOSPITAL,MEDICARE,0,23,16,21,F,CO,EMERGENCY MEDICINE,89
781,URGENT CARE FACILITY,COMMERCIAL,0,2,5,0,M,UNKNOWN,UNKNOWN,28
183,OFFICE,COMMERCIAL,0,1,3,0,M,NY,PEDIATRICS,5
2326,EMERGENCY ROOM - HOSPITAL,COMMERCIAL,0,4,18,0,F,NM,EMERGENCY MEDICINE,49
3478,URGENT CARE FACILITY,COMMERCIAL,0,4,7,2,F,UNKNOWN,UNKNOWN,33
3380,TELEHEALTH PROVIDED OTHER THAN IN PATIENT'S HOME,COMMERCIAL,0,2,6,0,M,CA,FAMILY MEDICINE,44
4019,INPATIENT HOSPITAL,COMMERCIAL,0,15,46,39,M,TX,FORENSIC PATHOLOGY,68
2906,OFFICE,COMMERCIAL,0,20,0,0,M,MI,FAMILY MEDICINE,34
2649,URGENT CARE FACILITY,COMMERCIAL,0,26,13,2,M,OK,NURSE PRACTITIONER,58
2596,TELEHEALTH PROVIDED IN PATIENT'S HOME,COMMERCIAL,0,1,0,0,F,CA,FAMILY MEDICINE,55
951,INPATIENT HOSPITAL,COMMERCIAL,0,10,3,0,M,TX,HOSPITALIST,43
2049,OFFICE,COMMERCIAL,0,1,1,0,M,IA,EMERGENCY MEDICINE,36
1712,OFFICE,COMMERCIAL,0,4,1,0,F,FL,PHYSICIAN ASSISTANT,57
3739,UNASSIGNED,COMMERCIAL,0,135,36,24,M,NY,NURSE PRACTITIONER,89
2146,EMERGENCY ROOM - HOSPITAL,COMMERCIAL,0,4,2,0,F,TX,ANATOMIC/CLINICAL PATHOLOGY,28
790,HOSPITAL OUTPATIENT,COMMERCIAL,0,11,9,0,F,GA,INTERNAL MEDICINE,41
2436,OFFICE,COMMERCIAL,0,8,3,1,M,NJ,FAMILY MEDICINE,77
3293,OFFICE,COMMERCIAL,0,1,3,0,F,KY,NURSE PRACTITIONER,27
2004,URGENT CARE FACILITY,COMMERCIAL,0,1,3,0,M,MO,PHYSICIAN ASSISTANT,60
2873,TELEHEALTH PROVIDED OTHER THAN IN PATIENT'S HOME,COMMERCIAL,0,1,1,0,M,TX,INTERNAL MEDICINE,26
1444,OFFICE,COMMERCIAL,0,9,4,0,M,PA,INFECTIOUS DISEASE,68
545,URGENT CARE FACILITY,COMMERCIAL,0,1,4,0,F,TX,NURSE PRACTITIONER,7
2196,URGENT CARE FACILITY,COMMERCIAL,0,1,2,0,F,FL,PHYSICIAN ASSISTANT,55
2954,OTHER PLACE OF SERVICE,COMMERCIAL,0,69,10,15,M,OH,PODIATRIST,72
3323,TELEHEALTH PROVIDED OTHER THAN IN PATIENT'S HOME,COMMERCIAL,0,3,1,0,F,IL,FAMILY MEDICINE,55
2735,HOSPITAL OUTPATIENT,COMMERCIAL,0,36,2,1,F,AZ,EMERGENCY MEDICINE,50
895,OFFICE,COMMERCIAL,0,3,7,0,F,VA,FAMILY MEDICINE,45
2058,URGENT CARE FACILITY,COMMERCIAL,0,1,2,0,F,UNKNOWN,UNKNOWN,15
2435,INDEPENDENT LABORATORY,COMMERCIAL,0,3,2,0,M,UNKNOWN,UNKNOWN,50
611,HOSPITAL OUTPATIENT,COMMERCIAL,0,1,0,0,M,CA,GENERAL PREVENTIVE MEDICINE,57
3159,OFFICE,COMMERCIAL,0,151,27,34,F,NC,NEPHROLOGY,89
2771,UNASSIGNED,COMMERCIAL,0,71,3,10,M,NY,FAMILY MEDICINE,58
3866,OFFICE,COMMERCIAL,0,3,8,0,M,NJ,PHYSICIAN ASSISTANT,28
3199,OFFICE,COMMERCIAL,0,10,2,0,M,NJ,FAMILY MEDICINE,74
2081,TELEHEALTH PROVIDED OTHER THAN IN PATIENT'S HOME,COMMERCIAL,0,1,1,0,F,VA,PHYSICIAN ASSISTANT,48
2394,TELEHEALTH PROVIDED OTHER THAN IN PATIENT'S HOME,COMMERCIAL,0,15,10,0,M,NY,INTERNAL MEDICINE,50
3578,OFFICE,COMMERCIAL,0,5,6,0,F,CA,FAMILY MEDICINE,61
1752,OFFICE,COMMERCIAL,0,1,0,0,F,CA,PEDIATRICS,20
3052,URGENT CARE FACILITY,MEDICARE,0,13,14,16,F,NY,INTERNAL MEDICINE,76
995,ON CAMPUS-OUTPATIENT HOSPITAL,COMMERCIAL,0,1,3,0,F,FL,ANATOMIC/CLINICAL PATHOLOGY,30
116,OFFICE,MEDICARE,0,16,0,3,M,MN,NURSE PRACTITIONER,73
1177,OFFICE,MEDICAID,0,2,4,0,F,AR,FAMILY MEDICINE,20
2289,TELEHEALTH PROVIDED OTHER THAN IN PATIENT'S HOME,COMMERCIAL,0,4,4,0,M,CT,PHYSICIAN ASSISTANT,20
3954,OFFICE,MEDICARE,0,65,10,4,M,MI,FAMILY MEDICINE,78
166,HOSPITAL OUTPATIENT,COMMERCIAL,0,3,6,0,F,SC,EMERGENCY MEDICINE,5
3465,HOSPITAL - LABORATORY SERVICES PROVIDED TO NON-PATIENTS,MEDICARE,0,9,3,0,F,MA,NURSE PRACTITIONER,64
2006,OFFICE,COMMERCIAL,0,1,4,0,M,UNKNOWN,UNKNOWN,40
144,OFFICE,COMMERCIAL,0,4,1,0,M,FL,PEDIATRICS,4
2759,OFFICE,COMMERCIAL,0,5,4,1,F,NC,FAMILY MEDICINE,49
2057,TELEHEALTH PROVIDED OTHER THAN IN PATIENT'S HOME,COMMERCIAL,0,35,6,6,M,FL,INTERNAL MEDICINE,47
661,OFFICE,COMMERCIAL,0,2,4,0,F,NY,INTERNAL MEDICINE,70
981,EMERGENCY ROOM - HOSPITAL,COMMERCIAL,0,3,0,0,F,PR,EMERGENCY MEDICINE,83
3014,HOSPITAL OUTPATIENT,COMMERCIAL,0,3,0,0,F,NY,INTERNAL MEDICINE,56
3631,INDEPENDENT LABORATORY,COMMERCIAL,0,4,1,1,F,UNKNOWN,UNKNOWN,54
918,URGENT CARE FACILITY,COMMERCIAL,0,1,4,0,M,TN,EMERGENCY MEDICINE,18
598,EMERGENCY ROOM - HOSPITAL,COMMERCIAL,0,17,6,0,M,CA,EMERGENCY MEDICINE,49
1767,TELEHEALTH PROVIDED IN PATIENT'S HOME,COMMERCIAL,0,12,52,0,F,CA,FAMILY MEDICINE,59
69,HOSPITAL OUTPATIENT,COMMERCIAL,0,3,0,0,F,NV,FAMILY MEDICINE,4
1792,URGENT CARE FACILITY,COMMERCIAL,0,1,0,0,M,MA,NURSE PRACTITIONER,44
2360,EMERGENCY ROOM - HOSPITAL,COMMERCIAL,0,1,6,0,F,CA,ANATOMIC PATHOLOGY,18
3632,OFFICE,COMMERCIAL,0,10,10,2,F,TX,GENERAL SURGERY,34
3890,EMERGENCY ROOM - HOSPITAL,COMMERCIAL,0,22,8,1,M,GA,EMERGENCY MEDICINE,78
558,EMERGENCY ROOM - HOSPITAL,COMMERCIAL,0,4,12,0,F,OH,ANATOMIC/CLINICAL PATHOLOGY,42
1632,OFFICE,MEDICARE,0,32,2,0,M,SD,FAMILY MEDICINE,74
778,TELEHEALTH PROVIDED OTHER THAN IN PATIENT'S HOME,COMMERCIAL,0,11,9,0,F,NY,FAMILY MEDICINE,55
3617,OFFICE,COMMERCIAL,0,3,0,0,F,HI,FAMILY MEDICINE,63
1930,EMERGENCY ROOM - HOSPITAL,COMMERCIAL,0,7,40,0,F,FL,ANATOMIC/CLINICAL PATHOLOGY,42
2237,URGENT CARE FACILITY,COMMERCIAL,0,2,2,2,M,UNKNOWN,UNKNOWN,46
290,OFFICE,COMMERCIAL,0,1,9,0,M,IL,PEDIATRICS,5
2254,OFFICE,COMMERCIAL,0,2,7,0,F,TX,FAMILY MEDICINE,43
3587,CLINIC - RURAL HEALTH,MEDICARE,0,5,7,0,F,WA,NURSE PRACTITIONER,65
498,TELEHEALTH PROVIDED OTHER THAN IN PATIENT'S HOME,COMMERCIAL,0,1,7,0,M,CA,PEDIATRICS,8
2602,HOSPITAL OUTPATIENT,MEDICARE,0,68,11,29,M,UNKNOWN,UNKNOWN,83
109,CLINIC  - FEDERALLY QUALIFIED HEALTH CENTER (FQHC),MEDICARE,0,1,3,0,F,FL,NURSE PRACTITIONER,89
1023,OFFICE,COMMERCIAL,0,3,15,0,M,TX,PEDIATRICS,11
2264,OFFICE,COMMERCIAL,0,2,0,0,F,NY,INTERNAL MEDICINE,30
1575,EMERGENCY ROOM - HOSPITAL,COMMERCIAL,0,6,7,1,M,OR,EMERGENCY MEDICINE,64
3136,URGENT CARE FACILITY,COMMERCIAL,0,6,0,0,M,UNKNOWN,UNKNOWN,68
2888,OTHER PLACE OF SERVICE,COMMERCIAL,0,2,0,1,M,UNKNOWN,UNKNOWN,81
3227,INPATIENT HOSPITAL,COMMERCIAL,0,13,21,28,F,FL,FAMILY MEDICINE,88
1956,HOSPITAL OUTPATIENT,COMMERCIAL,0,10,1,1,M,NJ,NURSE PRACTITIONER,70
3675,OFFICE,MEDICARE,0,41,20,5,F,DE,FAMILY MEDICINE,89
87,INDEPENDENT LABORATORY,MEDICARE,0,10,0,0,M,UNKNOWN,UNKNOWN,89
2796,OFFICE,COMMERCIAL,0,1,1,0,M,KY,NURSE PRACTITIONER,46
736,OFFICE,COMMERCIAL,0,5,11,0,F,OK,FAMILY MEDICINE,30
162,HOSPITAL OUTPATIENT,COMMERCIAL,0,1,1,0,M,SC,FAMILY MEDICINE,36
3328,OFFICE,COMMERCIAL,0,4,13,3,F,FL,DERMATOLOGY,29
3210,ON CAMPUS-OUTPATIENT HOSPITAL,MEDICARE,0,32,79,0,M,NC,NEURORADIOLOGY,66
3508,INDEPENDENT LABORATORY,COMMERCIAL,0,1,4,0,F,UNKNOWN,UNKNOWN,63
1423,URGENT CARE FACILITY,COMMERCIAL,0,2,3,0,F,TX,NURSE PRACTITIONER,59
3507,EMERGENCY ROOM - HOSPITAL,COMMERCIAL,0,3,3,0,F,TX,INTERNAL MEDICINE/EMERGENCY MEDICINE,58
3713,OFFICE,COMMERCIAL,0,18,7,60,F,CT,INTERNAL MEDICINE,57
2502,OFFICE,COMMERCIAL,0,8,2,0,F,NY,FAMILY MEDICINE,65
2570,OFFICE,COMMERCIAL,0,1,0,0,M,TX,NURSE PRACTITIONER,45
831,HOSPITAL OUTPATIENT,COMMERCIAL,0,20,1,0,F,OH,HOSPITALIST,61
2719,HOSPITAL OUTPATIENT,MEDICARE,0,2,2,2,M,TX,EMERGENCY MEDICINE,88
1630,EMERGENCY ROOM - HOSPITAL,COMMERCIAL,0,2,1,0,F,FL,ANATOMIC/CLINICAL PATHOLOGY,14
2677,EMERGENCY ROOM - HOSPITAL,COMMERCIAL,0,1,6,0,M,TX,EMERGENCY MEDICINE,27
384,OFFICE,COMMERCIAL,0,1,1,0,F,OK,FAMILY MEDICINE,36
3039,HOSPITAL OUTPATIENT,COMMERCIAL,0,32,11,8,F,WA,PHYSICIAN ASSISTANT,24
1406,OFFICE,COMMERCIAL,0,3,1,0,M,CA,FAMILY MEDICINE,68
335,UNASSIGNED,MEDICARE,0,5,2,0,F,CT,INTERNAL MEDICINE,85
1451,INDEPENDENT LABORATORY,COMMERCIAL,0,18,10,1,F,AR,ANATOMIC/CLINICAL PATHOLOGY,31
3801,INDEPENDENT LABORATORY,MEDICARE,0,161,13,21,M,UNKNOWN,UNKNOWN,86
3448,URGENT CARE FACILITY,COMMERCIAL,0,2,0,0,F,UNKNOWN,UNKNOWN,59
3217,URGENT CARE FACILITY,COMMERCIAL,0,2,0,0,F,TX,FAMILY MEDICINE,49
2042,OFFICE,COMMERCIAL,0,1,19,0,F,TX,PEDIATRICS,15
3240,HOSPITAL OUTPATIENT,COMMERCIAL,0,2,1,0,F,CT,EMERGENCY MEDICINE,61
3562,EMERGENCY ROOM - HOSPITAL,COMMERCIAL,0,2,32,0,F,TX,FAMILY MEDICINE,25
3449,INDEPENDENT LABORATORY,COMMERCIAL,0,9,2,0,F,UNKNOWN,UNKNOWN,65
82,OFFICE,COMMERCIAL,0,1,2,0,M,LA,NURSE PRACTITIONER,17
3261,OFFICE,COMMERCIAL,0,10,2,1,F,OH,EMERGENCY MEDICINE,49
3883,EMERGENCY ROOM - HOSPITAL,COMMERCIAL,0,13,19,0,F,CA,BLOOD BANKING/TRANSFUSION MEDICINE,32
2069,INDEPENDENT LABORATORY,COMMERCIAL,0,4,9,2,F,UNKNOWN,UNKNOWN,17
3156,URGENT CARE FACILITY,COMMERCIAL,0,26,2,0,F,IL,FAMILY MEDICINE,70
3779,TELEHEALTH PROVIDED OTHER THAN IN PATIENT'S HOME,COMMERCIAL,0,1,1,4,M,VA,OTOLARYNGOLOGY,52
3070,EMERGENCY ROOM - HOSPITAL,MEDICAID,0,5,5,0,F,CA,EMERGENCY MEDICINE,31
2855,EMERGENCY ROOM - HOSPITAL,MEDICARE,0,2,5,0,M,MS,EMERGENCY MEDICINE,89
3083,EMERGENCY ROOM - HOSPITAL,COMMERCIAL,0,1,3,0,M,MI,CYTOPATHOLOGY,29
1167,URGENT CARE FACILITY,COMMERCIAL,0,1,2,0,F,UNKNOWN,UNKNOWN,58
3957,OFFICE,COMMERCIAL,0,2,9,3,M,CA,INTERNAL MEDICINE/PEDIATRICS,53
2567,OFFICE,COMMERCIAL,0,14,2,0,F,KY,NURSE PRACTITIONER,71
2982,OFFICE,COMMERCIAL,0,96,13,18,F,FL,NEPHROLOGY,78
3952,EMERGENCY ROOM - HOSPITAL,COMMERCIAL,0,1,1,0,F,DE,EMERGENCY MEDICINE,39
14,UNASSIGNED,COMMERCIAL,0,26,0,0,F,VA,INTERNAL MEDICINE,86
1502,OFFICE,COMMERCIAL,0,1,0,0,M,AR,PEDIATRICS,23
106,EMERGENCY ROOM - HOSPITAL,COMMERCIAL,0,1,1,0,M,TN,PEDIATRICS,4
1270,TELEHEALTH PROVIDED IN PATIENT'S HOME,MEDICARE,0,87,16,0,M,FL,INTERNAL MEDICINE,88
13,OFFICE,COMMERCIAL,0,1,1,0,M,AR,NURSE PRACTITIONER,27
755,OFFICE,COMMERCIAL,0,1,3,0,F,TN,PHYSICIAN ASSISTANT,9
1734,OFFICE,COMMERCIAL,0,20,13,0,F,OR,OPTOMETRIST,40
2164,TELEHEALTH PROVIDED IN PATIENT'S HOME,COMMERCIAL,0,18,7,0,F,UNKNOWN,UNKNOWN,54
266,URGENT CARE FACILITY,COMMERCIAL,0,1,9,0,F,WA,FAMILY MEDICINE,34
3234,URGENT CARE FACILITY,COMMERCIAL,0,1,2,0,F,UNKNOWN,UNKNOWN,28
1041,CRITICAL ACCESS HOSPITAL,COMMERCIAL,0,6,7,0,F,ME,NURSE PRACTITIONER,58
1470,URGENT CARE FACILITY,COMMERCIAL,0,1,3,0,M,UNKNOWN,UNKNOWN,35
1528,EMERGENCY ROOM - HOSPITAL,COMMERCIAL,0,37,3,5,M,PA,EMERGENCY MEDICINE,88
2303,OFFICE,COMMERCIAL,0,8,21,1,F,NY,FAMILY MEDICINE,77
668,TELEHEALTH PROVIDED OTHER THAN IN PATIENT'S HOME,COMMERCIAL,0,4,8,0,M,DC,FAMILY MEDICINE,39
719,EMERGENCY ROOM - HOSPITAL,COMMERCIAL,0,21,16,0,M,WA,VASCULAR & INTERVENTIONAL RADIOLOGY,31
3956,URGENT CARE FACILITY,COMMERCIAL,0,16,17,1,F,MI,INTERNAL MEDICINE/PEDIATRICS,62
2904,URGENT CARE FACILITY,COMMERCIAL,0,1,26,0,F,MO,PHYSICIAN ASSISTANT,22
2793,OFFICE,COMMERCIAL,0,12,6,0,F,MD,FAMILY MEDICINE,45
1619,TELEHEALTH PROVIDED OTHER THAN IN PATIENT'S HOME,COMMERCIAL,0,1,0,0,F,VA,PHYSICIAN ASSISTANT,30
3013,OFFICE,COMMERCIAL,0,13,3,0,M,GA,INTERNAL MEDICINE,45
1824,TELEHEALTH PROVIDED IN PATIENT'S HOME,COMMERCIAL,0,1,5,0,M,MI,INTERNAL MEDICINE,29
2486,URGENT CARE FACILITY,COMMERCIAL,0,21,2,0,F,UNKNOWN,UNKNOWN,71
135,HOSPITAL INPATIENT (INCLUDING MEDICARE PART A),MEDICARE,0,16,0,0,F,OR,INTERNAL MEDICINE,89
3727,HOSPITAL OUTPATIENT,COMMERCIAL,0,1,7,1,M,WA,NURSE PRACTITIONER,27
2208,TELEHEALTH PROVIDED IN PATIENT'S HOME,MEDICARE,0,2,0,0,F,CA,PHYSICIAN ASSISTANT,72
2559,OFFICE,UNSPECIFIED,0,7,5,3,F,MI,NURSE PRACTITIONER,65
385,OFF CAMPUS-OUTPATIENT HOSPITAL,COMMERCIAL,0,1,4,0,F,TX,PEDIATRICS,6
838,TELEHEALTH PROVIDED OTHER THAN IN PATIENT'S HOME,COMMERCIAL,0,10,11,0,M,WA,PEDIATRICS,10
365,EMERGENCY ROOM - HOSPITAL,COMMERCIAL,0,2,4,0,F,NV,PEDIATRIC EMERGENCY MEDICINE (PEDIATRICS),6
3470,EMERGENCY ROOM - HOSPITAL,COMMERCIAL,0,2,3,0,F,TX,EMERGENCY MEDICINE,24
185,CRITICAL ACCESS HOSPITAL,COMMERCIAL,0,10,2,1,M,NE,NURSE PRACTITIONER,68
1879,OFFICE,COMMERCIAL,0,4,0,0,F,GA,FAMILY MEDICINE,42
3447,OFFICE,COMMERCIAL,0,23,17,0,F,FL,RHEUMATOLOGY,63
1855,OFFICE,COMMERCIAL,0,24,18,0,F,AZ,INTERNAL MEDICINE,36
614,CLINIC - FREESTANDING,MEDICAID,0,14,0,0,M,CA,NURSE PRACTITIONER,63
1864,EMERGENCY ROOM - HOSPITAL,COMMERCIAL,0,2,16,0,F,FL,ANATOMIC/CLINICAL PATHOLOGY,25
95,EMERGENCY ROOM - HOSPITAL,COMMERCIAL,0,1,2,0,M,FL,PEDIATRIC EMERGENCY MEDICINE (PEDIATRICS),4
3625,HOSPITAL OUTPATIENT,MEDICARE,0,7,2,0,M,MI,INTERNAL MEDICINE,71
437,INPATIENT HOSPITAL,MEDICAID,0,8,1,0,M,FL,ANATOMIC/CLINICAL PATHOLOGY,26
2488,TELEHEALTH PROVIDED OTHER THAN IN PATIENT'S HOME,COMMERCIAL,0,1,0,0,F,CA,INTERNAL MEDICINE,58
2794,HOSPITAL OUTPATIENT,COMMERCIAL,0,27,20,0,F,OH,PHYSICIAN ASSISTANT,40
172,OFFICE,COMMERCIAL,0,1,3,0,M,LA,PEDIATRICS,5
186,OFFICE,COMMERCIAL,0,1,1,0,M,MA,INTERNAL MEDICINE/PEDIATRICS,5
3566,OTHER PLACE OF SERVICE,COMMERCIAL,0,3,3,0,F,UNKNOWN,UNKNOWN,47
314,TELEHEALTH PROVIDED OTHER THAN IN PATIENT'S HOME,COMMERCIAL,0,1,1,0,M,FL,NURSE PRACTITIONER,10
1936,URGENT CARE FACILITY,COMMERCIAL,0,1,9,0,F,UNKNOWN,UNKNOWN,49
3867,URGENT CARE FACILITY,COMMERCIAL,0,4,0,0,M,NH,EMERGENCY MEDICINE,70
466,OFF CAMPUS-OUTPATIENT HOSPITAL,COMMERCIAL,0,1,5,0,M,IL,PEDIATRICS,7
538,INDEPENDENT LABORATORY,COMMERCIAL,0,1,2,0,M,UNKNOWN,UNKNOWN,9
2704,ON CAMPUS-OUTPATIENT HOSPITAL,COMMERCIAL,0,49,18,0,M,TX,OBSTETRICS & GYNECOLOGY,76
949,EMERGENCY ROOM - HOSPITAL,COMMERCIAL,0,25,8,0,F,MO,CYTOPATHOLOGY,45
1990,OFFICE,COMMERCIAL,0,8,6,1,M,GA,INTERNAL MEDICINE,57
2238,URGENT CARE FACILITY,COMMERCIAL,0,1,0,0,M,WA,FAMILY MEDICINE,26
2009,URGENT CARE FACILITY,COMMERCIAL,0,5,0,0,M,IN,PHYSICIAN ASSISTANT,16
3371,OFFICE,MEDICARE,0,20,4,2,M,LA,NURSE PRACTITIONER,81
1870,URGENT CARE FACILITY,COMMERCIAL,0,1,1,0,M,GA,NURSE PRACTITIONER,14
3471,OFFICE,COMMERCIAL,0,3,4,0,F,CA,FAMILY MEDICINE,65
1022,URGENT CARE FACILITY,COMMERCIAL,0,1,2,0,M,DC,PEDIATRIC EMERGENCY MEDICINE (PEDIATRICS),14
2715,OFFICE,COMMERCIAL,0,82,20,2,M,NY,CARDIOVASCULAR DISEASE,77
1366,OFFICE,COMMERCIAL,0,4,9,16,F,LA,NURSE PRACTITIONER,61
1422,TELEHEALTH PROVIDED OTHER THAN IN PATIENT'S HOME,MEDICARE,0,3,7,0,F,NY,PHYSICIAN ASSISTANT,75
1603,URGENT CARE FACILITY,COMMERCIAL,0,1,1,1,M,UNKNOWN,UNKNOWN,55
96,URGENT CARE FACILITY,COMMERCIAL,0,1,0,0,F,AZ,PHYSICIAN ASSISTANT,41
479,TELEHEALTH PROVIDED OTHER THAN IN PATIENT'S HOME,COMMERCIAL,0,9,1,0,M,FL,FAMILY MEDICINE,68
2562,OFFICE,COMMERCIAL,0,174,10,3,M,AZ,RADIATION ONCOLOGY,85
150,HOSPITAL OUTPATIENT,COMMERCIAL,0,1,0,0,F,FL,FAMILY MEDICINE,47
2106,OFFICE,COMMERCIAL,0,24,36,0,F,TX,FAMILY MEDICINE,55
2565,OFFICE,MEDICARE,0,41,24,1,M,GA,NURSE PRACTITIONER,82
1457,URGENT CARE FACILITY,COMMERCIAL,0,2,0,1,F,CA,PHYSICIAN ASSISTANT,47
5,INDEPENDENT LABORATORY,COMMERCIAL,0,1,0,0,M,UNKNOWN,UNKNOWN,38
872,OFFICE,COMMERCIAL,0,1,1,0,M,NY,PEDIATRICS,12
3970,OFFICE,COMMERCIAL,0,2,1,0,M,KY,DERMATOLOGY,47
1786,INPATIENT HOSPITAL,COMMERCIAL,0,10,0,0,M,PA,CRITICAL CARE MEDICINE (INTERNAL MEDICINE),65
3203,OFFICE,UNSPECIFIED,0,39,9,3,F,CA,FAMILY MEDICINE,78
1100,OFFICE,COMMERCIAL,0,13,4,2,M,TX,FAMILY MEDICINE,52
2863,URGENT CARE FACILITY,COMMERCIAL,0,1,10,0,M,MI,PHYSICIAN ASSISTANT,51
205,INDEPENDENT LABORATORY,MEDICARE,0,14,1,0,M,UNKNOWN,UNKNOWN,69
1305,EMERGENCY ROOM - HOSPITAL,COMMERCIAL,0,1,0,0,F,GA,EMERGENCY MEDICINE,27
2174,TELEHEALTH PROVIDED OTHER THAN IN PATIENT'S HOME,COMMERCIAL,0,1,0,0,M,CO,INTERNAL MEDICINE,45
1564,RURAL HEALTH CLINIC,COMMERCIAL,0,6,1,0,M,OR,NURSE PRACTITIONER,78
1540,URGENT CARE FACILITY,MEDICARE,0,9,6,0,F,LA,EMERGENCY MEDICINE,89
757,INDEPENDENT LABORATORY,COMMERCIAL,0,1,2,0,F,UNKNOWN,UNKNOWN,53
3005,HOSPITAL OUTPATIENT,MEDICARE,0,22,3,7,F,NC,EMERGENCY MEDICINE,70
1883,TELEHEALTH PROVIDED OTHER THAN IN PATIENT'S HOME,COMMERCIAL,0,4,11,0,F,FL,PEDIATRICS,14
3541,URGENT CARE FACILITY,COMMERCIAL,0,2,0,0,F,IN,PHYSICIAN ASSISTANT,34
163,URGENT CARE FACILITY,COMMERCIAL,0,1,3,0,F,WY,NURSE PRACTITIONER,56
3797,OFFICE,MEDICARE,0,3,5,0,F,CT,INTERNAL MEDICINE,89
1690,HOSPITAL OUTPATIENT,COMMERCIAL,0,10,2,0,M,TX,EMERGENCY MEDICINE,63
613,INDEPENDENT LABORATORY,COMMERCIAL,0,1,3,0,F,UNKNOWN,UNKNOWN,8
1874,OFFICE,COMMERCIAL,0,2,17,0,F,MD,PEDIATRICS,18
2612,URGENT CARE FACILITY,COMMERCIAL,0,2,0,0,M,NV,FAMILY MEDICINE,32
2308,OFFICE,COMMERCIAL,0,10,52,21,F,NJ,INTERNAL MEDICINE,89
3231,OFFICE,COMMERCIAL,0,14,12,0,F,AL,INTERNAL MEDICINE,66
3524,OFFICE,COMMERCIAL,0,1,3,0,M,AR,FAMILY MEDICINE,36
3644,OFFICE,COMMERCIAL,0,7,0,0,F,CA,FAMILY MEDICINE,83
2807,INDEPENDENT LABORATORY,COMMERCIAL,0,31,9,0,M,UNKNOWN,UNKNOWN,89
1915,TELEHEALTH PROVIDED OTHER THAN IN PATIENT'S HOME,COMMERCIAL,0,1,5,0,F,TX,FAMILY MEDICINE,47
1237,TELEHEALTH PROVIDED OTHER THAN IN PATIENT'S HOME,COMMERCIAL,0,3,2,0,M,CA,NURSE PRACTITIONER,45
1699,URGENT CARE FACILITY,COMMERCIAL,0,8,9,3,F,FL,PHYSICIAN ASSISTANT,60
3726,URGENT CARE FACILITY,COMMERCIAL,0,3,5,0,F,CA,PHYSICIAN ASSISTANT,35
2297,OFFICE,COMMERCIAL,0,30,6,5,M,NJ,INTERNAL MEDICINE,63
3634,UNASSIGNED,MEDICARE,0,30,7,21,F,TX,FAMILY MEDICINE,82
3454,URGENT CARE FACILITY,COMMERCIAL,0,3,1,0,M,FL,PHYSICIAN ASSISTANT,30
3892,URGENT CARE FACILITY,COMMERCIAL,0,8,7,0,F,NJ,FAMILY MEDICINE,48
2644,OFFICE,COMMERCIAL,0,27,6,3,M,LA,INTERNAL MEDICINE,67
2000,OFFICE,COMMERCIAL,0,25,15,2,F,TX,INTERNAL MEDICINE,58
3934,TELEHEALTH PROVIDED OTHER THAN IN PATIENT'S HOME,COMMERCIAL,0,33,29,0,F,MD,NURSE PRACTITIONER,65
219,EMERGENCY ROOM - HOSPITAL,COMMERCIAL,0,1,4,0,M,PA,FAMILY MEDICINE,5
2002,OFFICE,MEDICARE,0,14,2,0,M,MD,FAMILY MEDICINE,74
1288,URGENT CARE FACILITY,COMMERCIAL,0,1,4,0,F,PA,FAMILY MEDICINE,42
99,EMERGENCY ROOM - HOSPITAL,COMMERCIAL,0,3,4,0,F,NY,PEDIATRICS,4
2369,URGENT CARE FACILITY,COMMERCIAL,0,26,13,0,F,NY,FAMILY MEDICINE,42
2044,OFFICE,COMMERCIAL,0,2,1,0,M,CA,FAMILY MEDICINE,41
2593,URGENT CARE FACILITY,COMMERCIAL,0,7,14,3,F,NV,PHYSICIAN ASSISTANT,52
3915,EMERGENCY ROOM - HOSPITAL,COMMERCIAL,0,2,9,0,F,NY,EMERGENCY MEDICINE,49
2879,INDEPENDENT LABORATORY,COMMERCIAL,0,82,13,1,M,UNKNOWN,UNKNOWN,49
34,COMMUNITY MENTAL HEALTH CENTER,COMMERCIAL,0,10,6,0,F,FL,CLINICAL SOCIAL WORKER,35
1620,HOSPITAL - LABORATORY SERVICES PROVIDED TO NON-PATIENTS,MEDICARE,0,5,0,0,F,ID,EMERGENCY MEDICINE,49
970,OFFICE,COMMERCIAL,0,1,2,0,M,PA,FAMILY MEDICINE,46
2427,URGENT CARE FACILITY,COMMERCIAL,0,5,5,0,F,MN,PHYSICIAN ASSISTANT,49
2955,OFFICE,COMMERCIAL,0,13,2,0,M,OH,FAMILY MEDICINE,83
3757,HOSPITAL OUTPATIENT,COMMERCIAL,0,2,3,0,F,MD,EMERGENCY MEDICINE,41
1316,URGENT CARE FACILITY,COMMERCIAL,0,1,0,0,F,CA,PHYSICIAN ASSISTANT,44
1865,HOSPITAL OUTPATIENT,COMMERCIAL,0,7,8,27,M,CA,EMERGENCY MEDICINE,55
3906,URGENT CARE FACILITY,COMMERCIAL,0,145,47,5,F,PA,FAMILY MEDICINE,62
1241,TELEHEALTH PROVIDED OTHER THAN IN PATIENT'S HOME,COMMERCIAL,0,8,6,0,M,TX,NURSE PRACTITIONER,40
3341,OFFICE,COMMERCIAL,0,6,28,0,F,WI,FAMILY MEDICINE,52
1660,CLINIC - RURAL HEALTH,MEDICARE,0,12,4,2,M,NC,INTERNAL MEDICINE,81
1297,URGENT CARE FACILITY,COMMERCIAL,0,4,4,0,F,VT,PHYSICIAN ASSISTANT,40
2158,OFFICE,COMMERCIAL,0,92,14,21,M,FL,FAMILY MEDICINE,89
2700,EMERGENCY ROOM - HOSPITAL,COMMERCIAL,0,1,1,0,F,WA,EMERGENCY MEDICINE,29
1903,OFFICE,COMMERCIAL,0,24,10,20,F,CA,INTERNAL MEDICINE,70
3282,EMERGENCY ROOM - HOSPITAL,MEDICAID,0,1,1,0,F,OK,EMERGENCY MEDICINE,23
2621,URGENT CARE FACILITY,COMMERCIAL,0,2,6,0,M,WA,PHYSICIAN ASSISTANT,26
153,OFFICE,COMMERCIAL,0,2,0,0,M,IL,INTERNAL MEDICINE,37
1415,OFFICE,COMMERCIAL,0,1,7,1,F,MN,ANATOMIC/CLINICAL PATHOLOGY,44
813,INDEPENDENT LABORATORY,COMMERCIAL,0,2,2,0,F,UNKNOWN,UNKNOWN,28
1289,COMPREHENSIVE OUTPATIENT REHABILITATION FACILITY,COMMERCIAL,0,8,24,0,F,PA,PHYSICAL THERAPY,72
3486,EMERGENCY ROOM - HOSPITAL,COMMERCIAL,0,18,12,0,F,MI,EMERGENCY MEDICINE,65
2325,OFFICE,COMMERCIAL,0,38,2,0,M,SC,INTERNAL MEDICINE,50
3178,URGENT CARE FACILITY,COMMERCIAL,0,2,3,0,M,CA,NURSE PRACTITIONER,56
3188,HOSPITAL OUTPATIENT,MEDICARE,0,160,7,31,F,TX,CARDIOVASCULAR DISEASE,89
616,HOSPITAL OUTPATIENT,COMMERCIAL,0,4,1,0,F,NY,PEDIATRICS,8
1539,INDEPENDENT LABORATORY,MEDICARE,0,170,10,5,M,UNKNOWN,UNKNOWN,76
2823,TELEHEALTH PROVIDED OTHER THAN IN PATIENT'S HOME,COMMERCIAL,0,1,3,0,M,CA,FAMILY MEDICINE,36
2356,INDEPENDENT LABORATORY,COMMERCIAL,0,4,0,0,F,UNKNOWN,UNKNOWN,61
2092,ON CAMPUS-OUTPATIENT HOSPITAL,COMMERCIAL,0,5,1,0,F,OH,COLON & RECTAL SURGERY,69
2588,OFFICE,COMMERCIAL,0,1,5,0,F,NY,INTERNAL MEDICINE,28
571,ON CAMPUS-OUTPATIENT HOSPITAL,COMMERCIAL,0,18,10,0,F,AL,CARDIOVASCULAR DISEASE,74
3896,ON CAMPUS-OUTPATIENT HOSPITAL,COMMERCIAL,0,101,28,1,F,MI,OBSTETRICS & GYNECOLOGY,28
3955,INPATIENT HOSPITAL,COMMERCIAL,0,147,42,3,F,UNKNOWN,UNKNOWN,68
1664,URGENT CARE FACILITY,COMMERCIAL,0,2,1,0,F,UNKNOWN,UNKNOWN,64
1287,OFFICE,COMMERCIAL,0,22,3,0,F,SC,HEMATOLOGY/ONCOLOGY,76
1843,URGENT CARE FACILITY,COMMERCIAL,0,1,1,0,F,UNKNOWN,UNKNOWN,36
2387,TELEHEALTH PROVIDED OTHER THAN IN PATIENT'S HOME,COMMERCIAL,0,56,9,0,M,GA,INTERNAL MEDICINE,50
2458,OFFICE,MEDICARE,0,36,7,0,F,WY,NURSE PRACTITIONER,78
817,URGENT CARE FACILITY,COMMERCIAL,0,8,0,0,F,UNKNOWN,UNKNOWN,52
216,ON CAMPUS-OUTPATIENT HOSPITAL,COMMERCIAL,0,5,1,0,F,MA,FAMILY MEDICINE,36
3192,EMERGENCY ROOM - HOSPITAL,MEDICAID,0,1,1,0,F,FL,NURSE PRACTITIONER,47
1132,OFFICE,COMMERCIAL,0,1,7,0,F,NJ,PEDIATRICS,38
81,TELEHEALTH PROVIDED OTHER THAN IN PATIENT'S HOME,COMMERCIAL,0,1,1,0,M,NY,FAMILY MEDICINE,28
2543,OFFICE,COMMERCIAL,0,1,1,0,M,CA,FAMILY MEDICINE,56
1574,UNASSIGNED,COMMERCIAL,0,36,0,0,F,GA,INTERNAL MEDICINE/PEDIATRICS,38
1704,OFFICE,MEDICARE,0,17,0,2,F,GA,INTERNAL MEDICINE,83
2215,EMERGENCY ROOM - HOSPITAL,COMMERCIAL,0,2,5,0,M,MN,EMERGENCY MEDICINE,17
3698,OFFICE,COMMERCIAL,0,6,15,0,F,OH,PULMONARY CRITICAL CARE MEDICINE,39
2213,TELEHEALTH PROVIDED OTHER THAN IN PATIENT'S HOME,COMMERCIAL,0,49,24,0,F,GA,FAMILY MEDICINE,50
3703,OFFICE,MEDICARE,0,12,5,23,F,MA,FAMILY MEDICINE,71
1598,EMERGENCY ROOM - HOSPITAL,COMMERCIAL,0,8,29,0,F,CO,EMERGENCY MEDICINE,50
2639,URGENT CARE FACILITY,COMMERCIAL,0,4,0,0,F,UNKNOWN,UNKNOWN,57
64,ON CAMPUS-OUTPATIENT HOSPITAL,COMMERCIAL,0,1,2,0,F,FL,ANATOMIC/CLINICAL PATHOLOGY,6
1220,OFFICE,COMMERCIAL,0,1,0,0,F,VA,PEDIATRICS,17
760,OFFICE,COMMERCIAL,0,2,3,0,F,CA,INTERNAL MEDICINE,57
1038,TELEHEALTH PROVIDED IN PATIENT'S HOME,COMMERCIAL,0,39,1,2,M,TX,FAMILY MEDICINE,49
1125,URGENT CARE FACILITY,COMMERCIAL,0,1,0,0,M,CA,PEDIATRICS,12
905,HOSPITAL OUTPATIENT,COMMERCIAL,0,4,25,0,M,FL,EMERGENCY MEDICINE,10
1429,URGENT CARE FACILITY,COMMERCIAL,0,1,2,0,F,NY,PHYSICIAN ASSISTANT,38
2395,ON CAMPUS-OUTPATIENT HOSPITAL,COMMERCIAL,0,23,26,0,F,PA,DIAGNOSTIC RADIOLOGY,64
462,EMERGENCY ROOM - HOSPITAL,COMMERCIAL,0,2,4,0,F,MD,DIAGNOSTIC RADIOLOGY,59
3491,UNASSIGNED,MEDICARE,0,4,45,0,F,IA,FAMILY MEDICINE,89
1356,HOSPITAL - SWING BEDS,MEDICARE,0,55,16,7,M,OH,INTERNAL MEDICINE,87
3959,HOSPITAL OUTPATIENT,COMMERCIAL,0,96,3,0,F,PA,EMERGENCY MEDICINE,70
2730,HOSPITAL OUTPATIENT,COMMERCIAL,0,2,0,0,M,FL,FAMILY MEDICINE,46
1572,UNASSIGNED,COMMERCIAL,0,98,5,360,F,CA,FAMILY MEDICINE,89
2300,TELEHEALTH PROVIDED OTHER THAN IN PATIENT'S HOME,COMMERCIAL,0,2,0,0,M,CA,PEDIATRICS,19
998,OFFICE,COMMERCIAL,0,3,6,0,M,NY,INTERNAL MEDICINE,69
2833,OFFICE,COMMERCIAL,0,114,15,0,F,CA,NURSE PRACTITIONER,49
2582,EMERGENCY ROOM - HOSPITAL,COMMERCIAL,0,9,2,0,F,AR,FAMILY MEDICINE,51
46,URGENT CARE FACILITY,COMMERCIAL,0,1,0,0,F,MO,NURSE PRACTITIONER,40
1959,URGENT CARE FACILITY,COMMERCIAL,0,4,0,0,M,TX,PHYSICIAN ASSISTANT,67
984,HOSPITAL OUTPATIENT,COMMERCIAL,0,8,2,27,M,CA,EMERGENCY MEDICINE,77
2169,URGENT CARE FACILITY,COMMERCIAL,0,1,1,0,F,UNKNOWN,UNKNOWN,59
292,EMERGENCY ROOM - HOSPITAL,COMMERCIAL,0,2,0,0,F,MN,EMERGENCY MEDICINE,6
1816,INDEPENDENT LABORATORY,COMMERCIAL,0,1,3,0,F,UNKNOWN,UNKNOWN,32
839,TELEHEALTH PROVIDED OTHER THAN IN PATIENT'S HOME,COMMERCIAL,0,5,2,0,F,IN,FAMILY MEDICINE,42
485,OFFICE,COMMERCIAL,0,1,13,0,F,CA,NURSE PRACTITIONER,46
2985,URGENT CARE FACILITY,COMMERCIAL,0,2,1,4,F,UNKNOWN,UNKNOWN,56
1071,AMBULANCE - LAND,COMMERCIAL,0,47,10,0,M,UNKNOWN,UNKNOWN,85
816,TELEHEALTH PROVIDED OTHER THAN IN PATIENT'S HOME,COMMERCIAL,0,57,4,0,F,SD,NURSE PRACTITIONER,58
1186,OFFICE,COMMERCIAL,0,2,1,0,M,PA,FAMILY MEDICINE,47
2283,URGENT CARE FACILITY,COMMERCIAL,0,1,0,0,M,TX,FAMILY MEDICINE,39
2061,OFFICE,COMMERCIAL,0,14,1,0,F,PA,FAMILY MEDICINE,43
641,OFFICE,COMMERCIAL,0,1,3,0,M,SC,NURSE PRACTITIONER,26
2525,OFF CAMPUS-OUTPATIENT HOSPITAL,MEDICARE,0,21,13,0,M,CA,INTERVENTIONAL CARDIOLOGY,86
276,OFFICE,COMMERCIAL,0,1,4,0,F,TX,PEDIATRICS,5
4004,URGENT CARE FACILITY,COMMERCIAL,0,25,1,8,M,UNKNOWN,UNKNOWN,58
985,HOSPITAL OUTPATIENT,COMMERCIAL,0,3,20,0,F,FL,EMERGENCY MEDICINE,11
2485,UNASSIGNED,MEDICARE,0,177,4,1,M,NV,FAMILY MEDICINE,83
1317,INDEPENDENT LABORATORY,COMMERCIAL,0,2,8,0,F,UNKNOWN,UNKNOWN,47
1742,HOSPITAL OUTPATIENT,COMMERCIAL,0,1,0,0,F,NY,NURSE PRACTITIONER,42
3834,URGENT CARE FACILITY,COMMERCIAL,0,3,19,0,F,AL,NURSE PRACTITIONER,51
2751,INPATIENT HOSPITAL,COMMERCIAL,0,24,2,0,M,FL,INTERNAL MEDICINE/PEDIATRICS,43
3104,OFFICE,COMMERCIAL,0,4,5,0,M,NY,INTERNAL MEDICINE,21
2440,URGENT CARE FACILITY,COMMERCIAL,0,1,3,0,F,NC,NURSE PRACTITIONER,79
140,URGENT CARE FACILITY,COMMERCIAL,0,1,5,0,F,CO,OBSTETRICS & GYNECOLOGY,27
549,FEDERALLY QUALIFIED HEALTH CENTER,COMMERCIAL,0,1,4,0,F,IN,PEDIATRICS,7
704,FEDERALLY QUALIFIED HEALTH CENTER,COMMERCIAL,0,1,11,0,M,UNKNOWN,UNKNOWN,9
2327,OFFICE,COMMERCIAL,0,18,4,0,M,AR,FAMILY MEDICINE,48
1904,OFFICE,COMMERCIAL,0,30,6,0,F,NY,PSYCHIATRY,65
4006,INDEPENDENT LABORATORY,MEDICARE,0,35,0,0,F,UNKNOWN,UNKNOWN,89
3924,UNASSIGNED,MEDICARE,0,151,23,9,F,MI,FAMILY MEDICINE,81
2892,TELEHEALTH PROVIDED OTHER THAN IN PATIENT'S HOME,COMMERCIAL,0,3,2,1,M,TX,FAMILY MEDICINE,60
2467,INDEPENDENT LABORATORY,COMMERCIAL,0,15,36,2,M,UNKNOWN,UNKNOWN,36
2126,TELEHEALTH PROVIDED OTHER THAN IN PATIENT'S HOME,MEDICARE,0,7,10,0,F,MI,FAMILY MEDICINE,76
2755,INDEPENDENT LABORATORY,COMMERCIAL,0,4,1,0,F,UNKNOWN,UNKNOWN,52
2219,OFFICE,COMMERCIAL,0,33,8,0,F,VA,FAMILY MEDICINE,82
381,TELEHEALTH PROVIDED OTHER THAN IN PATIENT'S HOME,COMMERCIAL,0,7,3,0,F,CA,FAMILY MEDICINE,34
2328,TELEHEALTH PROVIDED OTHER THAN IN PATIENT'S HOME,COMMERCIAL,0,26,0,14,M,IL,INTERNAL MEDICINE,55
1135,URGENT CARE FACILITY,COMMERCIAL,0,3,1,0,F,CA,FAMILY MEDICINE,42
3059,INDEPENDENT CLINIC,COMMERCIAL,0,139,31,30,F,OH,OCCUPATIONAL THERAPY,89
1426,OFFICE,COMMERCIAL,0,15,2,0,M,IN,PHYSICIAN ASSISTANT,75
3823,INPATIENT HOSPITAL,COMMERCIAL,0,17,9,2,M,FL,INTERNAL MEDICINE,61
3630,EMERGENCY ROOM - HOSPITAL,COMMERCIAL,0,3,1,0,M,IL,EMERGENCY MEDICINE,61
409,HOSPITAL OUTPATIENT,COMMERCIAL,0,5,10,0,F,CO,EMERGENCY MEDICINE,41
1550,EMERGENCY ROOM - HOSPITAL,COMMERCIAL,0,10,10,0,F,IA,DIAGNOSTIC RADIOLOGY,55
1599,OFFICE,MEDICARE,0,116,35,0,F,UNKNOWN,UNKNOWN,79
1217,OFFICE,COMMERCIAL,0,2,4,0,M,TX,FAMILY MEDICINE,33
1597,EMERGENCY ROOM - HOSPITAL,COMMERCIAL,0,1,4,0,F,UNKNOWN,UNKNOWN,89
552,CLINIC - RURAL HEALTH,MEDICAID,0,2,18,0,F,CA,FAMILY MEDICINE,7
2422,OFFICE,MEDICARE,0,133,0,7,M,NY,NEPHROLOGY,89
1164,EMERGENCY ROOM - HOSPITAL,MEDICARE,0,12,1,1,M,TX,EMERGENCY MEDICINE,74
788,OFFICE,COMMERCIAL,0,137,25,43,F,RI,NURSE PRACTITIONER,85
3637,OFFICE,COMMERCIAL,0,1,2,0,M,TN,NURSE PRACTITIONER,41
976,TELEHEALTH PROVIDED OTHER THAN IN PATIENT'S HOME,COMMERCIAL,0,2,3,0,M,CA,INTERNAL MEDICINE,32
2931,ON CAMPUS-OUTPATIENT HOSPITAL,COMMERCIAL,0,4,9,1,F,NH,EMERGENCY MEDICINE,38
1129,OFFICE,COMMERCIAL,0,20,47,0,F,FL,FAMILY MEDICINE,50
542,OFFICE,UNSPECIFIED,0,63,0,0,M,CA,GASTROENTEROLOGY,63
3496,INDEPENDENT LABORATORY,MEDICARE,0,5,3,70,M,UNKNOWN,UNKNOWN,88
1819,URGENT CARE FACILITY,COMMERCIAL,0,24,3,0,F,FL,GENERAL PRACTICE,24
3345,URGENT CARE FACILITY,COMMERCIAL,0,3,2,0,F,FL,PHYSICIAN ASSISTANT,29
2731,OFFICE,COMMERCIAL,0,4,9,0,F,OH,INTERNAL MEDICINE,59
1579,INPATIENT HOSPITAL,COMMERCIAL,0,2,4,1,M,WA,PEDIATRIC RADIOLOGY,79
967,INPATIENT HOSPITAL,MEDICARE,0,16,10,0,F,TX,INFECTIOUS DISEASE,73
3979,OFFICE,COMMERCIAL,0,40,10,0,F,WV,FAMILY MEDICINE,89
336,INDEPENDENT LABORATORY,COMMERCIAL,0,1,0,0,M,UNKNOWN,UNKNOWN,49
2966,URGENT CARE FACILITY,COMMERCIAL,0,16,6,0,F,UNKNOWN,UNKNOWN,31
115,EMERGENCY ROOM - HOSPITAL,COMMERCIAL,0,1,0,0,F,FL,ANATOMIC/CLINICAL PATHOLOGY,47
560,HOSPITAL OUTPATIENT,COMMERCIAL,0,1,0,0,M,FL,EMERGENCY MEDICINE,31
448,OFFICE,MEDICAID,0,1,1,1,M,NC,PEDIATRICS,9
3251,URGENT CARE FACILITY,MEDICAID,0,1,4,0,F,MA,NURSE PRACTITIONER,28
29,URGENT CARE FACILITY,COMMERCIAL,0,1,0,0,M,CA,PHYSICIAN ASSISTANT,30
35,URGENT CARE FACILITY,COMMERCIAL,0,1,3,0,F,TX,PHYSICIAN ASSISTANT,62
1676,EMERGENCY ROOM - HOSPITAL,MEDICARE,0,143,28,0,F,FL,EMERGENCY MEDICINE,82
2962,URGENT CARE FACILITY,COMMERCIAL,0,1,2,0,F,UNKNOWN,UNKNOWN,57
975,URGENT CARE FACILITY,COMMERCIAL,0,2,16,0,M,UNKNOWN,UNKNOWN,11
3682,TELEHEALTH PROVIDED OTHER THAN IN PATIENT'S HOME,COMMERCIAL,0,1,2,0,M,VA,NURSE PRACTITIONER,24
2868,INPATIENT HOSPITAL,MEDICARE,0,6,2,0,F,MI,INTERNAL MEDICINE,78
1837,OFFICE,COMMERCIAL,0,7,2,0,F,TX,NURSE PRACTITIONER,62
301,EMERGENCY ROOM - HOSPITAL,COMMERCIAL,0,2,3,0,M,FL,FAMILY MEDICINE,5
372,OFFICE,COMMERCIAL,0,4,10,0,M,FL,PEDIATRICS,6
1380,EMERGENCY ROOM - HOSPITAL,COMMERCIAL,0,6,11,0,M,WA,EMERGENCY MEDICINE,56
2025,URGENT CARE FACILITY,COMMERCIAL,0,7,6,0,M,GA,PHYSICIAN ASSISTANT,25
3717,URGENT CARE FACILITY,COMMERCIAL,0,21,5,0,F,AZ,PHYSICIAN ASSISTANT,34
2270,URGENT CARE FACILITY,COMMERCIAL,0,5,1,0,F,AZ,PHYSICIAN ASSISTANT,63
1210,HOSPITAL OUTPATIENT,COMMERCIAL,0,20,4,0,F,PA,EMERGENCY MEDICINE,71
3662,UNASSIGNED,COMMERCIAL,0,14,0,0,M,UNKNOWN,UNKNOWN,61
2478,EMERGENCY ROOM - HOSPITAL,COMMERCIAL,0,3,1,1,F,AL,EMERGENCY MEDICINE,83
1279,FEDERALLY QUALIFIED HEALTH CENTER,COMMERCIAL,0,5,1,0,F,UNKNOWN,UNKNOWN,13
2630,URGENT CARE FACILITY,COMMERCIAL,0,1,6,0,M,FL,NURSE PRACTITIONER,27
187,URGENT CARE FACILITY,COMMERCIAL,0,2,0,0,F,CA,PHYSICIAN ASSISTANT,5
1360,CLINIC  - FEDERALLY QUALIFIED HEALTH CENTER (FQHC),COMMERCIAL,0,19,2,0,M,UNKNOWN,UNKNOWN,29
1384,OFFICE,COMMERCIAL,0,1,4,0,M,NY,GASTROENTEROLOGY,53
1424,CLINIC - FREESTANDING,MEDICAID,0,80,12,2,M,CA,INTERNAL MEDICINE,68
1290,CLINIC  - FEDERALLY QUALIFIED HEALTH CENTER (FQHC),MEDICARE,0,1,0,0,F,ME,PHYSICIAN ASSISTANT,64
1779,EMERGENCY ROOM - HOSPITAL,COMMERCIAL,0,1,5,0,M,TX,DIAGNOSTIC RADIOLOGY,41
2336,OFFICE,COMMERCIAL,0,10,10,2,F,MS,CARDIOVASCULAR DISEASE,45
338,URGENT CARE FACILITY,COMMERCIAL,0,1,1,1,M,UNKNOWN,UNKNOWN,13
1446,UNASSIGNED,MEDICARE,0,24,48,0,F,OH,INTERNAL MEDICINE,89
3768,TELEHEALTH PROVIDED IN PATIENT'S HOME,COMMERCIAL,0,1,4,0,F,UNKNOWN,UNKNOWN,42
312,INDEPENDENT LABORATORY,COMMERCIAL,0,6,1,0,M,UNKNOWN,UNKNOWN,53
2474,CLINIC - FREESTANDING,MEDICAID,0,78,18,0,M,CA,FAMILY MEDICINE,65
1947,HOSPITAL - LABORATORY SERVICES PROVIDED TO NON-PATIENTS,COMMERCIAL,0,46,26,0,F,MI,PHYSICIAN ASSISTANT,27
1525,URGENT CARE FACILITY,COMMERCIAL,0,9,0,0,F,FL,EMERGENCY MEDICINE,60
3808,TELEHEALTH PROVIDED OTHER THAN IN PATIENT'S HOME,COMMERCIAL,0,26,2,0,F,MA,FAMILY MEDICINE,82
960,OFFICE,COMMERCIAL,0,7,13,0,F,NY,FAMILY MEDICINE,43
681,TELEHEALTH PROVIDED OTHER THAN IN PATIENT'S HOME,COMMERCIAL,0,4,4,0,M,NY,NURSE PRACTITIONER,13
1189,HOSPITAL INPATIENT (INCLUDING MEDICARE PART A),COMMERCIAL,0,7,1,0,M,CA,INTERNAL MEDICINE,49
3450,URGENT CARE FACILITY,COMMERCIAL,0,19,15,1,F,MI,EMERGENCY MEDICINE,71
2780,OFFICE,COMMERCIAL,0,3,3,0,M,CA,PEDIATRICS,21
454,OFFICE,COMMERCIAL,0,1,1,0,F,UNKNOWN,UNKNOWN,68
2023,EMERGENCY ROOM - HOSPITAL,COMMERCIAL,0,38,20,0,F,TN,FAMILY MEDICINE,89
2626,EMERGENCY ROOM - HOSPITAL,COMMERCIAL,0,1,1,0,M,NM,VASCULAR & INTERVENTIONAL RADIOLOGY,62
3246,TELEHEALTH PROVIDED OTHER THAN IN PATIENT'S HOME,COMMERCIAL,0,8,12,0,F,PA,FAMILY MEDICINE,49
3019,TELEHEALTH PROVIDED OTHER THAN IN PATIENT'S HOME,COMMERCIAL,0,7,41,0,F,TX,PEDIATRICS,19
3588,URGENT CARE FACILITY,COMMERCIAL,0,5,18,0,F,OR,PHYSICIAN ASSISTANT,63
2773,INDEPENDENT LABORATORY,MEDICARE,0,9,3,0,F,UNKNOWN,UNKNOWN,81
1966,OFFICE,MEDICARE,0,55,7,0,M,NY,INTERNAL MEDICINE,82
633,OFFICE,MEDICARE,0,2,3,0,M,TX,PHYSICIAN ASSISTANT,74
1983,INDEPENDENT LABORATORY,COMMERCIAL,0,3,3,0,M,UNKNOWN,UNKNOWN,55
820,TELEHEALTH PROVIDED OTHER THAN IN PATIENT'S HOME,COMMERCIAL,0,5,1,0,F,MA,NURSE PRACTITIONER,35
3151,HOSPITAL OUTPATIENT,MEDICARE,0,6,0,0,M,MI,FAMILY MEDICINE,73
3946,HOSPITAL OUTPATIENT,MEDICARE,0,55,0,23,M,MD,EMERGENCY MEDICINE,76
3109,HOSPITAL OUTPATIENT,COMMERCIAL,0,70,18,20,M,CA,PHYSICIAN ASSISTANT,59
1840,UNASSIGNED,COMMERCIAL,0,39,5,19,M,UNKNOWN,UNKNOWN,73
2176,HOSPITAL OUTPATIENT,COMMERCIAL,0,11,18,0,M,OH,INTERNAL MEDICINE,27
1367,URGENT CARE FACILITY,COMMERCIAL,0,1,0,0,M,OH,FAMILY MEDICINE,62
1801,URGENT CARE FACILITY,COMMERCIAL,0,15,8,0,M,NY,PAIN MEDICINE,65
3338,OFFICE,COMMERCIAL,0,6,3,40,F,AR,FAMILY MEDICINE,59
1625,URGENT CARE FACILITY,COMMERCIAL,0,1,4,0,F,TX,PHYSICIAN ASSISTANT,46
223,OFFICE,MEDICARE,0,3,2,0,M,IL,ANESTHESIOLOGY,79
3693,TELEHEALTH PROVIDED OTHER THAN IN PATIENT'S HOME,COMMERCIAL,0,105,17,0,M,CA,FAMILY MEDICINE,73
3992,EMERGENCY ROOM - HOSPITAL,COMMERCIAL,0,1,2,18,F,IL,NEURORADIOLOGY,37
3313,OFFICE,COMMERCIAL,0,26,5,0,M,MI,INTERNAL MEDICINE/PEDIATRICS,28
2808,OFFICE,COMMERCIAL,0,24,0,0,M,CA,NURSE PRACTITIONER,42
2187,OFFICE,COMMERCIAL,0,4,3,0,F,FL,FAMILY MEDICINE,49
2663,HOSPITAL OUTPATIENT,MEDICARE,0,115,30,17,F,MO,RHEUMATOLOGY,66
2549,INDEPENDENT LABORATORY,COMMERCIAL,0,51,22,4,F,UNKNOWN,UNKNOWN,79
2865,EMERGENCY ROOM - HOSPITAL,COMMERCIAL,0,2,0,0,F,FL,ANATOMIC/CLINICAL PATHOLOGY,44
3101,INDEPENDENT LABORATORY,MEDICARE,0,13,9,12,M,UNKNOWN,UNKNOWN,73
3062,UNASSIGNED,MEDICARE,0,37,2,0,F,NJ,GERIATRIC MEDICINE (FAMILY MEDICINE),89
3252,OFFICE,COMMERCIAL,0,2,2,0,F,MS,NURSE PRACTITIONER,28
796,OFFICE,COMMERCIAL,0,16,0,1,F,MI,FAMILY MEDICINE,63
433,OFFICE,COMMERCIAL,0,1,9,0,F,MA,PHYSICIAN ASSISTANT,22
783,HOSPITAL OUTPATIENT,MEDICARE,0,16,33,0,F,MN,SPORTS MEDICINE (FAMILY MEDICINE),58
3898,UNASSIGNED,COMMERCIAL,0,54,7,1,F,UNKNOWN,UNKNOWN,46
1081,OFFICE,COMMERCIAL,0,1,3,0,F,UNKNOWN,UNKNOWN,12
1820,CLINIC - FREESTANDING,MEDICAID,0,2,0,0,M,CA,INTERNAL MEDICINE,55
3513,INDEPENDENT LABORATORY,COMMERCIAL,0,2,2,1,F,UNKNOWN,UNKNOWN,60
49,EMERGENCY ROOM - HOSPITAL,COMMERCIAL,0,2,2,0,F,IN,CARDIOVASCULAR DISEASE,40
1537,HOSPITAL OUTPATIENT,COMMERCIAL,0,6,0,0,F,MA,EMERGENCY MEDICINE,48
386,ON CAMPUS-OUTPATIENT HOSPITAL,COMMERCIAL,0,7,8,0,M,LA,NURSE PRACTITIONER,6
1839,EMERGENCY ROOM - HOSPITAL,COMMERCIAL,0,9,4,0,M,NY,EMERGENCY MEDICINE,36
317,HOSPITAL OUTPATIENT,COMMERCIAL,0,1,0,0,M,CA,ORTHOPEDIC SURGERY,22
1957,OFFICE,MEDICARE,0,35,14,4,M,MO,FAMILY MEDICINE,78
650,OFFICE,COMMERCIAL,0,32,5,0,M,AZ,INTERNAL MEDICINE,81
2484,INDEPENDENT LABORATORY,COMMERCIAL,0,31,1,43,F,UNKNOWN,UNKNOWN,57
3996,HOSPITAL OUTPATIENT,MEDICARE,0,55,7,2,F,PA,EMERGENCY MEDICINE,84
3152,URGENT CARE FACILITY,COMMERCIAL,0,1,11,0,F,AZ,NURSE PRACTITIONER,39
663,HOSPITAL OUTPATIENT,COMMERCIAL,0,1,0,0,M,OK,FAMILY MEDICINE,12
1756,URGENT CARE FACILITY,COMMERCIAL,0,6,10,0,F,UNKNOWN,UNKNOWN,30
2107,OFFICE,COMMERCIAL,0,12,5,0,F,SC,INTERNAL MEDICINE,38
3388,OFFICE,COMMERCIAL,0,34,7,8,M,TN,INTERNAL MEDICINE,45
3139,URGENT CARE FACILITY,COMMERCIAL,0,58,8,1,M,MI,FAMILY MEDICINE,62
678,OFFICE,COMMERCIAL,0,11,22,0,F,TX,INTERNAL MEDICINE,66
357,URGENT CARE FACILITY,COMMERCIAL,0,1,3,0,F,KY,NURSE PRACTITIONER,35
458,OFFICE,MEDICARE,0,8,3,8,F,SC,CARDIOVASCULAR DISEASE,83
1899,TELEHEALTH PROVIDED IN PATIENT'S HOME,COMMERCIAL,0,4,0,0,M,MI,PHYSICIAN ASSISTANT,37
1931,OFFICE,COMMERCIAL,0,1,6,0,F,NC,NURSE PRACTITIONER,15
2257,UNASSIGNED,COMMERCIAL,0,14,0,0,M,CA,GERIATRIC MEDICINE (INTERNAL MEDICINE),89
499,OFFICE,COMMERCIAL,0,11,1,2,M,MA,INTERNAL MEDICINE,56
2029,INDEPENDENT LABORATORY,COMMERCIAL,0,31,25,2,F,UNKNOWN,UNKNOWN,39
3102,EMERGENCY ROOM - HOSPITAL,COMMERCIAL,0,9,9,0,F,MI,CYTOPATHOLOGY,39
3230,OFFICE,COMMERCIAL,0,35,2,6,M,FL,INTERNAL MEDICINE,62
1473,OFFICE,MEDICAID,0,3,2,0,M,UNKNOWN,UNKNOWN,60
1922,EMERGENCY ROOM - HOSPITAL,COMMERCIAL,0,2,1,0,M,AZ,EMERGENCY MEDICINE,29
3233,EMERGENCY ROOM - HOSPITAL,COMMERCIAL,0,2,2,0,M,IL,EMERGENCY MEDICINE,62
3556,OFFICE,MEDICARE,0,32,34,0,F,MS,INTERNAL MEDICINE,81
324,UNASSIGNED,MEDICARE,0,7,3,0,F,CA,INTERNAL MEDICINE,89
3769,URGENT CARE FACILITY,COMMERCIAL,0,18,43,0,F,UNKNOWN,UNKNOWN,33
2676,URGENT CARE FACILITY,COMMERCIAL,0,3,8,0,F,CA,PHYSICIAN ASSISTANT,47
739,OFFICE,COMMERCIAL,0,2,33,2,F,NC,PEDIATRICS,9
3239,RURAL HEALTH CLINIC,COMMERCIAL,0,3,7,0,F,OH,NURSE PRACTITIONER,56
459,OFFICE,COMMERCIAL,0,7,2,0,F,NY,PEDIATRICS,6
2589,OFFICE,MEDICARE,0,14,0,12,M,MA,INTERNAL MEDICINE,71
133,INDEPENDENT LABORATORY,COMMERCIAL,0,1,5,0,F,UNKNOWN,UNKNOWN,34
3010,OFFICE,COMMERCIAL,0,8,18,0,F,SC,NURSE PRACTITIONER,30
1230,URGENT CARE FACILITY,COMMERCIAL,0,1,8,0,F,NC,PHYSICIAN ASSISTANT,54
3667,TELEHEALTH PROVIDED OTHER THAN IN PATIENT'S HOME,COMMERCIAL,0,7,1,4,F,MA,PHYSICIAN ASSISTANT,27
3654,TELEHEALTH PROVIDED OTHER THAN IN PATIENT'S HOME,COMMERCIAL,0,37,18,0,F,UT,FAMILY MEDICINE,65
1553,INDEPENDENT LABORATORY,COMMERCIAL,0,1,0,0,M,UNKNOWN,UNKNOWN,23
15,UNASSIGNED,MEDICARE,0,2,0,0,M,FL,HOSPITALIST,58
3984,OFFICE,COMMERCIAL,0,34,7,0,F,CA,FAMILY MEDICINE,60
1773,URGENT CARE FACILITY,MEDICARE,0,30,6,0,F,WA,PHYSICIAN ASSISTANT,86
1544,UNASSIGNED,MEDICARE,0,5,0,5,F,TN,INTERNAL MEDICINE,80
3737,OFF CAMPUS-OUTPATIENT HOSPITAL,COMMERCIAL,0,2,3,23,M,MA,PEDIATRIC RADIOLOGY,89
3853,OFFICE,COMMERCIAL,0,15,1,0,F,NJ,FAMILY MEDICINE,72
2403,OFFICE,COMMERCIAL,0,1,13,0,M,OR,INTERNAL MEDICINE,32
2739,OFFICE,COMMERCIAL,0,23,1,0,F,MI,FAMILY MEDICINE,66
1182,OFFICE,COMMERCIAL,0,2,0,0,F,TX,PEDIATRICS,17
2692,URGENT CARE FACILITY,COMMERCIAL,0,6,1,0,F,MN,PHYSICIAN ASSISTANT,65
2396,URGENT CARE FACILITY,COMMERCIAL,0,10,8,0,F,OK,FAMILY MEDICINE,53
716,TELEHEALTH PROVIDED OTHER THAN IN PATIENT'S HOME,COMMERCIAL,0,2,0,0,F,FL,INTERNAL MEDICINE,50
2997,OFFICE,COMMERCIAL,0,1,33,0,F,NJ,PEDIATRICS,26
244,INDEPENDENT LABORATORY,COMMERCIAL,0,1,5,0,F,UNKNOWN,UNKNOWN,62
2869,URGENT CARE FACILITY,COMMERCIAL,0,13,0,4,M,MI,FAMILY MEDICINE,63
1024,URGENT CARE FACILITY,COMMERCIAL,0,5,7,0,F,WY,PHYSICIAN ASSISTANT,47
74,HOSPITAL OUTPATIENT,COMMERCIAL,0,4,0,0,M,SC,EMERGENCY MEDICINE,55
3396,OFFICE,MEDICARE,0,25,18,0,F,NY,INTERNAL MEDICINE,88
3951,URGENT CARE FACILITY,MEDICARE,0,74,7,17,M,CA,EMERGENCY MEDICINE,76
651,TELEHEALTH PROVIDED OTHER THAN IN PATIENT'S HOME,COMMERCIAL,0,4,8,0,M,CA,PHYSICIAN ASSISTANT,31
2996,EMERGENCY ROOM - HOSPITAL,COMMERCIAL,0,58,15,0,M,FL,CARDIOVASCULAR DISEASE,60
2274,OFFICE,COMMERCIAL,0,5,16,0,F,NJ,INTERNAL MEDICINE,66
1299,EMERGENCY ROOM - HOSPITAL,COMMERCIAL,0,6,20,1,M,SC,EMERGENCY MEDICINE,79
268,OFFICE,COMMERCIAL,0,1,0,0,F,CA,PEDIATRICS,5
1869,INDEPENDENT LABORATORY,COMMERCIAL,0,1,0,0,M,UNKNOWN,UNKNOWN,54
1251,EMERGENCY ROOM - HOSPITAL,MEDICAID,0,2,7,0,F,IL,EMERGENCY MEDICINE,37
424,TELEHEALTH PROVIDED OTHER THAN IN PATIENT'S HOME,COMMERCIAL,0,12,2,0,F,FL,FAMILY MEDICINE,45
2758,UNASSIGNED,MEDICARE,0,82,2,21,F,MN,FAMILY MEDICINE,81
1141,TELEHEALTH PROVIDED OTHER THAN IN PATIENT'S HOME,COMMERCIAL,0,26,3,0,F,NC,NURSE PRACTITIONER,44
3409,TELEHEALTH PROVIDED OTHER THAN IN PATIENT'S HOME,COMMERCIAL,0,8,3,4,F,CA,INTERNAL MEDICINE,58
3306,HOSPITAL OUTPATIENT,COMMERCIAL,0,1,0,0,M,CA,PHYSICIAN ASSISTANT,24
407,HOSPITAL OUTPATIENT,COMMERCIAL,0,1,2,0,M,OH,EMERGENCY MEDICINE,6
164,EMERGENCY ROOM - HOSPITAL,COMMERCIAL,0,1,0,0,F,HI,EMERGENCY MEDICINE,49
2228,EMERGENCY ROOM - HOSPITAL,COMMERCIAL,0,44,41,1,F,TX,GENERAL SURGERY,37
855,OFFICE,COMMERCIAL,0,1,0,0,F,UT,PHYSICIAN ASSISTANT,35
740,OFFICE,COMMERCIAL,0,1,9,0,F,TX,PEDIATRICS,9
2064,TELEHEALTH PROVIDED OTHER THAN IN PATIENT'S HOME,COMMERCIAL,0,2,2,0,M,NC,PEDIATRICS,17
1643,EMERGENCY ROOM - HOSPITAL,COMMERCIAL,0,20,5,0,F,NJ,EMERGENCY MEDICINE,46
2343,OFFICE,COMMERCIAL,0,1,3,0,F,PA,FAMILY MEDICINE,61
2098,OFFICE,COMMERCIAL,0,29,25,7,M,MD,INTERNAL MEDICINE,82
744,INDEPENDENT LABORATORY,COMMERCIAL,0,5,6,0,F,UNKNOWN,UNKNOWN,36
2938,OFFICE,MEDICARE,0,31,1,0,F,FL,INTERNAL MEDICINE,74
1860,URGENT CARE FACILITY,COMMERCIAL,0,7,4,0,F,TX,PHYSICIAN ASSISTANT,40
3937,OFFICE,COMMERCIAL,0,59,3,0,M,MI,PHYSICIAN ASSISTANT,30
2125,URGENT CARE FACILITY,COMMERCIAL,0,7,48,2,M,MI,PHYSICIAN ASSISTANT,59
1494,URGENT CARE FACILITY,COMMERCIAL,0,21,2,0,F,OH,NURSE PRACTITIONER,22
392,HOSPITAL OUTPATIENT,COMMERCIAL,0,4,4,0,M,MI,EMERGENCY MEDICINE,41
3520,HOSPITAL OUTPATIENT,COMMERCIAL,0,1,3,19,M,NY,EMERGENCY MEDICINE,81
648,TELEHEALTH PROVIDED OTHER THAN IN PATIENT'S HOME,COMMERCIAL,0,3,6,0,M,FL,PEDIATRICS,11
25,EMERGENCY ROOM - HOSPITAL,MEDICARE,0,1,2,0,M,HI,EMERGENCY MEDICINE,83
901,ON CAMPUS-OUTPATIENT HOSPITAL,MEDICARE,0,24,20,0,F,MA,INTERNAL MEDICINE,83
2214,CLINIC  - FEDERALLY QUALIFIED HEALTH CENTER (FQHC),COMMERCIAL,0,71,4,21,M,IL,FAMILY MEDICINE,78
1775,OTHER PLACE OF SERVICE,MEDICARE,0,4,2,0,M,UNKNOWN,UNKNOWN,68
697,URGENT CARE FACILITY,MEDICARE,0,33,2,16,M,MI,PHYSICIAN ASSISTANT,66
400,EMERGENCY ROOM - HOSPITAL,COMMERCIAL,0,2,6,0,M,OR,ANATOMIC/CLINICAL PATHOLOGY,6
3656,OFFICE,COMMERCIAL,0,3,0,0,M,VA,FAMILY MEDICINE,52
2286,HOSPITAL OUTPATIENT,COMMERCIAL,0,6,5,0,F,KS,EMERGENCY MEDICINE,36
3567,OFFICE,MEDICARE,0,39,4,0,M,FL,FAMILY MEDICINE,71
2184,URGENT CARE FACILITY,COMMERCIAL,0,1,0,0,F,CA,FAMILY MEDICINE,20
2180,INDEPENDENT LABORATORY,COMMERCIAL,0,1,7,0,M,UNKNOWN,UNKNOWN,46
452,EMERGENCY ROOM - HOSPITAL,COMMERCIAL,0,16,0,0,F,IL,DIAGNOSTIC RADIOLOGY,54
1321,HOSPITAL OUTPATIENT,COMMERCIAL,0,4,0,0,F,CA,EMERGENCY MEDICINE,63
1543,TELEHEALTH PROVIDED OTHER THAN IN PATIENT'S HOME,COMMERCIAL,0,12,3,0,F,OH,NURSE PRACTITIONER,46
2340,UNASSIGNED,COMMERCIAL,0,98,26,2,F,GA,FAMILY MEDICINE,71
1143,URGENT CARE FACILITY,COMMERCIAL,0,2,2,0,M,OR,NURSE PRACTITIONER,39
2390,OFFICE,MEDICARE,0,26,0,2,F,FL,CARDIOVASCULAR DISEASE,78
2607,URGENT CARE FACILITY,COMMERCIAL,0,1,2,0,M,MI,PHYSICIAN ASSISTANT,57
718,OFFICE,COMMERCIAL,0,1,0,0,M,MD,PEDIATRICS,10
1834,EMERGENCY ROOM - HOSPITAL,COMMERCIAL,0,4,4,0,F,TX,INTERNAL MEDICINE/PEDIATRICS,62
1302,TELEHEALTH PROVIDED OTHER THAN IN PATIENT'S HOME,COMMERCIAL,0,1,0,0,F,TX,INTERNAL MEDICINE/PEDIATRICS,28
2870,INDEPENDENT LABORATORY,COMMERCIAL,0,48,14,0,F,UNKNOWN,UNKNOWN,53
1517,URGENT CARE FACILITY,COMMERCIAL,0,1,15,0,F,UNKNOWN,UNKNOWN,30
3844,OFF CAMPUS-OUTPATIENT HOSPITAL,MEDICARE,0,95,6,1,F,AZ,DIAGNOSTIC RADIOLOGY,68
2774,CRITICAL ACCESS HOSPITAL,MEDICARE,0,8,4,0,M,MT,NURSE PRACTITIONER,78
1213,OFFICE,COMMERCIAL,0,1,8,0,F,MN,PHYSICIAN ASSISTANT,41
754,OFFICE,COMMERCIAL,0,3,5,0,M,NY,PEDIATRICS,13
2255,URGENT CARE FACILITY,COMMERCIAL,0,1,0,0,M,GA,FAMILY MEDICINE,40
1095,EMERGENCY ROOM - HOSPITAL,COMMERCIAL,0,3,7,0,F,MI,FAMILY MEDICINE,46
376,OFFICE,COMMERCIAL,0,2,0,0,M,NJ,INTERNAL MEDICINE,34
2020,OFFICE,MEDICARE,0,39,1,2,M,IA,FAMILY MEDICINE,82
2499,INDEPENDENT LABORATORY,COMMERCIAL,0,6,16,0,M,UNKNOWN,UNKNOWN,34
1193,URGENT CARE FACILITY,COMMERCIAL,0,1,9,0,F,NJ,FAMILY MEDICINE,70
3977,URGENT CARE FACILITY,MEDICARE,0,10,0,0,F,MI,EMERGENCY MEDICINE,71
3709,EMERGENCY ROOM - HOSPITAL,COMMERCIAL,0,39,12,0,M,IL,EMERGENCY MEDICINE,23
134,INDEPENDENT LABORATORY,COMMERCIAL,0,2,1,0,F,UNKNOWN,UNKNOWN,30
801,URGENT CARE FACILITY,COMMERCIAL,0,102,43,5,F,AL,FAMILY MEDICINE,63
427,URGENT CARE FACILITY,COMMERCIAL,0,1,1,0,F,UNKNOWN,UNKNOWN,7
2529,URGENT CARE FACILITY,COMMERCIAL,0,1,2,0,F,WA,FAMILY MEDICINE,49
3557,OFFICE,COMMERCIAL,0,79,3,0,F,TX,NURSE PRACTITIONER,89
1515,EMERGENCY ROOM - HOSPITAL,COMMERCIAL,0,8,0,2,F,MI,EMERGENCY MEDICINE,40
2234,HOSPITAL OUTPATIENT,COMMERCIAL,0,4,6,0,F,TN,PHYSICIAN ASSISTANT,53
2218,URGENT CARE FACILITY,COMMERCIAL,0,1,5,0,M,UNKNOWN,UNKNOWN,17
3404,OFFICE,COMMERCIAL,0,43,1,0,F,GA,FAMILY MEDICINE,56
977,HOSPITAL OUTPATIENT,COMMERCIAL,0,2,2,0,F,CA,NURSE PRACTITIONER,47
1891,INDEPENDENT LABORATORY,MEDICARE,0,116,36,0,M,UNKNOWN,UNKNOWN,88
1729,OFFICE,COMMERCIAL,0,28,6,2,F,MI,FAMILY MEDICINE,49
1009,FEDERALLY QUALIFIED HEALTH CENTER,COMMERCIAL,0,12,0,0,F,IN,NURSE PRACTITIONER,47
478,OFFICE,COMMERCIAL,0,1,5,0,M,NH,PHYSICIAN ASSISTANT,7
2445,OFFICE,COMMERCIAL,0,32,7,0,M,LA,GENERAL SURGERY,72
1944,URGENT CARE FACILITY,COMMERCIAL,0,1,7,0,M,PA,FAMILY MEDICINE,16
1203,EMERGENCY ROOM - HOSPITAL,MEDICARE,0,2,1,0,M,NV,GENERAL SURGERY,85
972,HOSPITAL OUTPATIENT,COMMERCIAL,0,6,1,0,M,WI,NURSE PRACTITIONER,82
3837,EMERGENCY ROOM - HOSPITAL,COMMERCIAL,0,1,3,0,M,PA,EMERGENCY MEDICINE,35
2147,HOSPITAL OUTPATIENT,COMMERCIAL,0,49,30,2,M,TX,HOSPITALIST,77
1754,URGENT CARE FACILITY,MEDICARE,0,107,12,55,M,AL,FAMILY MEDICINE,76
363,EMERGENCY ROOM - HOSPITAL,COMMERCIAL,0,3,4,0,F,FL,ANATOMIC/CLINICAL PATHOLOGY,35
1888,URGENT CARE FACILITY,COMMERCIAL,0,4,0,0,M,NM,PHYSICIAN ASSISTANT,43
3718,OTHER PLACE OF SERVICE,COMMERCIAL,0,37,6,0,M,UNKNOWN,UNKNOWN,65
2003,OFFICE,COMMERCIAL,0,100,22,66,F,HI,PHYSICIAN ASSISTANT,69
2902,HOSPITAL OUTPATIENT,MEDICARE,0,89,26,1,M,MT,HEMATOLOGY/ONCOLOGY,61
3550,OFFICE,COMMERCIAL,0,18,8,1,F,FL,GASTROENTEROLOGY,55
1614,OFFICE,COMMERCIAL,0,13,1,8,M,MI,PHYSICIAN ASSISTANT,69
1229,OTHER PLACE OF SERVICE,COMMERCIAL,0,165,5,0,F,UNKNOWN,UNKNOWN,74
2242,OFFICE,COMMERCIAL,0,1,6,0,F,TX,PEDIATRICS,16
3940,OTHER PLACE OF SERVICE,MEDICARE,0,75,21,1,F,MI,NURSE PRACTITIONER,89
1453,EMERGENCY ROOM - HOSPITAL,COMMERCIAL,0,1,0,0,M,CA,ANATOMIC/CLINICAL PATHOLOGY,65
2625,TELEHEALTH PROVIDED OTHER THAN IN PATIENT'S HOME,COMMERCIAL,0,2,12,1,F,AR,FAMILY MEDICINE,44
85,INPATIENT HOSPITAL,MEDICARE,0,116,10,1,M,FL,HEMATOLOGY/ONCOLOGY,71
309,URGENT CARE FACILITY,COMMERCIAL,0,1,0,0,F,TX,FAMILY MEDICINE,33
3378,URGENT CARE FACILITY,COMMERCIAL,0,1,4,0,M,UNKNOWN,UNKNOWN,33
2424,EMERGENCY ROOM - HOSPITAL,COMMERCIAL,0,1,3,0,M,TX,DIAGNOSTIC RADIOLOGY,65
2443,INPATIENT HOSPITAL,COMMERCIAL,0,141,29,42,M,TX,HOSPITALIST,76
1236,TELEHEALTH PROVIDED OTHER THAN IN PATIENT'S HOME,MEDICAID,0,21,0,0,M,UNKNOWN,UNKNOWN,49
33,URGENT CARE FACILITY,COMMERCIAL,0,1,0,0,M,TX,NURSE PRACTITIONER,46
1076,OFFICE,COMMERCIAL,0,92,15,0,F,MI,INTERNAL MEDICINE,59
1972,TELEHEALTH PROVIDED OTHER THAN IN PATIENT'S HOME,COMMERCIAL,0,2,20,0,M,IL,PEDIATRICS,14
3988,TELEHEALTH PROVIDED OTHER THAN IN PATIENT'S HOME,COMMERCIAL,0,12,0,0,F,PA,FAMILY MEDICINE,33
2236,Unknown,COMMERCIAL,1,4,3,0,M,GA,INTERNAL MEDICINE,54
2789,Unknown,COMMERCIAL,1,8,1,0,M,GA,GERIATRIC MEDICINE (INTERNAL MEDICINE),47
1183,Unknown,COMMERCIAL,1,1,0,0,M,CO,NURSE PRACTITIONER,72
883,OFFICE,COMMERCIAL,0,8,18,0,F,KS,PHYSICIAN ASSISTANT,53
1313,EMERGENCY ROOM - HOSPITAL,MEDICARE,0,35,9,0,F,FL,EMERGENCY MEDICINE,89
1605,FEDERALLY QUALIFIED HEALTH CENTER,COMMERCIAL,0,29,0,0,M,CA,INTERNAL MEDICINE,48
28,Unknown,COMMERCIAL,0,5,0,1,F,OR,FAMILY MEDICINE,30
3004,Unknown,COMMERCIAL,1,34,3,0,M,WI,FAMILY MEDICINE,65
3763,Unknown,COMMERCIAL,0,22,0,36,M,VA,FAMILY MEDICINE,73
1522,Unknown,MEDICARE,0,40,10,13,F,FL,INTERNAL MEDICINE,78
3755,Unknown,MEDICARE,1,49,12,0,F,CA,FAMILY MEDICINE,86
990,Unknown,COMMERCIAL,0,7,5,4,F,AZ,NEUROLOGY,55
2324,INDEPENDENT LABORATORY,COMMERCIAL,0,68,24,47,F,UNKNOWN,UNKNOWN,48
354,TELEHEALTH PROVIDED OTHER THAN IN PATIENT'S HOME,COMMERCIAL,0,8,3,0,F,FL,INTERNAL MEDICINE,63
323,URGENT CARE FACILITY,COMMERCIAL,0,1,4,0,F,NJ,EMERGENCY MEDICINE,34
481,FEDERALLY QUALIFIED HEALTH CENTER,COMMERCIAL,0,2,2,0,F,OR,PEDIATRICS,7
1755,OFFICE,COMMERCIAL,0,4,37,0,F,TX,OCCUPATIONAL THERAPY,83
414,URGENT CARE FACILITY,COMMERCIAL,0,1,0,0,F,MO,PHYSICIAN ASSISTANT,30
3850,Unknown,COMMERCIAL,0,4,6,97,F,CT,NEUROLOGY,66
3501,Unknown,COMMERCIAL,1,6,0,0,M,CA,FAMILY MEDICINE,59
3877,URGENT CARE FACILITY,COMMERCIAL,0,4,1,0,M,MD,NURSE PRACTITIONER,63
1102,URGENT CARE FACILITY,COMMERCIAL,0,1,0,31,M,IL,PHYSICIAN ASSISTANT,47
2021,TELEHEALTH PROVIDED OTHER THAN IN PATIENT'S HOME,COMMERCIAL,0,8,9,0,M,MD,INTERNAL MEDICINE,40
2713,Unknown,COMMERCIAL,1,18,2,0,M,UNKNOWN,UNKNOWN,67
3526,Unknown,COMMERCIAL,1,1,0,1,F,AR,NURSE PRACTITIONER,43
2684,Unknown,COMMERCIAL,1,13,14,0,F,TX,NURSE PRACTITIONER,47
3267,HOSPITAL OUTPATIENT,MEDICARE,0,53,4,0,M,WV,PHYSICIAN ASSISTANT,81
946,OFFICE,MEDICAID,0,1,2,0,M,NH,NURSE PRACTITIONER,64
2693,ON CAMPUS-OUTPATIENT HOSPITAL,COMMERCIAL,0,1,4,0,M,NY,FAMILY MEDICINE,19
495,URGENT CARE FACILITY,COMMERCIAL,0,5,1,0,F,IN,PHYSICIAN ASSISTANT,62
2756,OFFICE,COMMERCIAL,0,1,2,0,M,WI,PEDIATRICS,40
2430,OFFICE,COMMERCIAL,0,59,24,0,M,TX,INTERNAL MEDICINE,58
47,EMERGENCY ROOM - HOSPITAL,COMMERCIAL,0,2,2,0,M,CA,ANATOMIC/CLINICAL PATHOLOGY,36
1027,OFFICE,COMMERCIAL,0,5,13,0,F,CA,PEDIATRICS,18
3297,URGENT CARE FACILITY,COMMERCIAL,0,10,2,1,F,WA,FAMILY MEDICINE,68
3542,URGENT CARE FACILITY,COMMERCIAL,0,5,0,0,F,PA,FAMILY MEDICINE,65
2842,OFFICE,COMMERCIAL,0,8,17,0,M,IL,INTERNAL MEDICINE,24
745,Unknown,COMMERCIAL,1,1,1,0,M,NY,PHYSICIAN ASSISTANT,45
518,Unknown,COMMERCIAL,1,6,1,2,F,CA,EMERGENCY MEDICINE,34
2635,Unknown,CASH,1,28,2,2,M,MO,FAMILY MEDICINE,61
3163,Unknown,COMMERCIAL,1,1,4,0,M,WA,PHYSICIAN ASSISTANT,26
1821,HOSPITAL OUTPATIENT,COMMERCIAL,0,64,24,8,F,DC,PEDIATRIC EMERGENCY MEDICINE,53
3663,INDEPENDENT LABORATORY,COMMERCIAL,0,2,1,0,F,UNKNOWN,UNKNOWN,75
3260,OFFICE,COMMERCIAL,0,1,1,0,F,TN,NURSE PRACTITIONER,30
2051,INPATIENT HOSPITAL,COMMERCIAL,0,7,1,0,M,NJ,INFECTIOUS DISEASE,52
3861,HOSPITAL OUTPATIENT,MEDICARE,0,22,2,7,M,NY,INTERNAL MEDICINE,80
3624,OFF CAMPUS-OUTPATIENT HOSPITAL,COMMERCIAL,0,21,4,1,M,WA,PHYSICIAN ASSISTANT,89
2115,EMERGENCY ROOM - HOSPITAL,COMMERCIAL,0,1,3,0,M,TX,EMERGENCY MEDICINE,40
1272,EMERGENCY ROOM - HOSPITAL,COMMERCIAL,0,1,5,0,F,NC,EMERGENCY MEDICINE,13
417,EMERGENCY ROOM - HOSPITAL,COMMERCIAL,0,2,1,0,F,CA,ANATOMIC/CLINICAL PATHOLOGY,6
2718,EMERGENCY ROOM - HOSPITAL,MEDICARE,0,55,12,10,M,VA,EMERGENCY MEDICINE,89
2974,INTERMEDIATE CARE - LEVEL I,COMMERCIAL,0,54,2,0,F,IL,INTERNAL MEDICINE,87
1032,HOSPITAL OUTPATIENT,COMMERCIAL,0,1,18,0,F,PA,EMERGENCY MEDICINE,11
570,OFFICE,COMMERCIAL,0,33,26,4,M,WA,NURSE PRACTITIONER,41
1149,TELEHEALTH PROVIDED OTHER THAN IN PATIENT'S HOME,COMMERCIAL,0,9,0,0,F,TX,FAMILY MEDICINE,33
2932,EMERGENCY ROOM - HOSPITAL,MEDICAID,0,14,22,0,F,CO,PEDIATRIC RADIOLOGY,58
675,OFFICE,COMMERCIAL,0,6,10,0,F,PA,FAMILY MEDICINE,48
2629,OFFICE,COMMERCIAL,0,38,24,3,M,IL,FAMILY MEDICINE,87
3424,TELEHEALTH PROVIDED IN PATIENT'S HOME,COMMERCIAL,0,5,1,0,F,RI,NURSE PRACTITIONER,64
933,URGENT CARE FACILITY,COMMERCIAL,0,3,15,1,F,NV,NURSE PRACTITIONER,52
2385,INDEPENDENT LABORATORY,COMMERCIAL,0,1,7,0,M,UNKNOWN,UNKNOWN,46
3641,URGENT CARE FACILITY,COMMERCIAL,0,19,5,0,F,VA,FAMILY MEDICINE,51
1578,INPATIENT HOSPITAL,COMMERCIAL,0,161,31,0,M,FL,INTERNAL MEDICINE,89
1905,EMERGENCY ROOM - HOSPITAL,COMMERCIAL,0,1,10,0,F,IL,PEDIATRIC RADIOLOGY,14
608,Unknown,MEDICARE,1,1,0,0,F,OH,NURSE PRACTITIONER,75
3714,Unknown,COMMERCIAL,0,7,16,7,M,IN,PHYSICIAN ASSISTANT,60
3669,Unknown,COMMERCIAL,1,8,0,0,F,MD,FAMILY MEDICINE,79
3771,Unknown,MEDICARE,0,80,4,12,F,SC,FAMILY MEDICINE,86
3072,Unknown,MEDICARE,0,89,24,13,M,NY,NURSE PRACTITIONER,87
1335,Unknown,MEDICARE,1,35,11,0,F,UT,PHYSICIAN ASSISTANT,79
3204,EMERGENCY ROOM - HOSPITAL,COMMERCIAL,0,2,1,0,F,WA,EMERGENCY MEDICINE,60
1886,OFFICE,COMMERCIAL,0,1,6,0,F,MS,NURSE PRACTITIONER,20
329,EMERGENCY ROOM - HOSPITAL,COMMERCIAL,0,1,1,0,F,MO,DIAGNOSTIC RADIOLOGY,5
1483,EMERGENCY ROOM - HOSPITAL,COMMERCIAL,0,27,1,0,M,KY,EMERGENCY MEDICINE,68
2323,HOSPITAL INPATIENT (INCLUDING MEDICARE PART A),MEDICAID,0,1,0,0,F,ME,OBSTETRICS & GYNECOLOGY,32
1788,OFFICE,COMMERCIAL,0,1,1,0,M,AL,NURSE PRACTITIONER,43
1190,URGENT CARE FACILITY,COMMERCIAL,0,2,2,0,F,CO,NURSE PRACTITIONER,31
3031,TELEHEALTH PROVIDED OTHER THAN IN PATIENT'S HOME,COMMERCIAL,0,5,2,0,F,CA,PHYSICIAN ASSISTANT,74
3972,OFFICE,MEDICARE,0,44,9,26,M,PA,FAMILY MEDICINE,77
1637,OFFICE,COMMERCIAL,0,1,3,0,M,FL,FAMILY MEDICINE,55
368,OFFICE,COMMERCIAL,0,1,2,0,F,KS,PHYSICIAN ASSISTANT,6
3405,URGENT CARE FACILITY,COMMERCIAL,0,7,2,0,F,GA,FAMILY MEDICINE,64
564,EMERGENCY ROOM - HOSPITAL,COMMERCIAL,0,1,6,0,F,NY,EMERGENCY MEDICINE,26
2352,Unknown,COMMERCIAL,1,1,3,0,F,NM,PHYSICIAN ASSISTANT,41
2431,Unknown,COMMERCIAL,1,8,5,1,M,NY,FAMILY MEDICINE,72
1248,Unknown,MEDICARE,0,5,1,9,F,MA,FAMILY MEDICINE,74
3429,Unknown,COMMERCIAL,1,3,6,0,M,MI,PHYSICIAN ASSISTANT,60
2109,Unknown,COMMERCIAL,1,1,0,0,F,CT,PHYSICIAN ASSISTANT,50
1927,Unknown,COMMERCIAL,1,1,1,0,M,WA,EMERGENCY MEDICINE,49
2568,Unknown,COMMERCIAL,1,12,2,0,F,NM,NURSE PRACTITIONER,63
2605,Unknown,COMMERCIAL,1,14,29,14,F,WI,PHYSICIAN ASSISTANT,69
696,OFFICE,COMMERCIAL,0,1,3,0,M,NC,NURSE PRACTITIONER,10
2856,Unknown,MEDICARE,0,87,78,50,F,IN,PULMONARY CRITICAL CARE MEDICINE,88
1258,Unknown,COMMERCIAL,0,6,1,18,F,MN,PHYSICIAN ASSISTANT,44
3423,Unknown,MEDICARE,0,8,3,81,M,LA,FAMILY MEDICINE,73
3437,Unknown,COMMERCIAL,0,4,10,29,M,LA,PHYSICIAN ASSISTANT,63
2518,Unknown,COMMERCIAL,0,30,4,11,F,IL,CARDIOVASCULAR DISEASE,55
2627,TELEHEALTH PROVIDED OTHER THAN IN PATIENT'S HOME,MEDICARE,0,8,7,0,M,IL,NURSE PRACTITIONER,55
2016,OFFICE,COMMERCIAL,0,2,8,0,F,VA,INTERNAL MEDICINE,24
2200,HOSPITAL OUTPATIENT,COMMERCIAL,0,6,8,0,M,MD,EMERGENCY MEDICINE,49
227,EMERGENCY ROOM - HOSPITAL,COMMERCIAL,0,1,2,0,F,UNKNOWN,UNKNOWN,5
156,OFFICE,COMMERCIAL,0,1,2,0,F,NE,FAMILY MEDICINE,33
3118,ON CAMPUS-OUTPATIENT HOSPITAL,COMMERCIAL,0,1,3,0,F,MS,OBSTETRICS & GYNECOLOGY,29
2309,EMERGENCY ROOM - HOSPITAL,COMMERCIAL,0,3,3,0,F,AZ,EMERGENCY MEDICINE,34
3084,Unknown,COMMERCIAL,1,2,1,1,M,AZ,PHYSICIAN ASSISTANT,84
3932,Unknown,MEDICARE,0,30,9,71,M,MI,FAMILY MEDICINE,84
1178,Unknown,MEDICAID,0,1,1,8,M,MO,NURSE PRACTITIONER,26
3299,TELEHEALTH PROVIDED OTHER THAN IN PATIENT'S HOME,COMMERCIAL,0,1,1,3,M,CA,PHYSICIAN ASSISTANT,57
3666,TELEHEALTH PROVIDED OTHER THAN IN PATIENT'S HOME,COMMERCIAL,0,9,6,0,F,KY,PHYSICIAN ASSISTANT,73
3283,EMERGENCY ROOM - HOSPITAL,COMMERCIAL,0,4,2,0,F,TX,FAMILY MEDICINE,45
2498,TELEHEALTH PROVIDED IN PATIENT'S HOME,COMMERCIAL,0,23,2,1,F,FL,FAMILY MEDICINE,57
21,AMBULANCE - LAND,COMMERCIAL,0,3,2,0,M,UNKNOWN,UNKNOWN,89
2711,EMERGENCY ROOM - HOSPITAL,COMMERCIAL,0,3,32,0,F,TX,EMERGENCY MEDICINE,35
988,OFFICE,COMMERCIAL,0,1,4,0,M,VA,FAMILY MEDICINE,45
3835,INPATIENT HOSPITAL,MEDICARE,0,59,14,0,F,FL,INTERNAL MEDICINE,48
3561,Unknown,COMMERCIAL,1,13,4,0,F,TX,FAMILY MEDICINE,77
3038,Unknown,MEDICARE,0,143,16,27,M,MI,INTERNAL MEDICINE,83
3020,INPATIENT HOSPITAL,MEDICARE,0,9,3,21,F,CA,CARDIOVASCULAR DISEASE,87
2670,URGENT CARE FACILITY,MEDICARE,0,26,14,0,M,NC,EMERGENCY MEDICINE,84
1127,EMERGENCY ROOM - HOSPITAL,COMMERCIAL,0,46,8,0,F,PA,EMERGENCY MEDICINE,40
1344,ON CAMPUS-OUTPATIENT HOSPITAL,MEDICARE,0,36,11,0,M,MN,DIAGNOSTIC RADIOLOGY,89
3428,TELEHEALTH PROVIDED OTHER THAN IN PATIENT'S HOME,COMMERCIAL,0,4,3,0,F,TX,FAMILY MEDICINE,22
2191,HOSPITAL - LABORATORY SERVICES PROVIDED TO NON-PATIENTS,COMMERCIAL,0,14,23,6,F,CA,EMERGENCY MEDICINE,37
1697,CLINIC - RURAL HEALTH,COMMERCIAL,0,28,6,4,F,OR,FAMILY MEDICINE,70
1741,URGENT CARE FACILITY,COMMERCIAL,0,3,1,0,F,MD,EMERGENCY MEDICINE,45
1328,OFFICE,COMMERCIAL,0,22,1,0,F,CA,FAMILY MEDICINE,51
447,OFFICE,COMMERCIAL,0,1,8,0,M,LA,NURSE PRACTITIONER,6
1388,OFFICE,MEDICARE,0,5,19,0,F,IL,NURSE PRACTITIONER,70
3140,UNASSIGNED,MEDICARE,0,65,10,72,M,CT,NURSE PRACTITIONER,89
251,TELEHEALTH PROVIDED IN PATIENT'S HOME,COMMERCIAL,0,1,0,0,M,UNKNOWN,UNKNOWN,43
2703,UNASSIGNED,COMMERCIAL,0,126,5,3,F,UNKNOWN,UNKNOWN,89
2927,INDEPENDENT LABORATORY,COMMERCIAL,0,6,1,0,F,UNKNOWN,UNKNOWN,57
3878,Unknown,COMMERCIAL,0,24,6,1,M,IN,UROLOGY,69
3222,Unknown,MEDICAID,0,16,10,14,F,UNKNOWN,UNKNOWN,36
2355,Unknown,COMMERCIAL,1,10,1,0,M,CA,FAMILY MEDICINE,40
2313,Unknown,COMMERCIAL,1,12,3,3,F,GA,FAMILY MEDICINE,73
2720,Unknown,MEDICARE,1,44,6,2,F,TX,INTERNAL MEDICINE,85
3094,Unknown,COMMERCIAL,1,41,1,0,F,MI,FAMILY MEDICINE,62
1609,Unknown,COMMERCIAL,0,155,0,33,F,VA,NURSE PRACTITIONER,62
2371,OFFICE,COMMERCIAL,0,5,1,1,F,CO,FAMILY MEDICINE,49
1961,HOSPITAL OUTPATIENT,COMMERCIAL,0,4,6,0,M,FL,INTERNAL MEDICINE,56
2714,OFFICE,MEDICARE,0,36,2,2,M,MN,PHYSICIAN ASSISTANT,74
2539,OFFICE,COMMERCIAL,0,147,15,11,F,FL,INTERNAL MEDICINE,89
1678,OFFICE,COMMERCIAL,0,1,1,0,F,IA,INTERNAL MEDICINE,42
3092,Unknown,COMMERCIAL,0,48,2,42,F,TX,INTERVENTIONAL CARDIOLOGY,61
2102,Unknown,MEDICARE,0,57,11,22,F,TN,CARDIOVASCULAR DISEASE,89
3856,Unknown,MEDICARE,1,6,17,0,F,MI,INTERNAL MEDICINE/FAMILY MEDICINE,73
1693,Unknown,COMMERCIAL,1,7,11,0,F,TX,NURSE PRACTITIONER,57
3994,Unknown,MEDICARE,0,47,15,38,M,SC,INTERNAL MEDICINE,89
3765,Unknown,MEDICARE,0,20,3,56,M,NY,FAMILY MEDICINE,75
3386,Unknown,COMMERCIAL,1,1,17,0,M,TX,NURSE PRACTITIONER,23
2832,Unknown,COMMERCIAL,1,3,1,20,F,AL,NURSE PRACTITIONER,65
1455,HOSPITAL INPATIENT (INCLUDING MEDICARE PART A),COMMERCIAL,0,3,1,0,F,CA,INTERNAL MEDICINE,40
969,URGENT CARE FACILITY,COMMERCIAL,0,74,7,2,F,UNKNOWN,UNKNOWN,42
3846,TELEHEALTH PROVIDED OTHER THAN IN PATIENT'S HOME,MEDICARE,0,4,0,0,F,CT,PHYSICIAN ASSISTANT,76
814,URGENT CARE FACILITY,COMMERCIAL,0,2,3,0,F,OR,PHYSICIAN ASSISTANT,37
108,OTHER PLACE OF SERVICE,COMMERCIAL,0,4,1,0,M,UNKNOWN,UNKNOWN,4
1668,HOSPITAL OUTPATIENT,COMMERCIAL,0,2,0,0,F,OH,PHYSICIAN ASSISTANT,40
3684,URGENT CARE FACILITY,COMMERCIAL,0,1,1,0,F,UNKNOWN,UNKNOWN,49
591,EMERGENCY ROOM - HOSPITAL,COMMERCIAL,0,1,2,0,F,OH,EMERGENCY MEDICINE,9
791,Unknown,COMMERCIAL,0,5,1,79,M,NY,INTERNAL MEDICINE,58
505,Unknown,COMMERCIAL,0,9,6,2,F,VA,NEUROLOGY,74
2686,Unknown,COMMERCIAL,0,13,6,11,F,AZ,FAMILY MEDICINE,60
3536,Unknown,COMMERCIAL,1,3,4,0,F,CT,FAMILY MEDICINE,50
1029,Unknown,MEDICAID,0,1,42,8,F,IN,CHILD NEUROLOGY,11
362,INPATIENT HOSPITAL,COMMERCIAL,0,31,5,0,M,FL,PULMONARY DISEASE,67
1796,INPATIENT HOSPITAL,COMMERCIAL,0,118,0,0,M,FL,ANATOMIC/CLINICAL PATHOLOGY,65
3320,HOSPITAL OUTPATIENT,COMMERCIAL,0,2,0,0,F,MO,FAMILY MEDICINE,44
2482,INDEPENDENT LABORATORY,COMMERCIAL,0,1,0,0,M,UNKNOWN,UNKNOWN,30
1469,OFFICE,COMMERCIAL,0,9,3,2,M,TX,FAMILY MEDICINE,70
1778,OFFICE,COMMERCIAL,0,3,13,0,F,MD,CHIROPRACTIC,41
1797,EMERGENCY ROOM - HOSPITAL,COMMERCIAL,0,8,4,0,M,OH,DIAGNOSTIC RADIOLOGY,52
1495,CLINIC - FREESTANDING,MEDICAID,0,2,0,0,M,CA,NURSE PRACTITIONER,57
1513,TELEHEALTH PROVIDED IN PATIENT'S HOME,COMMERCIAL,0,23,0,1,F,PR,GENERAL PRACTICE,58
1585,TELEHEALTH PROVIDED OTHER THAN IN PATIENT'S HOME,COMMERCIAL,0,108,34,1,F,MI,INTERNAL MEDICINE,67
1450,URGENT CARE FACILITY,COMMERCIAL,0,1,0,0,F,NY,PHYSICIAN ASSISTANT,42
145,INDEPENDENT LABORATORY,COMMERCIAL,0,2,1,0,F,UNKNOWN,UNKNOWN,17
3082,TELEHEALTH PROVIDED OTHER THAN IN PATIENT'S HOME,COMMERCIAL,0,9,6,0,M,CT,INTERNAL MEDICINE,63
979,OFFICE,COMMERCIAL,0,5,7,0,M,NY,PEDIATRICS,11
2685,OFFICE,COMMERCIAL,0,16,4,0,M,AL,NURSE PRACTITIONER,22
677,TELEHEALTH PROVIDED OTHER THAN IN PATIENT'S HOME,COMMERCIAL,0,3,0,10,M,TX,FAMILY MEDICINE,69
2376,URGENT CARE FACILITY,MEDICARE,0,29,8,8,M,MI,PHYSICIAN ASSISTANT,69
1497,HOSPITAL OUTPATIENT,COMMERCIAL,0,45,6,0,F,NY,EMERGENCY MEDICINE,55
169,OFFICE,COMMERCIAL,0,1,1,0,M,TX,PEDIATRICS,5
3034,OFFICE,COMMERCIAL,0,4,7,0,F,VA,INTERNAL MEDICINE,48
1039,OFFICE,MEDICARE,0,34,3,0,F,TX,FAMILY MEDICINE,69
2032,Unknown,MEDICAID,0,35,6,53,M,TN,HEMATOLOGY/ONCOLOGY,68
431,Unknown,COMMERCIAL,0,7,3,2,F,GA,INTERNAL MEDICINE,44
1570,Unknown,MEDICARE,0,25,6,22,M,OR,FAMILY MEDICINE,83
1703,Unknown,COMMERCIAL,1,14,12,0,F,PA,FAMILY MEDICINE,65
1408,Unknown,COMMERCIAL,1,7,0,0,F,AZ,INTERNAL MEDICINE,78
3752,Unknown,MEDICARE,0,31,8,27,M,MI,FAMILY MEDICINE,75
3781,OFFICE,COMMERCIAL,0,70,4,9,M,OH,NURSE PRACTITIONER,89
2410,URGENT CARE FACILITY,COMMERCIAL,0,1,2,0,M,NM,NURSE PRACTITIONER,41
524,URGENT CARE FACILITY,COMMERCIAL,0,1,14,0,F,UNKNOWN,UNKNOWN,7
3897,INDEPENDENT LABORATORY,COMMERCIAL,0,1,2,0,M,UNKNOWN,UNKNOWN,47
202,EMERGENCY ROOM - HOSPITAL,COMMERCIAL,0,1,1,0,F,TX,EMERGENCY MEDICINE,27
590,INDEPENDENT LABORATORY,COMMERCIAL,0,2,1,0,M,UNKNOWN,UNKNOWN,30
3595,TELEHEALTH PROVIDED IN PATIENT'S HOME,MEDICARE,0,36,6,32,F,CA,FAMILY MEDICINE,79
2669,OFFICE,COMMERCIAL,0,5,5,0,F,NY,FAMILY MEDICINE,60
2750,EMERGENCY ROOM - HOSPITAL,COMMERCIAL,0,1,2,0,F,LA,EMERGENCY MEDICINE,36
1150,EMERGENCY ROOM - HOSPITAL,COMMERCIAL,0,6,14,0,F,TX,UNSPECIFIED,12
2637,URGENT CARE FACILITY,COMMERCIAL,0,1,0,0,M,CA,NURSE PRACTITIONER,28
2505,OFFICE,COMMERCIAL,0,4,6,0,M,TN,FAMILY MEDICINE,53
917,OFFICE,COMMERCIAL,0,1,20,0,M,KY,NURSE PRACTITIONER,10
1045,EMERGENCY ROOM - HOSPITAL,COMMERCIAL,0,1,0,0,F,LA,EMERGENCY MEDICINE,32
2831,Unknown,MEDICARE,0,1,0,2,F,TN,PHYSICIAN ASSISTANT,36
3355,Unknown,COMMERCIAL,1,3,7,0,M,RI,FAMILY MEDICINE,29
2103,EMERGENCY ROOM - HOSPITAL,MEDICARE,0,3,2,0,M,MO,EMERGENCY MEDICINE,69
2192,URGENT CARE FACILITY,MEDICARE,0,4,2,0,F,NH,NURSE PRACTITIONER,76
578,OFFICE,COMMERCIAL,0,5,3,15,M,FL,FAMILY MEDICINE,68
1805,OTHER PLACE OF SERVICE,MEDICARE,0,5,1,23,F,UNKNOWN,UNKNOWN,82
1717,Unknown,COMMERCIAL,0,3,2,24,F,NV,FAMILY MEDICINE,52
3958,Unknown,COMMERCIAL,0,6,19,23,M,OH,FAMILY MEDICINE,63
3535,Unknown,COMMERCIAL,0,2,0,2,F,PA,FAMILY MEDICINE,27
1610,Unknown,MEDICARE,1,9,7,4,F,TX,NURSE PRACTITIONER,71
3650,Unknown,MEDICARE,0,15,4,40,F,FL,INTERNAL MEDICINE,89
3973,EMERGENCY ROOM - HOSPITAL,COMMERCIAL,0,7,9,1,F,PA,EMERGENCY MEDICINE,33
2043,OFFICE,COMMERCIAL,0,26,3,0,F,CA,NEURORADIOLOGY,34
387,ON CAMPUS-OUTPATIENT HOSPITAL,COMMERCIAL,0,2,0,0,M,MD,PEDIATRIC RADIOLOGY,17
3184,OFFICE,COMMERCIAL,0,33,3,0,F,TX,FAMILY MEDICINE,47
3037,UNASSIGNED,COMMERCIAL,0,93,31,48,F,CA,INTERNAL MEDICINE,66
3127,OFFICE,COMMERCIAL,0,30,9,0,F,NY,INTERNAL MEDICINE,63
971,EMERGENCY ROOM - HOSPITAL,COMMERCIAL,0,3,3,0,F,CA,EMERGENCY MEDICINE,19
2610,OFFICE,COMMERCIAL,0,1,17,0,M,MS,FAMILY MEDICINE,78
620,OFFICE,COMMERCIAL,0,2,0,0,F,DC,NURSE PRACTITIONER,34
3254,OFFICE,MEDICARE,0,17,4,0,F,MS,NURSE PRACTITIONER,70
662,URGENT CARE FACILITY,COMMERCIAL,0,4,1,0,F,MO,PHYSICIAN ASSISTANT,58
1531,INDEPENDENT LABORATORY,COMMERCIAL,0,4,1,0,M,UNKNOWN,UNKNOWN,46
824,Unknown,COMMERCIAL,1,4,2,0,M,NY,INTERNAL MEDICINE,40
785,Unknown,COMMERCIAL,0,3,1,3,F,NY,PHYSICIAN ASSISTANT,23
2840,Unknown,COMMERCIAL,1,2,2,1,M,TX,EMERGENCY MEDICINE,59
2900,Unknown,COMMERCIAL,1,8,52,0,M,NJ,PHYSICIAN ASSISTANT,52
477,URGENT CARE FACILITY,COMMERCIAL,0,1,1,0,F,WA,FAMILY MEDICINE,55
1920,UNASSIGNED,MEDICARE,0,12,12,0,M,DC,INTERNAL MEDICINE,78
3569,EMERGENCY ROOM - HOSPITAL,COMMERCIAL,0,7,3,1,M,FL,NURSE PRACTITIONER,71
2984,INPATIENT HOSPITAL,COMMERCIAL,0,110,9,14,M,NE,INTERNAL MEDICINE,89
3175,OFFICE,COMMERCIAL,0,2,5,0,F,TX,PEDIATRICS,24
1887,OFFICE,COMMERCIAL,0,1,0,0,M,NY,INTERNAL MEDICINE,39
2461,URGENT CARE FACILITY,COMMERCIAL,0,4,77,0,F,CO,NURSE PRACTITIONER,81
2131,INPATIENT PSYCHIATRIC FACILITY,COMMERCIAL,0,6,3,0,F,NM,FAMILY MEDICINE,27
3336,OFFICE,MEDICARE,0,63,8,0,F,FL,PHYSICIAN ASSISTANT,89
2457,ON CAMPUS-OUTPATIENT HOSPITAL,COMMERCIAL,0,9,2,1,F,CA,EMERGENCY MEDICINE,46
1109,TELEHEALTH PROVIDED OTHER THAN IN PATIENT'S HOME,COMMERCIAL,0,6,0,0,F,TX,INTERNAL MEDICINE,38
334,INDEPENDENT LABORATORY,COMMERCIAL,0,3,1,0,M,UNKNOWN,UNKNOWN,68
2256,URGENT CARE FACILITY,COMMERCIAL,0,1,4,0,F,VA,NURSE PRACTITIONER,17
1080,EMERGENCY ROOM - HOSPITAL,COMMERCIAL,0,18,3,0,M,MD,NURSE PRACTITIONER,40
1604,URGENT CARE FACILITY,COMMERCIAL,0,45,14,0,F,NV,NURSE PRACTITIONER,66
2818,URGENT CARE FACILITY,COMMERCIAL,0,7,12,10,M,UNKNOWN,UNKNOWN,38
2258,OFFICE,COMMERCIAL,0,48,5,3,F,NY,FAMILY MEDICINE,55
2178,Unknown,MEDICARE,0,11,5,8,F,WA,INTERNAL MEDICINE,46
3953,Unknown,MEDICARE,0,105,19,53,F,OH,NURSE PRACTITIONER,77
3206,Unknown,COMMERCIAL,1,13,4,15,M,UNKNOWN,UNKNOWN,54
2316,INDEPENDENT LABORATORY,COMMERCIAL,0,3,5,30,M,UNKNOWN,UNKNOWN,80
1692,Unknown,COMMERCIAL,1,1,2,0,M,TX,EMERGENCY MEDICINE,73
2837,Unknown,COMMERCIAL,0,39,32,59,F,NC,INTERNAL MEDICINE,77
2743,Unknown,COMMERCIAL,0,9,3,1,M,IA,NEUROLOGY,72
3277,OFFICE,COMMERCIAL,0,2,7,0,M,AR,NURSE PRACTITIONER,28
3963,OFFICE,COMMERCIAL,0,8,8,0,M,MN,CARDIOVASCULAR DISEASE,77
771,URGENT CARE FACILITY,COMMERCIAL,0,1,2,1,F,IL,FAMILY MEDICINE,9
1093,HOSPITAL OUTPATIENT,COMMERCIAL,0,4,0,0,F,CA,EMERGENCY MEDICINE,12
3754,TELEHEALTH PROVIDED OTHER THAN IN PATIENT'S HOME,COMMERCIAL,0,10,8,0,F,IL,PSYCHIATRY,39
2717,Unknown,MEDICARE,0,85,17,18,F,IA,FAMILY MEDICINE,89
3938,Unknown,MEDICARE,1,2,0,0,F,CT,INTERNAL MEDICINE,33
2820,Unknown,COMMERCIAL,1,9,2,0,F,KY,NURSE PRACTITIONER,65
1757,Unknown,COMMERCIAL,1,2,1,0,F,MA,FAMILY MEDICINE,60
862,OFFICE,COMMERCIAL,0,1,0,0,F,VA,FAMILY MEDICINE,25
3798,OFFICE,COMMERCIAL,0,2,9,1,F,DC,NURSE PRACTITIONER,58
471,OFFICE,COMMERCIAL,0,2,10,0,M,NC,PHYSICIAN ASSISTANT,7
2822,EMERGENCY ROOM - HOSPITAL,MEDICARE,0,103,16,1,F,TX,FAMILY MEDICINE,83
1171,INDEPENDENT LABORATORY,COMMERCIAL,0,1,2,0,M,UNKNOWN,UNKNOWN,36
2250,CLINIC  - FEDERALLY QUALIFIED HEALTH CENTER (FQHC),COMMERCIAL,0,15,7,0,F,CA,FAMILY MEDICINE,74
1657,URGENT CARE FACILITY,COMMERCIAL,0,9,21,6,F,MS,NURSE PRACTITIONER,39
2101,OFFICE,COMMERCIAL,0,8,15,0,F,UT,FAMILY MEDICINE,75
2611,OFFICE,MEDICARE,0,98,9,41,F,LA,FAMILY MEDICINE,81
3901,URGENT CARE FACILITY,COMMERCIAL,0,6,16,1,F,PA,INTERNAL MEDICINE,47
534,URGENT CARE FACILITY,COMMERCIAL,0,57,50,0,M,WI,FAMILY MEDICINE,62
2721,Unknown,COMMERCIAL,0,36,4,22,F,NY,"ENDOCRINOLOGY, DIABETES & METABOLISM",57
3911,Unknown,COMMERCIAL,1,14,0,0,F,MI,FAMILY MEDICINE,38
3107,Unknown,MEDICARE,1,10,3,2,F,MN,FAMILY MEDICINE,83
2699,Unknown,COMMERCIAL,1,8,7,0,F,NV,PHYSICIAN ASSISTANT,43
1897,TELEHEALTH PROVIDED OTHER THAN IN PATIENT'S HOME,COMMERCIAL,0,8,0,0,F,UT,PSYCHIATRY,79
1204,UNASSIGNED,COMMERCIAL,0,22,0,0,F,VA,INTERNAL MEDICINE,73
604,URGENT CARE FACILITY,COMMERCIAL,0,1,0,0,F,UNKNOWN,UNKNOWN,16
3419,ON CAMPUS-OUTPATIENT HOSPITAL,COMMERCIAL,0,7,7,49,M,FL,ANATOMIC/CLINICAL PATHOLOGY,69
1281,INPATIENT HOSPITAL,MEDICARE,0,6,1,5,M,WA,PHYSICIAN ASSISTANT,88
1736,OFFICE,COMMERCIAL,0,5,6,0,F,CO,FAMILY MEDICINE,40
1064,TELEHEALTH PROVIDED OTHER THAN IN PATIENT'S HOME,COMMERCIAL,0,7,2,0,F,CA,FAMILY MEDICINE,48
2819,OFFICE,MEDICAID,0,4,2,0,F,AL,NURSE PRACTITIONER,35
2112,URGENT CARE FACILITY,COMMERCIAL,0,1,5,0,F,NJ,PHYSICIAN ASSISTANT,26
3245,HOSPITAL OUTPATIENT,MEDICARE,0,6,0,14,M,NY,FAMILY MEDICINE,85
1518,CLINIC - FREESTANDING,MEDICAID,0,25,10,0,M,CA,FAMILY MEDICINE,41
1383,Unknown,MEDICARE,0,33,9,6,F,NY,INTERNAL MEDICINE,81
2472,Unknown,CASH,0,32,3,5,M,MN,NURSE PRACTITIONER,57
2541,Unknown,MEDICARE,0,3,17,15,F,MN,INTERNAL MEDICINE,72
3990,Unknown,COMMERCIAL,1,10,4,1,F,CA,OBSTETRICS & GYNECOLOGY,72
356,URGENT CARE FACILITY,COMMERCIAL,0,1,7,0,F,MI,FAMILY MEDICINE,6
707,EMERGENCY ROOM - HOSPITAL,COMMERCIAL,0,1,8,4,F,GA,PEDIATRIC EMERGENCY MEDICINE,9
1004,URGENT CARE FACILITY,COMMERCIAL,0,24,38,6,F,MD,INTERNAL MEDICINE,36
3506,OFFICE,COMMERCIAL,0,4,4,0,F,IN,INTERNAL MEDICINE,49
2963,AMBULANCE - LAND,COMMERCIAL,0,5,3,0,F,UNKNOWN,UNKNOWN,89
667,EMERGENCY ROOM - HOSPITAL,COMMERCIAL,0,2,5,0,F,TX,PEDIATRIC EMERGENCY MEDICINE (PEDIATRICS),9
2891,URGENT CARE FACILITY,MEDICARE,0,82,8,34,M,GA,NURSE PRACTITIONER,75
1263,EMERGENCY ROOM - HOSPITAL,COMMERCIAL,0,2,0,0,M,OK,NURSE PRACTITIONER,64
3947,OFFICE,MEDICARE,0,28,6,24,F,MD,INTERNAL MEDICINE,67
3029,OFFICE,COMMERCIAL,0,14,0,20,M,AZ,FAMILY MEDICINE,77
2801,TELEHEALTH PROVIDED OTHER THAN IN PATIENT'S HOME,COMMERCIAL,0,10,12,0,M,CA,INTERNAL MEDICINE,34
1706,EMERGENCY ROOM - HOSPITAL,COMMERCIAL,0,2,2,0,M,TX,DIAGNOSTIC RADIOLOGY,35
4014,URGENT CARE FACILITY,COMMERCIAL,0,26,1,0,M,UNKNOWN,UNKNOWN,30
1730,TELEHEALTH PROVIDED IN PATIENT'S HOME,COMMERCIAL,0,39,3,0,F,TX,INTERNAL MEDICINE,56
2894,OFFICE,COMMERCIAL,0,38,15,15,F,GA,INTERNAL MEDICINE,89
3608,HOSPITAL OUTPATIENT,COMMERCIAL,0,5,0,0,M,CA,FAMILY MEDICINE,70
2738,URGENT CARE FACILITY,COMMERCIAL,0,1,0,0,M,UNKNOWN,UNKNOWN,26
2777,Unknown,MEDICARE,1,2,0,0,M,MI,EMERGENCY MEDICINE,82
1962,Unknown,COMMERCIAL,1,1,2,5,F,CA,EMERGENCY MEDICINE,39
4012,Unknown,MEDICARE,1,4,7,0,F,IL,NURSE PRACTITIONER,77
1271,OFFICE,COMMERCIAL,0,155,8,0,F,FL,CARDIOVASCULAR DISEASE,72
2306,INDEPENDENT LABORATORY,COMMERCIAL,0,3,2,0,F,UNKNOWN,UNKNOWN,17
647,OFFICE,COMMERCIAL,0,2,0,0,F,ID,NURSE PRACTITIONER,9
3916,HOSPITAL OUTPATIENT,COMMERCIAL,0,48,12,0,F,MI,PHYSICIAN ASSISTANT,75
1231,OFFICE,COMMERCIAL,0,5,3,0,F,TX,RHEUMATOLOGY,62
2053,OFFICE,COMMERCIAL,0,38,15,15,F,CA,FAMILY MEDICINE,83
1138,Unknown,MEDICARE,1,5,2,5,F,GA,INTERNAL MEDICINE,85
3269,Unknown,COMMERCIAL,1,15,5,0,F,MD,NURSE PRACTITIONER,51
2195,Unknown,CASH,0,27,0,2,M,TX,NURSE PRACTITIONER,52
3842,Unknown,COMMERCIAL,0,23,10,21,F,VA,PULMONARY CRITICAL CARE MEDICINE,76
1363,Unknown,COMMERCIAL,0,17,13,28,M,NV,PHYSICIAN ASSISTANT,59
2379,OFFICE,COMMERCIAL,0,2,3,0,F,TX,FAMILY MEDICINE,44
1050,OFFICE,COMMERCIAL,0,23,6,0,M,TX,NURSE PRACTITIONER,41
282,OTHER PLACE OF SERVICE,COMMERCIAL,0,2,6,0,M,UNKNOWN,UNKNOWN,38
929,TELEHEALTH PROVIDED OTHER THAN IN PATIENT'S HOME,COMMERCIAL,0,49,1,0,M,CA,HEMATOLOGY/ONCOLOGY,74
1265,HOSPITAL OUTPATIENT,MEDICARE,0,69,10,13,F,MA,NURSE PRACTITIONER,80
2235,TELEHEALTH PROVIDED OTHER THAN IN PATIENT'S HOME,COMMERCIAL,0,5,7,0,F,MI,INTERNAL MEDICINE,46
3221,EMERGENCY ROOM - HOSPITAL,COMMERCIAL,0,14,10,0,F,SC,EMERGENCY MEDICINE,46
1984,ON CAMPUS-OUTPATIENT HOSPITAL,COMMERCIAL,0,87,15,0,M,IL,CARDIOVASCULAR DISEASE,65
3035,OFFICE,COMMERCIAL,0,49,1,11,F,MI,FAMILY MEDICINE,60
2571,OFFICE,MEDICARE,0,9,2,2,F,NE,FAMILY MEDICINE,77
1235,TELEHEALTH PROVIDED OTHER THAN IN PATIENT'S HOME,COMMERCIAL,0,23,9,0,F,WV,PSYCHIATRY,27
1461,OFFICE,MEDICARE,0,10,2,27,M,SD,DERMATOLOGY,83
375,URGENT CARE FACILITY,COMMERCIAL,0,2,5,0,M,UNKNOWN,UNKNOWN,32
2990,URGENT CARE FACILITY,COMMERCIAL,0,3,2,0,M,MO,EMERGENCY MEDICINE,62
3066,Unknown,COMMERCIAL,0,1,1,31,M,NJ,CLINICAL NEUROPHYSIOLOGY,54
780,Unknown,COMMERCIAL,1,2,1,2,M,CO,PHYSICIAN ASSISTANT,78
285,HOSPITAL OUTPATIENT,MEDICARE,0,3,1,0,F,MS,EMERGENCY MEDICINE,71
2342,EMERGENCY ROOM - HOSPITAL,COMMERCIAL,0,1,5,0,M,AR,PEDIATRIC EMERGENCY MEDICINE (PEDIATRICS),19
3847,HOSPITAL INPATIENT (INCLUDING MEDICARE PART A),MEDICARE,0,137,7,99,M,MA,PULMONARY CRITICAL CARE MEDICINE,72
3721,Unknown,COMMERCIAL,1,14,5,0,M,CA,FAMILY MEDICINE,61
1894,Unknown,COMMERCIAL,1,2,2,3,M,TX,NURSE PRACTITIONER,76
3923,Unknown,MEDICARE,1,67,3,0,F,CA,NURSE PRACTITIONER,85
1681,Unknown,COMMERCIAL,1,5,5,0,F,TX,FAMILY MEDICINE,50
3697,Unknown,COMMERCIAL,0,1,2,2,F,UT,PHYSICIAN ASSISTANT,51
2341,Unknown,COMMERCIAL,1,32,15,0,F,TN,PHYSICIAN ASSISTANT,38
1892,Unknown,COMMERCIAL,1,72,10,23,F,NY,FAMILY MEDICINE,73
1382,Unknown,COMMERCIAL,1,28,1,0,F,WI,FAMILY MEDICINE,46
3732,URGENT CARE FACILITY,COMMERCIAL,0,1,1,0,F,OH,NURSE PRACTITIONER,64
3292,INDEPENDENT LABORATORY,COMMERCIAL,0,7,0,6,F,UNKNOWN,UNKNOWN,62
1863,OFFICE,COMMERCIAL,0,6,2,0,F,CA,FAMILY MEDICINE,68
3809,EMERGENCY ROOM - HOSPITAL,MEDICARE,0,41,16,3,F,NJ,EMERGENCY MEDICINE,81
2908,OFFICE,MEDICARE,0,38,11,0,F,IN,NURSE PRACTITIONER,78
316,OFFICE,COMMERCIAL,0,1,1,0,F,UT,FAMILY MEDICINE,36
3638,URGENT CARE FACILITY,COMMERCIAL,0,3,13,0,F,UNKNOWN,UNKNOWN,69
2949,OFFICE,MEDICARE,0,35,1,62,M,NY,PHYSICIAN ASSISTANT,74
359,RURAL HEALTH CLINIC,COMMERCIAL,0,1,5,0,M,LA,NURSE PRACTITIONER,6
2907,EMERGENCY ROOM - HOSPITAL,MEDICARE,0,2,2,0,M,CA,DIAGNOSTIC RADIOLOGY,66
3538,TELEHEALTH PROVIDED OTHER THAN IN PATIENT'S HOME,COMMERCIAL,0,7,4,2,M,IA,FAMILY MEDICINE,64
255,FEDERALLY QUALIFIED HEALTH CENTER,COMMERCIAL,0,2,1,0,M,CA,PEDIATRICS,5
595,Unknown,COMMERCIAL,0,8,1,63,M,MD,CARDIOVASCULAR DISEASE,75
881,Unknown,COMMERCIAL,0,1,1,7,F,MA,INTERNAL MEDICINE,40
1698,INPATIENT HOSPITAL,COMMERCIAL,0,5,1,10,F,IA,DIAGNOSTIC RADIOLOGY,88
3057,OFFICE,COMMERCIAL,0,72,7,0,M,GA,FAMILY MEDICINE,56
2201,CLINIC  - FEDERALLY QUALIFIED HEALTH CENTER (FQHC),MEDICARE,0,30,1,14,M,WI,HOSPITALIST,69
777,OFFICE,COMMERCIAL,0,2,4,0,M,CA,FAMILY MEDICINE,37
2942,Unknown,COMMERCIAL,1,11,5,0,M,IL,EMERGENCY MEDICINE,40
3905,Unknown,COMMERCIAL,0,1,0,14,M,NJ,INTERNAL MEDICINE,68
446,Unknown,MEDICAID,1,3,7,0,F,CA,EMERGENCY MEDICINE,45
2378,Unknown,MEDICARE,1,76,0,0,F,MI,FAMILY MEDICINE,87
937,URGENT CARE FACILITY,COMMERCIAL,0,3,63,0,M,FL,ANATOMIC/CLINICAL PATHOLOGY,10
734,URGENT CARE FACILITY,COMMERCIAL,0,1,4,0,M,UNKNOWN,UNKNOWN,32
211,HOSPITAL OUTPATIENT,COMMERCIAL,0,1,1,0,F,FL,INTERNAL MEDICINE,5
601,OFFICE,COMMERCIAL,0,2,7,0,F,CA,PEDIATRICS,8
1245,TELEHEALTH PROVIDED OTHER THAN IN PATIENT'S HOME,COMMERCIAL,0,10,2,0,M,MI,INTERNAL MEDICINE,60
924,HOSPITAL OUTPATIENT,COMMERCIAL,0,34,7,1,F,MI,PODIATRIST,44
2651,URGENT CARE FACILITY,COMMERCIAL,0,38,22,2,M,CA,FAMILY MEDICINE,86
1921,INDEPENDENT LABORATORY,COMMERCIAL,0,2,6,0,M,UNKNOWN,UNKNOWN,16
887,TELEHEALTH PROVIDED OTHER THAN IN PATIENT'S HOME,COMMERCIAL,0,2,4,0,F,CA,INTERNAL MEDICINE,66
388,OFFICE,COMMERCIAL,0,2,10,0,M,TX,PHYSICIAN ASSISTANT,6
1428,OFFICE,COMMERCIAL,0,28,4,0,F,FL,INTERNAL MEDICINE,85
84,CLINIC - RURAL HEALTH,COMMERCIAL,0,2,0,0,F,MI,OBSTETRICS & GYNECOLOGY,28
296,URGENT CARE FACILITY,COMMERCIAL,0,1,2,0,M,IN,PHYSICIAN ASSISTANT,27
1267,TELEHEALTH PROVIDED OTHER THAN IN PATIENT'S HOME,COMMERCIAL,0,16,1,0,F,MI,FAMILY MEDICINE,40
1480,OFFICE,COMMERCIAL,0,4,11,0,F,CA,OTOLARYNGOLOGY,62
1998,Unknown,COMMERCIAL,0,117,1,18,M,MO,INTERNAL MEDICINE,87
3002,Unknown,COMMERCIAL,1,14,2,0,F,CA,FAMILY MEDICINE,40
1117,Unknown,COMMERCIAL,1,12,3,0,F,IN,NURSE PRACTITIONER,49
4010,Unknown,MEDICARE,0,9,1,61,M,CA,INTERNAL MEDICINE,78
695,Unknown,COMMERCIAL,0,6,2,21,M,TX,FAMILY MEDICINE,52
228,Unknown,MEDICAID,1,1,1,0,F,CA,PHYSICIAN ASSISTANT,38
2302,Unknown,MEDICARE,0,5,8,22,F,TX,FAMILY MEDICINE,73
3819,Unknown,MEDICARE,0,7,2,34,F,PA,INTERNAL MEDICINE,80
980,OFFICE,COMMERCIAL,0,2,1,0,M,FL,PHYSICIAN ASSISTANT,32
987,URGENT CARE FACILITY,COMMERCIAL,0,1,3,0,M,TX,PHYSICIAN ASSISTANT,29
3831,OTHER PLACE OF SERVICE,COMMERCIAL,0,36,7,22,M,NY,INFECTIOUS DISEASE,89
2194,OFFICE,MEDICARE,0,6,4,1,F,CO,NURSE PRACTITIONER,74
3731,URGENT CARE FACILITY,COMMERCIAL,0,1,0,0,M,UNKNOWN,UNKNOWN,37
378,Unknown,COMMERCIAL,1,1,0,0,M,CA,FAMILY MEDICINE,74
2119,Unknown,COMMERCIAL,1,3,0,1,F,MA,INTERNAL MEDICINE,65
2381,Unknown,MEDICAID,1,29,18,0,F,WI,PHYSICIAN ASSISTANT,23
3969,Unknown,MEDICARE,0,72,9,35,M,TN,INTERNAL MEDICINE,89
3498,Unknown,COMMERCIAL,1,1,1,0,M,TX,NURSE PRACTITIONER,28
423,OFFICE,COMMERCIAL,0,1,2,0,M,GA,PEDIATRICS,6
1239,AMBULATORY SURGERY CENTER,COMMERCIAL,0,10,1,4,M,NY,OTOLARYNGOLOGY,57
1121,OFFICE,COMMERCIAL,0,1,2,0,F,MD,PEDIATRICS,23
1901,OFFICE,COMMERCIAL,0,15,1,0,F,NC,FAMILY MEDICINE,54
1180,OFFICE,MEDICARE,0,28,4,0,M,IL,CARDIOVASCULAR DISEASE,72
758,EMERGENCY ROOM - HOSPITAL,MEDICAID,0,2,5,0,F,IL,EMERGENCY MEDICINE,54
1774,EMERGENCY ROOM - HOSPITAL,MEDICARE,0,16,2,2,M,IL,EMERGENCY MEDICINE,85
3723,URGENT CARE FACILITY,COMMERCIAL,0,1,0,0,M,UNKNOWN,UNKNOWN,23
3657,EMERGENCY ROOM - HOSPITAL,COMMERCIAL,0,2,2,0,F,MD,EMERGENCY MEDICINE,79
1673,Unknown,MEDICARE,0,11,1,3,M,TX,CARDIOVASCULAR DISEASE,84
3749,Unknown,COMMERCIAL,0,11,8,70,M,MA,INTERNAL MEDICINE,62
170,Unknown,COMMERCIAL,1,1,1,0,F,WA,FAMILY MEDICINE,47
3740,Unknown,MEDICARE,1,26,4,1,F,OR,INTERNAL MEDICINE,81
1006,Unknown,COMMERCIAL,0,16,4,2,M,IL,INTERNAL MEDICINE,62
3829,Unknown,COMMERCIAL,1,5,3,0,F,GA,NURSE PRACTITIONER,60
2141,Unknown,COMMERCIAL,1,4,0,0,M,AR,FAMILY MEDICINE,83
1016,URGENT CARE FACILITY,COMMERCIAL,0,2,9,0,F,UNKNOWN,UNKNOWN,11
3613,TELEHEALTH PROVIDED OTHER THAN IN PATIENT'S HOME,COMMERCIAL,0,30,2,0,F,CA,FAMILY MEDICINE,79
159,OFFICE,COMMERCIAL,0,1,3,0,F,KY,PHYSICIAN ASSISTANT,5
2460,URGENT CARE FACILITY,COMMERCIAL,0,1,1,0,F,AR,NURSE PRACTITIONER,66
3382,OFFICE,COMMERCIAL,0,3,4,0,M,GA,CARDIOVASCULAR DISEASE,61
2638,OFFICE,COMMERCIAL,0,1,8,0,F,OK,NURSE PRACTITIONER,20
3692,INDEPENDENT LABORATORY,COMMERCIAL,0,11,3,0,F,UNKNOWN,UNKNOWN,65
1838,HOSPITAL OUTPATIENT,COMMERCIAL,0,4,17,0,F,FL,EMERGENCY MEDICINE,16
445,OFFICE,MEDICARE,0,12,1,0,F,CA,CARDIOVASCULAR DISEASE,89
1785,OFFICE,COMMERCIAL,0,10,2,0,M,MN,PEDIATRICS,18
555,INDEPENDENT LABORATORY,COMMERCIAL,0,1,7,0,M,UNKNOWN,UNKNOWN,13
1293,URGENT CARE FACILITY,COMMERCIAL,0,4,2,10,F,OR,FAMILY MEDICINE,80
2934,Unknown,COMMERCIAL,0,49,4,70,F,MO,PSYCHIATRY,54
3804,Unknown,COMMERCIAL,0,4,4,59,F,IL,FAMILY MEDICINE,54
1794,Unknown,COMMERCIAL,1,1,2,0,M,WA,PHYSICIAN ASSISTANT,23
420,URGENT CARE FACILITY,COMMERCIAL,0,1,1,0,F,CA,PHYSICIAN ASSISTANT,35
1437,INPATIENT HOSPITAL,MEDICARE,0,109,0,0,M,IL,NEPHROLOGY,56
1353,ON CAMPUS-OUTPATIENT HOSPITAL,COMMERCIAL,0,15,4,0,F,OK,EMERGENCY MEDICINE,24
204,OFFICE,COMMERCIAL,0,10,0,0,M,MD,INTERNAL MEDICINE,61
818,Unknown,COMMERCIAL,0,3,2,67,F,PA,INTERNAL MEDICINE,46
1648,Unknown,MEDICARE,1,36,5,10,M,TX,FAMILY MEDICINE,76
2724,Unknown,MEDICARE,0,118,24,30,M,VA,NURSE PRACTITIONER,72
1269,Unknown,COMMERCIAL,1,9,5,0,F,VA,NURSE PRACTITIONER,45
2890,Unknown,MEDICARE,1,45,1,3,M,CA,PHYSICIAN ASSISTANT,70
3169,OFFICE,MEDICARE,0,30,19,4,F,FL,INTERNAL MEDICINE,89
313,RURAL HEALTH CLINIC,COMMERCIAL,0,2,6,0,F,LA,FAMILY MEDICINE,5
130,HOSPITAL OUTPATIENT,COMMERCIAL,0,1,0,0,F,TX,EMERGENCY MEDICINE,4
3975,OFFICE,COMMERCIAL,0,74,5,1,F,LA,INTERNAL MEDICINE,80
1929,EMERGENCY ROOM - HOSPITAL,COMMERCIAL,0,1,8,0,F,TX,EMERGENCY MEDICINE,23
3998,UNASSIGNED,COMMERCIAL,0,15,6,1,F,PA,FAMILY MEDICINE,71
469,OFFICE,COMMERCIAL,0,43,0,1,F,VA,FAMILY MEDICINE,36
98,OFFICE,COMMERCIAL,0,2,3,0,M,NY,PEDIATRICS,4
201,TELEHEALTH PROVIDED OTHER THAN IN PATIENT'S HOME,COMMERCIAL,0,2,1,0,M,FL,PEDIATRICS,13
1156,OFFICE,COMMERCIAL,0,7,16,0,F,CA,FAMILY MEDICINE,48
3443,OFFICE,MEDICARE,0,37,8,25,M,SC,FAMILY MEDICINE,76
3976,ON CAMPUS-OUTPATIENT HOSPITAL,COMMERCIAL,0,3,3,0,F,CA,FAMILY MEDICINE,67
3364,Unknown,COMMERCIAL,0,1,2,18,M,NM,FAMILY MEDICINE,65
3862,Unknown,COMMERCIAL,1,70,4,0,M,MA,INTERNAL MEDICINE,66
3220,Unknown,MEDICARE,1,33,0,0,F,CA,INTERNAL MEDICINE,77
525,Unknown,COMMERCIAL,0,26,6,28,F,FL,INTERNAL MEDICINE,65
3225,Unknown,COMMERCIAL,0,37,7,63,M,OH,HOSPITALIST,69
3687,Unknown,COMMERCIAL,1,2,11,0,M,NC,INTERNAL MEDICINE,57
2464,URGENT CARE FACILITY,COMMERCIAL,0,6,0,0,M,MS,NURSE PRACTITIONER,63
3573,Unknown,COMMERCIAL,0,44,17,7,F,FL,INTERNAL MEDICINE,65
660,Unknown,MEDICARE,1,10,1,0,F,GA,INTERNAL MEDICINE,73
2876,Unknown,COMMERCIAL,0,2,5,5,M,IN,INTERNAL MEDICINE,66
2085,Unknown,COMMERCIAL,0,44,16,8,F,AR,FAMILY MEDICINE,49
1052,OFFICE,COMMERCIAL,0,2,4,0,M,MS,NURSE PRACTITIONER,49
1244,INDEPENDENT LABORATORY,COMMERCIAL,0,1,9,0,F,UNKNOWN,UNKNOWN,12
3968,OFFICE,COMMERCIAL,0,4,0,0,F,PA,NURSE PRACTITIONER,39
1434,OFFICE,COMMERCIAL,0,1,12,0,F,AR,FAMILY MEDICINE,66
1945,OFFICE,MEDICARE,0,2,2,0,F,PA,INTERNAL MEDICINE,78
2275,OFFICE,COMMERCIAL,0,33,4,0,F,MI,UROLOGY,71
1128,OTHER PLACE OF SERVICE,COMMERCIAL,0,3,16,0,M,AZ,NURSE PRACTITIONER,12
190,CLINIC - RURAL HEALTH,COMMERCIAL,0,2,0,0,F,NC,FAMILY MEDICINE,72
606,OFFICE,COMMERCIAL,0,1,1,0,M,TN,EMERGENCY MEDICINE,34
926,OFFICE,COMMERCIAL,0,1,1,0,F,IL,FAMILY MEDICINE,69
909,INDEPENDENT LABORATORY,COMMERCIAL,0,1,3,0,F,UNKNOWN,UNKNOWN,64
2177,INDEPENDENT LABORATORY,COMMERCIAL,0,2,5,0,F,UNKNOWN,UNKNOWN,34
257,URGENT CARE FACILITY,COMMERCIAL,0,1,0,0,M,TX,PHYSICIAN ASSISTANT,5
1982,URGENT CARE FACILITY,COMMERCIAL,0,1,2,0,F,UNKNOWN,UNKNOWN,19
2365,OFFICE,COMMERCIAL,0,1,2,0,F,AL,NURSE PRACTITIONER,41
1987,INPATIENT HOSPITAL,COMMERCIAL,0,25,4,13,F,NM,INTERNAL MEDICINE,65
2909,Unknown,COMMERCIAL,1,14,1,0,F,TN,NURSE PRACTITIONER,41
3920,Unknown,MEDICARE,1,23,15,14,F,CA,FAMILY MEDICINE,76
3582,Unknown,MEDICARE,1,18,22,0,F,NY,INTERNAL MEDICINE,85
3815,Unknown,COMMERCIAL,1,3,3,0,F,OH,FAMILY MEDICINE,55
915,Unknown,COMMERCIAL,1,6,1,0,M,GA,FAMILY MEDICINE,62
3214,Unknown,COMMERCIAL,1,48,8,0,M,CA,NURSE PRACTITIONER,50
2671,Unknown,COMMERCIAL,1,43,1,0,F,AZ,PHYSICIAN ASSISTANT,38
246,Unknown,COMMERCIAL,0,4,2,11,M,VA,NURSE PRACTITIONER,66
242,Unknown,COMMERCIAL,1,1,0,0,F,CA,FAMILY MEDICINE,46
3712,Unknown,COMMERCIAL,0,41,31,1,F,MA,NURSE PRACTITIONER,58
3715,Unknown,COMMERCIAL,0,2,2,28,F,WA,NURSE PRACTITIONER,42
2127,Unknown,COMMERCIAL,0,30,1,3,F,TX,FAMILY MEDICINE,50
3671,Unknown,MEDICARE,0,21,19,47,F,OR,INTERNAL MEDICINE,80
4008,Unknown,COMMERCIAL,0,17,3,19,F,CA,FAMILY MEDICINE,63
2477,Unknown,CASH,1,12,3,4,F,TN,NURSE PRACTITIONER,82
2080,Unknown,MEDICARE,0,1,4,23,F,KS,INTERNAL MEDICINE,79
531,Unknown,MEDICARE,1,2,3,0,M,GA,FAMILY MEDICINE,75
2850,Unknown,COMMERCIAL,1,21,5,0,M,FL,FAMILY MEDICINE,49
877,Unknown,COMMERCIAL,1,4,1,0,F,NJ,PHYSICIAN ASSISTANT,57
773,Unknown,COMMERCIAL,1,3,0,0,M,NY,FAMILY MEDICINE,50
3296,Unknown,MEDICARE,0,11,4,4,M,NC,CARDIOVASCULAR DISEASE,72
3824,Unknown,MEDICARE,0,30,11,16,F,AL,INTERNAL MEDICINE,68
3949,Unknown,MEDICARE,0,32,11,66,M,PA,FAMILY MEDICINE,51
1889,Unknown,COMMERCIAL,1,1,0,0,M,NC,FAMILY MEDICINE,45
676,Unknown,COMMERCIAL,1,3,2,0,M,WI,INTERNAL MEDICINE,61
3258,OFFICE,MEDICARE,0,4,3,0,F,GA,FAMILY MEDICINE,73
3960,TELEHEALTH PROVIDED OTHER THAN IN PATIENT'S HOME,COMMERCIAL,0,11,8,0,F,CA,FAMILY MEDICINE,62
1979,HOSPITAL OUTPATIENT,COMMERCIAL,0,3,3,0,F,PA,EMERGENCY MEDICINE,66
3113,OFFICE,COMMERCIAL,0,1,2,0,M,MS,FAMILY MEDICINE,30
1342,TELEHEALTH PROVIDED OTHER THAN IN PATIENT'S HOME,COMMERCIAL,0,2,0,0,F,CA,FAMILY MEDICINE,63
701,HOSPITAL OUTPATIENT,COMMERCIAL,0,7,5,3,F,CA,PHYSICIAN ASSISTANT,41
2977,UNASSIGNED,MEDICARE,0,43,56,27,M,IA,FAMILY MEDICINE,89
2240,INDEPENDENT LABORATORY,COMMERCIAL,0,1,2,0,F,UNKNOWN,UNKNOWN,24
3512,OFFICE,COMMERCIAL,0,52,7,0,F,FL,CARDIOVASCULAR DISEASE,69
3725,URGENT CARE FACILITY,COMMERCIAL,0,1,0,0,M,CA,PHYSICIAN ASSISTANT,35
3602,TELEHEALTH PROVIDED IN PATIENT'S HOME,MEDICARE,0,56,0,6,M,SD,FAMILY MEDICINE,74
2220,TELEHEALTH PROVIDED OTHER THAN IN PATIENT'S HOME,COMMERCIAL,0,1,2,1,F,NY,INTERNAL MEDICINE,31
1671,OFFICE,MEDICARE,0,43,36,7,M,TN,NURSE PRACTITIONER,73
1566,OFFICE,COMMERCIAL,0,1,1,0,F,TN,NURSE PRACTITIONER,89
2086,OFFICE,COMMERCIAL,0,6,2,0,M,NJ,PEDIATRICS,27
2616,EMERGENCY ROOM - HOSPITAL,COMMERCIAL,0,19,22,3,F,KY,EMERGENCY MEDICINE,63
1591,INPATIENT HOSPITAL,MEDICARE,0,75,14,1,F,FL,INTERNAL MEDICINE,89
2858,INDEPENDENT LABORATORY,MEDICARE,0,30,7,2,F,UNKNOWN,UNKNOWN,83
629,EMERGENCY ROOM - HOSPITAL,MEDICARE,0,1,3,0,M,GA,EMERGENCY MEDICINE,53
3493,CLINIC  - FEDERALLY QUALIFIED HEALTH CENTER (FQHC),MEDICARE,0,63,3,17,F,CA,INTERNAL MEDICINE,58
1056,EMERGENCY ROOM - HOSPITAL,COMMERCIAL,0,4,7,0,M,OR,FAMILY MEDICINE,39
3511,OFFICE,COMMERCIAL,0,5,16,1,F,TX,NURSE PRACTITIONER,66
2372,INDEPENDENT LABORATORY,MEDICARE,0,3,5,7,F,UNKNOWN,UNKNOWN,69
139,EMERGENCY ROOM - HOSPITAL,MEDICAID,0,1,2,0,M,TX,EMERGENCY MEDICINE,4
1694,OFFICE,MEDICARE,0,36,8,0,M,LA,NURSE PRACTITIONER,50
1448,OFFICE,MEDICARE,0,43,12,1,M,GA,FAMILY MEDICINE,75
2406,CLINIC - FREESTANDING,MEDICAID,0,1,1,0,F,IA,INTERNAL MEDICINE,41
217,TELEHEALTH PROVIDED OTHER THAN IN PATIENT'S HOME,COMMERCIAL,0,1,0,0,F,PA,FAMILY MEDICINE,42
1871,HOSPITAL OUTPATIENT,COMMERCIAL,0,82,1,2,F,FL,HEMATOLOGY/ONCOLOGY,70
3759,URGENT CARE FACILITY,COMMERCIAL,0,1,9,0,F,UNKNOWN,UNKNOWN,33
344,URGENT CARE FACILITY,COMMERCIAL,0,1,5,0,F,NC,NURSE PRACTITIONER,28
2843,OFFICE,COMMERCIAL,0,3,9,0,F,TN,NURSE PRACTITIONER,57
832,TELEHEALTH PROVIDED OTHER THAN IN PATIENT'S HOME,COMMERCIAL,0,2,4,0,F,NC,FAMILY MEDICINE,40
1106,OFFICE,COMMERCIAL,0,11,0,0,F,AZ,CARDIOVASCULAR DISEASE,89
1471,HOSPITAL OUTPATIENT,MEDICARE,0,8,1,0,F,CA,EMERGENCY MEDICINE,86
2079,OFFICE,COMMERCIAL,0,1,3,1,F,LA,FAMILY MEDICINE,17
3232,OFFICE,COMMERCIAL,0,1,7,0,M,TX,NURSE PRACTITIONER,26
3384,EMERGENCY ROOM - HOSPITAL,MEDICARE,0,25,0,0,F,AL,EMERGENCY MEDICINE,80
272,OFFICE,COMMERCIAL,0,1,1,0,F,UNKNOWN,UNKNOWN,32
2140,URGENT CARE FACILITY,COMMERCIAL,0,1,2,0,F,NH,NEURORADIOLOGY,16
1278,UNASSIGNED,COMMERCIAL,0,103,27,1,F,GA,FAMILY MEDICINE,68
533,OFFICE,COMMERCIAL,0,2,25,0,M,TX,PEDIATRICS,7
1612,EMERGENCY ROOM - HOSPITAL,COMMERCIAL,0,16,2,0,F,OR,EMERGENCY MEDICINE,89
3649,OFFICE,MEDICARE,0,25,4,2,M,NJ,NURSE PRACTITIONER,80
2446,TELEHEALTH PROVIDED IN PATIENT'S HOME,COMMERCIAL,0,3,1,0,M,FL,FAMILY MEDICINE,51
2545,TELEHEALTH PROVIDED OTHER THAN IN PATIENT'S HOME,COMMERCIAL,0,6,1,9,M,CA,INTERNAL MEDICINE,69
2791,OFFICE,MEDICARE,0,16,6,0,F,CO,FAMILY MEDICINE,73
996,HOSPITAL OUTPATIENT,COMMERCIAL,0,2,13,0,F,CA,PHYSICIAN ASSISTANT,11
2097,HOSPITAL OUTPATIENT,COMMERCIAL,0,1,4,0,F,NC,OBSTETRICS & GYNECOLOGY,33
441,OFFICE,COMMERCIAL,0,66,1,0,M,CA,FAMILY MEDICINE,65
411,AMBULATORY SURGICAL CENTER,MEDICARE,0,7,1,0,M,AR,GASTROENTEROLOGY,71
2348,OFFICE,COMMERCIAL,0,20,3,0,M,CA,INTERNAL MEDICINE,68
3941,URGENT CARE FACILITY,MEDICAID,0,23,8,0,M,MI,INTERNAL MEDICINE,33
932,OFFICE,COMMERCIAL,0,1,4,0,M,MS,NURSE PRACTITIONER,27
308,URGENT CARE FACILITY,COMMERCIAL,0,1,0,0,M,UNKNOWN,UNKNOWN,55
3265,INPATIENT HOSPITAL,COMMERCIAL,0,106,14,31,M,AK,PSYCHIATRY,64
2654,EMERGENCY ROOM - HOSPITAL,COMMERCIAL,0,8,1,2,M,TN,PHYSICIAN ASSISTANT,71
2810,ON CAMPUS-OUTPATIENT HOSPITAL,COMMERCIAL,0,47,25,21,F,NJ,ABDOMINAL RADIOLOGY,53
3904,URGENT CARE FACILITY,COMMERCIAL,0,1,2,0,M,UNKNOWN,UNKNOWN,39
3490,URGENT CARE FACILITY,COMMERCIAL,0,8,3,14,M,UNKNOWN,UNKNOWN,65
2590,HOSPITAL OUTPATIENT,COMMERCIAL,0,2,59,2,M,KY,EMERGENCY MEDICINE,33
3061,OFFICE,COMMERCIAL,0,138,6,20,M,CA,INTERNAL MEDICINE,74
1103,EMERGENCY ROOM - HOSPITAL,COMMERCIAL,0,1,1,0,M,UT,EMERGENCY MEDICINE,25
2691,OFFICE,MEDICARE,0,9,9,5,M,GA,NURSE PRACTITIONER,72
131,OFFICE,COMMERCIAL,0,2,14,0,F,VA,PEDIATRICS,4
2619,URGENT CARE FACILITY,MEDICARE,0,1,1,0,F,SC,NURSE PRACTITIONER,75
1296,URGENT CARE FACILITY,COMMERCIAL,0,2,0,0,F,CA,PHYSICIAN ASSISTANT,61
1107,OFFICE,MEDICARE,0,67,32,0,M,MI,FAMILY MEDICINE,75
950,EMERGENCY ROOM - HOSPITAL,COMMERCIAL,0,1,1,0,F,TN,EMERGENCY MEDICINE,39
1033,URGENT CARE FACILITY,MEDICARE,0,1,0,0,M,NY,PHYSICIAN ASSISTANT,78
2198,URGENT CARE FACILITY,COMMERCIAL,0,1,3,22,F,TX,NURSE PRACTITIONER,54
463,OFFICE,COMMERCIAL,0,19,9,0,F,WA,BEHAVIORAL HEALTH & SOCIAL SERVICES,30
1144,INPATIENT HOSPITAL,COMMERCIAL,0,21,4,2,F,GA,HOSPITALIST,65
1370,URGENT CARE FACILITY,COMMERCIAL,0,14,7,0,M,AZ,NURSE PRACTITIONER,59
3171,OFFICE,MEDICARE,0,25,19,0,F,MS,INFECTIOUS DISEASE,76
3626,URGENT CARE FACILITY,COMMERCIAL,0,10,6,2,F,UNKNOWN,UNKNOWN,29
1249,ON CAMPUS-OUTPATIENT HOSPITAL,COMMERCIAL,0,5,5,0,F,NY,CARDIOVASCULAR DISEASE,34
3793,URGENT CARE FACILITY,COMMERCIAL,0,1,7,0,F,UNKNOWN,UNKNOWN,55
3373,URGENT CARE FACILITY,MEDICARE,0,34,11,1,F,UNKNOWN,UNKNOWN,73
942,HOSPITAL OUTPATIENT,COMMERCIAL,0,2,0,0,F,CT,EMERGENCY MEDICINE,36
3691,OFFICE,COMMERCIAL,0,6,3,0,F,CA,FAMILY MEDICINE,57
2513,OFFICE,COMMERCIAL,0,12,2,0,F,FL,FAMILY MEDICINE,48
129,HOSPITAL OUTPATIENT,COMMERCIAL,0,1,2,0,M,AL,EMERGENCY MEDICINE,24
1393,INDEPENDENT LABORATORY,COMMERCIAL,0,1,0,0,F,UNKNOWN,UNKNOWN,52
1511,OFFICE,COMMERCIAL,0,4,0,0,F,PR,GENERAL PRACTICE,22
1379,EMERGENCY ROOM - HOSPITAL,MEDICARE,0,2,2,0,M,FL,NURSE PRACTITIONER,69
709,TELEHEALTH PROVIDED OTHER THAN IN PATIENT'S HOME,COMMERCIAL,0,1,5,0,F,TX,FAMILY MEDICINE,54
3888,URGENT CARE FACILITY,COMMERCIAL,0,11,5,0,F,CA,PHYSICIAN ASSISTANT,25
2251,URGENT CARE FACILITY,COMMERCIAL,0,15,3,1,F,UNKNOWN,UNKNOWN,52
27,INPATIENT HOSPITAL,MEDICAID,0,1,0,0,F,CA,FORENSIC PATHOLOGY,5
2420,OFFICE,COMMERCIAL,0,1,2,0,M,TX,PEDIATRICS,18
1030,TELEHEALTH PROVIDED OTHER THAN IN PATIENT'S HOME,COMMERCIAL,0,22,11,0,F,TX,FAMILY MEDICINE,68
2917,OFFICE,COMMERCIAL,0,26,8,11,M,FL,INTERNAL MEDICINE,66
1319,TELEHEALTH PROVIDED IN PATIENT'S HOME,COMMERCIAL,0,2,7,0,F,UNKNOWN,UNKNOWN,54
3604,OFFICE,COMMERCIAL,0,138,13,0,F,HI,INTERNAL MEDICINE,89
2027,URGENT CARE FACILITY,MEDICARE,0,4,4,4,M,IL,PHYSICIAN ASSISTANT,52
1749,URGENT CARE FACILITY,COMMERCIAL,0,1,1,0,F,PA,PHYSICIAN ASSISTANT,47
1151,UNASSIGNED,COMMERCIAL,0,67,15,15,F,CA,INTERNAL MEDICINE,45
1653,ON CAMPUS-OUTPATIENT HOSPITAL,COMMERCIAL,0,34,19,1,M,MD,INTERNAL MEDICINE,60
422,TELEHEALTH PROVIDED OTHER THAN IN PATIENT'S HOME,COMMERCIAL,0,9,1,0,F,TX,NURSE PRACTITIONER,43
1913,HOSPITAL OUTPATIENT,COMMERCIAL,0,9,21,0,F,AR,FAMILY MEDICINE,64
2769,URGENT CARE FACILITY,COMMERCIAL,0,3,4,0,F,IL,HOSPITALIST,26
200,OTHER PLACE OF SERVICE,MEDICARE,0,18,9,0,F,TX,NURSE PRACTITIONER,81
3935,URGENT CARE FACILITY,MEDICARE,0,128,11,8,F,MI,FAMILY MEDICINE,70
3539,OFFICE,COMMERCIAL,0,46,43,1,F,FL,FAMILY MEDICINE,68
3411,OFFICE,COMMERCIAL,0,17,1,0,F,MD,INTERNAL MEDICINE,59
2400,INDEPENDENT LABORATORY,COMMERCIAL,0,12,7,1,F,UNKNOWN,UNKNOWN,54
154,HOSPITAL OUTPATIENT,COMMERCIAL,0,1,1,0,F,PA,PHYSICIAN ASSISTANT,4
1923,INDEPENDENT LABORATORY,COMMERCIAL,0,17,10,0,F,UNKNOWN,UNKNOWN,52
1083,ON CAMPUS-OUTPATIENT HOSPITAL,COMMERCIAL,0,1,0,0,M,IL,ANATOMIC/CLINICAL PATHOLOGY,42
1372,HOSPITAL OUTPATIENT,COMMERCIAL,0,3,2,0,F,VA,EMERGENCY MEDICINE,51
556,OFFICE,COMMERCIAL,0,50,3,2,M,NV,INTERNAL MEDICINE,69
519,TELEHEALTH PROVIDED OTHER THAN IN PATIENT'S HOME,COMMERCIAL,0,3,50,0,M,VA,PEDIATRICS,7
2524,UNASSIGNED,MEDICARE,0,51,36,19,M,NE,HEMATOLOGY/ONCOLOGY,61
288,EMERGENCY ROOM - HOSPITAL,COMMERCIAL,0,1,2,0,F,CO,NEURORADIOLOGY,29
1862,URGENT CARE FACILITY,COMMERCIAL,0,1,0,0,M,CA,PHYSICIAN ASSISTANT,43
3971,OFFICE,MEDICARE,0,83,4,1,F,NJ,INTERNAL MEDICINE,87
3275,UNASSIGNED,UNSPECIFIED,0,18,0,0,F,HI,INTERNAL MEDICINE,57
1205,INDEPENDENT LABORATORY,COMMERCIAL,0,5,1,0,F,UNKNOWN,UNKNOWN,89
2231,OFFICE,MEDICARE,0,56,22,24,F,IN,INTERNAL MEDICINE,89
2421,HOSPITAL OUTPATIENT,MEDICARE,0,9,6,0,F,FL,FAMILY MEDICINE,56
4002,URGENT CARE FACILITY,COMMERCIAL,0,4,2,0,F,MD,FAMILY MEDICINE,68
1238,INPATIENT HOSPITAL,MEDICARE,0,107,13,0,F,MN,PHYSICIAN ASSISTANT,74
2168,INDEPENDENT LABORATORY,COMMERCIAL,0,10,4,0,F,UNKNOWN,UNKNOWN,57
1852,TELEHEALTH PROVIDED IN PATIENT'S HOME,COMMERCIAL,0,38,20,0,F,FL,FAMILY MEDICINE,54
1074,INDEPENDENT LABORATORY,COMMERCIAL,0,1,1,0,M,UNKNOWN,UNKNOWN,49
3007,EMERGENCY ROOM - HOSPITAL,COMMERCIAL,0,2,15,0,M,WI,EMERGENCY MEDICINE,55
2060,TELEHEALTH PROVIDED OTHER THAN IN PATIENT'S HOME,COMMERCIAL,0,4,6,0,M,CA,FAMILY MEDICINE,56
1826,OFFICE,COMMERCIAL,0,5,0,0,M,GA,FAMILY MEDICINE,31
3995,EMERGENCY ROOM - HOSPITAL,COMMERCIAL,0,2,11,0,M,FL,EMERGENCY MEDICINE,50
1806,OFFICE,COMMERCIAL,0,1,8,0,M,SC,PEDIATRICS,13
1333,OFFICE,COMMERCIAL,0,13,1,6,F,TX,INTERNAL MEDICINE/PEDIATRICS,59
2947,EMERGENCY ROOM - HOSPITAL,COMMERCIAL,0,9,9,3,F,WI,EMERGENCY MEDICINE,25
1868,TELEHEALTH PROVIDED OTHER THAN IN PATIENT'S HOME,COMMERCIAL,0,3,0,0,F,TX,FAMILY MEDICINE,56
2989,OFFICE,MEDICARE,0,34,10,1,M,TX,INTERNAL MEDICINE,83
1721,ON CAMPUS-OUTPATIENT HOSPITAL,MEDICARE,0,8,4,1,F,OH,CARDIOVASCULAR DISEASE,86
3537,OFFICE,MEDICARE,0,48,17,42,M,IN,FAMILY MEDICINE,89
1728,OFFICE,COMMERCIAL,0,1,0,0,F,LA,FAMILY MEDICINE,56
1896,OFFICE,COMMERCIAL,0,29,0,0,F,NV,NURSE PRACTITIONER,80
294,TELEHEALTH PROVIDED OTHER THAN IN PATIENT'S HOME,COMMERCIAL,0,1,4,0,M,FL,NURSE PRACTITIONER,5
1911,INDEPENDENT LABORATORY,COMMERCIAL,0,2,0,0,M,UNKNOWN,UNKNOWN,34
3177,OFFICE,MEDICARE,0,38,2,0,F,KY,FAMILY MEDICINE,84
2052,OFFICE,COMMERCIAL,0,3,0,0,M,WI,NURSE PRACTITIONER,66
710,TELEHEALTH PROVIDED OTHER THAN IN PATIENT'S HOME,COMMERCIAL,0,27,0,0,F,MD,FAMILY MEDICINE,44
2944,INPATIENT HOSPITAL,COMMERCIAL,0,58,3,24,M,FL,INTERNAL MEDICINE,62
621,PHARMACY,COMMERCIAL,0,4,1,0,F,UNKNOWN,UNKNOWN,77
275,OTHER PLACE OF SERVICE,COMMERCIAL,0,1,0,0,F,CA,FAMILY MEDICINE,46
3291,TELEHEALTH PROVIDED OTHER THAN IN PATIENT'S HOME,COMMERCIAL,0,14,13,1,F,CA,PHYSICIAN ASSISTANT,61
2163,CLINIC - RURAL HEALTH,MEDICARE,0,94,13,0,M,IA,FAMILY MEDICINE,89
3579,OFFICE,COMMERCIAL,0,4,2,0,M,CT,INTERNAL MEDICINE,31
2575,TELEHEALTH PROVIDED IN PATIENT'S HOME,MEDICARE,0,99,42,3,F,FL,NURSE PRACTITIONER,78
2761,INDEPENDENT LABORATORY,MEDICARE,0,17,0,3,F,UNKNOWN,UNKNOWN,89
2763,INDEPENDENT LABORATORY,COMMERCIAL,0,5,6,0,F,UNKNOWN,UNKNOWN,40
2732,OFFICE,COMMERCIAL,0,5,12,3,F,NJ,INTERNAL MEDICINE,50
486,OFFICE,COMMERCIAL,0,3,2,0,M,SC,PULMONARY DISEASE,44
1594,OFFICE,COMMERCIAL,0,29,4,0,F,KY,FAMILY MEDICINE,65
2587,TELEHEALTH PROVIDED OTHER THAN IN PATIENT'S HOME,COMMERCIAL,0,3,4,0,F,CA,INTERNAL MEDICINE/PEDIATRICS,51
2968,AMBULANCE - LAND,COMMERCIAL,0,19,1,39,M,UNKNOWN,UNKNOWN,73
1629,OFFICE,COMMERCIAL,0,3,4,3,F,UNKNOWN,UNKNOWN,48
2104,HOSPITAL OUTPATIENT,COMMERCIAL,0,15,4,13,F,MD,NURSE PRACTITIONER,89
3433,EMERGENCY ROOM - HOSPITAL,COMMERCIAL,0,1,0,0,F,OK,EMERGENCY MEDICINE,45
253,OFFICE,COMMERCIAL,0,1,4,0,M,LA,PEDIATRICS,5
3738,INPATIENT HOSPITAL,COMMERCIAL,0,38,14,20,M,FL,INFECTIOUS DISEASE,88
245,OFFICE,COMMERCIAL,0,1,3,0,F,IA,PEDIATRICS,5
1414,ON CAMPUS-OUTPATIENT HOSPITAL,COMMERCIAL,0,43,4,25,F,MI,PHYSICIAN ASSISTANT,76
1008,TELEHEALTH PROVIDED OTHER THAN IN PATIENT'S HOME,COMMERCIAL,0,7,6,0,M,OK,NURSE PRACTITIONER,47
1007,OFFICE,COMMERCIAL,0,1,1,0,M,IL,FAMILY MEDICINE,34
1999,OFFICE,COMMERCIAL,0,1,2,0,F,CA,INTERNAL MEDICINE,31
1740,TELEHEALTH PROVIDED OTHER THAN IN PATIENT'S HOME,COMMERCIAL,0,21,7,0,M,CA,FAMILY MEDICINE,55
2706,TELEHEALTH PROVIDED OTHER THAN IN PATIENT'S HOME,COMMERCIAL,0,5,0,0,M,NY,ALLERGY & IMMUNOLOGY,21
412,OFFICE,COMMERCIAL,0,1,8,0,M,PA,PEDIATRICS,6
2268,OFFICE,COMMERCIAL,0,1,0,24,F,ID,OBSTETRICS & GYNECOLOGY,40
3921,HOSPITAL OUTPATIENT,COMMERCIAL,0,12,6,0,M,MD,ORTHOPEDIC SURGERY,55
1042,OFFICE,COMMERCIAL,0,28,4,0,F,NJ,GERIATRIC MEDICINE (INTERNAL MEDICINE),72
1661,HOSPITAL OUTPATIENT,COMMERCIAL,0,2,2,0,F,IL,EMERGENCY MEDICINE,27
3664,OFFICE,COMMERCIAL,0,9,11,0,F,FL,CARDIOVASCULAR DISEASE,63
2705,INDEPENDENT LABORATORY,COMMERCIAL,0,16,2,0,F,UNKNOWN,UNKNOWN,80
464,INDEPENDENT LABORATORY,MEDICARE,0,1,0,0,M,UNKNOWN,UNKNOWN,7
264,INPATIENT HOSPITAL,COMMERCIAL,0,10,10,0,M,TX,CLINICAL CARDIAC ELECTROPHYSIOLOGY,33
3011,OFFICE,COMMERCIAL,0,2,21,0,F,TX,INTERVENTIONAL CARDIOLOGY,78
1492,TELEHEALTH PROVIDED OTHER THAN IN PATIENT'S HOME,MEDICARE,0,28,0,2,M,PR,GENERAL PRACTICE,76
821,URGENT CARE FACILITY,COMMERCIAL,0,1,52,0,M,CO,NURSE PRACTITIONER,41
551,OFFICE,COMMERCIAL,0,1,8,0,M,LA,PEDIATRICS,7
2782,URGENT CARE FACILITY,MEDICARE,0,19,9,2,F,TX,FAMILY MEDICINE,69
1508,URGENT CARE FACILITY,COMMERCIAL,0,2,8,0,M,NE,NURSE PRACTITIONER,50
88,URGENT CARE FACILITY,COMMERCIAL,0,1,6,0,F,NY,INTERNAL MEDICINE,36
1881,OFFICE,COMMERCIAL,0,2,0,1,M,OH,NURSE PRACTITIONER,36
588,OFFICE,COMMERCIAL,0,1,11,0,M,PA,FAMILY MEDICINE,40
642,UNASSIGNED,COMMERCIAL,0,163,8,12,F,UNKNOWN,UNKNOWN,66
878,EMERGENCY ROOM - HOSPITAL,COMMERCIAL,0,1,3,0,F,NY,PEDIATRIC EMERGENCY MEDICINE (PEDIATRICS),10
1937,TELEHEALTH PROVIDED OTHER THAN IN PATIENT'S HOME,MEDICARE,0,16,3,0,M,NC,FAMILY MEDICINE,83
1365,HOSPITAL OUTPATIENT,COMMERCIAL,0,45,0,0,F,TX,UROLOGY,68
3719,TELEHEALTH PROVIDED OTHER THAN IN PATIENT'S HOME,COMMERCIAL,0,12,3,0,F,CA,FAMILY MEDICINE,64
3594,INPATIENT HOSPITAL,MEDICARE,0,44,36,53,F,MO,PHYSICAL MEDICINE & REHABILITATION,89
195,OFFICE,COMMERCIAL,0,1,2,0,F,AR,FAMILY MEDICINE,12
2928,OFFICE,COMMERCIAL,0,1,1,0,M,OH,FAMILY MEDICINE,75
550,URGENT CARE FACILITY,COMMERCIAL,0,2,0,0,M,UNKNOWN,UNKNOWN,41
1070,TELEHEALTH PROVIDED IN PATIENT'S HOME,COMMERCIAL,0,1,5,0,F,MA,PEDIATRICS,13
2802,UNASSIGNED,MEDICARE,0,146,33,0,F,NC,FAMILY MEDICINE,87
2561,OFFICE,COMMERCIAL,0,17,10,9,M,FL,FAMILY MEDICINE,62
2514,TELEHEALTH PROVIDED OTHER THAN IN PATIENT'S HOME,COMMERCIAL,0,8,8,0,F,CA,INTERNAL MEDICINE,25
1777,OTHER PLACE OF SERVICE,COMMERCIAL,0,56,12,0,F,UNKNOWN,UNKNOWN,71
161,ON CAMPUS-OUTPATIENT HOSPITAL,COMMERCIAL,0,4,1,0,F,FL,ANATOMIC/CLINICAL PATHOLOGY,24
2040,HOSPITAL OUTPATIENT,COMMERCIAL,0,1,0,0,F,PA,PHYSICIAN ASSISTANT,65
3907,HOSPITAL OUTPATIENT,COMMERCIAL,0,1,3,0,F,MI,INTERNAL MEDICINE,28
1645,OFFICE,COMMERCIAL,0,24,11,0,M,KY,FAMILY MEDICINE,69
415,URGENT CARE FACILITY,COMMERCIAL,0,1,1,0,F,TX,EMERGENCY MEDICINE,61
1563,OFFICE,COMMERCIAL,0,106,26,0,M,AL,INTERNAL MEDICINE/PEDIATRICS,79
561,OFFICE,COMMERCIAL,0,1,1,0,F,MD,INTERNAL MEDICINE,43
32,URGENT CARE FACILITY,COMMERCIAL,0,1,1,0,F,UNKNOWN,UNKNOWN,6
2370,URGENT CARE FACILITY,MEDICAID,0,1,1,3,M,OK,PHYSICIAN ASSISTANT,40
1715,URGENT CARE FACILITY,COMMERCIAL,0,5,8,0,F,OK,NURSE PRACTITIONER,54
526,HOSPITAL OUTPATIENT,MEDICARE,0,74,6,0,F,IN,GENERAL SURGERY,71
680,EMERGENCY ROOM - HOSPITAL,COMMERCIAL,0,1,0,0,F,SC,EMERGENCY MEDICINE,56
2161,ON CAMPUS-OUTPATIENT HOSPITAL,MEDICARE,0,11,4,0,F,TX,CARDIOVASCULAR DISEASE,89
2536,OFFICE,COMMERCIAL,0,4,0,0,M,CA,FAMILY MEDICINE,68
3886,INPATIENT HOSPITAL,MEDICARE,0,53,4,0,M,NY,CARDIOVASCULAR DISEASE,89
2444,TELEHEALTH PROVIDED OTHER THAN IN PATIENT'S HOME,COMMERCIAL,0,4,11,0,M,FL,PEDIATRICS,20
751,OFFICE,COMMERCIAL,0,16,61,0,F,TX,NURSE PRACTITIONER,9
2245,OFFICE,MEDICARE,0,58,21,12,M,MI,CARDIOVASCULAR DISEASE,78
3416,OFFICE,COMMERCIAL,0,13,4,0,F,NJ,DERMATOLOGY,70
3305,EMERGENCY ROOM - HOSPITAL,MEDICARE,0,72,48,19,F,CA,EMERGENCY MEDICINE,77
3215,OFFICE,COMMERCIAL,0,20,10,4,F,NM,"ENDOCRINOLOGY, DIABETES & METABOLISM",64
3705,URGENT CARE FACILITY,MEDICAID,0,1,0,0,F,MA,NURSE PRACTITIONER,39
1638,URGENT CARE FACILITY,COMMERCIAL,0,2,6,0,F,UNKNOWN,UNKNOWN,13
1665,OFFICE,COMMERCIAL,0,8,9,0,F,TX,NURSE PRACTITIONER,48
2033,OTHER PLACE OF SERVICE,UNSPECIFIED,0,4,0,0,M,UNKNOWN,UNKNOWN,30
1043,OFFICE,COMMERCIAL,0,78,9,0,F,UNKNOWN,UNKNOWN,66
1634,HOSPITAL OUTPATIENT,COMMERCIAL,0,3,7,0,M,GA,EMERGENCY MEDICINE,33
1392,UNASSIGNED,COMMERCIAL,0,46,1,0,M,MI,FAMILY MEDICINE,89
610,OFFICE,COMMERCIAL,0,3,0,0,F,OH,NURSE PRACTITIONER,30
3209,HOSPITAL OUTPATIENT,COMMERCIAL,0,137,48,0,F,SC,EMERGENCY MEDICINE,68
297,INDEPENDENT LABORATORY,COMMERCIAL,0,1,0,0,F,UNKNOWN,UNKNOWN,44
1078,INDEPENDENT LABORATORY,COMMERCIAL,0,2,10,0,F,UNKNOWN,UNKNOWN,12
3475,URGENT CARE FACILITY,COMMERCIAL,0,4,6,0,F,LA,PHYSICIAN ASSISTANT,47
3389,INDEPENDENT LABORATORY,MEDICARE,0,9,2,0,F,UNKNOWN,UNKNOWN,63
3138,URGENT CARE FACILITY,COMMERCIAL,0,2,13,0,F,LA,NURSE PRACTITIONER,35
1536,EMERGENCY ROOM - HOSPITAL,COMMERCIAL,0,1,5,0,F,CO,INTERNAL MEDICINE/EMERGENCY MEDICINE,24
1441,EMERGENCY ROOM - HOSPITAL,COMMERCIAL,0,1,1,0,F,OH,EMERGENCY MEDICINE,61
741,URGENT CARE FACILITY,COMMERCIAL,0,1,1,0,F,TX,PHYSICIAN ASSISTANT,10
2330,OFFICE,COMMERCIAL,0,44,17,6,M,NJ,FAMILY MEDICINE,76
859,INDEPENDENT LABORATORY,COMMERCIAL,0,26,15,0,F,UNKNOWN,UNKNOWN,54
1433,UNASSIGNED,MEDICAID,0,119,9,1,F,WY,FAMILY MEDICINE,89
3728,INDEPENDENT LABORATORY,COMMERCIAL,0,41,3,5,M,UNKNOWN,UNKNOWN,44
908,TELEHEALTH PROVIDED OTHER THAN IN PATIENT'S HOME,COMMERCIAL,0,1,1,5,M,DE,NURSE PRACTITIONER,58
1417,INDEPENDENT LABORATORY,COMMERCIAL,0,1,1,0,F,UNKNOWN,UNKNOWN,44
2998,OTHER PLACE OF SERVICE,COMMERCIAL,0,2,1,0,M,MN,NURSE PRACTITIONER,49
3432,EMERGENCY ROOM - HOSPITAL,COMMERCIAL,0,39,35,18,M,RI,EMERGENCY MEDICINE,65
3027,INDEPENDENT LABORATORY,COMMERCIAL,0,1,2,0,F,UNKNOWN,UNKNOWN,31
1592,OTHER PLACE OF SERVICE,MEDICARE,0,8,9,4,M,CT,INTERNAL MEDICINE,89
3532,TELEHEALTH PROVIDED OTHER THAN IN PATIENT'S HOME,MEDICARE,0,19,5,0,M,TX,PHYSICIAN ASSISTANT,76
3195,URGENT CARE FACILITY,COMMERCIAL,0,3,0,0,F,UNKNOWN,UNKNOWN,62
304,URGENT CARE FACILITY,COMMERCIAL,0,1,1,0,F,TX,PHYSICIAN ASSISTANT,56
625,OFFICE,MEDICARE,0,1,25,0,M,CA,PEDIATRICS,8
868,OFFICE,COMMERCIAL,0,2,12,0,M,CA,PEDIATRICS,10
3365,OFFICE,COMMERCIAL,0,10,2,30,M,GA,FAMILY MEDICINE,58
196,EMERGENCY ROOM - HOSPITAL,COMMERCIAL,0,1,5,0,F,IL,EMERGENCY MEDICINE,5
2439,URGENT CARE FACILITY,COMMERCIAL,0,2,4,0,F,UNKNOWN,UNKNOWN,33
1878,OFFICE,COMMERCIAL,0,2,0,0,M,KY,FAMILY MEDICINE,58
3223,URGENT CARE FACILITY,COMMERCIAL,0,1,7,0,F,PA,NURSE PRACTITIONER,21
57,INPATIENT HOSPITAL,MEDICAID,0,14,0,0,M,CA,ANATOMIC/CLINICAL PATHOLOGY,84
2825,ON CAMPUS-OUTPATIENT HOSPITAL,MEDICARE,0,40,4,26,F,MN,INTERVENTIONAL CARDIOLOGY,86
3655,URGENT CARE FACILITY,COMMERCIAL,0,23,0,1,F,MI,INTERNAL MEDICINE,83
3462,HOSPITAL OUTPATIENT,MEDICARE,0,7,0,0,F,FL,FAMILY MEDICINE,76
213,EMERGENCY ROOM - HOSPITAL,COMMERCIAL,0,2,6,0,F,TX,EMERGENCY MEDICINE,5
327,OFFICE,COMMERCIAL,0,5,9,0,F,IN,FAMILY MEDICINE,56
623,PHARMACY,COMMERCIAL,0,5,14,0,M,CA,PHARMACIST,8
679,OFFICE,COMMERCIAL,0,1,0,0,F,TX,FAMILY MEDICINE,10
2509,OTHER PLACE OF SERVICE,COMMERCIAL,0,5,2,9,M,UNKNOWN,UNKNOWN,61
118,HOSPITAL OUTPATIENT,COMMERCIAL,0,1,0,0,F,PA,PHYSICIAN ASSISTANT,32
1261,OFFICE,MEDICARE,0,2,3,0,M,UNKNOWN,UNKNOWN,29
1462,OFFICE,MEDICARE,0,12,26,0,M,AL,INTERVENTIONAL CARDIOLOGY,74
2921,INDEPENDENT LABORATORY,COMMERCIAL,0,4,2,0,F,UNKNOWN,UNKNOWN,61
1169,OFFICE,COMMERCIAL,0,15,9,0,M,MD,NURSE PRACTITIONER,27
891,OFFICE,COMMERCIAL,0,11,4,0,F,LA,INTERNAL MEDICINE,59
1126,OFFICE,COMMERCIAL,0,1,1,0,F,LA,PHYSICIAN ASSISTANT,71
1487,OFFICE,COMMERCIAL,0,10,10,0,F,NY,INTERNAL MEDICINE,61
230,URGENT CARE FACILITY,COMMERCIAL,0,4,3,0,F,VA,NURSE PRACTITIONER,37
632,HOSPITAL OUTPATIENT,COMMERCIAL,0,6,8,0,F,CA,PEDIATRIC EMERGENCY MEDICINE (PEDIATRICS),8
3813,URGENT CARE FACILITY,MEDICARE,0,1,0,0,M,MA,PHYSICIAN ASSISTANT,73
2167,HOSPITAL OUTPATIENT,COMMERCIAL,0,28,2,0,F,MI,FAMILY MEDICINE,36
1421,HOSPITAL OUTPATIENT,MEDICARE,0,3,4,0,F,ME,FAMILY MEDICINE,85
2838,INDEPENDENT LABORATORY,COMMERCIAL,0,4,4,0,F,UNKNOWN,UNKNOWN,44
442,RURAL HEALTH CLINIC,COMMERCIAL,0,1,4,0,F,NE,NURSE PRACTITIONER,7
811,URGENT CARE FACILITY,COMMERCIAL,0,36,10,0,F,UNKNOWN,UNKNOWN,65
888,OTHER PLACE OF SERVICE,COMMERCIAL,0,40,3,15,F,PA,INTERNAL MEDICINE,89
619,URGENT CARE FACILITY,COMMERCIAL,0,1,1,0,F,NC,PHYSICIAN ASSISTANT,21
792,URGENT CARE FACILITY,COMMERCIAL,0,5,1,11,M,AZ,PHYSICIAN ASSISTANT,58
617,URGENT CARE FACILITY,COMMERCIAL,0,12,4,0,F,UNKNOWN,UNKNOWN,33
1917,EMERGENCY ROOM - HOSPITAL,MEDICARE,0,1,0,0,M,IN,PHYSICIAN ASSISTANT,81
2604,TELEHEALTH PROVIDED OTHER THAN IN PATIENT'S HOME,COMMERCIAL,0,4,5,0,M,NY,FAMILY MEDICINE,34
2988,EMERGENCY ROOM - HOSPITAL,COMMERCIAL,0,2,16,0,F,TX,FAMILY MEDICINE,41
628,OFFICE,COMMERCIAL,0,5,0,0,F,DC,INTERNAL MEDICINE,39
2418,INDEPENDENT LABORATORY,COMMERCIAL,0,3,2,16,F,UNKNOWN,UNKNOWN,53
3690,Unknown,COMMERCIAL,0,11,2,20,M,UNKNOWN,UNKNOWN,83
3187,Unknown,MEDICARE,0,36,12,17,M,OH,INTERNAL MEDICINE,73
3236,Unknown,MEDICARE,0,65,4,2,F,NY,FAMILY MEDICINE,80
402,Unknown,COMMERCIAL,1,1,0,0,F,GA,PHYSICIAN ASSISTANT,46
3736,Unknown,COMMERCIAL,0,33,23,76,F,NV,FAMILY MEDICINE,64
2528,Unknown,COMMERCIAL,0,2,31,19,F,OH,NURSE PRACTITIONER,40
1347,Unknown,MEDICARE,0,39,4,35,M,AR,NURSE PRACTITIONER,66
1466,Unknown,MEDICARE,0,3,4,44,M,MS,NURSE PRACTITIONER,75
3483,Unknown,COMMERCIAL,0,4,11,6,F,KY,FAMILY MEDICINE,33
965,Unknown,COMMERCIAL,0,12,6,15,F,FL,FAMILY MEDICINE,63
215,Unknown,COMMERCIAL,0,1,0,5,M,TX,FAMILY MEDICINE,47
3058,Unknown,MEDICARE,1,11,1,0,M,IN,NURSE PRACTITIONER,74
3918,HOSPITAL OUTPATIENT,COMMERCIAL,0,3,1,0,F,TX,EMERGENCY MEDICINE,26
382,CLINIC - FREESTANDING,MEDICAID,0,2,0,0,M,CA,NURSE PRACTITIONER,27
3612,OFFICE,COMMERCIAL,0,14,0,0,F,GA,INTERNAL MEDICINE,87
2428,OFFICE,COMMERCIAL,0,2,11,0,F,NY,PULMONARY DISEASE,37
71,URGENT CARE FACILITY,COMMERCIAL,0,2,1,0,F,UNKNOWN,UNKNOWN,44
2946,EMERGENCY ROOM - HOSPITAL,COMMERCIAL,0,8,0,7,F,IN,EMERGENCY MEDICINE,89
3088,FEDERALLY QUALIFIED HEALTH CENTER,COMMERCIAL,0,15,5,0,F,SC,FAMILY MEDICINE,59
1523,OTHER PLACE OF SERVICE,COMMERCIAL,0,56,36,10,M,CA,INTERNAL MEDICINE,75
1652,EMERGENCY ROOM - HOSPITAL,COMMERCIAL,0,31,1,0,F,TX,DIAGNOSTIC RADIOLOGY,75
2108,EMERGENCY ROOM - HOSPITAL,COMMERCIAL,0,4,5,0,F,IA,EMERGENCY MEDICINE,64
2992,HOSPITAL OUTPATIENT,COMMERCIAL,0,3,7,0,M,FL,INTERNAL MEDICINE,79
941,OFFICE,COMMERCIAL,0,12,0,0,F,FL,NURSE PRACTITIONER,53
566,TELEHEALTH PROVIDED OTHER THAN IN PATIENT'S HOME,COMMERCIAL,0,21,2,0,M,CA,INTERNAL MEDICINE,66
1583,Unknown,COMMERCIAL,1,7,1,7,M,AZ,RADIATION ONCOLOGY,67
3091,Unknown,COMMERCIAL,0,5,1,39,M,KS,INTERNAL MEDICINE,55
3150,Unknown,COMMERCIAL,1,3,0,0,M,MI,FAMILY MEDICINE,54
3144,Unknown,COMMERCIAL,1,31,2,0,F,CA,INTERNAL MEDICINE,50
2024,OFFICE,COMMERCIAL,0,1,6,0,F,NY,PEDIATRICS,16
2481,TELEHEALTH PROVIDED IN PATIENT'S HOME,COMMERCIAL,0,50,23,14,F,NY,"ENDOCRINOLOGY, DIABETES & METABOLISM",57
3833,TELEHEALTH PROVIDED OTHER THAN IN PATIENT'S HOME,COMMERCIAL,0,29,5,10,M,NJ,INTERNAL MEDICINE,63
1398,URGENT CARE FACILITY,COMMERCIAL,0,1,6,0,M,NY,PHYSICIAN ASSISTANT,29
1611,OFFICE,COMMERCIAL,0,48,0,0,M,MD,GASTROENTEROLOGY,41
3030,Unknown,COMMERCIAL,1,2,12,0,M,MI,EMERGENCY MEDICINE,53
3481,Unknown,MEDICARE,0,5,4,43,F,DC,PHYSICIAN ASSISTANT,48
2005,Unknown,COMMERCIAL,1,27,1,0,M,TX,INTERNAL MEDICINE,55
2122,Unknown,COMMERCIAL,0,109,7,5,M,IL,PSYCHIATRY,31
693,URGENT CARE FACILITY,COMMERCIAL,0,1,12,1,F,OR,FAMILY MEDICINE,38
1352,UNASSIGNED,MEDICARE,0,22,22,0,M,WA,FAMILY MEDICINE,80
361,TELEHEALTH PROVIDED OTHER THAN IN PATIENT'S HOME,COMMERCIAL,0,1,6,0,F,CA,PHYSICIAN ASSISTANT,29
3040,AMBULANCE - LAND,COMMERCIAL,0,1,1,4,F,UNKNOWN,UNKNOWN,47
3560,TELEHEALTH PROVIDED OTHER THAN IN PATIENT'S HOME,COMMERCIAL,0,8,3,0,M,CA,FAMILY MEDICINE,22
2139,TELEHEALTH PROVIDED OTHER THAN IN PATIENT'S HOME,MEDICARE,0,134,31,3,F,VA,INTERNAL MEDICINE,76
3474,Unknown,MEDICARE,0,68,11,11,F,GA,NURSE PRACTITIONER,89
2468,Unknown,COMMERCIAL,1,19,1,0,F,MD,NURSE PRACTITIONER,62
2153,Unknown,COMMERCIAL,1,106,4,1,F,PA,FAMILY MEDICINE,66
2227,Unknown,MEDICARE,0,9,13,59,F,MO,PHYSICIAN ASSISTANT,84
3584,Unknown,COMMERCIAL,1,3,0,0,M,CA,INTERNAL MEDICINE,78
3615,Unknown,COMMERCIAL,0,10,1,65,F,CA,INTERNAL MEDICINE,78
2554,Unknown,COMMERCIAL,1,1,3,0,F,MD,PHYSICIAN ASSISTANT,46
2345,OFFICE,COMMERCIAL,0,5,7,0,F,FL,FAMILY MEDICINE,62
2263,OFFICE,COMMERCIAL,0,1,0,2,M,UNKNOWN,UNKNOWN,59
167,EMERGENCY ROOM - HOSPITAL,COMMERCIAL,0,1,3,0,M,FL,ANATOMIC/CLINICAL PATHOLOGY,7
582,HOSPITAL OUTPATIENT,COMMERCIAL,0,2,0,0,F,WI,EMERGENCY MEDICINE,8
955,OTHER PLACE OF SERVICE,MEDICARE,0,24,6,4,F,GA,NURSE PRACTITIONER,89
171,TELEHEALTH PROVIDED OTHER THAN IN PATIENT'S HOME,COMMERCIAL,0,1,4,0,M,CA,INTERNAL MEDICINE,35
3467,OFFICE,COMMERCIAL,0,6,0,0,F,AL,FAMILY MEDICINE,32
1018,URGENT CARE FACILITY,COMMERCIAL,0,2,2,0,F,WA,FAMILY MEDICINE,38
3783,Unknown,COMMERCIAL,0,8,2,5,M,WY,INTERNAL MEDICINE,74
4017,Unknown,MEDICARE,0,64,46,54,F,IL,FAMILY MEDICINE,89
2335,Unknown,MEDICARE,1,7,8,0,F,AZ,EMERGENCY MEDICINE,87
935,OFFICE,COMMERCIAL,0,1,6,0,F,NC,PHYSICIAN ASSISTANT,10
1282,URGENT CARE FACILITY,COMMERCIAL,0,1,0,0,M,UNKNOWN,UNKNOWN,42
2851,HOSPITAL OUTPATIENT,COMMERCIAL,0,3,7,0,F,KS,INTERNAL MEDICINE,70
1504,HOSPITAL OUTPATIENT,COMMERCIAL,0,3,5,0,M,OR,EMERGENCY MEDICINE,14
1677,Unknown,COMMERCIAL,1,3,10,0,M,NC,PHYSICIAN ASSISTANT,45
3646,Unknown,COMMERCIAL,1,13,6,1,F,DC,INTERNAL MEDICINE,59
3310,Unknown,COMMERCIAL,1,31,5,0,F,NC,FAMILY MEDICINE,49
2510,Unknown,COMMERCIAL,1,23,7,0,M,FL,INTERNAL MEDICINE,57
2941,Unknown,COMMERCIAL,1,1,4,0,M,CA,FAMILY MEDICINE,52
2798,OFFICE,COMMERCIAL,0,3,2,0,M,NY,INFECTIOUS DISEASE,23
2603,URGENT CARE FACILITY,COMMERCIAL,0,2,2,0,F,TX,EMERGENCY MEDICINE,49
1953,TELEHEALTH PROVIDED OTHER THAN IN PATIENT'S HOME,COMMERCIAL,0,1,1,0,M,TX,FAMILY MEDICINE,53
748,URGENT CARE FACILITY,COMMERCIAL,0,1,7,0,F,MI,PHYSICIAN ASSISTANT,13
876,OFFICE,COMMERCIAL,0,53,4,0,F,GA,FAMILY MEDICINE,87
3670,Unknown,MEDICARE,0,9,2,5,M,OR,NURSE PRACTITIONER,72
3747,EMERGENCY ROOM - HOSPITAL,COMMERCIAL,0,1,4,0,F,GA,DIAGNOSTIC RADIOLOGY,75
573,HOSPITAL OUTPATIENT,COMMERCIAL,0,1,0,0,F,HI,PEDIATRICS,14
3489,Unknown,COMMERCIAL,0,47,20,7,F,FL,NURSE PRACTITIONER,66
630,Unknown,COMMERCIAL,1,8,6,0,M,TX,FAMILY MEDICINE,52
2983,Unknown,MEDICARE,1,30,7,0,M,MO,INTERNAL MEDICINE,77
2760,Unknown,COMMERCIAL,1,5,0,0,F,IL,FAMILY MEDICINE,38
602,Unknown,COMMERCIAL,0,12,8,21,F,TX,FAMILY MEDICINE,54
2361,Unknown,COMMERCIAL,1,6,1,0,F,KY,INTERNAL MEDICINE,49
2454,Unknown,COMMERCIAL,0,8,2,32,F,NJ,NURSE PRACTITIONER,85
2171,Unknown,MEDICARE,0,49,5,15,M,CO,NEUROLOGY,75
2634,Unknown,COMMERCIAL,1,12,9,6,F,TX,INTERNAL MEDICINE,62
2188,Unknown,MEDICARE,1,8,1,0,M,GA,EMERGENCY MEDICINE,56
3585,Unknown,COMMERCIAL,1,34,1,6,F,CO,PHYSICIAN ASSISTANT,88
2047,Unknown,COMMERCIAL,1,3,2,0,M,FL,FAMILY MEDICINE,32
2933,Unknown,MEDICARE,1,23,3,0,F,FL,PHYSICIAN ASSISTANT,76
3213,Unknown,COMMERCIAL,0,16,26,18,M,MI,NEUROLOGY,76
3744,Unknown,COMMERCIAL,0,9,2,21,F,LA,NURSE PRACTITIONER,64
3909,Unknown,MEDICARE,0,12,0,8,M,CA,NURSE PRACTITIONER,86
3814,Unknown,COMMERCIAL,0,114,14,53,F,DE,CARDIOVASCULAR DISEASE,67
2722,Unknown,COMMERCIAL,0,6,8,51,M,TX,NURSE PRACTITIONER,66
2068,Unknown,COMMERCIAL,1,1,1,8,M,NC,PHYSICIAN ASSISTANT,57
3263,Unknown,COMMERCIAL,0,16,13,53,M,CA,FAMILY MEDICINE,60
2993,Unknown,MEDICARE,1,6,0,1,F,TX,PHYSICIAN ASSISTANT,74
1172,Unknown,COMMERCIAL,0,72,45,9,M,OH,UROLOGY,60
2778,Unknown,COMMERCIAL,0,19,1,74,M,TX,INTERVENTIONAL CARDIOLOGY,69
2991,Unknown,COMMERCIAL,1,19,16,12,M,MA,FAMILY MEDICINE,78
3868,Unknown,COMMERCIAL,1,22,3,0,F,MD,INTERNAL MEDICINE,73
1724,Unknown,COMMERCIAL,0,21,3,69,F,OH,FAMILY MEDICINE,68
1763,Unknown,MEDICARE,0,35,4,21,F,AL,"ENDOCRINOLOGY, DIABETES & METABOLISM",73
682,Unknown,COMMERCIAL,0,27,8,5,M,PA,CARDIOVASCULAR DISEASE,82
2535,Unknown,COMMERCIAL,0,31,7,6,M,FL,PHYSICIAN ASSISTANT,86
2332,Unknown,MEDICARE,0,77,7,41,M,CA,NURSE PRACTITIONER,74
3135,Unknown,COMMERCIAL,1,1,0,0,M,CA,PHYSICIAN ASSISTANT,57
1343,Unknown,MEDICARE,1,2,2,0,F,RI,INTERNAL MEDICINE,74
2672,Unknown,COMMERCIAL,0,71,19,1,F,TX,INTERNAL MEDICINE,87
3750,Unknown,MEDICARE,0,131,31,1,F,NY,FAMILY MEDICINE,89
517,Unknown,COMMERCIAL,0,127,3,9,F,CO,INTERNAL MEDICINE,79
2479,Unknown,COMMERCIAL,1,30,6,4,M,MD,INTERNAL MEDICINE,53
2762,Unknown,COMMERCIAL,0,1,0,9,M,TX,INTERNAL MEDICINE,51
2019,Unknown,COMMERCIAL,0,10,6,14,M,FL,NURSE PRACTITIONER,46
2943,Unknown,MEDICARE,1,34,13,0,F,CT,INTERNAL MEDICINE,75
1832,Unknown,COMMERCIAL,1,29,1,0,M,OR,INTERNAL MEDICINE,48
2434,Unknown,MEDICAID,1,21,9,0,F,MN,NURSE PRACTITIONER,48
2971,Unknown,MEDICARE,1,21,5,0,F,NV,FAMILY MEDICINE,80
1062,Unknown,COMMERCIAL,1,1,1,0,M,TX,NURSE PRACTITIONER,31
2531,Unknown,COMMERCIAL,0,6,1,51,M,NY,FAMILY MEDICINE,75
3485,Unknown,COMMERCIAL,1,39,9,1,F,DE,PHYSICIAN ASSISTANT,27
3659,Unknown,COMMERCIAL,1,3,0,0,F,MA,NURSE PRACTITIONER,33
1683,Unknown,COMMERCIAL,1,1,0,0,F,TN,FAMILY MEDICINE,68
1759,Unknown,COMMERCIAL,0,2,0,38,M,OH,UROLOGY,66
2517,Unknown,COMMERCIAL,0,6,3,2,M,FL,INTERNAL MEDICINE,62
2273,Unknown,MEDICARE,0,134,30,77,F,NY,INTERNAL MEDICINE,88
640,Unknown,COMMERCIAL,0,69,2,11,M,AL,FAMILY MEDICINE,87
321,URGENT CARE FACILITY,COMMERCIAL,0,1,0,0,F,NY,INTERNAL MEDICINE,28
1895,OFFICE,MEDICARE,0,10,3,0,M,TX,FAMILY MEDICINE,76
1548,PSYCHIATRIC FACILITY-PARTIAL HOSPITALIZATION,COMMERCIAL,0,50,10,3,F,RI,NURSE PRACTITIONER,54
3593,HOSPITAL OUTPATIENT,COMMERCIAL,0,61,14,1,M,ID,FAMILY MEDICINE,84
1955,EMERGENCY ROOM - HOSPITAL,COMMERCIAL,0,11,0,0,M,CO,EMERGENCY MEDICINE,78
439,OFFICE,COMMERCIAL,0,6,0,0,M,DE,PEDIATRICS,6
2272,EMERGENCY ROOM - HOSPITAL,MEDICAID,0,1,3,1,F,CO,INTERNAL MEDICINE/EMERGENCY MEDICINE,46
1311,TELEHEALTH PROVIDED OTHER THAN IN PATIENT'S HOME,COMMERCIAL,0,2,4,1,M,MO,PHYSICIAN ASSISTANT,46
2470,INDEPENDENT LABORATORY,COMMERCIAL,0,2,0,0,M,UNKNOWN,UNKNOWN,77
1636,TELEHEALTH PROVIDED OTHER THAN IN PATIENT'S HOME,COMMERCIAL,0,1,0,0,M,UNKNOWN,UNKNOWN,47
2812,EMERGENCY ROOM - HOSPITAL,COMMERCIAL,0,1,1,0,F,AL,FAMILY MEDICINE,43
1001,TELEHEALTH PROVIDED OTHER THAN IN PATIENT'S HOME,COMMERCIAL,0,20,5,3,M,FL,NURSE PRACTITIONER,58
2674,OFFICE,COMMERCIAL,0,53,0,9,M,CO,INTERNAL MEDICINE,57
574,HOSPITAL OUTPATIENT,COMMERCIAL,0,2,0,0,M,WA,PEDIATRIC EMERGENCY MEDICINE (PEDIATRICS),8
3435,UNASSIGNED,UNSPECIFIED,0,3,21,5,F,OH,GERIATRIC MEDICINE (FAMILY MEDICINE),81
3857,HOSPITAL OUTPATIENT,COMMERCIAL,0,23,5,0,F,TX,NURSE PRACTITIONER,67
2334,INPATIENT HOSPITAL,MEDICARE,0,135,28,57,F,PA,DIAGNOSTIC RADIOLOGY,87
1113,UNASSIGNED,COMMERCIAL,0,69,3,2,M,NJ,GERIATRIC MEDICINE (INTERNAL MEDICINE),77
2813,OFFICE,COMMERCIAL,0,5,0,0,M,NY,INTERNAL MEDICINE,51
2681,HOSPITAL OUTPATIENT,MEDICARE,0,7,0,0,F,OK,FAMILY MEDICINE,76
1158,OFFICE,MEDICAID,0,6,6,0,M,CA,INTERNAL MEDICINE,29
3003,TELEHEALTH PROVIDED IN PATIENT'S HOME,COMMERCIAL,0,84,5,7,M,UNKNOWN,UNKNOWN,61
703,OFFICE,COMMERCIAL,0,1,0,0,F,SC,PEDIATRICS,30
3285,URGENT CARE FACILITY,COMMERCIAL,0,3,4,0,M,MD,PHYSICIAN ASSISTANT,62
3420,OFFICE,COMMERCIAL,0,4,16,0,F,DC,FAMILY MEDICINE,52
514,TELEHEALTH PROVIDED OTHER THAN IN PATIENT'S HOME,COMMERCIAL,0,2,18,0,F,CA,PEDIATRICS,7
2151,OFFICE,COMMERCIAL,0,85,12,9,M,CA,FAMILY MEDICINE,72
1479,OFFICE,MEDICARE,0,15,5,0,F,FL,INTERNAL MEDICINE,73
2835,OFFICE,COMMERCIAL,0,30,14,38,F,OH,INTERNAL MEDICINE,55
1538,TELEHEALTH PROVIDED OTHER THAN IN PATIENT'S HOME,COMMERCIAL,0,3,0,14,F,NM,PHYSICIAN ASSISTANT,61
2322,OFFICE,COMMERCIAL,0,1,0,0,F,MI,INTERNAL MEDICINE/PEDIATRICS,22
1194,HOSPITAL OUTPATIENT,MEDICARE,0,53,4,0,F,CA,EMERGENCY MEDICINE,62
3854,OFFICE,COMMERCIAL,0,70,35,1,F,ME,PHYSICAL THERAPY,60
76,URGENT CARE FACILITY,COMMERCIAL,0,1,3,0,F,AZ,FAMILY MEDICINE,40
2804,OFFICE,COMMERCIAL,0,3,12,0,M,MA,PEDIATRICS,19
657,OFFICE,COMMERCIAL,0,3,0,0,M,KS,FAMILY MEDICINE,37
2548,OFFICE,COMMERCIAL,0,1,5,0,F,TX,FAMILY MEDICINE,51
2319,URGENT CARE FACILITY,COMMERCIAL,0,4,6,0,F,CA,FAMILY MEDICINE,28
37,TELEHEALTH PROVIDED OTHER THAN IN PATIENT'S HOME,COMMERCIAL,0,1,1,0,M,OR,INTERNAL MEDICINE,36
1115,OFFICE,COMMERCIAL,0,2,1,0,F,CA,FAMILY MEDICINE,29
653,OFFICE,MEDICARE,0,7,4,6,F,MD,FAMILY MEDICINE,81
3882,OFFICE,MEDICARE,0,1,1,0,M,KY,NURSE PRACTITIONER,48
2501,TELEHEALTH PROVIDED OTHER THAN IN PATIENT'S HOME,COMMERCIAL,0,104,11,8,F,NY,INTERNAL MEDICINE,89
2726,EMERGENCY ROOM - HOSPITAL,COMMERCIAL,0,8,0,23,F,TX,DIAGNOSTIC RADIOLOGY,67
1581,URGENT CARE FACILITY,COMMERCIAL,0,2,2,0,F,OR,PHYSICIAN ASSISTANT,44
2028,HOSPITAL OUTPATIENT,MEDICARE,0,10,9,0,F,CA,EMERGENCY MEDICINE,75
2924,EMERGENCY ROOM - HOSPITAL,COMMERCIAL,0,12,20,0,F,WA,NEURORADIOLOGY,43
3534,URGENT CARE FACILITY,COMMERCIAL,0,30,9,0,F,LA,PHYSICIAN ASSISTANT,80
825,OFFICE,COMMERCIAL,0,1,3,0,F,NJ,PHYSICIAN ASSISTANT,32
3967,OFFICE,COMMERCIAL,0,16,42,21,F,NJ,CHIROPRACTIC,42
2725,OFFICE,COMMERCIAL,0,38,3,0,M,PA,FAMILY MEDICINE,69
1659,HOSPITAL OUTPATIENT,COMMERCIAL,0,14,26,0,M,OH,EMERGENCY MEDICINE,48
510,URGENT CARE FACILITY,COMMERCIAL,0,1,4,0,F,FL,EMERGENCY MEDICINE,66
1108,TELEHEALTH PROVIDED OTHER THAN IN PATIENT'S HOME,COMMERCIAL,0,3,1,1,M,CA,FAMILY MEDICINE,35
2266,INDEPENDENT LABORATORY,COMMERCIAL,0,2,12,0,F,UNKNOWN,UNKNOWN,50
1154,OFFICE,COMMERCIAL,0,8,3,0,M,NY,FAMILY MEDICINE,41
2121,TELEHEALTH PROVIDED OTHER THAN IN PATIENT'S HOME,COMMERCIAL,0,1,1,0,F,TX,GENERAL SURGERY,26
3553,HOSPITAL OUTPATIENT,COMMERCIAL,0,1,0,0,M,CA,PHYSICIAN ASSISTANT,32
2233,URGENT CARE FACILITY,COMMERCIAL,0,1,1,0,M,NC,EMERGENCY MEDICINE,50
1206,OFFICE,MEDICARE,0,39,3,0,F,FL,NEUROLOGY,70
3025,URGENT CARE FACILITY,MEDICARE,0,2,1,0,M,UNKNOWN,UNKNOWN,80
1246,OFFICE,COMMERCIAL,0,1,7,0,F,OR,FAMILY MEDICINE,48
2538,OFFICE,MEDICARE,0,49,22,1,F,AZ,NEUROLOGY,55
2788,INDEPENDENT LABORATORY,COMMERCIAL,0,1,0,0,F,UNKNOWN,UNKNOWN,48
1476,URGENT CARE FACILITY,COMMERCIAL,0,1,0,0,M,CA,FAMILY MEDICINE,63
3317,ON CAMPUS-OUTPATIENT HOSPITAL,COMMERCIAL,0,6,1,0,M,FL,ANATOMIC/CLINICAL PATHOLOGY,66
127,TELEHEALTH PROVIDED IN PATIENT'S HOME,COMMERCIAL,0,1,2,0,M,AK,PEDIATRICS,4
1623,OTHER PLACE OF SERVICE,COMMERCIAL,0,22,13,2,M,UNKNOWN,UNKNOWN,64
3827,HOSPITAL OUTPATIENT,COMMERCIAL,0,18,0,1,M,MA,PHYSICIAN ASSISTANT,57
793,HOSPITAL OUTPATIENT,COMMERCIAL,0,70,2,1,M,AZ,NURSE PRACTITIONER,68
3198,OFFICE,MEDICARE,0,17,0,0,F,OH,FAMILY MEDICINE,80
3182,ON CAMPUS-OUTPATIENT HOSPITAL,COMMERCIAL,0,6,4,0,F,OK,NURSE PRACTITIONER,41
2919,OTHER PLACE OF SERVICE,MEDICARE,0,153,12,11,F,NJ,INTERNAL MEDICINE,89
1776,TELEHEALTH PROVIDED OTHER THAN IN PATIENT'S HOME,COMMERCIAL,0,25,19,0,F,CA,FAMILY MEDICINE,46
3505,EMERGENCY ROOM - HOSPITAL,COMMERCIAL,0,8,10,28,M,IL,EMERGENCY MEDICINE,41
503,URGENT CARE FACILITY,COMMERCIAL,0,1,0,0,F,OH,NURSE PRACTITIONER,34
2964,OFFICE,COMMERCIAL,0,9,3,3,F,TX,INTERNAL MEDICINE,78
3346,OFFICE,COMMERCIAL,0,5,25,2,F,SC,BEHAVIORAL HEALTH & SOCIAL SERVICES,49
1163,INDEPENDENT LABORATORY,COMMERCIAL,0,1,4,0,F,UNKNOWN,UNKNOWN,22
1049,URGENT CARE FACILITY,COMMERCIAL,0,3,1,0,F,MO,NURSE PRACTITIONER,44
3294,TELEHEALTH PROVIDED OTHER THAN IN PATIENT'S HOME,MEDICARE,0,70,28,45,F,NY,HEMATOLOGY/ONCOLOGY,67
2632,TELEHEALTH PROVIDED IN PATIENT'S HOME,COMMERCIAL,0,2,11,0,F,RI,HOSPITALIST,55
224,TELEHEALTH PROVIDED OTHER THAN IN PATIENT'S HOME,COMMERCIAL,0,3,0,0,M,VA,INTERNAL MEDICINE,36
2916,OFFICE,MEDICARE,0,16,3,23,M,RI,INTERNAL MEDICINE,81
1404,INDEPENDENT LABORATORY,COMMERCIAL,0,1,0,0,M,AR,ANATOMIC/CLINICAL PATHOLOGY,24
2914,OFFICE,COMMERCIAL,0,19,0,5,F,CT,INTERNAL MEDICINE,66
631,INDEPENDENT LABORATORY,COMMERCIAL,0,6,5,0,F,UNKNOWN,UNKNOWN,60
764,URGENT CARE FACILITY,COMMERCIAL,0,15,5,0,F,NY,PHYSICIAN ASSISTANT,46
77,URGENT CARE FACILITY,COMMERCIAL,0,2,0,0,M,UNKNOWN,UNKNOWN,80
3929,URGENT CARE FACILITY,COMMERCIAL,0,1,2,0,M,MD,FAMILY MEDICINE,30
3933,CRITICAL ACCESS HOSPITAL,MEDICARE,0,74,0,1,M,OH,NURSE PRACTITIONER,81
1510,HOSPITAL OUTPATIENT,COMMERCIAL,0,1,4,0,F,PR,GENERAL PRACTICE,32
3329,URGENT CARE FACILITY,MEDICARE,0,3,3,0,F,PA,INTERNAL MEDICINE,78
194,URGENT CARE FACILITY,COMMERCIAL,0,6,0,0,F,CA,INTERNAL MEDICINE,5
1688,EMERGENCY ROOM - HOSPITAL,COMMERCIAL,0,2,0,0,F,WI,EMERGENCY MEDICINE,89
2765,OFFICE,MEDICARE,0,75,11,2,F,MO,ORTHOPEDIC SURGERY,66
3895,URGENT CARE FACILITY,COMMERCIAL,0,4,0,0,F,UNKNOWN,UNKNOWN,45
1112,OFFICE,MEDICARE,0,70,7,12,M,NC,INTERNAL MEDICINE,79
907,OFFICE,COMMERCIAL,0,3,13,0,F,CA,NURSE PRACTITIONER,55
1015,TELEHEALTH PROVIDED OTHER THAN IN PATIENT'S HOME,COMMERCIAL,0,2,0,0,M,NJ,INTERNAL MEDICINE,59
1916,URGENT CARE FACILITY,COMMERCIAL,0,2,2,1,F,CA,PHYSICIAN ASSISTANT,39
123,EMERGENCY ROOM - HOSPITAL,COMMERCIAL,0,1,1,0,F,TX,PHYSICIAN ASSISTANT,5
234,OFFICE,COMMERCIAL,0,1,2,0,M,MS,NURSE PRACTITIONER,6
3009,OFFICE,COMMERCIAL,0,1,0,0,F,CT,FAMILY MEDICINE,61
48,HOSPITAL OUTPATIENT,MEDICAID,0,1,0,0,F,OK,PHYSICIAN ASSISTANT,4
699,OFFICE,COMMERCIAL,0,1,3,0,M,UNKNOWN,UNKNOWN,42
331,OFFICE,COMMERCIAL,0,1,1,0,F,VA,PHYSICIAN ASSISTANT,35
367,URGENT CARE FACILITY,COMMERCIAL,0,1,4,0,F,UNKNOWN,UNKNOWN,6
3354,HOSPITAL OUTPATIENT,MEDICARE,0,55,6,12,F,CA,MEDICAL ONCOLOGY,80
3235,WALK-IN RETAIL HEALTH CLINIC,COMMERCIAL,0,1,0,0,M,NY,NURSE PRACTITIONER,58
42,INDEPENDENT LABORATORY,COMMERCIAL,0,1,0,0,F,UNKNOWN,UNKNOWN,18
1215,URGENT CARE FACILITY,COMMERCIAL,0,1,1,0,F,CA,PHYSICIAN ASSISTANT,27
522,OFFICE,COMMERCIAL,0,1,0,0,M,KY,NURSE PRACTITIONER,64
1743,URGENT CARE FACILITY,COMMERCIAL,0,2,0,0,F,CA,PHYSICIAN ASSISTANT,52
3950,OFFICE,COMMERCIAL,0,7,9,0,M,KY,NURSE PRACTITIONER,59
18,CLINIC - FREESTANDING,MEDICAID,0,1,0,0,M,CA,GENERAL PREVENTIVE MEDICINE,54
2940,URGENT CARE FACILITY,MEDICARE,0,11,1,22,M,CA,PHYSICIAN ASSISTANT,88
3303,URGENT CARE FACILITY,COMMERCIAL,0,1,6,0,F,UNKNOWN,UNKNOWN,21
2105,HOSPITAL OUTPATIENT,COMMERCIAL,0,51,12,3,M,MA,EMERGENCY MEDICINE,55
206,EMERGENCY ROOM - HOSPITAL,COMMERCIAL,0,1,1,0,F,TX,EMERGENCY MEDICINE,5
3515,Unknown,COMMERCIAL,1,11,2,8,M,TX,INTERNAL MEDICINE,69
1988,Unknown,MEDICARE,0,49,26,2,F,WA,CARDIOVASCULAR DISEASE,88
3205,Unknown,MEDICARE,0,53,3,10,F,CA,FAMILY MEDICINE,85
1751,Unknown,COMMERCIAL,0,13,3,22,M,VA,FAMILY MEDICINE,60
3586,Unknown,MEDICARE,0,23,10,5,M,CA,FAMILY MEDICINE,79
345,Unknown,COMMERCIAL,1,5,0,0,M,FL,INTERNAL MEDICINE,61
3243,INDEPENDENT LABORATORY,COMMERCIAL,0,1,1,0,F,UNKNOWN,UNKNOWN,25
3899,Unknown,MEDICARE,0,25,8,28,M,CA,FAMILY MEDICINE,59
3418,Unknown,COMMERCIAL,1,3,1,0,F,FL,NURSE PRACTITIONER,43
1606,Unknown,MEDICARE,0,97,5,22,M,PA,FAMILY MEDICINE,78
3190,HOSPITAL OUTPATIENT,MEDICARE,0,44,11,2,M,NY,FAMILY MEDICINE,80
2918,HOSPITAL OUTPATIENT,COMMERCIAL,0,1,0,0,F,FL,FAMILY MEDICINE,41
1996,INPATIENT HOSPITAL,MEDICAID,0,17,3,0,F,MT,OBSTETRICS & GYNECOLOGY,30
597,EMERGENCY ROOM - HOSPITAL,COMMERCIAL,0,1,1,0,M,TX,EMERGENCY MEDICINE,8
959,INPATIENT HOSPITAL,MEDICARE,0,41,12,0,M,NJ,INFECTIOUS DISEASE,89
2018,Unknown,MEDICARE,1,29,0,0,M,CA,INTERNAL MEDICINE,80
3978,OFF CAMPUS-OUTPATIENT HOSPITAL,COMMERCIAL,0,95,58,0,F,MI,FAMILY MEDICINE,71
2972,EMERGENCY ROOM - HOSPITAL,COMMERCIAL,0,3,2,0,F,FL,DERMATOPATHOLOGY,31
318,OFFICE,COMMERCIAL,0,1,5,0,M,IL,PEDIATRICS,5
340,TELEHEALTH PROVIDED OTHER THAN IN PATIENT'S HOME,COMMERCIAL,0,2,0,0,M,MA,FAMILY MEDICINE,38
3473,URGENT CARE FACILITY,COMMERCIAL,0,6,3,0,F,GA,EMERGENCY MEDICINE,52
1418,INPATIENT HOSPITAL,COMMERCIAL,0,42,5,0,M,MO,ANESTHESIOLOGY,89
449,TELEHEALTH PROVIDED OTHER THAN IN PATIENT'S HOME,COMMERCIAL,0,1,10,0,M,WA,FAMILY MEDICINE,6
3155,OFFICE,COMMERCIAL,0,37,13,0,M,CA,NEPHROLOGY,67
2533,HOSPITAL OUTPATIENT,MEDICARE,0,171,13,0,F,NY,NURSE PRACTITIONER,89
849,TELEHEALTH PROVIDED OTHER THAN IN PATIENT'S HOME,COMMERCIAL,0,2,18,0,M,NY,PHYSICIAN ASSISTANT,38
2973,TELEHEALTH PROVIDED OTHER THAN IN PATIENT'S HOME,COMMERCIAL,0,34,16,1,M,OK,INTERNAL MEDICINE,64
3885,EMERGENCY ROOM - HOSPITAL,COMMERCIAL,0,3,0,0,F,DE,EMERGENCY MEDICINE,82
65,INPATIENT HOSPITAL,MEDICARE,0,10,7,0,F,FL,PHYSICAL MEDICINE & REHABILITATION,80
504,OFFICE,MEDICARE,0,9,0,0,F,VA,FAMILY MEDICINE,70
3633,OFFICE,COMMERCIAL,0,42,3,0,F,TX,FAMILY MEDICINE,74
2530,OFFICE,COMMERCIAL,0,4,8,0,F,IN,NURSE PRACTITIONER,35
2652,EMERGENCY ROOM - HOSPITAL,COMMERCIAL,0,2,0,0,M,IL,DIAGNOSTIC RADIOLOGY,65
1499,TELEHEALTH PROVIDED IN PATIENT'S HOME,MEDICARE,0,12,1,0,M,CA,FAMILY MEDICINE,89
3349,INPATIENT HOSPITAL,COMMERCIAL,0,12,38,40,F,WA,INTERNAL MEDICINE,89
1188,OTHER PLACE OF SERVICE,COMMERCIAL,0,5,23,0,F,UNKNOWN,UNKNOWN,76
3795,EMERGENCY ROOM - HOSPITAL,COMMERCIAL,0,7,5,1,F,NY,DIAGNOSTIC RADIOLOGY,55
3330,ON CAMPUS-OUTPATIENT HOSPITAL,COMMERCIAL,0,1,3,3,F,CA,DIAGNOSTIC RADIOLOGY,48
2094,URGENT CARE FACILITY,COMMERCIAL,0,10,11,0,F,NY,PHYSICIAN ASSISTANT,38
2772,HOSPITAL OUTPATIENT,COMMERCIAL,0,4,7,0,F,IL,NURSE PRACTITIONER,47
237,FEDERALLY QUALIFIED HEALTH CENTER,COMMERCIAL,0,1,3,0,M,UNKNOWN,UNKNOWN,10
2729,OFFICE,COMMERCIAL,0,91,34,1,M,MN,FAMILY MEDICINE,82
2143,TELEHEALTH PROVIDED OTHER THAN IN PATIENT'S HOME,COMMERCIAL,0,3,0,0,F,TX,FAMILY MEDICINE,25
3257,TELEHEALTH PROVIDED OTHER THAN IN PATIENT'S HOME,COMMERCIAL,0,3,0,0,M,CA,FAMILY MEDICINE,67
3032,HOSPITAL OUTPATIENT,COMMERCIAL,0,2,7,0,F,TX,OBSTETRICS & GYNECOLOGY,25
2578,EMERGENCY ROOM - HOSPITAL,MEDICARE,0,6,1,0,M,TX,PHYSICIAN ASSISTANT,82
1907,TELEHEALTH PROVIDED OTHER THAN IN PATIENT'S HOME,COMMERCIAL,0,41,2,3,F,NY,NURSE PRACTITIONER,39
3936,HOSPITAL OUTPATIENT,COMMERCIAL,0,2,5,0,F,WI,EMERGENCY MEDICINE,41
2866,URGENT CARE FACILITY,MEDICARE,0,18,7,0,F,AL,DERMATOPATHOLOGY,70
3200,TELEHEALTH PROVIDED OTHER THAN IN PATIENT'S HOME,COMMERCIAL,0,5,6,0,F,CA,FAMILY MEDICINE,57
3415,OFFICE,COMMERCIAL,0,1,1,0,F,FL,FAMILY MEDICINE,45
3414,TELEHEALTH PROVIDED OTHER THAN IN PATIENT'S HOME,COMMERCIAL,0,11,0,0,M,CA,INTERNAL MEDICINE,60
393,OFFICE,MEDICARE,0,9,0,0,F,FL,GENERAL PRACTICE,70
2368,URGENT CARE FACILITY,COMMERCIAL,0,2,1,0,M,UNKNOWN,UNKNOWN,43
3767,ON CAMPUS-OUTPATIENT HOSPITAL,MEDICARE,0,3,5,0,F,NJ,PHYSICIAN ASSISTANT,77
1243,ON CAMPUS-OUTPATIENT HOSPITAL,COMMERCIAL,0,1,1,0,F,AR,ANATOMIC/CLINICAL PATHOLOGY,43
398,OFFICE,COMMERCIAL,0,1,1,0,F,NC,NURSE PRACTITIONER,6
2386,OFFICE,COMMERCIAL,0,4,3,0,M,GA,DERMATOLOGY,51
24,OFFICE,COMMERCIAL,0,1,1,0,F,NE,PHYSICIAN ASSISTANT,24
1410,URGENT CARE FACILITY,COMMERCIAL,0,1,2,1,M,UNKNOWN,UNKNOWN,66
2665,OFFICE,MEDICARE,0,13,14,0,F,OH,NURSE PRACTITIONER,81
899,OFFICE,COMMERCIAL,0,3,1,0,F,CA,ANATOMIC/CLINICAL PATHOLOGY,36
2160,OFFICE,COMMERCIAL,0,17,38,22,F,TX,FAMILY MEDICINE,84
1928,INDEPENDENT LABORATORY,COMMERCIAL,0,1,0,0,M,UNKNOWN,UNKNOWN,50
2586,OTHER PLACE OF SERVICE,COMMERCIAL,0,75,46,0,F,MO,INTERNAL MEDICINE,89
1596,WALK-IN RETAIL HEALTH CLINIC,COMMERCIAL,0,1,3,0,F,CA,PHYSICIAN ASSISTANT,89
3325,URGENT CARE FACILITY,COMMERCIAL,0,1,6,0,M,TX,NURSE PRACTITIONER,23
1567,ON CAMPUS-OUTPATIENT HOSPITAL,COMMERCIAL,0,5,12,20,F,KS,DIAGNOSTIC RADIOLOGY,46
2311,OFFICE,COMMERCIAL,0,2,0,0,F,CA,INTERNAL MEDICINE,32
104,HOSPITAL OUTPATIENT,COMMERCIAL,0,2,2,0,M,TX,PEDIATRICS,6
410,URGENT CARE FACILITY,COMMERCIAL,0,1,0,0,F,MI,PHYSICIAN ASSISTANT,40
259,HOSPITAL OUTPATIENT,COMMERCIAL,0,2,0,0,M,CA,EMERGENCY MEDICINE,5
3319,EMERGENCY ROOM - HOSPITAL,COMMERCIAL,0,11,12,0,F,AZ,PEDIATRICS,23
1460,UNASSIGNED,MEDICARE,0,23,1,0,F,NJ,GERIATRIC MEDICINE (INTERNAL MEDICINE),89
2186,URGENT CARE FACILITY,COMMERCIAL,0,44,8,0,F,UNKNOWN,UNKNOWN,77
2555,ON CAMPUS-OUTPATIENT HOSPITAL,COMMERCIAL,0,15,28,1,M,OH,HEMATOLOGY (PATHOLOGY),59
3193,EMERGENCY ROOM - HOSPITAL,MEDICARE,0,3,3,11,M,OH,EMERGENCY MEDICINE,73
1780,INDEPENDENT LABORATORY,COMMERCIAL,0,21,4,0,F,UNKNOWN,UNKNOWN,30
284,OFF CAMPUS-OUTPATIENT HOSPITAL,MEDICAID,0,1,7,0,F,IL,ANATOMIC/CLINICAL PATHOLOGY,5
1447,EMERGENCY ROOM - HOSPITAL,MEDICARE,0,2,3,9,F,FL,EMERGENCY MEDICINE,81
2646,EMERGENCY ROOM - HOSPITAL,COMMERCIAL,0,2,11,0,F,MI,OBSTETRICS & GYNECOLOGY,22
2698,EMERGENCY ROOM - HOSPITAL,COMMERCIAL,0,4,10,1,F,IA,EMERGENCY MEDICINE,58
3250,TELEHEALTH PROVIDED OTHER THAN IN PATIENT'S HOME,COMMERCIAL,0,3,22,0,F,CA,CARDIOVASCULAR DISEASE,33
880,TELEHEALTH PROVIDED OTHER THAN IN PATIENT'S HOME,COMMERCIAL,0,16,2,0,F,PA,"ENDOCRINOLOGY, DIABETES & METABOLISM",64
1580,EMERGENCY ROOM - HOSPITAL,MEDICARE,0,1,4,0,F,SC,PHYSICIAN ASSISTANT,89
2248,EMERGENCY ROOM - HOSPITAL,COMMERCIAL,0,2,2,0,M,TX,HEMATOLOGY (PATHOLOGY),47
1219,URGENT CARE FACILITY,COMMERCIAL,0,3,28,0,F,TX,PEDIATRICS,16
3555,HOSPITAL OUTPATIENT,COMMERCIAL,0,2,0,0,F,FL,EMERGENCY MEDICINE,39
772,HOSPITAL OUTPATIENT,COMMERCIAL,0,1,1,0,M,NY,EMERGENCY MEDICINE,39
963,OFFICE,COMMERCIAL,0,1,2,0,F,OH,SPORTS MEDICINE (PEDIATRICS),11
914,INDEPENDENT LABORATORY,COMMERCIAL,0,2,5,0,F,UNKNOWN,UNKNOWN,38
3124,OFFICE,COMMERCIAL,0,10,9,0,F,CA,CARDIOVASCULAR DISEASE,74
1364,URGENT CARE FACILITY,COMMERCIAL,0,4,3,0,M,CA,PHYSICIAN ASSISTANT,22
577,OFFICE,COMMERCIAL,0,9,3,0,F,OH,NURSE PRACTITIONER,55
3860,CLINIC - RURAL HEALTH,MEDICARE,0,24,1,0,M,IN,FAMILY MEDICINE,73
3326,OFFICE,COMMERCIAL,0,2,9,0,F,CA,FAMILY MEDICINE,21
2553,OFFICE,MEDICARE,0,18,0,0,F,NY,PULMONARY DISEASE,89
2221,OFFICE,COMMERCIAL,0,4,9,0,M,AL,FAMILY MEDICINE,64
1857,OFFICE,COMMERCIAL,0,1,1,0,F,TX,NURSE PRACTITIONER,14
295,ON CAMPUS-OUTPATIENT HOSPITAL,COMMERCIAL,0,2,0,0,F,AR,ANATOMIC/CLINICAL PATHOLOGY,29
4015,OFFICE,COMMERCIAL,0,22,0,0,M,CA,FAMILY MEDICINE,76
342,OFFICE,COMMERCIAL,0,5,2,1,F,MD,INTERNAL MEDICINE,40
3900,OFFICE,MEDICARE,0,31,7,1,M,MD,FAMILY MEDICINE,64
3494,HOSPITAL OUTPATIENT,COMMERCIAL,0,2,4,0,F,FL,PHYSICIAN ASSISTANT,65
686,OFFICE,COMMERCIAL,0,43,0,0,F,TN,INTERNAL MEDICINE,43
103,HOSPITAL OUTPATIENT,COMMERCIAL,0,22,5,0,M,AR,EMERGENCY MEDICINE,70
193,URGENT CARE FACILITY,COMMERCIAL,0,2,0,0,F,CA,EMERGENCY MEDICINE,67
2046,TELEHEALTH PROVIDED OTHER THAN IN PATIENT'S HOME,COMMERCIAL,0,1,0,1,F,CA,PEDIATRICS,70
117,TELEHEALTH PROVIDED OTHER THAN IN PATIENT'S HOME,COMMERCIAL,0,1,0,0,F,NY,PEDIATRICS,18
3047,OFFICE,MEDICARE,0,36,0,0,F,KY,FAMILY MEDICINE,89
869,EMERGENCY ROOM - HOSPITAL,COMMERCIAL,0,70,18,0,M,PA,EMERGENCY MEDICINE,76
3242,OFFICE,COMMERCIAL,0,14,10,3,F,CA,PEDIATRICS,21
3021,EMERGENCY ROOM - HOSPITAL,COMMERCIAL,0,3,0,0,F,UNKNOWN,UNKNOWN,41
2456,HOSPITAL OUTPATIENT,COMMERCIAL,0,2,51,0,F,NJ,PEDIATRICS,18
1873,OFFICE,COMMERCIAL,0,15,0,12,M,OR,FAMILY MEDICINE,75
2411,URGENT CARE FACILITY,MEDICARE,0,7,13,22,F,CA,PHYSICIAN ASSISTANT,83
3930,OFFICE,COMMERCIAL,0,9,19,0,F,KY,NURSE PRACTITIONER,27
1086,OFFICE,COMMERCIAL,0,19,11,0,F,AZ,NURSE PRACTITIONER,42
1948,EMERGENCY ROOM - HOSPITAL,COMMERCIAL,0,1,0,0,M,MI,EMERGENCY MEDICINE,40
747,OFFICE,COMMERCIAL,0,50,29,0,F,CA,PULMONARY CRITICAL CARE MEDICINE,41
3914,HOSPITAL OUTPATIENT,COMMERCIAL,0,4,5,7,M,KY,FAMILY MEDICINE,73
885,FEDERALLY QUALIFIED HEALTH CENTER,COMMERCIAL,0,2,19,0,M,IN,NURSE PRACTITIONER,10
1489,URGENT CARE FACILITY,COMMERCIAL,0,1,0,0,M,UNKNOWN,UNKNOWN,38
3761,OTHER PLACE OF SERVICE,MEDICARE,0,48,24,0,F,NY,PHYSICIAN ASSISTANT,69
513,TELEHEALTH PROVIDED OTHER THAN IN PATIENT'S HOME,COMMERCIAL,0,2,12,0,F,VA,PEDIATRICS,7
389,OFFICE,COMMERCIAL,0,1,4,0,F,UNKNOWN,UNKNOWN,26
1139,URGENT CARE FACILITY,COMMERCIAL,0,1,2,0,F,CO,PHYSICIAN ASSISTANT,35
3688,URGENT CARE FACILITY,COMMERCIAL,0,1,2,0,F,CA,PHYSICIAN ASSISTANT,48
3372,INDEPENDENT LABORATORY,COMMERCIAL,0,1,8,0,M,UNKNOWN,UNKNOWN,21
2035,OFFICE,COMMERCIAL,0,2,2,0,F,TX,PEDIATRICS,21
2017,HOSPITAL OUTPATIENT,COMMERCIAL,0,20,0,1,F,NY,SURGICAL ONCOLOGY,54
622,HOSPITAL OUTPATIENT,COMMERCIAL,0,2,5,0,M,IL,EMERGENCY MEDICINE,35
2466,OFFICE,COMMERCIAL,0,8,15,0,M,NY,FAMILY MEDICINE,43
1950,EMERGENCY ROOM - HOSPITAL,COMMERCIAL,0,10,4,0,F,UNKNOWN,UNKNOWN,63
1613,OFFICE,COMMERCIAL,0,35,4,15,F,NC,FAMILY MEDICINE,67
733,OFFICE,COMMERCIAL,0,8,1,0,F,CA,FAMILY MEDICINE,37
3645,URGENT CARE FACILITY,COMMERCIAL,0,2,6,0,F,MD,FAMILY MEDICINE,34
605,URGENT CARE FACILITY,COMMERCIAL,0,1,1,0,F,CO,FAMILY MEDICINE,51
841,URGENT CARE FACILITY,COMMERCIAL,0,1,0,0,M,UNKNOWN,UNKNOWN,36
289,OFFICE,COMMERCIAL,0,1,9,0,M,CA,PEDIATRICS,5
3597,EMERGENCY ROOM - HOSPITAL,MEDICARE,0,46,1,0,M,OK,FAMILY MEDICINE,84
509,INDEPENDENT LABORATORY,COMMERCIAL,0,3,3,0,F,UNKNOWN,UNKNOWN,46
1714,URGENT CARE FACILITY,COMMERCIAL,0,8,1,0,M,OH,NURSE PRACTITIONER,59
3776,OFFICE,MEDICARE,0,2,10,8,M,CA,INTERNAL MEDICINE,74
1208,FEDERALLY QUALIFIED HEALTH CENTER,COMMERCIAL,0,4,0,0,F,TX,FAMILY MEDICINE,61
1813,OFFICE,MEDICARE,0,83,29,24,M,OK,PHYSICIAN ASSISTANT,82
2854,FEDERALLY QUALIFIED HEALTH CENTER,COMMERCIAL,0,21,4,0,F,IN,PSYCHIATRY,59
655,URGENT CARE FACILITY,COMMERCIAL,0,1,3,0,F,UNKNOWN,UNKNOWN,9
1340,HOSPITAL OUTPATIENT,COMMERCIAL,0,2,1,0,F,NY,EMERGENCY MEDICINE,32
8,EMERGENCY ROOM - HOSPITAL,COMMERCIAL,0,1,0,0,M,WV,DIAGNOSTIC RADIOLOGY,49
541,CLINIC  - FEDERALLY QUALIFIED HEALTH CENTER (FQHC),COMMERCIAL,0,10,17,0,F,HI,PEDIATRICS,15
3551,URGENT CARE FACILITY,COMMERCIAL,0,12,9,25,F,CA,NURSE PRACTITIONER,64
1989,TELEHEALTH PROVIDED OTHER THAN IN PATIENT'S HOME,COMMERCIAL,0,41,2,2,F,TN,BEHAVIORAL HEALTH & SOCIAL SERVICES,33
3149,EMERGENCY ROOM - HOSPITAL,COMMERCIAL,0,1,6,0,F,SC,EMERGENCY MEDICINE,27
500,HOSPITAL OUTPATIENT,COMMERCIAL,0,1,9,0,M,IN,GENERAL SURGERY,21
3993,INPATIENT HOSPITAL,COMMERCIAL,0,16,10,2,F,NY,DIAGNOSTIC RADIOLOGY,89
1565,INDEPENDENT LABORATORY,COMMERCIAL,0,1,2,0,F,UNKNOWN,UNKNOWN,13
277,OFFICE,COMMERCIAL,0,1,1,0,M,AZ,NURSE PRACTITIONER,5
2441,URGENT CARE FACILITY,COMMERCIAL,0,2,2,1,F,CO,PHYSICIAN ASSISTANT,66
508,OFFICE,COMMERCIAL,0,1,29,0,M,CA,PEDIATRICS,7
2393,OFFICE,COMMERCIAL,0,136,2,0,M,MI,INTERNAL MEDICINE,83
1400,EMERGENCY ROOM - HOSPITAL,COMMERCIAL,0,2,2,0,M,FL,EMERGENCY MEDICINE,39
3778,URGENT CARE FACILITY,COMMERCIAL,0,1,4,1,M,MT,PHYSICIAN ASSISTANT,45
226,OFFICE,COMMERCIAL,0,2,1,0,M,MA,PEDIATRICS,5
554,TELEHEALTH PROVIDED OTHER THAN IN PATIENT'S HOME,COMMERCIAL,0,2,0,0,F,NY,PHYSICIAN ASSISTANT,39
1527,OFFICE,MEDICARE,0,2,2,0,M,UNKNOWN,UNKNOWN,31
587,OFFICE,COMMERCIAL,0,5,0,0,F,TN,OBSTETRICS & GYNECOLOGY,31
1674,EMERGENCY ROOM - HOSPITAL,COMMERCIAL,0,1,2,0,F,SC,ANATOMIC/CLINICAL PATHOLOGY,60
1707,OFFICE,MEDICARE,0,16,26,0,M,FL,PULMONARY DISEASE,88
3044,TELEHEALTH PROVIDED IN PATIENT'S HOME,COMMERCIAL,0,41,26,0,F,OH,INTERNAL MEDICINE,57
529,ON CAMPUS-OUTPATIENT HOSPITAL,COMMERCIAL,0,12,0,0,F,FL,ANATOMIC/CLINICAL PATHOLOGY,56
3614,INDEPENDENT LABORATORY,COMMERCIAL,0,3,17,0,F,UNKNOWN,UNKNOWN,31
457,URGENT CARE FACILITY,COMMERCIAL,0,1,0,0,M,CA,FAMILY MEDICINE,52
2852,OFFICE,COMMERCIAL,0,1,0,0,F,IL,NURSE PRACTITIONER,57
1212,OFFICE,MEDICARE,0,7,2,0,M,MA,INTERNAL MEDICINE,89
2656,OFFICE,COMMERCIAL,0,36,34,22,F,VA,INTERNAL MEDICINE,40
1478,OFFICE,COMMERCIAL,0,16,4,62,F,MA,INTERNAL MEDICINE,81
2063,OFFICE,COMMERCIAL,0,1,47,0,F,NY,PEDIATRICS,23
1443,HOSPITAL OUTPATIENT,COMMERCIAL,0,8,0,0,M,TX,ANATOMIC/CLINICAL PATHOLOGY,43
1432,OFFICE,COMMERCIAL,0,8,12,0,F,NY,INTERNAL MEDICINE,43
3772,OFFICE,COMMERCIAL,0,27,0,0,F,MD,"ENDOCRINOLOGY, DIABETES & METABOLISM",53
1361,HOSPITAL OUTPATIENT,MEDICARE,0,2,24,0,F,IL,EMERGENCY MEDICINE,39
1187,OFFICE,COMMERCIAL,0,22,3,0,M,IL,NURSE PRACTITIONER,61
248,OFFICE,COMMERCIAL,0,1,1,0,M,MD,PEDIATRICS,5
1663,OFFICE,COMMERCIAL,0,2,0,0,M,NV,FAMILY MEDICINE,28
3115,INDEPENDENT LABORATORY,COMMERCIAL,0,1,11,0,M,UNKNOWN,UNKNOWN,46
553,TELEHEALTH PROVIDED OTHER THAN IN PATIENT'S HOME,COMMERCIAL,0,2,5,0,F,UNKNOWN,UNKNOWN,35
3186,URGENT CARE FACILITY,COMMERCIAL,0,3,1,5,F,MO,NURSE PRACTITIONER,60
2217,OFFICE,COMMERCIAL,0,15,0,22,F,TN,DERMATOLOGY,87
1970,TELEHEALTH PROVIDED OTHER THAN IN PATIENT'S HOME,COMMERCIAL,0,30,13,0,F,VA,FAMILY MEDICINE,63
3464,URGENT CARE FACILITY,COMMERCIAL,0,15,3,1,M,TX,FAMILY MEDICINE,60
2679,UNASSIGNED,COMMERCIAL,0,6,5,0,M,NJ,ANESTHESIOLOGY,78
1830,EMERGENCY ROOM - HOSPITAL,COMMERCIAL,0,39,2,17,F,TX,CARDIOVASCULAR DISEASE,59
3734,OFFICE,COMMERCIAL,0,23,3,13,M,AZ,INTERVENTIONAL CARDIOLOGY,71
3043,EMERGENCY ROOM - HOSPITAL,COMMERCIAL,0,11,5,9,M,OH,PHYSICIAN ASSISTANT,44
1727,OFFICE,MEDICARE,0,74,3,0,M,LA,INTERNAL MEDICINE,79
286,HOSPITAL OUTPATIENT,COMMERCIAL,0,1,0,0,M,OH,PEDIATRICS,5
1858,INDEPENDENT LABORATORY,COMMERCIAL,0,13,0,14,M,UNKNOWN,UNKNOWN,78
1053,INDEPENDENT LABORATORY,COMMERCIAL,0,51,10,0,F,UNKNOWN,UNKNOWN,63
666,HOSPITAL OUTPATIENT,COMMERCIAL,0,25,5,0,F,NJ,PEDIATRIC HEMATOLOGY/ONCOLOGY,19
16,HOSPITAL OUTPATIENT,UNSPECIFIED,0,1,0,0,M,LA,GENERAL PREVENTIVE MEDICINE,20
805,OFFICE,COMMERCIAL,0,27,6,0,F,VA,FAMILY MEDICINE,64
3570,EMERGENCY ROOM - HOSPITAL,COMMERCIAL,0,9,47,0,F,TX,EMERGENCY MEDICINE,67
1371,HOSPITAL OUTPATIENT,COMMERCIAL,0,3,4,0,F,TX,EMERGENCY MEDICINE,30
762,URGENT CARE FACILITY,COMMERCIAL,0,4,7,0,F,OR,PHYSICIAN ASSISTANT,32
3097,OFFICE,COMMERCIAL,0,2,8,1,M,TX,PULMONARY CRITICAL CARE MEDICINE,53
2156,OFFICE,COMMERCIAL,0,5,1,0,M,KY,FAMILY MEDICINE,24
31,URGENT CARE FACILITY,COMMERCIAL,0,1,1,0,M,NY,NURSE PRACTITIONER,22
3681,TELEHEALTH PROVIDED IN PATIENT'S HOME,COMMERCIAL,0,1,2,0,M,MI,FAMILY MEDICINE,66
1795,EMERGENCY ROOM - HOSPITAL,COMMERCIAL,0,2,0,0,F,VA,EMERGENCY MEDICINE,51
1253,OFFICE,COMMERCIAL,0,86,52,7,F,TN,OPTOMETRIST,61
1980,EMERGENCY ROOM - HOSPITAL,COMMERCIAL,0,10,5,0,M,FL,ANATOMIC/CLINICAL PATHOLOGY,54
3495,URGENT CARE FACILITY,COMMERCIAL,0,19,0,25,M,UNKNOWN,UNKNOWN,79
867,TELEHEALTH PROVIDED OTHER THAN IN PATIENT'S HOME,COMMERCIAL,0,7,1,0,M,FL,PHYSICIAN ASSISTANT,30
3259,UNASSIGNED,COMMERCIAL,0,7,1,0,F,MA,INTERNAL MEDICINE,67
2001,URGENT CARE FACILITY,COMMERCIAL,0,1,2,6,F,TX,FAMILY MEDICINE,47
102,URGENT CARE FACILITY,COMMERCIAL,0,1,1,0,M,NC,PHYSICIAN ASSISTANT,27
1005,OFFICE,COMMERCIAL,0,9,2,20,F,NH,FAMILY MEDICINE,67
1021,OFFICE,COMMERCIAL,0,3,3,0,F,CA,OBSTETRICS & GYNECOLOGY,46
717,OFFICE,COMMERCIAL,0,1,1,0,F,MD,FAMILY MEDICINE,34
2846,INDEPENDENT LABORATORY,COMMERCIAL,0,43,2,1,M,UNKNOWN,UNKNOWN,85
968,OFFICE,COMMERCIAL,0,2,2,0,M,MD,NURSE PRACTITIONER,40
961,TELEHEALTH PROVIDED IN PATIENT'S HOME,COMMERCIAL,0,9,1,0,M,GA,FAMILY MEDICINE,34
922,TELEHEALTH PROVIDED OTHER THAN IN PATIENT'S HOME,COMMERCIAL,0,23,2,0,F,PA,FAMILY MEDICINE,66
2426,OFFICE,COMMERCIAL,0,2,7,0,M,MD,FAMILY MEDICINE,69
2497,EMERGENCY ROOM - HOSPITAL,COMMERCIAL,0,14,5,0,M,FL,EMERGENCY MEDICINE,60
319,AMBULANCE - LAND,COMMERCIAL,0,1,3,0,F,UNKNOWN,UNKNOWN,5
3197,OFFICE,COMMERCIAL,0,2,1,0,F,AZ,PHYSICIAN ASSISTANT,40
1411,OFFICE,COMMERCIAL,0,12,4,0,F,NY,DERMATOLOGY,52
44,EMERGENCY ROOM - HOSPITAL,COMMERCIAL,0,1,0,0,F,OR,EMERGENCY MEDICINE,57
637,OFFICE,COMMERCIAL,0,1,0,0,M,AR,NURSE PRACTITIONER,53
1702,OFFICE,COMMERCIAL,0,7,2,10,F,UT,FAMILY MEDICINE,63
3134,URGENT CARE FACILITY,COMMERCIAL,0,1,4,0,F,OH,NURSE PRACTITIONER,50
3677,OFFICE,MEDICARE,0,22,1,0,M,NY,FAMILY MEDICINE,84
3707,TELEHEALTH PROVIDED OTHER THAN IN PATIENT'S HOME,COMMERCIAL,0,1,1,0,F,IL,INTERNAL MEDICINE,30
3516,OFFICE,COMMERCIAL,0,2,0,0,F,UNKNOWN,UNKNOWN,64
3839,TELEHEALTH PROVIDED OTHER THAN IN PATIENT'S HOME,COMMERCIAL,0,14,2,25,M,CT,NURSE PRACTITIONER,76
2576,EMERGENCY ROOM - HOSPITAL,MEDICARE,0,36,6,0,M,AZ,EMERGENCY MEDICINE,82
1753,EMERGENCY ROOM - HOSPITAL,COMMERCIAL,0,23,8,0,M,FL,EMERGENCY MEDICINE,62
1481,URGENT CARE FACILITY,COMMERCIAL,0,2,1,0,M,FL,ANATOMIC/CLINICAL PATHOLOGY,17
715,OFF CAMPUS-OUTPATIENT HOSPITAL,COMMERCIAL,0,8,4,1,F,KY,NURSE PRACTITIONER,69
1037,OFFICE,COMMERCIAL,0,2,20,0,F,TX,NURSE PRACTITIONER,30
3484,INPATIENT HOSPITAL,COMMERCIAL,0,67,16,0,M,FL,HOSPITALIST,89
1079,EMERGENCY ROOM - HOSPITAL,COMMERCIAL,0,1,1,0,M,CA,INTERNAL MEDICINE/PEDIATRICS,28
2806,URGENT CARE FACILITY,COMMERCIAL,0,1,0,0,F,PA,FAMILY MEDICINE,30
2861,HOSPITAL OUTPATIENT,COMMERCIAL,0,81,7,2,F,IN,NURSE PRACTITIONER,82
2950,AMBULANCE - LAND,COMMERCIAL,0,5,9,1,F,UNKNOWN,UNKNOWN,72
3249,URGENT CARE FACILITY,COMMERCIAL,0,1,0,0,F,UNKNOWN,UNKNOWN,28
3596,OFFICE,COMMERCIAL,0,6,0,23,M,MN,PODIATRIST,40
1326,TELEHEALTH PROVIDED OTHER THAN IN PATIENT'S HOME,COMMERCIAL,0,3,5,0,F,FL,FAMILY MEDICINE,42
752,OFFICE,COMMERCIAL,0,13,9,0,F,MA,FAMILY MEDICINE,48
2290,OTHER PLACE OF SERVICE,COMMERCIAL,0,17,4,0,M,NY,UROLOGY,71
3347,URGENT CARE FACILITY,COMMERCIAL,0,2,1,4,M,UNKNOWN,UNKNOWN,54
2641,EMERGENCY ROOM - HOSPITAL,COMMERCIAL,0,12,13,0,F,LA,EMERGENCY MEDICINE,24
742,OFFICE,COMMERCIAL,0,1,0,0,F,CA,OBSTETRICS & GYNECOLOGY,35
850,EMERGENCY ROOM - HOSPITAL,MEDICARE,0,16,2,0,M,PR,INTERNAL MEDICINE,75
1542,OFFICE,COMMERCIAL,0,9,3,1,M,OH,INTERNAL MEDICINE,76
2402,OFFICE,COMMERCIAL,0,1,2,0,M,UNKNOWN,UNKNOWN,49
1822,OFFICE,COMMERCIAL,0,1,7,0,F,UNKNOWN,UNKNOWN,46
1569,OFFICE,COMMERCIAL,0,66,10,12,M,LA,FAMILY MEDICINE,67
3540,URGENT CARE FACILITY,COMMERCIAL,0,5,3,0,M,CA,INTERNAL MEDICINE,55
67,OFFICE,COMMERCIAL,0,1,0,0,F,TX,OBSTETRICS & GYNECOLOGY,25
2577,HOSPITAL INPATIENT (INCLUDING MEDICARE PART A),COMMERCIAL,0,43,0,1,M,LA,PSYCHIATRY,35
1602,INDEPENDENT LABORATORY,COMMERCIAL,0,2,4,0,M,UNKNOWN,UNKNOWN,68
2493,EMERGENCY ROOM - HOSPITAL,COMMERCIAL,0,16,3,0,F,GA,EMERGENCY MEDICINE,23
146,OFFICE,COMMERCIAL,0,1,1,0,M,NJ,PEDIATRICS,4
934,OFF CAMPUS-OUTPATIENT HOSPITAL,COMMERCIAL,0,37,8,1,M,OK,FAMILY MEDICINE,65
1069,OFFICE,COMMERCIAL,0,4,11,0,F,TX,FAMILY MEDICINE,49
2062,URGENT CARE FACILITY,COMMERCIAL,0,3,2,0,M,NY,EMERGENCY MEDICINE,43
2157,UNASSIGNED,MEDICARE,0,41,0,0,M,IL,FAMILY MEDICINE,77
1686,EMERGENCY ROOM - HOSPITAL,COMMERCIAL,0,3,0,0,F,GA,EMERGENCY MEDICINE,72
2979,PHARMACY,MEDICARE,0,35,0,0,F,UNKNOWN,UNKNOWN,80
2225,OFFICE,MEDICARE,0,16,17,0,F,CA,INTERNAL MEDICINE,71
1119,OTHER PLACE OF SERVICE,MEDICARE,0,76,71,3,F,NJ,PHYSICAL THERAPY,89
1057,HOSPITAL OUTPATIENT,COMMERCIAL,0,7,4,0,F,FL,FAMILY MEDICINE,43
3272,URGENT CARE FACILITY,COMMERCIAL,0,21,7,26,F,NY,EMERGENCY MEDICINE,70
865,TELEHEALTH PROVIDED OTHER THAN IN PATIENT'S HOME,COMMERCIAL,0,13,6,0,F,NY,INTERNAL MEDICINE,67
3549,OFFICE,COMMERCIAL,0,88,8,0,F,TX,PHYSICIAN ASSISTANT,62
3119,INDEPENDENT LABORATORY,COMMERCIAL,0,1,0,0,M,UNKNOWN,UNKNOWN,42
2886,OTHER PLACE OF SERVICE,COMMERCIAL,0,15,59,0,F,FL,INTERNAL MEDICINE,89
1412,OFFICE,COMMERCIAL,0,49,13,0,F,NY,ANESTHESIOLOGY,80
2551,UNASSIGNED,MEDICARE,0,27,2,59,M,GA,INTERNAL MEDICINE,89
539,OFFICE,COMMERCIAL,0,1,1,0,M,MD,INTERNAL MEDICINE,10
465,OFFICE,COMMERCIAL,0,12,6,0,F,GA,INTERNAL MEDICINE,29
690,OFFICE,COMMERCIAL,0,3,6,0,F,UNKNOWN,UNKNOWN,37
2050,OFFICE,COMMERCIAL,0,2,1,0,F,FL,INTERNAL MEDICINE,31
4003,URGENT CARE FACILITY,COMMERCIAL,0,2,2,0,F,SC,FAMILY MEDICINE,28
192,EMERGENCY ROOM - HOSPITAL,COMMERCIAL,0,1,3,0,M,MI,INTERNAL MEDICINE,29
3745,OFFICE,MEDICARE,0,61,25,28,F,AL,INTERNAL MEDICINE,70
2899,TELEHEALTH PROVIDED OTHER THAN IN PATIENT'S HOME,COMMERCIAL,0,11,18,14,F,CA,INTERNAL MEDICINE,89
489,OFFICE,COMMERCIAL,0,1,0,0,F,NC,PEDIATRICS,22
3965,URGENT CARE FACILITY,COMMERCIAL,0,19,0,2,F,PA,FAMILY MEDICINE,70
3322,HOSPITAL OUTPATIENT,COMMERCIAL,0,1,0,0,F,AR,EMERGENCY MEDICINE,36
3153,OFFICE,COMMERCIAL,0,7,3,0,F,UNKNOWN,UNKNOWN,52
3080,TELEHEALTH PROVIDED IN PATIENT'S HOME,COMMERCIAL,0,38,6,15,M,UNKNOWN,UNKNOWN,69
913,URGENT CARE FACILITY,COMMERCIAL,0,1,5,0,F,FL,EMERGENCY MEDICINE,10
2226,URGENT CARE FACILITY,COMMERCIAL,0,1,0,0,M,NY,PHYSICIAN ASSISTANT,64
38,EMERGENCY ROOM - HOSPITAL,COMMERCIAL,0,1,0,0,F,MD,INTERNAL MEDICINE,4
3788,URGENT CARE FACILITY,MEDICARE,0,18,10,11,M,NY,FAMILY MEDICINE,70
3894,WALK-IN RETAIL HEALTH CLINIC,COMMERCIAL,0,16,0,9,F,GA,FAMILY MEDICINE,78
2939,OFFICE,MEDICARE,0,87,6,12,M,IL,DIAGNOSTIC RADIOLOGY,81
3581,OFFICE,COMMERCIAL,0,5,22,3,F,WY,FAMILY MEDICINE,64
3105,OTHER PLACE OF SERVICE,MEDICARE,0,134,17,3,M,UNKNOWN,UNKNOWN,89
3226,EMERGENCY ROOM - HOSPITAL,COMMERCIAL,0,1,0,0,M,MN,EMERGENCY MEDICINE,81
2,EMERGENCY ROOM - HOSPITAL,COMMERCIAL,0,1,1,0,M,PA,EMERGENCY MEDICINE,6
2569,ON CAMPUS-OUTPATIENT HOSPITAL,MEDICARE,0,21,13,0,F,TN,RADIATION ONCOLOGY,71
1359,OFFICE,COMMERCIAL,0,21,0,0,M,CA,INTERNAL MEDICINE,54
774,HOSPITAL OUTPATIENT,COMMERCIAL,0,3,0,2,F,OH,PULMONARY CRITICAL CARE MEDICINE,43
1963,URGENT CARE FACILITY,COMMERCIAL,0,2,3,0,M,NC,EMERGENCY MEDICINE,34
3262,OFFICE,COMMERCIAL,0,4,0,0,M,VA,FAMILY MEDICINE,30
1859,OFFICE,COMMERCIAL,0,51,7,0,M,NC,FAMILY MEDICINE,48
3799,URGENT CARE FACILITY,MEDICARE,0,104,3,1,F,MA,NURSE PRACTITIONER,70
3689,INPATIENT HOSPITAL,COMMERCIAL,0,51,0,0,M,AL,PULMONARY CRITICAL CARE MEDICINE,67
2816,URGENT CARE FACILITY,COMMERCIAL,0,30,5,0,F,TN,EMERGENCY MEDICINE,19
1884,ON CAMPUS-OUTPATIENT HOSPITAL,COMMERCIAL,0,35,22,11,F,NY,CARDIOVASCULAR DISEASE,81
1898,HOSPITAL OUTPATIENT,COMMERCIAL,0,8,2,0,F,AL,EMERGENCY MEDICINE,56
2787,UNASSIGNED,COMMERCIAL,0,50,2,0,M,UNKNOWN,UNKNOWN,60
1087,HOSPITAL OUTPATIENT,COMMERCIAL,0,1,20,0,M,WA,EMERGENCY MEDICINE,12
1416,TELEHEALTH PROVIDED IN PATIENT'S HOME,COMMERCIAL,0,1,2,0,M,TX,GERIATRIC MEDICINE (INTERNAL MEDICINE),27
2100,TELEHEALTH PROVIDED IN PATIENT'S HOME,COMMERCIAL,0,7,2,0,M,UNKNOWN,UNKNOWN,51
1436,OFFICE,COMMERCIAL,0,2,0,0,M,CA,FAMILY MEDICINE,37
3794,OFFICE,MEDICARE,0,138,28,2,F,SC,FAMILY MEDICINE,78
1357,TELEHEALTH PROVIDED OTHER THAN IN PATIENT'S HOME,COMMERCIAL,0,13,4,0,F,CA,EMERGENCY MEDICINE,34
199,OFFICE,COMMERCIAL,0,1,0,0,F,TX,FAMILY MEDICINE,14
3268,TELEHEALTH PROVIDED IN PATIENT'S HOME,COMMERCIAL,0,2,0,0,F,VA,INTERNAL MEDICINE,43
3876,OFFICE,MEDICARE,0,84,24,0,M,WA,FAMILY MEDICINE,87
1685,TELEHEALTH PROVIDED OTHER THAN IN PATIENT'S HOME,COMMERCIAL,0,2,1,0,F,PA,FAMILY MEDICINE,63
1804,URGENT CARE FACILITY,COMMERCIAL,0,1,0,0,F,CA,NURSE PRACTITIONER,49
2412,URGENT CARE FACILITY,COMMERCIAL,0,6,2,0,F,CA,PHYSICIAN ASSISTANT,40
700,ON CAMPUS-OUTPATIENT HOSPITAL,COMMERCIAL,0,2,1,0,F,IL,OBSTETRICS & GYNECOLOGY,39
3266,OFFICE,MEDICARE,0,2,2,0,F,UNKNOWN,UNKNOWN,70
2473,OFFICE,COMMERCIAL,0,18,11,14,F,NY,INTERNAL MEDICINE,66
1124,URGENT CARE FACILITY,COMMERCIAL,0,4,12,0,F,UNKNOWN,UNKNOWN,12
3253,ON CAMPUS-OUTPATIENT HOSPITAL,COMMERCIAL,0,22,5,0,M,TX,CERTIFIED NURSE ANESTHETIST,69
1046,TELEHEALTH PROVIDED OTHER THAN IN PATIENT'S HOME,COMMERCIAL,0,56,7,0,M,PA,FAMILY MEDICINE,43
2683,URGENT CARE FACILITY,COMMERCIAL,0,1,0,0,F,UNKNOWN,UNKNOWN,24
520,OFFICE,COMMERCIAL,0,6,4,1,F,KY,CYTOPATHOLOGY,34
654,EMERGENCY ROOM - HOSPITAL,COMMERCIAL,0,1,0,0,M,NM,PHYSICIAN ASSISTANT,49
2849,OFFICE,MEDICARE,0,69,7,21,F,AL,INTERNAL MEDICINE,74
1560,OFFICE,COMMERCIAL,0,3,0,0,F,CO,PEDIATRIC EMERGENCY MEDICINE (PEDIATRICS),16
2734,ON CAMPUS-OUTPATIENT HOSPITAL,MEDICAID,0,10,1,24,F,IL,CARDIOVASCULAR DISEASE,68
1077,TELEHEALTH PROVIDED OTHER THAN IN PATIENT'S HOME,COMMERCIAL,0,6,3,0,F,MD,FAMILY MEDICINE,71
1524,OFFICE,MEDICARE,0,58,5,27,F,GA,INTERNAL MEDICINE,66
2210,OFFICE,COMMERCIAL,0,8,1,0,F,GA,EMERGENCY MEDICINE,56
3392,OFFICE,COMMERCIAL,0,5,6,0,M,GA,INTERNAL MEDICINE,46
2154,URGENT CARE FACILITY,COMMERCIAL,0,3,1,22,M,NJ,EMERGENCY MEDICINE,79
3202,INPATIENT HOSPITAL,MEDICARE,0,12,18,0,F,CO,HOSPITALIST,69
1627,RURAL HEALTH CLINIC,COMMERCIAL,0,1,4,0,F,WI,FAMILY MEDICINE,46
1092,TELEHEALTH PROVIDED IN PATIENT'S HOME,COMMERCIAL,0,2,0,0,F,UNKNOWN,UNKNOWN,58
903,OFFICE,COMMERCIAL,0,1,13,0,F,NC,NURSE PRACTITIONER,10
1010,HOSPITAL OUTPATIENT,COMMERCIAL,0,5,0,0,F,KY,PSYCHIATRY,55
3407,OFFICE,COMMERCIAL,0,1,2,0,F,TX,PHYSICIAN ASSISTANT,56
1558,OTHER PLACE OF SERVICE,COMMERCIAL,0,191,1,0,M,UNKNOWN,UNKNOWN,41
723,OFFICE,COMMERCIAL,0,1,0,0,F,UNKNOWN,UNKNOWN,42
3529,TELEHEALTH PROVIDED OTHER THAN IN PATIENT'S HOME,COMMERCIAL,0,5,40,11,M,NY,INTERNAL MEDICINE,54
3694,WALK-IN RETAIL HEALTH CLINIC,COMMERCIAL,0,1,1,0,M,IL,NURSE PRACTITIONER,56
3359,TELEHEALTH PROVIDED IN PATIENT'S HOME,COMMERCIAL,0,1,0,0,F,CA,FAMILY MEDICINE,72
1391,OFFICE,COMMERCIAL,0,23,18,0,M,TX,NURSE PRACTITIONER,47
3130,OFFICE,COMMERCIAL,0,3,10,0,F,MI,INTERNAL MEDICINE,29
2728,OFFICE,COMMERCIAL,0,15,7,0,F,CA,PULMONARY CRITICAL CARE MEDICINE,58
1397,OFFICE,COMMERCIAL,0,4,7,0,M,OK,NURSE PRACTITIONER,34
2544,TELEHEALTH PROVIDED OTHER THAN IN PATIENT'S HOME,COMMERCIAL,0,1,5,0,M,MA,PEDIATRICS,18
3001,TELEHEALTH PROVIDED OTHER THAN IN PATIENT'S HOME,COMMERCIAL,0,4,1,0,F,CA,INTERNAL MEDICINE,53
3343,TELEHEALTH PROVIDED OTHER THAN IN PATIENT'S HOME,MEDICARE,0,2,3,0,M,MA,FAMILY MEDICINE,64
1256,URGENT CARE FACILITY,COMMERCIAL,0,2,0,0,F,NV,NURSE PRACTITIONER,42
1439,OTHER PLACE OF SERVICE,COMMERCIAL,0,128,5,1,M,UNKNOWN,UNKNOWN,84
765,HOSPITAL OUTPATIENT,COMMERCIAL,0,1,4,0,F,UT,PEDIATRIC EMERGENCY MEDICINE (PEDIATRICS),10
191,HOSPITAL OUTPATIENT,COMMERCIAL,0,5,5,0,M,TX,PEDIATRICS,5
2118,OFFICE,COMMERCIAL,0,1,28,0,F,TX,PHYSICAL THERAPY,40
1520,OFFICE,COMMERCIAL,0,7,2,0,F,CT,NEUROMUSCULAR MEDICINE (NEUROLOGY),85
3925,EMERGENCY ROOM - HOSPITAL,COMMERCIAL,0,3,0,0,F,CA,EMERGENCY MEDICINE,28
3742,HOSPITAL OUTPATIENT,COMMERCIAL,0,4,1,0,M,SC,EMERGENCY MEDICINE,24
1568,INPATIENT HOSPITAL,COMMERCIAL,0,16,13,0,F,CA,FAMILY MEDICINE,89
511,INDEPENDENT LABORATORY,MEDICARE,0,1,0,0,M,UNKNOWN,UNKNOWN,89
1309,EMERGENCY ROOM - HOSPITAL,MEDICARE,0,15,9,0,F,FL,ANATOMIC/CLINICAL PATHOLOGY,68
1521,UNASSIGNED,COMMERCIAL,0,58,4,1,M,CA,GERIATRIC MEDICINE (INTERNAL MEDICINE),80
938,URGENT CARE FACILITY,MEDICARE,0,1,1,0,F,NV,PHYSICIAN ASSISTANT,70
516,OTHER PLACE OF SERVICE,COMMERCIAL,0,177,8,0,M,SC,INTERNAL MEDICINE,82
1280,URGENT CARE FACILITY,COMMERCIAL,0,14,12,0,F,UNKNOWN,UNKNOWN,45
1535,TELEHEALTH PROVIDED OTHER THAN IN PATIENT'S HOME,COMMERCIAL,0,14,7,0,F,CO,NURSE PRACTITIONER,67
2930,OFFICE,MEDICARE,0,18,0,2,M,CA,"ENDOCRINOLOGY, DIABETES & METABOLISM",70
2753,URGENT CARE FACILITY,COMMERCIAL,0,3,5,0,M,UNKNOWN,UNKNOWN,66
1949,OFFICE,COMMERCIAL,0,26,10,0,F,RI,FAMILY MEDICINE,66
3431,OFFICE,COMMERCIAL,0,108,52,1,M,CA,FAMILY MEDICINE,46
93,OFFICE,COMMERCIAL,0,1,1,0,M,NE,PHYSICIAN ASSISTANT,61
3774,OFFICE,MEDICARE,0,91,4,9,F,CT,NURSE PRACTITIONER,84
3547,INDEPENDENT LABORATORY,COMMERCIAL,0,14,0,3,M,UNKNOWN,UNKNOWN,74
1885,URGENT CARE FACILITY,COMMERCIAL,0,18,5,0,F,MN,PHYSICIAN ASSISTANT,70
1114,OFFICE,COMMERCIAL,0,2,11,0,M,VA,PEDIATRICS,12
649,OFFICE,COMMERCIAL,0,3,3,0,M,VA,NURSE PRACTITIONER,8
1946,CLINIC - FREESTANDING,COMMERCIAL,0,3,1,0,F,UNKNOWN,UNKNOWN,45
1910,TELEHEALTH PROVIDED OTHER THAN IN PATIENT'S HOME,COMMERCIAL,0,5,0,0,F,CA,FAMILY MEDICINE,41
1028,INDEPENDENT LABORATORY,COMMERCIAL,0,1,5,0,M,UNKNOWN,UNKNOWN,11
1519,EMERGENCY ROOM - HOSPITAL,COMMERCIAL,0,2,0,0,M,FL,EMERGENCY MEDICINE,30
1298,TELEHEALTH PROVIDED OTHER THAN IN PATIENT'S HOME,COMMERCIAL,0,1,13,0,F,GA,PEDIATRICS,13
3621,HOSPITAL - LABORATORY SERVICES PROVIDED TO NON-PATIENTS,MEDICARE,0,77,0,1,F,MD,INTERNAL MEDICINE,79
358,HOSPITAL OUTPATIENT,COMMERCIAL,0,2,1,0,M,FL,FAMILY MEDICINE,31
1666,OFFICE,COMMERCIAL,0,4,11,0,F,SC,PHYSICIAN ASSISTANT,58
1723,INPATIENT HOSPITAL,MEDICARE,0,89,7,3,F,TX,FAMILY MEDICINE,89
3748,TELEHEALTH PROVIDED OTHER THAN IN PATIENT'S HOME,COMMERCIAL,0,4,6,0,F,NY,INTERNAL MEDICINE,32
2540,EMERGENCY ROOM - HOSPITAL,COMMERCIAL,0,3,13,0,M,SC,PHYSICIAN ASSISTANT,19
1842,INPATIENT HOSPITAL,COMMERCIAL,0,19,1,0,M,NC,ANATOMIC/CLINICAL PATHOLOGY,50
124,OFFICE,COMMERCIAL,0,3,0,0,M,TX,NURSE PRACTITIONER,66
3412,OFFICE,MEDICARE,0,38,6,1,F,NC,INTERNAL MEDICINE,71
1616,OTHER PLACE OF SERVICE,MEDICARE,0,87,32,3,F,UNKNOWN,UNKNOWN,87
2839,URGENT CARE FACILITY,MEDICARE,0,1,4,16,M,LA,NURSE PRACTITIONER,51
1758,HOSPITAL OUTPATIENT,COMMERCIAL,0,1,0,0,M,IN,INTERNAL MEDICINE,23
1274,OFFICE,COMMERCIAL,0,43,56,31,F,NY,INTERNAL MEDICINE,81
496,URGENT CARE FACILITY,COMMERCIAL,0,7,1,0,M,SC,PHYSICIAN ASSISTANT,34
2874,URGENT CARE FACILITY,COMMERCIAL,0,20,3,0,F,IL,PHYSICIAN ASSISTANT,62
2307,OFFICE,COMMERCIAL,0,75,3,14,F,NY,INTERNAL MEDICINE,62
2353,TELEHEALTH PROVIDED OTHER THAN IN PATIENT'S HOME,COMMERCIAL,0,1,2,0,M,UNKNOWN,UNKNOWN,17
136,EMERGENCY ROOM - HOSPITAL,COMMERCIAL,0,6,2,0,M,TX,FAMILY MEDICINE,4
939,URGENT CARE FACILITY,COMMERCIAL,0,2,2,0,F,NJ,EMERGENCY MEDICINE,20
3668,HOSPITAL OUTPATIENT,MEDICARE,0,24,4,0,F,CT,EMERGENCY MEDICINE,89
2901,URGENT CARE FACILITY,COMMERCIAL,0,3,3,1,F,MA,PHYSICIAN ASSISTANT,45
3165,OFFICE,MEDICARE,0,29,3,0,F,OH,NURSE PRACTITIONER,71
3674,OFFICE,COMMERCIAL,0,10,0,0,M,MD,HEMATOLOGY/ONCOLOGY,27
1976,TELEHEALTH PROVIDED OTHER THAN IN PATIENT'S HOME,COMMERCIAL,0,1,3,0,F,CA,INTERNAL MEDICINE,56
2511,URGENT CARE FACILITY,COMMERCIAL,0,1,0,0,M,UNKNOWN,UNKNOWN,29
152,TELEHEALTH PROVIDED OTHER THAN IN PATIENT'S HOME,COMMERCIAL,0,2,0,0,F,NV,INTERNAL MEDICINE,22
1336,TELEHEALTH PROVIDED OTHER THAN IN PATIENT'S HOME,COMMERCIAL,0,105,13,0,M,CA,FAMILY MEDICINE,89
2071,OFFICE,COMMERCIAL,0,1,4,0,M,NC,FAMILY MEDICINE,48
4005,EMERGENCY ROOM - HOSPITAL,MEDICARE,0,3,4,0,F,PA,INTERNAL MEDICINE,52
233,EMERGENCY ROOM - HOSPITAL,MEDICARE,0,2,2,0,M,FL,ANATOMIC/CLINICAL PATHOLOGY,13
1058,OFFICE,COMMERCIAL,0,1,0,0,F,FL,GENERAL PRACTICE,40
1670,INDEPENDENT LABORATORY,COMMERCIAL,0,26,3,0,F,UNKNOWN,UNKNOWN,45
322,TELEHEALTH PROVIDED OTHER THAN IN PATIENT'S HOME,COMMERCIAL,0,3,0,0,M,NY,INTERNAL MEDICINE,47
1427,FEDERALLY QUALIFIED HEALTH CENTER,COMMERCIAL,0,37,25,0,F,SC,FAMILY MEDICINE,70
490,OFFICE,MEDICARE,0,10,11,1,M,TN,NURSE PRACTITIONER,83
1322,URGENT CARE FACILITY,COMMERCIAL,0,1,2,0,M,FL,NURSE PRACTITIONER,43
763,URGENT CARE FACILITY,COMMERCIAL,0,1,5,0,M,UNKNOWN,UNKNOWN,40
2124,TELEHEALTH PROVIDED IN PATIENT'S HOME,COMMERCIAL,0,4,2,0,M,MI,FAMILY MEDICINE,64
3048,OFFICE,COMMERCIAL,0,2,21,0,F,MI,OTOLARYNGOLOGY,78
3421,OFFICE,COMMERCIAL,0,15,6,1,M,NJ,INTERNAL MEDICINE,66
1458,OTHER PLACE OF SERVICE,MEDICARE,0,11,0,0,F,UNKNOWN,UNKNOWN,79
1965,OFFICE,COMMERCIAL,0,11,15,0,F,OK,NURSE PRACTITIONER,60
2407,OFFICE,COMMERCIAL,0,15,1,0,M,AZ,FAMILY MEDICINE,56
1068,URGENT CARE FACILITY,COMMERCIAL,0,8,8,9,M,CA,EMERGENCY MEDICINE,67
2827,OTHER PLACE OF SERVICE,COMMERCIAL,0,5,0,0,M,UNKNOWN,UNKNOWN,67
1303,INDEPENDENT LABORATORY,COMMERCIAL,0,1,6,0,M,UNKNOWN,UNKNOWN,39
2817,INDEPENDENT LABORATORY,COMMERCIAL,0,1,3,0,M,UNKNOWN,UNKNOWN,37
203,INDEPENDENT LABORATORY,COMMERCIAL,0,1,0,0,F,UNKNOWN,UNKNOWN,61
2030,OFFICE,COMMERCIAL,0,1,33,9,M,TX,PEDIATRICS,15
2867,OFFICE,COMMERCIAL,0,35,6,0,M,AL,FAMILY MEDICINE,83
2291,URGENT CARE FACILITY,COMMERCIAL,0,2,12,0,F,UNKNOWN,UNKNOWN,27
3403,OFFICE,COMMERCIAL,0,47,6,0,F,SC,CARDIOVASCULAR DISEASE,71
3143,URGENT CARE FACILITY,COMMERCIAL,0,12,6,0,M,UNKNOWN,UNKNOWN,46
1530,UNASSIGNED,MEDICARE,0,48,18,2,F,MD,HEMATOLOGY/ONCOLOGY,79
3743,OTHER PLACE OF SERVICE,MEDICAID,0,10,1,2,F,UNKNOWN,UNKNOWN,57
3522,EMERGENCY ROOM - HOSPITAL,COMMERCIAL,0,4,3,0,M,HI,EMERGENCY MEDICINE,31
1799,OFFICE,COMMERCIAL,0,75,23,0,F,OR,FAMILY MEDICINE,64
1577,OFFICE,COMMERCIAL,0,73,16,21,F,AL,NURSE PRACTITIONER,84
833,FEDERALLY QUALIFIED HEALTH CENTER,COMMERCIAL,0,33,4,0,F,NY,INTERNAL MEDICINE,25
3300,OFFICE,MEDICARE,0,15,13,0,F,AZ,NURSE PRACTITIONER,83
250,URGENT CARE FACILITY,COMMERCIAL,0,1,1,0,F,UNKNOWN,UNKNOWN,44
2354,OFFICE,COMMERCIAL,0,1,1,0,F,NY,PEDIATRICS,20
1766,TELEHEALTH PROVIDED OTHER THAN IN PATIENT'S HOME,COMMERCIAL,0,14,3,0,F,MD,INTERNAL MEDICINE,37
2661,URGENT CARE FACILITY,COMMERCIAL,0,1,0,4,F,MT,PHYSICIAN ASSISTANT,40
1853,HOSPITAL OUTPATIENT,COMMERCIAL,0,2,1,0,F,NY,NURSE PRACTITIONER,18
2222,TELEHEALTH PROVIDED OTHER THAN IN PATIENT'S HOME,COMMERCIAL,0,30,1,0,M,CA,FAMILY MEDICINE,50
2573,OFFICE,COMMERCIAL,0,2,2,0,M,TX,INTERNAL MEDICINE,52
3179,INDEPENDENT LABORATORY,COMMERCIAL,0,2,9,0,F,UNKNOWN,UNKNOWN,36
2658,EMERGENCY ROOM - HOSPITAL,COMMERCIAL,0,56,52,0,F,CA,EMERGENCY MEDICINE,49
1914,TELEHEALTH PROVIDED OTHER THAN IN PATIENT'S HOME,COMMERCIAL,0,2,3,0,F,TX,NURSE PRACTITIONER,50
898,EMERGENCY ROOM - HOSPITAL,COMMERCIAL,0,17,4,0,F,FL,EMERGENCY MEDICINE,53
2329,OFFICE,COMMERCIAL,0,17,11,19,F,NY,GASTROENTEROLOGY,31
599,OFFICE,COMMERCIAL,0,10,1,0,F,IL,FAMILY MEDICINE,35
2014,TELEHEALTH PROVIDED IN PATIENT'S HOME,COMMERCIAL,0,45,4,5,F,TX,INTERNAL MEDICINE,61
1257,TELEHEALTH PROVIDED OTHER THAN IN PATIENT'S HOME,COMMERCIAL,0,59,1,0,F,TX,FAMILY MEDICINE,77
1890,OFFICE,MEDICARE,0,53,16,7,F,MN,DIAGNOSTIC RADIOLOGY,81
2959,OFFICE,COMMERCIAL,0,73,4,0,M,CA,FAMILY MEDICINE,69
2199,EMERGENCY ROOM - HOSPITAL,COMMERCIAL,0,2,2,0,F,TN,PHYSICIAN ASSISTANT,50
1063,EMERGENCY ROOM - HOSPITAL,COMMERCIAL,0,1,5,0,F,MO,EMERGENCY MEDICINE,11
759,URGENT CARE FACILITY,COMMERCIAL,0,8,10,1,F,NE,NURSE PRACTITIONER,25
3922,OFFICE,COMMERCIAL,0,41,7,0,F,CA,FAMILY MEDICINE,62
2048,HOSPITAL OUTPATIENT,COMMERCIAL,0,114,53,8,F,CA,GENERAL SURGERY,55
2666,RURAL HEALTH CLINIC,COMMERCIAL,0,2,6,0,F,MO,NURSE PRACTITIONER,65
3212,TELEHEALTH PROVIDED OTHER THAN IN PATIENT'S HOME,COMMERCIAL,0,140,14,45,F,ME,"ENDOCRINOLOGY, DIABETES & METABOLISM",45
2089,HOSPITAL OUTPATIENT,COMMERCIAL,0,4,0,0,M,CT,INTERNAL MEDICINE,66
2278,URGENT CARE FACILITY,COMMERCIAL,0,1,8,0,F,UNKNOWN,UNKNOWN,17
2244,URGENT CARE FACILITY,COMMERCIAL,0,18,0,0,F,LA,INTERNAL MEDICINE,55
432,EMERGENCY ROOM - HOSPITAL,COMMERCIAL,0,1,5,0,M,MI,EMERGENCY MEDICINE,46
2295,OTHER PLACE OF SERVICE,COMMERCIAL,0,15,8,75,M,UNKNOWN,UNKNOWN,69
3760,OTHER PLACE OF SERVICE,COMMERCIAL,0,7,3,0,M,UNKNOWN,UNKNOWN,45
298,EMERGENCY ROOM - HOSPITAL,COMMERCIAL,0,1,5,0,M,MD,PEDIATRIC EMERGENCY MEDICINE (PEDIATRICS),6
3678,OFFICE,MEDICARE,0,130,37,0,F,FL,NURSE PRACTITIONER,68
1355,URGENT CARE FACILITY,COMMERCIAL,0,1,0,0,F,TX,PHYSICIAN ASSISTANT,38
2298,HOSPITAL - LABORATORY SERVICES PROVIDED TO NON-PATIENTS,COMMERCIAL,0,1,0,0,M,MS,FAMILY MEDICINE,17
2181,OFFICE,COMMERCIAL,0,142,55,32,F,NY,FAMILY MEDICINE,76
1484,INPATIENT HOSPITAL,COMMERCIAL,0,60,16,0,F,MT,INTERNAL MEDICINE,64
1831,OFFICE,COMMERCIAL,0,10,5,1,F,MS,FAMILY MEDICINE,55
1650,HOSPITAL OUTPATIENT,COMMERCIAL,0,85,2,4,F,CA,PHYSICIAN ASSISTANT,75
2887,TELEHEALTH PROVIDED IN PATIENT'S HOME,COMMERCIAL,0,5,1,34,M,IL,FAMILY MEDICINE,58
468,OFFICE,COMMERCIAL,0,1,0,0,F,DE,NURSE PRACTITIONER,7
23,OFFICE,MEDICARE,0,1,0,0,M,AL,NURSE PRACTITIONER,78
658,OFFICE,COMMERCIAL,0,1,19,0,F,TN,PEDIATRICS,8
3108,EMERGENCY ROOM - HOSPITAL,COMMERCIAL,0,1,2,0,M,MO,EMERGENCY MEDICINE,22
3445,TELEHEALTH PROVIDED IN PATIENT'S HOME,COMMERCIAL,0,1,0,0,M,UNKNOWN,UNKNOWN,32
1474,INDEPENDENT LABORATORY,COMMERCIAL,0,8,1,0,M,UNKNOWN,UNKNOWN,51
2193,EMERGENCY ROOM - HOSPITAL,COMMERCIAL,0,6,2,1,M,KY,"STUDENT, HEALTH CARE",60
1836,HOSPITAL OUTPATIENT,COMMERCIAL,0,8,5,0,M,CA,HOSPITALIST,52
3554,OFFICE,COMMERCIAL,0,10,1,0,M,FL,PHYSICAL THERAPY,53
1477,OFFICE,COMMERCIAL,0,15,0,6,F,NM,NURSE PRACTITIONER,42
56,WALK-IN RETAIL HEALTH CLINIC,MEDICARE,0,1,0,0,M,VA,NURSE PRACTITIONER,32
3702,AMBULANCE - LAND,COMMERCIAL,0,6,13,1,M,UNKNOWN,UNKNOWN,23
3753,INPATIENT HOSPITAL,MEDICAID,0,1,0,0,F,CA,NEPHROLOGY,47
1924,OFFICE,COMMERCIAL,0,1,14,0,F,MI,PHYSICAL THERAPY,24
3802,OFFICE,COMMERCIAL,0,56,5,0,F,TN,INTERNAL MEDICINE,88
1992,OFFICE,MEDICARE,0,21,3,13,M,AR,NURSE PRACTITIONER,70
1737,URGENT CARE FACILITY,MEDICARE,0,3,2,3,M,LA,PHYSICIAN ASSISTANT,76
262,URGENT CARE FACILITY,COMMERCIAL,0,1,4,0,M,GA,PEDIATRICS,5
2564,TELEHEALTH PROVIDED IN PATIENT'S HOME,COMMERCIAL,0,103,25,0,M,AZ,NURSE PRACTITIONER,75
3775,OFFICE,COMMERCIAL,0,1,1,0,F,MS,INTERNAL MEDICINE,66
3120,INPATIENT HOSPITAL,MEDICARE,0,63,7,33,F,TX,DIAGNOSTIC RADIOLOGY,69
366,OFFICE,COMMERCIAL,0,1,0,0,M,CT,INTERNAL MEDICINE,36
3558,OFFICE,COMMERCIAL,0,18,45,3,F,CA,RHEUMATOLOGY,62
406,TELEHEALTH PROVIDED OTHER THAN IN PATIENT'S HOME,COMMERCIAL,0,11,9,3,F,TX,RHEUMATOLOGY,33
2495,EMERGENCY ROOM - HOSPITAL,MEDICARE,0,1,3,0,F,NJ,PHYSICIAN ASSISTANT,58
72,URGENT CARE FACILITY,COMMERCIAL,0,1,0,0,M,NY,PHYSICIAN ASSISTANT,36
789,OFFICE,MEDICARE,0,68,8,56,M,FL,NEUROLOGICAL SURGERY,79
3055,OFFICE,MEDICARE,0,4,1,0,F,FL,INTERNAL MEDICINE,69
1304,INDEPENDENT LABORATORY,COMMERCIAL,0,17,3,0,M,UNKNOWN,UNKNOWN,59
1025,OFFICE,MEDICARE,0,10,8,0,F,TX,FAMILY MEDICINE,71
3961,OFFICE,MEDICARE,0,104,1,20,F,MI,NURSE PRACTITIONER,77
3357,TELEHEALTH PROVIDED IN PATIENT'S HOME,COMMERCIAL,0,1,1,0,F,MI,INTERNAL MEDICINE/PEDIATRICS,51
2253,HOSPITAL OUTPATIENT,COMMERCIAL,0,38,68,0,F,TX,EMERGENCY MEDICINE,60
2267,HOSPITAL INPATIENT (INCLUDING MEDICARE PART A),COMMERCIAL,0,1,0,3,F,OR,OBSTETRICS & GYNECOLOGY,40
2070,EMERGENCY ROOM - HOSPITAL,COMMERCIAL,0,7,7,0,F,GA,EMERGENCY MEDICINE,38
823,OFFICE,MEDICARE,0,42,1,0,F,OR,INFECTIOUS DISEASE,73
1153,INDEPENDENT LABORATORY,COMMERCIAL,0,1,2,0,F,UNKNOWN,UNKNOWN,42
2419,HOSPITAL OUTPATIENT,MEDICARE,0,10,4,0,M,CT,NURSE PRACTITIONER,85
4020,OFFICE,COMMERCIAL,0,29,4,1,F,WI,NURSE PRACTITIONER,85
2981,URGENT CARE FACILITY,COMMERCIAL,0,24,1,0,F,WY,NURSE PRACTITIONER,83
746,HOSPITAL OUTPATIENT,COMMERCIAL,0,111,6,3,M,IN,CLINICAL CARDIAC ELECTROPHYSIOLOGY,71
222,EMERGENCY ROOM - HOSPITAL,MEDICARE,0,4,0,0,M,NC,NURSE PRACTITIONER,75
804,OFFICE,COMMERCIAL,0,11,6,2,F,GA,FAMILY MEDICINE,69
1090,OTHER PLACE OF SERVICE,COMMERCIAL,0,153,12,0,M,IL,PULMONARY CRITICAL CARE MEDICINE,88
983,AMBULANCE - LAND,COMMERCIAL,0,68,30,17,M,UNKNOWN,UNKNOWN,89
413,AMBULANCE - LAND,COMMERCIAL,0,5,5,0,M,UNKNOWN,UNKNOWN,74
2872,EMERGENCY ROOM - HOSPITAL,COMMERCIAL,0,29,25,0,F,NJ,EMERGENCY MEDICINE,55
634,OFFICE,COMMERCIAL,0,2,5,0,M,VA,PEDIATRICS,8
470,HOSPITAL OUTPATIENT,COMMERCIAL,0,1,0,0,F,TX,INTERNAL MEDICINE,54
11,EMERGENCY ROOM - HOSPITAL,COMMERCIAL,0,2,0,0,M,FL,ANATOMIC/CLINICAL PATHOLOGY,36
1047,OFFICE,COMMERCIAL,0,13,6,1,M,TX,FAMILY MEDICINE,49
2960,URGENT CARE FACILITY,MEDICARE,0,3,1,0,F,KY,FAMILY MEDICINE,79
2344,OFFICE,COMMERCIAL,0,121,42,0,M,IL,OCCUPATIONAL THERAPY,82
1750,OFFICE,COMMERCIAL,0,10,8,0,F,CA,FAMILY MEDICINE,64
2723,URGENT CARE FACILITY,COMMERCIAL,0,2,4,0,F,GA,FAMILY MEDICINE,47
809,OFFICE,MEDICARE,0,12,1,0,F,MA,DERMATOLOGY,77
2880,OFFICE,COMMERCIAL,0,64,0,46,M,FL,RADIATION ONCOLOGY,59
2129,EMERGENCY ROOM - HOSPITAL,COMMERCIAL,0,1,0,0,M,NC,PHYSICIAN ASSISTANT,27
473,URGENT CARE FACILITY,COMMERCIAL,0,5,4,3,M,MI,NURSE PRACTITIONER,31
1534,TELEHEALTH PROVIDED OTHER THAN IN PATIENT'S HOME,COMMERCIAL,0,1,0,0,F,FL,NURSE PRACTITIONER,26
2776,OFFICE,COMMERCIAL,0,26,0,0,M,CA,INTERNAL MEDICINE,71
348,ON CAMPUS-OUTPATIENT HOSPITAL,COMMERCIAL,0,10,0,13,F,MA,OBSTETRICS & GYNECOLOGY,35
3840,URGENT CARE FACILITY,COMMERCIAL,0,9,8,0,F,PA,EMERGENCY MEDICINE,65
3174,TELEHEALTH PROVIDED IN PATIENT'S HOME,COMMERCIAL,0,5,1,0,M,OH,PHYSICIAN ASSISTANT,59
1118,TELEHEALTH PROVIDED OTHER THAN IN PATIENT'S HOME,COMMERCIAL,0,12,7,0,F,TX,PHYSICIAN ASSISTANT,62
3367,OFFICE,COMMERCIAL,0,148,19,0,F,FL,INFECTIOUS DISEASE,73
822,URGENT CARE FACILITY,COMMERCIAL,0,6,1,0,M,CA,PEDIATRICS,16
2259,OFFICE,COMMERCIAL,0,19,9,0,F,NJ,DIAGNOSTIC RADIOLOGY,55
1708,URGENT CARE FACILITY,COMMERCIAL,0,1,3,0,F,AL,NURSE PRACTITIONER,31
3290,URGENT CARE FACILITY,COMMERCIAL,0,6,30,1,F,UNKNOWN,UNKNOWN,62
1350,OFFICE,COMMERCIAL,0,24,2,0,M,TX,FAMILY MEDICINE,66
229,URGENT CARE FACILITY,COMMERCIAL,0,2,3,0,F,FL,NURSE PRACTITIONER,62
1291,OFFICE,MEDICARE,0,1,0,0,M,MO,FAMILY MEDICINE,64
2797,URGENT CARE FACILITY,COMMERCIAL,0,1,2,0,M,VA,EMERGENCY MEDICINE,19
800,OFFICE,MEDICARE,0,79,23,3,M,MI,FAMILY MEDICINE,89
1165,HOSPITAL OUTPATIENT,COMMERCIAL,0,3,12,0,M,FL,EMERGENCY MEDICINE,43
3356,OFFICE,COMMERCIAL,0,66,4,2,M,CA,INTERNAL MEDICINE,51
2138,OFFICE,COMMERCIAL,0,28,3,0,M,TN,CARDIOVASCULAR DISEASE,63
1284,INDEPENDENT LABORATORY,COMMERCIAL,0,1,0,0,F,UNKNOWN,UNKNOWN,50
2881,OFFICE,MEDICARE,0,38,8,25,M,FL,PEDIATRIC OPHTHALMOLOGY,69
2647,HOSPITAL OUTPATIENT,COMMERCIAL,0,45,17,0,F,TX,NURSE PRACTITIONER,62
618,INPATIENT HOSPITAL,MEDICARE,0,29,14,2,F,FL,ANATOMIC/CLINICAL PATHOLOGY,71
2137,OFFICE,COMMERCIAL,0,3,2,0,M,TX,FAMILY MEDICINE,25
2357,INDEPENDENT LABORATORY,COMMERCIAL,0,3,4,0,F,UNKNOWN,UNKNOWN,35
3603,OFFICE,COMMERCIAL,0,1,9,0,F,CA,FAMILY MEDICINE,56
1941,HOSPITAL OUTPATIENT,COMMERCIAL,0,13,3,13,F,GA,EMERGENCY MEDICINE,55
3208,INDEPENDENT LABORATORY,MEDICARE,0,130,10,3,F,UNKNOWN,UNKNOWN,81
730,TELEHEALTH PROVIDED OTHER THAN IN PATIENT'S HOME,COMMERCIAL,0,1,2,0,F,PA,INTERNAL MEDICINE,33
1377,EMERGENCY ROOM - HOSPITAL,COMMERCIAL,0,4,10,0,F,LA,PHYSICIAN ASSISTANT,61
1557,OFFICE,COMMERCIAL,0,1,3,0,M,UNKNOWN,UNKNOWN,18
3928,UNASSIGNED,MEDICARE,0,68,19,14,F,FL,INTERNAL MEDICINE,89
3344,INDEPENDENT LABORATORY,COMMERCIAL,0,15,8,0,M,UNKNOWN,UNKNOWN,42
2294,TELEHEALTH PROVIDED OTHER THAN IN PATIENT'S HOME,COMMERCIAL,0,82,30,0,M,FL,NURSE PRACTITIONER,59
1833,URGENT CARE FACILITY,COMMERCIAL,0,1,1,0,M,CA,PHYSICIAN ASSISTANT,14
2438,URGENT CARE FACILITY,COMMERCIAL,0,1,8,0,M,TX,FAMILY MEDICINE,39
178,FEDERALLY QUALIFIED HEALTH CENTER,COMMERCIAL,0,3,7,0,M,SC,NURSE PRACTITIONER,5
3369,URGENT CARE FACILITY,COMMERCIAL,0,4,0,0,M,FL,PHYSICIAN ASSISTANT,50
50,EMERGENCY ROOM - HOSPITAL,COMMERCIAL,0,1,1,0,M,TX,ANATOMIC/CLINICAL PATHOLOGY,33
2707,URGENT CARE FACILITY,COMMERCIAL,0,1,0,0,M,UNKNOWN,UNKNOWN,28
743,URGENT CARE FACILITY,COMMERCIAL,0,1,3,0,M,UNKNOWN,UNKNOWN,49
731,OFFICE,COMMERCIAL,0,1,15,1,M,TX,ADOLESCENT MEDICINE (PEDIATRICS),9
1942,OFFICE,COMMERCIAL,0,1,14,0,M,CA,PEDIATRICS,14
3237,TELEHEALTH PROVIDED OTHER THAN IN PATIENT'S HOME,COMMERCIAL,0,39,1,0,M,MD,INTERNAL MEDICINE,63
404,INDEPENDENT LABORATORY,COMMERCIAL,0,6,14,0,F,UNKNOWN,UNKNOWN,6
2682,EMERGENCY ROOM - HOSPITAL,MEDICARE,0,1,4,0,M,WI,DIAGNOSTIC RADIOLOGY,40
2113,INDEPENDENT LABORATORY,COMMERCIAL,0,3,1,1,M,UNKNOWN,UNKNOWN,48
2366,INDEPENDENT LABORATORY,COMMERCIAL,0,4,4,0,M,UNKNOWN,UNKNOWN,41
2252,OFFICE,COMMERCIAL,0,13,20,0,F,NH,INTERNAL MEDICINE,64
1658,URGENT CARE FACILITY,COMMERCIAL,0,1,0,0,M,GA,FAMILY MEDICINE,51
2747,INPATIENT HOSPITAL,MEDICARE,0,6,0,0,F,TX,INTERNAL MEDICINE,83
2844,EMERGENCY ROOM - HOSPITAL,COMMERCIAL,0,13,3,8,M,IN,EMERGENCY MEDICINE,64
2209,MOBILE UNIT,COMMERCIAL,0,3,1,1,F,TX,FAMILY MEDICINE,36
3167,OFFICE,COMMERCIAL,0,57,31,2,F,KY,INTERNAL MEDICINE,84
2442,TELEHEALTH PROVIDED OTHER THAN IN PATIENT'S HOME,COMMERCIAL,0,9,4,0,F,WA,PHYSICIAN ASSISTANT,68
923,INPATIENT HOSPITAL,MEDICARE,0,48,5,0,M,GA,NEPHROLOGY,67
2404,URGENT CARE FACILITY,COMMERCIAL,0,1,4,0,F,UNKNOWN,UNKNOWN,26
3710,UNASSIGNED,COMMERCIAL,0,189,1,15,F,PA,FAMILY MEDICINE,89
1617,EMERGENCY ROOM - HOSPITAL,COMMERCIAL,0,2,2,0,M,OH,EMERGENCY MEDICINE,60
240,EMERGENCY ROOM - HOSPITAL,COMMERCIAL,0,4,2,0,F,PA,EMERGENCY MEDICINE,44
2022,TELEHEALTH PROVIDED OTHER THAN IN PATIENT'S HOME,MEDICARE,0,26,2,0,F,TN,NURSE PRACTITIONER,73
1639,OFFICE,COMMERCIAL,0,3,2,0,F,NC,NURSE PRACTITIONER,68
1551,OFFICE,MEDICARE,0,37,8,67,F,FL,DERMATOLOGY,82
4018,OFFICE,COMMERCIAL,0,68,8,37,F,FL,DERMATOPATHOLOGY,89
1120,URGENT CARE FACILITY,COMMERCIAL,0,29,5,0,F,IN,NURSE PRACTITIONER,68
66,URGENT CARE FACILITY,COMMERCIAL,0,1,0,0,F,UNKNOWN,UNKNOWN,68
3161,OFFICE,COMMERCIAL,0,1,6,0,M,CA,PEDIATRICS,20
111,OFFICE,MEDICAID,0,1,1,0,M,AK,PEDIATRICS,5
2697,OTHER PLACE OF SERVICE,COMMERCIAL,0,10,4,0,F,UNKNOWN,UNKNOWN,43
2358,OFFICE,COMMERCIAL,0,1,0,0,F,UNKNOWN,UNKNOWN,67
2636,OFFICE,COMMERCIAL,0,1,1,0,M,IN,NURSE PRACTITIONER,47
1769,OFFICE,COMMERCIAL,0,26,10,0,F,TX,NURSE PRACTITIONER,50
2749,URGENT CARE FACILITY,COMMERCIAL,0,2,1,0,F,TX,PHYSICIAN ASSISTANT,28
3098,EMERGENCY ROOM - HOSPITAL,COMMERCIAL,0,5,8,0,F,OR,EMERGENCY MEDICINE,21
3805,INDEPENDENT LABORATORY,COMMERCIAL,0,2,5,1,F,UNKNOWN,UNKNOWN,24
3398,UNASSIGNED,MEDICARE,0,11,7,17,F,MO,FAMILY MEDICINE,87
2175,OFFICE,COMMERCIAL,0,1,15,0,F,TN,NURSE PRACTITIONER,16
615,OFFICE,COMMERCIAL,0,3,2,0,F,AR,NURSE PRACTITIONER,31
2585,URGENT CARE FACILITY,COMMERCIAL,0,42,8,5,M,NV,PHYSICIAN ASSISTANT,77
339,UNASSIGNED,MEDICARE,0,11,0,0,F,OH,GERIATRIC MEDICINE (FAMILY MEDICINE),89
1268,URGENT CARE FACILITY,MEDICARE,0,29,4,6,F,TX,PHYSICIAN ASSISTANT,78
2522,TELEHEALTH PROVIDED OTHER THAN IN PATIENT'S HOME,COMMERCIAL,0,15,10,0,F,CA,INTERNAL MEDICINE,57
261,OFFICE,COMMERCIAL,0,5,30,0,M,TX,PEDIATRICS,5
544,ON CAMPUS-OUTPATIENT HOSPITAL,COMMERCIAL,0,2,2,0,F,CA,FAMILY MEDICINE,17
3457,OFFICE,MEDICARE,0,81,12,4,M,FL,INTERNAL MEDICINE,80
177,INDEPENDENT LABORATORY,COMMERCIAL,0,1,0,0,M,UNKNOWN,UNKNOWN,27
1934,TELEHEALTH PROVIDED OTHER THAN IN PATIENT'S HOME,COMMERCIAL,0,6,24,0,F,OR,NATUROPATHIC DOCTOR,47
1134,HOSPITAL OUTPATIENT,COMMERCIAL,0,1,9,0,M,NY,PEDIATRICS,12
1526,ON CAMPUS-OUTPATIENT HOSPITAL,COMMERCIAL,0,20,11,0,M,FL,INTERNAL MEDICINE,71
546,EMERGENCY ROOM - HOSPITAL,COMMERCIAL,0,3,8,0,F,PA,EMERGENCY MEDICINE,60
218,HOSPITAL OUTPATIENT,COMMERCIAL,0,2,0,0,F,CA,EMERGENCY MEDICINE,17
3786,OFFICE,COMMERCIAL,0,48,13,51,F,CA,INTERNAL MEDICINE,81
1573,OFFICE,MEDICARE,0,42,19,0,F,NY,NURSE PRACTITIONER,80
2279,OFFICE,COMMERCIAL,0,1,7,0,M,NC,NURSE PRACTITIONER,17
1731,UNASSIGNED,MEDICARE,0,55,23,17,M,TX,INTERNAL MEDICINE,63
3636,URGENT CARE FACILITY,COMMERCIAL,0,1,5,0,F,UNKNOWN,UNKNOWN,33
1198,HOSPITAL OUTPATIENT,COMMERCIAL,0,96,17,0,M,WA,NURSE PRACTITIONER,66
278,OFFICE,COMMERCIAL,0,1,8,0,M,FL,PEDIATRICS,5
3576,CLINIC  - FEDERALLY QUALIFIED HEALTH CENTER (FQHC),COMMERCIAL,0,4,12,0,M,MI,NURSE PRACTITIONER,22
3311,ON CAMPUS-OUTPATIENT HOSPITAL,COMMERCIAL,0,6,2,0,F,CA,FAMILY MEDICINE,48
3661,EMERGENCY ROOM - HOSPITAL,MEDICARE,0,9,6,0,M,CA,PHYSICIAN ASSISTANT,65
2299,URGENT CARE FACILITY,COMMERCIAL,0,1,0,0,M,UNKNOWN,UNKNOWN,63
2853,OFFICE,COMMERCIAL,0,1,6,0,F,SC,NURSE PRACTITIONER,25
333,OFFICE,COMMERCIAL,0,1,0,0,M,NJ,INTERNAL MEDICINE,63
2128,OFFICE,COMMERCIAL,0,1,12,0,M,TX,FAMILY MEDICINE,16
2948,ON CAMPUS-OUTPATIENT HOSPITAL,COMMERCIAL,0,22,12,5,F,IL,FAMILY MEDICINE,52
2978,UNASSIGNED,COMMERCIAL,0,53,6,70,M,UNKNOWN,UNKNOWN,67
1711,OTHER PLACE OF SERVICE,MEDICARE,0,23,1,24,M,KY,NURSE PRACTITIONER,79
992,OFFICE,MEDICAID,0,1,4,0,M,GA,PEDIATRICS,14
2829,AMBULANCE - LAND,MEDICARE,0,35,8,6,M,UNKNOWN,UNKNOWN,73
2363,EMERGENCY ROOM - HOSPITAL,COMMERCIAL,0,5,10,1,F,NJ,EMERGENCY MEDICINE,43
3368,URGENT CARE FACILITY,COMMERCIAL,0,2,8,0,F,FL,NURSE PRACTITIONER,25
1618,INDEPENDENT LABORATORY,COMMERCIAL,0,1,0,0,F,UNKNOWN,UNKNOWN,15
3422,OFFICE,COMMERCIAL,0,8,7,1,F,NY,FAMILY MEDICINE,35
1943,INPATIENT HOSPITAL,COMMERCIAL,0,18,4,0,F,MI,CARDIOVASCULAR DISEASE,89
1590,UNASSIGNED,COMMERCIAL,0,86,1,0,M,NY,INTERNAL MEDICINE,89
2811,OFFICE,COMMERCIAL,0,6,3,0,M,LA,EMERGENCY MEDICINE,64
147,OFFICE,COMMERCIAL,0,1,2,0,M,TX,PHYSICIAN ASSISTANT,4
3986,TELEHEALTH PROVIDED IN PATIENT'S HOME,MEDICARE,0,106,7,4,M,UNKNOWN,UNKNOWN,79
1974,TELEHEALTH PROVIDED OTHER THAN IN PATIENT'S HOME,COMMERCIAL,0,5,0,0,F,CA,NURSE PRACTITIONER,35
2077,WALK-IN RETAIL HEALTH CLINIC,MEDICARE,0,1,1,0,F,CA,NURSE PRACTITIONER,30
1872,TELEHEALTH PROVIDED IN PATIENT'S HOME,COMMERCIAL,0,7,6,1,M,PA,FAMILY MEDICINE,68
1642,HOSPITAL OUTPATIENT,COMMERCIAL,0,28,3,13,M,ME,EMERGENCY MEDICINE,81
3575,OFFICE,COMMERCIAL,0,16,7,0,F,MI,INTERNAL MEDICINE,84
3211,OFFICE,COMMERCIAL,0,1,1,0,M,TX,PEDIATRICS,21
355,EMERGENCY ROOM - HOSPITAL,COMMERCIAL,0,10,1,0,M,TN,EMERGENCY MEDICINE,79
911,OFFICE,COMMERCIAL,0,22,2,0,M,FL,GENERAL PRACTICE,89
2848,HOSPITAL OUTPATIENT,COMMERCIAL,0,1,14,1,F,LA,EMERGENCY MEDICINE,38
3339,CLINIC - FREESTANDING,MEDICAID,0,23,7,2,F,CA,GENERAL SURGERY,51
395,OFFICE,COMMERCIAL,0,1,10,0,F,NY,PEDIATRICS,9
1808,INDEPENDENT LABORATORY,COMMERCIAL,0,3,11,8,M,UNKNOWN,UNKNOWN,50
829,URGENT CARE FACILITY,COMMERCIAL,0,2,32,0,F,AZ,NURSE PRACTITIONER,10
3821,TELEHEALTH PROVIDED IN PATIENT'S HOME,COMMERCIAL,0,2,2,0,F,MI,FAMILY MEDICINE,40
2392,EMERGENCY ROOM - HOSPITAL,COMMERCIAL,0,1,0,0,F,TN,EMERGENCY MEDICINE,30
708,OFFICE,COMMERCIAL,0,11,17,0,M,AZ,NURSE PRACTITIONER,40
847,TELEHEALTH PROVIDED OTHER THAN IN PATIENT'S HOME,COMMERCIAL,0,13,1,0,F,FL,NURSE PRACTITIONER,41
1467,TELEHEALTH PROVIDED OTHER THAN IN PATIENT'S HOME,COMMERCIAL,0,18,14,0,F,UNKNOWN,UNKNOWN,34
848,URGENT CARE FACILITY,COMMERCIAL,0,1,11,0,F,CA,FAMILY MEDICINE,11
840,URGENT CARE FACILITY,COMMERCIAL,0,1,0,0,M,TX,FAMILY MEDICINE,35
2547,INPATIENT HOSPITAL,MEDICARE,0,104,6,1,M,CO,INTERNAL MEDICINE,85
1608,TELEHEALTH PROVIDED OTHER THAN IN PATIENT'S HOME,COMMERCIAL,0,34,1,0,F,LA,NURSE PRACTITIONER,45
3577,OFFICE,COMMERCIAL,0,17,1,0,F,GA,FAMILY MEDICINE,48
978,URGENT CARE FACILITY,COMMERCIAL,0,1,2,0,M,UNKNOWN,UNKNOWN,12
2792,OFFICE,COMMERCIAL,0,27,3,0,F,AL,FAMILY MEDICINE,56
1701,EMERGENCY ROOM - HOSPITAL,COMMERCIAL,0,4,0,0,F,FL,EMERGENCY MEDICINE,59
397,TELEHEALTH PROVIDED OTHER THAN IN PATIENT'S HOME,COMMERCIAL,0,1,0,0,M,DC,INTERNAL MEDICINE,45
373,URGENT CARE FACILITY,COMMERCIAL,0,1,5,0,F,CA,PHYSICIAN ASSISTANT,32
3939,CRITICAL ACCESS HOSPITAL,MEDICARE,0,85,13,15,F,WV,PHYSICIAN ASSISTANT,50
3,OFFICE,COMMERCIAL,0,1,0,0,M,MS,EMERGENCY MEDICINE,53
3173,OFFICE,COMMERCIAL,0,1,2,0,F,DC,NURSE PRACTITIONER,23
2399,OFFICE,COMMERCIAL,0,13,4,3,F,CA,FAMILY MEDICINE,52
2202,EMERGENCY ROOM - HOSPITAL,COMMERCIAL,0,3,3,0,F,NJ,EMERGENCY MEDICINE,34
3024,EMERGENCY ROOM - HOSPITAL,COMMERCIAL,0,90,72,4,F,OH,DIAGNOSTIC RADIOLOGY,83
711,URGENT CARE FACILITY,COMMERCIAL,0,1,1,0,M,UNKNOWN,UNKNOWN,42
2800,OFFICE,COMMERCIAL,0,1,4,1,F,SC,PHYSICIAN ASSISTANT,33
2889,TELEHEALTH PROVIDED OTHER THAN IN PATIENT'S HOME,COMMERCIAL,0,6,6,0,F,FL,GERIATRIC MEDICINE (INTERNAL MEDICINE),50
2453,OFF CAMPUS-OUTPATIENT HOSPITAL,COMMERCIAL,0,5,11,2,F,IN,PULMONARY DISEASE,57
2249,TELEHEALTH PROVIDED OTHER THAN IN PATIENT'S HOME,COMMERCIAL,0,22,1,5,M,CA,FAMILY MEDICINE,72
3276,OFFICE,MEDICARE,0,27,4,6,F,VA,INTERNAL MEDICINE,85
4016,INDEPENDENT LABORATORY,MEDICARE,0,71,36,6,F,UNKNOWN,UNKNOWN,79
3912,TELEHEALTH PROVIDED OTHER THAN IN PATIENT'S HOME,COMMERCIAL,0,1,11,0,F,WA,NURSE PRACTITIONER,36
1445,OFFICE,COMMERCIAL,0,1,3,0,M,VA,OTOLARYNGOLOGY,51
836,TELEHEALTH PROVIDED OTHER THAN IN PATIENT'S HOME,COMMERCIAL,0,2,18,0,F,FL,PHYSICIAN ASSISTANT,10
527,OFFICE,COMMERCIAL,0,1,5,0,M,NY,PEDIATRICS,7
2740,TELEHEALTH PROVIDED OTHER THAN IN PATIENT'S HOME,COMMERCIAL,0,1,2,0,M,TX,NURSE PRACTITIONER,31
3054,INDEPENDENT LABORATORY,COMMERCIAL,0,4,0,0,F,UNKNOWN,UNKNOWN,23
1490,URGENT CARE FACILITY,COMMERCIAL,0,2,44,0,M,OK,PHYSICIAN ASSISTANT,15
3735,CLINIC - HOSPITAL BASED OR INDEPENDENT RENAL DIALYSIS CENTER,COMMERCIAL,0,135,16,0,F,NC,NEPHROLOGY,47
2784,UNASSIGNED,COMMERCIAL,0,12,35,0,F,IA,INTERNAL MEDICINE,89
2841,TELEHEALTH PROVIDED IN PATIENT'S HOME,COMMERCIAL,0,10,1,0,F,NC,INTERNAL MEDICINE,63
260,HOSPITAL - LABORATORY SERVICES PROVIDED TO NON-PATIENTS,COMMERCIAL,0,3,0,0,M,MN,PEDIATRICS,5
1978,TELEHEALTH PROVIDED IN PATIENT'S HOME,COMMERCIAL,0,8,9,1,F,OR,PHYSICIAN ASSISTANT,38
2067,EMERGENCY ROOM - HOSPITAL,COMMERCIAL,0,16,12,0,M,PA,FAMILY MEDICINE,79
3018,HOSPITAL OUTPATIENT,MEDICARE,0,30,11,0,M,FL,EMERGENCY MEDICINE,39
2609,TELEHEALTH PROVIDED OTHER THAN IN PATIENT'S HOME,COMMERCIAL,0,3,5,1,M,CA,FAMILY MEDICINE,46
41,INDEPENDENT LABORATORY,COMMERCIAL,0,1,1,0,M,UNKNOWN,UNKNOWN,40
1621,URGENT CARE FACILITY,COMMERCIAL,0,2,0,0,F,MO,FAMILY MEDICINE,45
1200,TELEHEALTH PROVIDED OTHER THAN IN PATIENT'S HOME,COMMERCIAL,0,2,2,0,F,NJ,FAMILY MEDICINE,44
1867,OFFICE,COMMERCIAL,0,2,1,0,M,OH,PEDIATRICS,14
576,OFFICE,COMMERCIAL,0,9,8,0,F,NV,PHYSICIAN ASSISTANT,49
2065,OFFICE,COMMERCIAL,0,5,0,3,M,AR,FAMILY MEDICINE,63
401,UNASSIGNED,COMMERCIAL,0,65,45,0,F,NY,FAMILY MEDICINE,89
3036,TELEHEALTH PROVIDED OTHER THAN IN PATIENT'S HOME,COMMERCIAL,0,4,2,0,M,CA,FAMILY MEDICINE,48
3455,WALK-IN RETAIL HEALTH CLINIC,COMMERCIAL,0,29,0,0,M,FL,NURSE PRACTITIONER,68
403,OFFICE,COMMERCIAL,0,24,8,6,M,DE,EMERGENCY MEDICINE,68
1101,EMERGENCY ROOM - HOSPITAL,COMMERCIAL,0,1,0,0,F,TX,EMERGENCY MEDICINE,24
353,EMERGENCY ROOM - HOSPITAL,COMMERCIAL,0,8,1,0,F,FL,EMERGENCY MEDICINE,37
2116,OFFICE,COMMERCIAL,0,19,2,1,M,AZ,FAMILY MEDICINE,62
4000,OFFICE,MEDICARE,0,64,35,0,F,VA,PHYSICAL THERAPY,85
3665,TELEHEALTH PROVIDED IN PATIENT'S HOME,COMMERCIAL,0,1,1,0,F,OR,PHYSICIAN ASSISTANT,25
92,OFFICE,COMMERCIAL,0,1,1,0,M,IL,PEDIATRICS,4
351,OFFICE,COMMERCIAL,0,2,5,0,M,MD,FAMILY MEDICINE,15
2095,ON CAMPUS-OUTPATIENT HOSPITAL,MEDICARE,0,6,14,0,F,TN,ANATOMIC/CLINICAL PATHOLOGY,89
2534,OFFICE,MEDICARE,0,32,33,0,F,UNKNOWN,UNKNOWN,89
3825,OFFICE,MEDICARE,0,185,8,45,M,NY,OPHTHALMOLOGY,79
4001,OFFICE,COMMERCIAL,0,7,4,0,M,TN,PULMONARY DISEASE,67
1227,HOSPITAL OUTPATIENT,COMMERCIAL,0,2,3,0,M,FL,INTERNAL MEDICINE,42
364,TELEHEALTH PROVIDED OTHER THAN IN PATIENT'S HOME,COMMERCIAL,0,1,5,0,F,SC,BEHAVIORAL HEALTH & SOCIAL SERVICES,56
1147,TELEHEALTH PROVIDED OTHER THAN IN PATIENT'S HOME,COMMERCIAL,0,3,5,10,F,CO,FAMILY MEDICINE,56
1656,HOSPITAL INPATIENT (INCLUDING MEDICARE PART A),COMMERCIAL,0,27,1,1,M,AR,INTERNAL MEDICINE,67
1146,EMERGENCY ROOM - HOSPITAL,COMMERCIAL,0,1,2,0,F,MI,EMERGENCY MEDICINE,48
659,TELEHEALTH PROVIDED OTHER THAN IN PATIENT'S HOME,COMMERCIAL,0,4,12,0,F,NY,FAMILY MEDICINE,65
713,UNASSIGNED,MEDICARE,0,2,0,0,M,FL,HOSPICE & PALLIATIVE MEDICINE,77
893,UNASSIGNED,MEDICAID,0,33,39,12,F,MI,INTERNAL MEDICINE,81
2884,HOSPITAL OUTPATIENT,COMMERCIAL,0,36,0,2,F,NE,INTERNAL MEDICINE,80
2189,OFFICE,COMMERCIAL,0,4,7,0,M,TX,NURSE PRACTITIONER,17
3391,OFFICE,MEDICARE,0,4,11,0,M,AL,FAMILY MEDICINE,77
856,OFFICE,COMMERCIAL,0,35,14,0,F,TN,NURSE PRACTITIONER,71
973,OFFICE,COMMERCIAL,0,1,2,0,M,CA,INTERNAL MEDICINE,22
1435,EMERGENCY ROOM - HOSPITAL,COMMERCIAL,0,7,8,0,F,NV,VASCULAR & INTERVENTIONAL RADIOLOGY,33
3333,UNASSIGNED,MEDICARE,0,25,7,2,F,FL,GERIATRIC MEDICINE (INTERNAL MEDICINE),76
2183,EMERGENCY ROOM - HOSPITAL,COMMERCIAL,0,2,4,1,M,KS,EMERGENCY MEDICINE,20
3244,TELEHEALTH PROVIDED IN PATIENT'S HOME,COMMERCIAL,0,1,0,1,M,UNKNOWN,UNKNOWN,42
1389,HOSPITAL OUTPATIENT,COMMERCIAL,0,11,3,0,M,MT,EMERGENCY MEDICINE,30
1011,INDEPENDENT LABORATORY,COMMERCIAL,0,15,1,0,F,UNKNOWN,UNKNOWN,57
3307,ON CAMPUS-OUTPATIENT HOSPITAL,COMMERCIAL,0,1,21,0,F,RI,ANATOMIC/CLINICAL PATHOLOGY,22
1407,INDEPENDENT LABORATORY,COMMERCIAL,0,54,4,43,F,UNKNOWN,UNKNOWN,70
247,URGENT CARE FACILITY,MEDICARE,0,7,2,0,M,MI,NURSE PRACTITIONER,76
3811,OFFICE,COMMERCIAL,0,3,2,0,F,MD,FAMILY MEDICINE,35
1191,OTHER PLACE OF SERVICE,COMMERCIAL,0,1,0,3,M,CA,FAMILY MEDICINE,50
2375,TELEHEALTH PROVIDED IN PATIENT'S HOME,COMMERCIAL,0,3,4,0,F,MI,INTERNAL MEDICINE,74
2088,OFFICE,COMMERCIAL,0,2,3,0,M,TX,PEDIATRICS,17
3093,OFFICE,COMMERCIAL,0,1,12,0,F,NY,PEDIATRICS,19
1672,OFFICE,COMMERCIAL,0,5,5,0,F,MS,NURSE PRACTITIONER,46
536,URGENT CARE FACILITY,COMMERCIAL,0,1,3,0,F,NJ,FAMILY MEDICINE,43
132,OFFICE,COMMERCIAL,0,1,2,0,F,CA,PEDIATRICS,4
17,EMERGENCY ROOM - HOSPITAL,MEDICARE,0,1,0,0,M,FL,DERMATOPATHOLOGY,21
799,AMBULANCE - LAND,MEDICARE,0,19,15,0,M,UNKNOWN,UNKNOWN,87
2281,OFFICE,COMMERCIAL,0,14,2,0,F,CA,FAMILY MEDICINE,69
3397,UNASSIGNED,MEDICARE,0,11,7,8,F,FL,RHEUMATOLOGY,89
609,OFFICE,COMMERCIAL,0,4,1,0,F,MD,OBSTETRICS & GYNECOLOGY,43
2432,EMERGENCY ROOM - HOSPITAL,COMMERCIAL,0,8,2,1,F,PA,EMERGENCY MEDICINE,31
3530,URGENT CARE FACILITY,COMMERCIAL,0,3,4,0,F,RI,INTERNAL MEDICINE,56
957,WALK-IN RETAIL HEALTH CLINIC,COMMERCIAL,0,2,1,0,F,MA,NURSE PRACTITIONER,46
2054,OFFICE,COMMERCIAL,0,41,22,0,F,TN,NURSE PRACTITIONER,76
1224,INDEPENDENT LABORATORY,COMMERCIAL,0,2,2,0,F,NY,ANATOMIC PATHOLOGY,21
2149,OFFICE,COMMERCIAL,0,8,0,0,M,UNKNOWN,UNKNOWN,50
349,TELEHEALTH PROVIDED OTHER THAN IN PATIENT'S HOME,COMMERCIAL,0,1,1,0,M,CA,PEDIATRICS,6
2552,UNASSIGNED,MEDICARE,0,90,6,20,F,GA,INTERNAL MEDICINE,89
3100,URGENT CARE FACILITY,COMMERCIAL,0,1,0,0,F,UNKNOWN,UNKNOWN,44
1640,OFFICE,COMMERCIAL,0,1,16,0,M,NJ,PEDIATRICS,13
3517,INDEPENDENT LABORATORY,COMMERCIAL,0,6,1,0,F,UNKNOWN,UNKNOWN,68
1695,OFFICE,COMMERCIAL,0,1,1,0,M,VA,EMERGENCY MEDICINE,40
2775,URGENT CARE FACILITY,COMMERCIAL,0,8,2,0,F,UNKNOWN,UNKNOWN,33
1286,TELEHEALTH PROVIDED OTHER THAN IN PATIENT'S HOME,COMMERCIAL,0,2,4,0,F,CA,PHYSICIAN ASSISTANT,41
210,OFFICE,COMMERCIAL,0,1,1,0,F,GA,PEDIATRICS,5
2875,TELEHEALTH PROVIDED IN PATIENT'S HOME,COMMERCIAL,0,33,36,48,F,OH,PHYSICIAN ASSISTANT,49
3436,EMERGENCY ROOM - HOSPITAL,COMMERCIAL,0,1,3,0,F,MI,EMERGENCY MEDICINE,25
122,OFFICE,COMMERCIAL,0,1,0,0,F,MD,NURSE PRACTITIONER,4
3545,OFFICE,MEDICARE,0,24,1,0,F,FL,INTERNAL MEDICINE,75
3789,TELEHEALTH PROVIDED OTHER THAN IN PATIENT'S HOME,COMMERCIAL,0,4,4,0,F,GA,FAMILY MEDICINE,70
1301,EMERGENCY ROOM - HOSPITAL,COMMERCIAL,0,2,2,0,M,NY,EMERGENCY MEDICINE,31
991,HOSPITAL OUTPATIENT,COMMERCIAL,0,1,2,0,F,OR,FAMILY MEDICINE,58
3858,OTHER PLACE OF SERVICE,MEDICARE,0,30,6,0,F,TN,NURSE PRACTITIONER,89
3132,OFFICE,COMMERCIAL,0,28,19,0,M,NY,INTERNAL MEDICINE,60
2045,EMERGENCY ROOM - HOSPITAL,COMMERCIAL,0,1,8,2,M,TX,PEDIATRICS,15
3880,URGENT CARE FACILITY,COMMERCIAL,0,18,8,0,F,CA,FAMILY MEDICINE,63
3672,TELEHEALTH PROVIDED IN PATIENT'S HOME,COMMERCIAL,0,41,7,1,F,CT,PHYSICIAN ASSISTANT,77
1395,OFF CAMPUS-OUTPATIENT HOSPITAL,MEDICARE,0,4,3,0,F,PA,DIAGNOSTIC RADIOLOGY,76
1811,INDEPENDENT LABORATORY,COMMERCIAL,0,2,2,0,F,UNKNOWN,UNKNOWN,16
2523,URGENT CARE FACILITY,COMMERCIAL,0,5,4,0,F,UNKNOWN,UNKNOWN,41
2557,OFFICE,COMMERCIAL,0,6,7,0,M,VA,PEDIATRICS,23
3845,URGENT CARE FACILITY,COMMERCIAL,0,33,10,3,F,UNKNOWN,UNKNOWN,61
1176,OTHER PLACE OF SERVICE,COMMERCIAL,0,62,60,0,F,UNKNOWN,UNKNOWN,53
2083,OFFICE,COMMERCIAL,0,1,1,0,F,MS,FAMILY MEDICINE,33
91,OFFICE,COMMERCIAL,0,1,2,0,F,OH,PEDIATRICS,5
2117,OFFICE,COMMERCIAL,0,3,0,2,M,UNKNOWN,UNKNOWN,59
767,TELEHEALTH PROVIDED OTHER THAN IN PATIENT'S HOME,COMMERCIAL,0,3,4,0,M,NY,PEDIATRICS,9
3383,URGENT CARE FACILITY,COMMERCIAL,0,10,1,0,F,GA,NURSE PRACTITIONER,69
2008,OFFICE,MEDICARE,0,24,8,0,M,SC,NURSE PRACTITIONER,78
864,UNASSIGNED,MEDICARE,0,122,20,16,M,PA,INTERNAL MEDICINE,73
1647,EMERGENCY ROOM - HOSPITAL,COMMERCIAL,0,4,13,0,F,TN,NURSE PRACTITIONER,31
3849,EMERGENCY ROOM - HOSPITAL,COMMERCIAL,0,4,10,0,F,OH,EMERGENCY MEDICINE,34
3441,OFFICE,MEDICARE,0,65,31,45,F,TX,PHYSICAL THERAPY,71
100,OFFICE,COMMERCIAL,0,1,1,0,M,LA,PEDIATRICS,4
1726,URGENT CARE FACILITY,COMMERCIAL,0,90,4,0,M,UNKNOWN,UNKNOWN,78
487,EMERGENCY ROOM - HOSPITAL,MEDICAID,0,2,0,0,F,OK,EMERGENCY MEDICINE,68
2615,INDEPENDENT LABORATORY,COMMERCIAL,0,21,1,13,M,UNKNOWN,UNKNOWN,58
3893,TELEHEALTH PROVIDED OTHER THAN IN PATIENT'S HOME,COMMERCIAL,0,2,0,0,F,CA,FAMILY MEDICINE,25
2742,OFFICE,COMMERCIAL,0,5,2,0,F,UNKNOWN,UNKNOWN,75
12,EMERGENCY ROOM - HOSPITAL,COMMERCIAL,0,1,0,0,M,AL,PEDIATRIC EMERGENCY MEDICINE (PEDIATRICS),6
2120,OFFICE,COMMERCIAL,0,1,0,0,M,CA,FAMILY MEDICINE,47
3544,OFFICE,COMMERCIAL,0,5,11,0,F,CA,FAMILY MEDICINE,45
3565,INDEPENDENT LABORATORY,COMMERCIAL,0,60,4,0,F,UNKNOWN,UNKNOWN,70
453,INDEPENDENT LABORATORY,COMMERCIAL,0,5,0,0,F,UNKNOWN,UNKNOWN,28
3926,OFFICE,COMMERCIAL,0,42,21,0,F,KY,PHYSICIAN ASSISTANT,59
3859,UNASSIGNED,MEDICARE,0,29,29,0,F,IN,NURSE PRACTITIONER,71
3157,TELEHEALTH PROVIDED OTHER THAN IN PATIENT'S HOME,COMMERCIAL,0,47,18,79,F,TX,PSYCHIATRY,34
1491,HOSPITAL OUTPATIENT,COMMERCIAL,0,4,4,0,F,TN,EMERGENCY MEDICINE,40
1166,ON CAMPUS-OUTPATIENT HOSPITAL,COMMERCIAL,0,17,16,0,F,CA,PULMONARY CRITICAL CARE MEDICINE,61
3716,CLINIC - RURAL HEALTH,MEDICARE,0,23,7,0,F,KY,PHYSICIAN ASSISTANT,77
892,TELEHEALTH PROVIDED OTHER THAN IN PATIENT'S HOME,COMMERCIAL,0,5,0,0,F,KY,NURSE PRACTITIONER,59
886,OFFICE,MEDICARE,0,28,8,0,M,VA,FAMILY MEDICINE,78
1875,EMERGENCY ROOM - HOSPITAL,COMMERCIAL,0,116,2,18,M,NC,EMERGENCY MEDICINE,76
1641,OFFICE,COMMERCIAL,0,2,5,0,F,LA,FAMILY MEDICINE,38
1137,URGENT CARE FACILITY,COMMERCIAL,0,18,3,0,F,TX,PHYSICIAN ASSISTANT,59
235,OFFICE,COMMERCIAL,0,1,1,0,M,VA,FAMILY MEDICINE,39
3807,OFFICE,MEDICARE,0,22,8,25,M,NY,INTERNAL MEDICINE,86
3090,HOSPITAL INPATIENT (INCLUDING MEDICARE PART A),COMMERCIAL,0,6,0,0,F,CA,OBSTETRICS & GYNECOLOGY,36
1925,TELEHEALTH PROVIDED OTHER THAN IN PATIENT'S HOME,COMMERCIAL,0,1,0,0,F,UNKNOWN,UNKNOWN,40
1002,INDEPENDENT LABORATORY,MEDICAID,0,1,0,0,M,UNKNOWN,UNKNOWN,16
761,OFFICE,COMMERCIAL,0,1,5,0,M,VA,PEDIATRICS,11
600,TELEHEALTH PROVIDED OTHER THAN IN PATIENT'S HOME,COMMERCIAL,0,6,3,3,M,FL,INTERNAL MEDICINE,34
2882,HOSPITAL OUTPATIENT,MEDICARE,0,12,4,2,F,CA,PULMONARY DISEASE,78
724,URGENT CARE FACILITY,COMMERCIAL,0,1,0,0,F,VA,PEDIATRICS,38
1710,UNASSIGNED,MEDICARE,0,38,11,2,M,TX,INTERNAL MEDICINE,89
1142,INPATIENT HOSPITAL,MEDICARE,0,13,3,27,F,VA,PULMONARY DISEASE,78
652,HOSPITAL OUTPATIENT,COMMERCIAL,0,1,3,0,F,OH,NURSE PRACTITIONER,8
1368,EMERGENCY ROOM - HOSPITAL,MEDICARE,0,1,5,0,M,OH,EMERGENCY MEDICINE,89
1065,ON CAMPUS-OUTPATIENT HOSPITAL,COMMERCIAL,0,1,2,0,F,CA,PEDIATRICS,12
3514,EMERGENCY ROOM - HOSPITAL,COMMERCIAL,0,4,13,0,F,TX,EMERGENCY MEDICINE,55
1985,URGENT CARE FACILITY,COMMERCIAL,0,1,0,0,M,NY,NURSE PRACTITIONER,73
857,OFFICE,COMMERCIAL,0,1,1,0,F,MN,PEDIATRICS,10
2744,INDEPENDENT LABORATORY,MEDICARE,0,19,0,6,M,UNKNOWN,UNKNOWN,89
1835,OFFICE,COMMERCIAL,0,20,6,0,F,UNKNOWN,UNKNOWN,44
2056,OFFICE,COMMERCIAL,0,5,13,0,F,NJ,FAMILY MEDICINE,40
1247,OFFICE,COMMERCIAL,0,14,11,0,M,CA,FAMILY MEDICINE,39
3552,TELEHEALTH PROVIDED OTHER THAN IN PATIENT'S HOME,COMMERCIAL,0,14,1,1,M,CA,FAMILY MEDICINE,37
3096,OFFICE,COMMERCIAL,0,9,3,3,M,FL,SPORTS MEDICINE (FAMILY MEDICINE),67
845,URGENT CARE FACILITY,COMMERCIAL,0,1,0,0,M,UNKNOWN,UNKNOWN,37
3085,URGENT CARE FACILITY,COMMERCIAL,0,1,2,0,M,IL,NURSE PRACTITIONER,43
2230,INPATIENT HOSPITAL,MEDICARE,0,87,17,41,M,IL,CARDIOVASCULAR DISEASE,73
3987,URGENT CARE FACILITY,COMMERCIAL,0,2,18,0,M,CA,PHYSICIAN ASSISTANT,40
1275,URGENT CARE FACILITY,COMMERCIAL,0,3,0,0,F,MN,EMERGENCY MEDICINE,13
2347,OFFICE,MEDICARE,0,26,5,2,F,CA,INTERNAL MEDICINE,80
2957,URGENT CARE FACILITY,COMMERCIAL,0,50,1,1,F,TX,EMERGENCY MEDICINE,80
370,TELEHEALTH PROVIDED OTHER THAN IN PATIENT'S HOME,COMMERCIAL,0,2,2,0,F,CA,NURSE PRACTITIONER,36
3589,OFFICE,MEDICARE,0,24,12,0,F,VA,INTERNAL MEDICINE,81
1362,CLINIC - RURAL HEALTH,MEDICAID,0,5,6,0,F,MO,FAMILY MEDICINE,50
2664,OFFICE,COMMERCIAL,0,7,0,1,F,UT,DERMATOLOGY,89
720,HOSPITAL OUTPATIENT,COMMERCIAL,0,2,0,0,F,WA,EMERGENCY MEDICINE,30
2152,OFFICE,COMMERCIAL,0,24,6,0,F,NY,"ENDOCRINOLOGY, DIABETES & METABOLISM",50
584,OFFICE,COMMERCIAL,0,1,0,0,F,KS,NURSE PRACTITIONER,47
786,OFFICE,COMMERCIAL,0,89,37,1,F,FL,PSYCHIATRY,61
1912,OFFICE,MEDICARE,0,30,7,22,F,VA,FAMILY MEDICINE,85
1192,INDEPENDENT LABORATORY,COMMERCIAL,0,2,0,0,F,UNKNOWN,UNKNOWN,46
2970,OFFICE,COMMERCIAL,0,3,0,0,M,UNKNOWN,UNKNOWN,26
1202,URGENT CARE FACILITY,COMMERCIAL,0,1,4,0,F,VA,PHYSICIAN ASSISTANT,18
1185,INDEPENDENT LABORATORY,COMMERCIAL,0,4,4,0,M,UNKNOWN,UNKNOWN,27
1454,TELEHEALTH PROVIDED IN PATIENT'S HOME,COMMERCIAL,0,1,0,0,M,UNKNOWN,UNKNOWN,37
1861,OFFICE,COMMERCIAL,0,1,0,0,M,PA,FAMILY MEDICINE,34
807,TELEHEALTH PROVIDED IN PATIENT'S HOME,COMMERCIAL,0,1,31,0,F,NY,PHYSICIAN ASSISTANT,56
2075,OFFICE,COMMERCIAL,0,27,9,8,F,MD,NURSE PRACTITIONER,58
68,URGENT CARE FACILITY,COMMERCIAL,0,1,1,0,F,SC,FAMILY MEDICINE,27
1035,HOSPITAL - LABORATORY SERVICES PROVIDED TO NON-PATIENTS,COMMERCIAL,0,70,31,1,M,FL,FAMILY MEDICINE,78
3442,OFFICE,COMMERCIAL,0,18,24,14,F,TN,CARDIOVASCULAR DISEASE,84
775,EMERGENCY ROOM - HOSPITAL,COMMERCIAL,0,5,1,2,F,CA,EMERGENCY MEDICINE,33
1818,OFFICE,MEDICARE,0,35,3,18,M,NY,NURSE PRACTITIONER,76
1140,OFFICE,COMMERCIAL,0,2,4,8,F,NY,PHYSICIAN ASSISTANT,33
916,EMERGENCY ROOM - HOSPITAL,COMMERCIAL,0,89,5,86,M,NC,EMERGENCY MEDICINE,83
1175,INDEPENDENT LABORATORY,COMMERCIAL,0,1,2,0,M,UNKNOWN,UNKNOWN,43
3832,TELEHEALTH PROVIDED OTHER THAN IN PATIENT'S HOME,COMMERCIAL,0,1,0,0,F,MA,INTERNAL MEDICINE,69
1196,OFFICE,COMMERCIAL,0,1,2,0,M,SC,NURSE PRACTITIONER,35
3751,OFFICE,COMMERCIAL,0,38,15,3,M,PA,INTERNAL MEDICINE,64
1919,EMERGENCY ROOM - HOSPITAL,COMMERCIAL,0,28,6,0,F,NY,GENERAL SURGERY,23
1452,INDEPENDENT LABORATORY,COMMERCIAL,0,3,4,0,M,UNKNOWN,UNKNOWN,62
3162,HOSPITAL OUTPATIENT,COMMERCIAL,0,6,1,0,F,NJ,ANATOMIC/CLINICAL PATHOLOGY,58
1571,URGENT CARE FACILITY,COMMERCIAL,0,1,0,0,M,CA,PHYSICIAN ASSISTANT,71
1339,OFFICE,COMMERCIAL,0,111,9,8,M,NY,CARDIOVASCULAR DISEASE,65
3622,OFFICE,COMMERCIAL,0,56,3,0,F,CA,INTERNAL MEDICINE,77
902,EMERGENCY ROOM - HOSPITAL,COMMERCIAL,0,93,0,1,M,WA,EMERGENCY MEDICINE,56
3635,UNASSIGNED,MEDICARE,0,123,24,1,M,MA,INTERNAL MEDICINE,89
1111,URGENT CARE FACILITY,COMMERCIAL,0,2,0,0,F,UNKNOWN,UNKNOWN,37
79,FEDERALLY QUALIFIED HEALTH CENTER,COMMERCIAL,0,3,2,0,M,IN,NURSE PRACTITIONER,5
674,URGENT CARE FACILITY,COMMERCIAL,0,1,0,0,F,NC,PHYSICIAN ASSISTANT,34
438,OFFICE,COMMERCIAL,0,1,1,0,M,CA,FAMILY MEDICINE,43
2312,OFFICE,MEDICARE,0,58,6,0,F,UNKNOWN,UNKNOWN,89
2397,INDEPENDENT LABORATORY,COMMERCIAL,0,27,23,3,F,UNKNOWN,UNKNOWN,55
2338,OTHER PLACE OF SERVICE,MEDICARE,0,82,47,1,F,MD,NURSE PRACTITIONER,89
380,OFFICE,COMMERCIAL,0,1,2,0,M,NC,PHYSICIAN ASSISTANT,6
482,EMERGENCY ROOM - HOSPITAL,COMMERCIAL,0,2,4,0,M,CA,ANATOMIC/CLINICAL PATHOLOGY,10
1276,OFFICE,MEDICARE,0,27,7,2,M,CA,INTERVENTIONAL CARDIOLOGY,81
3434,TELEHEALTH PROVIDED OTHER THAN IN PATIENT'S HOME,COMMERCIAL,0,55,24,6,M,FL,PSYCHIATRY,51
1373,URGENT CARE FACILITY,COMMERCIAL,0,1,1,0,F,NY,EMERGENCY MEDICINE,28
3600,OTHER PLACE OF SERVICE,COMMERCIAL,0,35,63,28,F,UNKNOWN,UNKNOWN,81
2487,OFFICE,COMMERCIAL,0,1,4,0,M,MI,PEDIATRICS,19
2542,URGENT CARE FACILITY,COMMERCIAL,0,1,0,0,F,UNKNOWN,UNKNOWN,34
1331,OFFICE,COMMERCIAL,0,11,3,0,M,NY,INTERNAL MEDICINE,75
3075,OFFICE,COMMERCIAL,0,1,2,0,M,FL,FAMILY MEDICINE,47
419,HOSPITAL OUTPATIENT,COMMERCIAL,0,2,1,0,M,MS,EMERGENCY MEDICINE,34
2814,OFFICE,COMMERCIAL,0,3,2,0,M,MN,FAMILY MEDICINE,34
2261,OFFICE,MEDICARE,0,11,6,31,M,AZ,INTERNAL MEDICINE,74
86,INDEPENDENT LABORATORY,MEDICARE,0,10,0,0,F,UNKNOWN,UNKNOWN,89
843,OFFICE,COMMERCIAL,0,9,8,0,F,NY,INTERNAL MEDICINE,56
2980,TELEHEALTH PROVIDED OTHER THAN IN PATIENT'S HOME,COMMERCIAL,0,12,1,0,F,CO,FAMILY MEDICINE,53
1216,URGENT CARE FACILITY,COMMERCIAL,0,3,9,0,F,UNKNOWN,UNKNOWN,28
870,COMMUNITY MENTAL HEALTH CENTER,MEDICARE,0,115,4,4,M,NH,PSYCHIATRY,72
656,OFFICE,COMMERCIAL,0,1,11,0,F,FL,FAMILY MEDICINE,8
3315,HOSPITAL OUTPATIENT,COMMERCIAL,0,1,0,0,F,NY,INFECTIOUS DISEASE,64
2173,OFFICE,COMMERCIAL,0,6,0,0,F,NY,INTERNAL MEDICINE,64
956,URGENT CARE FACILITY,COMMERCIAL,0,1,0,0,F,UNKNOWN,UNKNOWN,41
769,URGENT CARE FACILITY,COMMERCIAL,0,9,6,0,F,UNKNOWN,UNKNOWN,16
3521,TELEHEALTH PROVIDED OTHER THAN IN PATIENT'S HOME,COMMERCIAL,0,4,4,0,F,VA,INTERNAL MEDICINE,35
3008,HOSPITAL OUTPATIENT,COMMERCIAL,0,20,4,0,F,CT,INTERNAL MEDICINE,60
3438,OFFICE,MEDICARE,0,13,9,0,F,AL,INTERNAL MEDICINE,81
2624,OFFICE,COMMERCIAL,0,32,2,0,M,CA,HEMATOLOGY/ONCOLOGY,81
181,EMERGENCY ROOM - HOSPITAL,COMMERCIAL,0,1,3,0,M,CA,EMERGENCY MEDICINE,5
3816,OFFICE,MEDICARE,0,18,7,0,F,VA,FAMILY MEDICINE,70
3758,OFFICE,COMMERCIAL,0,26,1,0,M,RI,OPHTHALMOLOGY,78
2463,OFFICE,COMMERCIAL,0,58,21,3,F,TX,NURSE PRACTITIONER,72
89,EMERGENCY ROOM - HOSPITAL,COMMERCIAL,0,1,1,0,M,FL,ANATOMIC/CLINICAL PATHOLOGY,10
2269,URGENT CARE FACILITY,COMMERCIAL,0,5,0,2,M,UNKNOWN,UNKNOWN,67
669,OFFICE,COMMERCIAL,0,3,1,0,F,FL,GENERAL PRACTICE,39
1250,UNASSIGNED,MEDICARE,0,3,0,0,M,NV,INTERNAL MEDICINE,82
62,URGENT CARE FACILITY,COMMERCIAL,0,1,0,0,F,UNKNOWN,UNKNOWN,56
3168,EMERGENCY ROOM - HOSPITAL,COMMERCIAL,0,1,1,0,F,TX,EMERGENCY MEDICINE,20
1684,INDEPENDENT LABORATORY,COMMERCIAL,0,62,83,0,M,UNKNOWN,UNKNOWN,45
2662,INDEPENDENT LABORATORY,COMMERCIAL,0,4,9,1,M,UNKNOWN,UNKNOWN,66
568,OFFICE,COMMERCIAL,0,1,1,0,M,MI,PEDIATRICS,8
1576,OFFICE,COMMERCIAL,0,2,3,0,F,MA,GASTROENTEROLOGY,26
1735,TELEHEALTH PROVIDED IN PATIENT'S HOME,COMMERCIAL,0,4,50,0,F,MI,FAMILY MEDICINE,50
1909,URGENT CARE FACILITY,COMMERCIAL,0,1,34,0,F,NY,FAMILY MEDICINE,14
586,URGENT CARE FACILITY,COMMERCIAL,0,1,0,0,M,NC,CARDIOVASCULAR DISEASE,34
173,EMERGENCY ROOM - HOSPITAL,COMMERCIAL,0,2,6,0,M,GA,PEDIATRICS,5
2055,HOSPITAL OUTPATIENT,COMMERCIAL,0,1,1,0,F,OR,EMERGENCY MEDICINE,24
3095,UNASSIGNED,COMMERCIAL,0,12,1,8,F,VA,HEMATOLOGY/ONCOLOGY,55
3531,INPATIENT HOSPITAL,MEDICARE,0,37,6,39,M,OK,DIAGNOSTIC RADIOLOGY,89
2830,OFFICE,MEDICARE,0,101,4,0,F,MO,"ENDOCRINOLOGY, DIABETES & METABOLISM",74
3872,ON CAMPUS-OUTPATIENT HOSPITAL,MEDICARE,0,131,6,0,M,MI,UROLOGY,80
399,TELEHEALTH PROVIDED OTHER THAN IN PATIENT'S HOME,COMMERCIAL,0,12,1,0,M,FL,GENERAL PRACTICE,54
2783,INDEPENDENT LABORATORY,COMMERCIAL,0,1,0,0,F,UNKNOWN,UNKNOWN,63
665,OFFICE,COMMERCIAL,0,3,5,4,M,NC,PHYSICIAN ASSISTANT,51
638,INDEPENDENT LABORATORY,MEDICARE,0,62,2,1,F,UNKNOWN,UNKNOWN,78
300,OFFICE,COMMERCIAL,0,1,9,0,M,OH,NURSE PRACTITIONER,5
687,URGENT CARE FACILITY,COMMERCIAL,0,1,0,0,F,UNKNOWN,UNKNOWN,68
2764,OFFICE,COMMERCIAL,0,92,5,27,M,IL,UROLOGY,75
3196,OFFICE,COMMERCIAL,0,3,0,0,F,CA,FAMILY MEDICINE,30
798,TELEHEALTH PROVIDED OTHER THAN IN PATIENT'S HOME,COMMERCIAL,0,2,9,0,F,VA,INTERNAL MEDICINE,37
3706,OFFICE,COMMERCIAL,0,6,0,11,M,NJ,INTERNAL MEDICINE,79
2675,OFFICE,COMMERCIAL,0,1,1,0,F,TX,FAMILY MEDICINE,47
3350,INPATIENT HOSPITAL,COMMERCIAL,0,19,1,1,M,WI,DIAGNOSTIC RADIOLOGY,28
842,TELEHEALTH PROVIDED OTHER THAN IN PATIENT'S HOME,COMMERCIAL,0,19,9,9,M,KY,NURSE PRACTITIONER,38
78,INPATIENT HOSPITAL,COMMERCIAL,0,5,4,0,M,CA,FAMILY MEDICINE,5
1968,OFFICE,COMMERCIAL,0,45,0,0,F,TX,NURSE PRACTITIONER,18
180,OFFICE,COMMERCIAL,0,1,0,0,F,CA,SPORTS MEDICINE (FAMILY MEDICINE),38
451,EMERGENCY ROOM - HOSPITAL,COMMERCIAL,0,1,1,0,M,FL,EMERGENCY MEDICINE,7
1084,OFFICE,COMMERCIAL,0,1,1,0,F,VA,PHYSICIAN ASSISTANT,38
594,OFFICE,MEDICARE,0,17,7,9,M,NC,REGISTERED DIETICIAN,78
3286,INDEPENDENT LABORATORY,MEDICARE,0,2,1,1,F,UNKNOWN,UNKNOWN,77
444,EMERGENCY ROOM - HOSPITAL,COMMERCIAL,0,1,2,0,M,NY,EMERGENCY MEDICINE,11
3444,OFFICE,COMMERCIAL,0,19,2,0,F,FL,FAMILY MEDICINE,56
2073,OFFICE,COMMERCIAL,0,45,2,0,F,FL,NURSE PRACTITIONER,75
2622,URGENT CARE FACILITY,COMMERCIAL,0,1,4,0,M,UNKNOWN,UNKNOWN,43
148,OFFICE,COMMERCIAL,0,2,2,0,F,NC,PEDIATRICS,4
1040,TELEHEALTH PROVIDED OTHER THAN IN PATIENT'S HOME,COMMERCIAL,0,13,13,0,F,TX,INTERNAL MEDICINE,63
596,TELEHEALTH PROVIDED OTHER THAN IN PATIENT'S HOME,MEDICAID,0,5,10,0,M,CO,PHYSICIAN ASSISTANT,39
1292,TELEHEALTH PROVIDED OTHER THAN IN PATIENT'S HOME,COMMERCIAL,0,6,4,0,F,NY,INFECTIOUS DISEASE,32
3962,HOSPITAL OUTPATIENT,MEDICARE,0,28,5,0,F,OH,NURSE PRACTITIONER,76
592,WALK-IN RETAIL HEALTH CLINIC,COMMERCIAL,0,1,1,0,F,MT,PHYSICIAN ASSISTANT,14
1161,OFFICE,COMMERCIAL,0,1,0,0,M,MA,FAMILY MEDICINE,44
2733,TELEHEALTH PROVIDED OTHER THAN IN PATIENT'S HOME,COMMERCIAL,0,14,3,1,F,CA,INTERNAL MEDICINE,65
165,CLINIC - RURAL HEALTH,MEDICAID,0,1,3,0,M,CA,FAMILY MEDICINE,5
1341,URGENT CARE FACILITY,COMMERCIAL,0,1,0,0,F,TX,NURSE PRACTITIONER,31
523,URGENT CARE FACILITY,COMMERCIAL,0,1,3,0,M,TX,NURSE PRACTITIONER,7
2284,TELEHEALTH PROVIDED IN PATIENT'S HOME,COMMERCIAL,0,4,0,0,F,TX,FAMILY MEDICINE,38
1067,OFFICE,COMMERCIAL,0,1,0,1,F,IL,NURSE PRACTITIONER,40
722,INDEPENDENT LABORATORY,COMMERCIAL,0,1,4,0,F,UNKNOWN,UNKNOWN,40
2310,OTHER PLACE OF SERVICE,MEDICARE,0,33,37,22,F,MI,PHYSICIAN ASSISTANT,83
1218,TELEHEALTH PROVIDED IN PATIENT'S HOME,COMMERCIAL,0,2,21,0,F,MI,FAMILY MEDICINE,73
2915,INPATIENT HOSPITAL,MEDICARE,0,36,75,0,F,TX,MEDICAL ONCOLOGY,89
3451,URGENT CARE FACILITY,COMMERCIAL,0,2,3,0,F,IL,PHYSICIAN ASSISTANT,31
1588,CLINIC - RURAL HEALTH,MEDICARE,0,8,13,20,F,MS,NURSE PRACTITIONER,83
293,EMERGENCY ROOM - HOSPITAL,COMMERCIAL,0,1,0,0,M,CA,EMERGENCY MEDICINE,84
557,HOSPITAL - LABORATORY SERVICES PROVIDED TO NON-PATIENTS,COMMERCIAL,0,1,0,0,M,CA,EMERGENCY MEDICINE,20
1967,OFFICE,MEDICARE,0,155,15,34,M,IA,CARDIOVASCULAR DISEASE,89
70,HOSPITAL OUTPATIENT,COMMERCIAL,0,1,1,0,F,FL,FAMILY MEDICINE,26
900,URGENT CARE FACILITY,COMMERCIAL,0,1,3,0,M,CA,PHYSICIAN ASSISTANT,65
3176,URGENT CARE FACILITY,COMMERCIAL,0,6,3,8,F,UNKNOWN,UNKNOWN,69
607,OFFICE,COMMERCIAL,0,1,25,0,F,TX,PEDIATRICS,8
830,OFFICE,COMMERCIAL,0,5,51,0,F,WA,PHYSICIAN ASSISTANT,25
121,OTHER PLACE OF SERVICE,COMMERCIAL,0,3,1,0,F,UNKNOWN,UNKNOWN,4
3128,OFFICE,MEDICARE,0,154,13,0,F,TX,INTERNAL MEDICINE,87
2953,TELEHEALTH PROVIDED OTHER THAN IN PATIENT'S HOME,COMMERCIAL,0,3,5,24,F,CA,INTERNAL MEDICINE,56
2142,TELEHEALTH PROVIDED OTHER THAN IN PATIENT'S HOME,COMMERCIAL,0,1,7,0,M,CA,FAMILY MEDICINE,45
347,OFFICE,COMMERCIAL,0,1,5,0,F,NY,PEDIATRICS,6
3580,INPATIENT HOSPITAL,MEDICAID,0,8,3,0,F,MD,CARDIOVASCULAR DISEASE,57
1589,TELEHEALTH PROVIDED OTHER THAN IN PATIENT'S HOME,MEDICARE,0,50,12,5,F,IL,NURSE PRACTITIONER,89
1951,OFFICE,COMMERCIAL,0,20,2,0,F,IL,PSYCHOLOGY,25
1789,INDEPENDENT LABORATORY,COMMERCIAL,0,1,1,1,F,UNKNOWN,UNKNOWN,33
271,OFFICE,COMMERCIAL,0,1,0,0,M,IL,PEDIATRICS,5
2380,URGENT CARE FACILITY,COMMERCIAL,0,1,0,1,F,CO,PHYSICIAN ASSISTANT,42
2292,OFFICE,COMMERCIAL,0,3,1,0,M,OK,NURSE PRACTITIONER,43
3704,TELEHEALTH PROVIDED OTHER THAN IN PATIENT'S HOME,COMMERCIAL,0,91,1,0,F,MI,BEHAVIORAL HEALTH & SOCIAL SERVICES,35
1601,TELEHEALTH PROVIDED OTHER THAN IN PATIENT'S HOME,MEDICARE,0,30,17,0,M,NY,INTERNAL MEDICINE,74
3686,URGENT CARE FACILITY,COMMERCIAL,0,9,4,0,M,UNKNOWN,UNKNOWN,64
467,HOSPITAL OUTPATIENT,COMMERCIAL,0,2,2,0,F,TX,OBSTETRICS & GYNECOLOGY,36
1765,OFFICE,MEDICARE,0,4,4,0,F,SC,NURSE PRACTITIONER,74
3605,TELEHEALTH PROVIDED IN PATIENT'S HOME,COMMERCIAL,0,19,0,0,M,CA,FAMILY MEDICINE,76
1969,HOSPITAL OUTPATIENT,COMMERCIAL,0,12,3,0,M,LA,EMERGENCY MEDICINE,37
4011,INDEPENDENT LABORATORY,COMMERCIAL,0,4,2,0,M,UNKNOWN,UNKNOWN,73
1482,UNASSIGNED,COMMERCIAL,0,118,1,6,F,CT,ADVANCED REGISTERED NURSE,89
569,TELEHEALTH PROVIDED OTHER THAN IN PATIENT'S HOME,COMMERCIAL,0,7,2,0,F,UNKNOWN,UNKNOWN,35
1207,EMERGENCY ROOM - HOSPITAL,MEDICARE,0,14,0,0,M,FL,EMERGENCY MEDICINE,70
3843,URGENT CARE FACILITY,COMMERCIAL,0,8,5,1,M,UNKNOWN,UNKNOWN,61
1991,ON CAMPUS-OUTPATIENT HOSPITAL,COMMERCIAL,0,11,6,0,F,TX,ANATOMIC/CLINICAL PATHOLOGY,30
689,CLINIC - FREESTANDING,MEDICAID,0,2,5,0,M,NY,PEDIATRICS,9
3651,OFFICE,COMMERCIAL,0,32,1,3,F,PA,INTERNAL MEDICINE,51
2339,TELEHEALTH PROVIDED IN PATIENT'S HOME,COMMERCIAL,0,1,1,0,M,UNKNOWN,UNKNOWN,42
3803,URGENT CARE FACILITY,COMMERCIAL,0,4,0,2,M,UNKNOWN,UNKNOWN,84
2398,HOSPITAL OUTPATIENT,COMMERCIAL,0,1,2,0,M,AZ,GENERAL PRACTICE,40
360,EMERGENCY ROOM - HOSPITAL,COMMERCIAL,0,1,0,2,M,KY,EMERGENCY MEDICINE,48
1228,OFFICE,COMMERCIAL,0,2,0,0,F,GA,FAMILY MEDICINE,56
844,OFFICE,COMMERCIAL,0,1,9,0,M,KY,NURSE PRACTITIONER,10
2384,TELEHEALTH PROVIDED OTHER THAN IN PATIENT'S HOME,COMMERCIAL,0,1,1,0,F,CA,INTERNAL MEDICINE,35
852,OFFICE,COMMERCIAL,0,7,5,0,F,NY,PEDIATRICS,10
3077,OFFICE,COMMERCIAL,0,85,10,0,F,MD,NURSE PRACTITIONER,73
2491,HOSPITAL OUTPATIENT,COMMERCIAL,0,6,0,0,M,PA,EMERGENCY MEDICINE,32
912,INDEPENDENT LABORATORY,COMMERCIAL,0,2,0,0,M,NY,PHYSICIAN ASSISTANT,41
1307,HOSPITAL INPATIENT (INCLUDING MEDICARE PART A),COMMERCIAL,0,1,2,0,F,MN,OBSTETRICS & GYNECOLOGY,35
502,HOSPITAL OUTPATIENT,MEDICARE,0,10,1,0,M,MA,PHYSICIAN ASSISTANT,84
3459,TELEHEALTH PROVIDED IN PATIENT'S HOME,COMMERCIAL,0,25,1,0,F,CT,PSYCHIATRY,55
341,OFFICE,COMMERCIAL,0,2,2,0,F,VA,OBSTETRICS & GYNECOLOGY,31
328,OFFICE,MEDICAID,0,1,0,0,F,CT,PHYSICIAN ASSISTANT,27
2093,OFFICE,COMMERCIAL,0,3,13,0,F,MD,INTERNAL MEDICINE,52
2315,CLINIC - FREESTANDING,MEDICAID,0,1,0,0,F,CA,NURSE PRACTITIONER,30
2110,HOSPITAL OUTPATIENT,COMMERCIAL,0,2,18,0,M,TX,PEDIATRICS,16
2293,OFFICE,COMMERCIAL,0,2,0,0,F,NJ,PHYSICIAN ASSISTANT,48
3264,OFFICE,COMMERCIAL,0,6,3,0,F,FL,FAMILY MEDICINE,65
540,TELEHEALTH PROVIDED IN PATIENT'S HOME,COMMERCIAL,0,3,4,23,F,UNKNOWN,UNKNOWN,35
3219,OFFICE,MEDICARE,0,54,2,54,M,AZ,HEMATOLOGY/ONCOLOGY,76
3362,OFFICE,COMMERCIAL,0,23,4,1,M,LA,NEPHROLOGY,69
2148,OFFICE,COMMERCIAL,0,19,3,8,F,OH,PSYCHIATRY,56
3571,URGENT CARE FACILITY,COMMERCIAL,0,1,2,0,F,UNKNOWN,UNKNOWN,48
2247,URGENT CARE FACILITY,COMMERCIAL,0,1,0,0,F,UNKNOWN,UNKNOWN,36
2969,OFFICE,COMMERCIAL,0,36,5,9,M,OH,FAMILY MEDICINE,64
3376,OFFICE,COMMERCIAL,0,10,28,0,F,CA,DIAGNOSTIC RADIOLOGY,33
1997,URGENT CARE FACILITY,COMMERCIAL,0,24,3,0,F,UNKNOWN,UNKNOWN,44
107,OFFICE,COMMERCIAL,0,1,0,0,F,TX,NURSE PRACTITIONER,28
3869,OFFICE,MEDICARE,0,30,4,10,F,OH,FAMILY MEDICINE,89
3191,EMERGENCY ROOM - HOSPITAL,COMMERCIAL,0,1,4,13,M,NJ,EMERGENCY MEDICINE,50
416,OFFICE,COMMERCIAL,0,1,0,0,M,NY,INTERNAL MEDICINE,37
455,EMERGENCY ROOM - HOSPITAL,COMMERCIAL,0,1,0,0,F,CO,NURSE PRACTITIONER,12
3640,UNASSIGNED,MEDICARE,0,83,18,0,F,MI,FAMILY MEDICINE,89
61,OTHER PLACE OF SERVICE,COMMERCIAL,0,3,0,0,M,UNKNOWN,UNKNOWN,89
808,OFFICE,COMMERCIAL,0,111,5,31,M,FL,CARDIOVASCULAR DISEASE,78
521,URGENT CARE FACILITY,COMMERCIAL,0,1,8,0,F,NC,PHYSICIAN ASSISTANT,15
3503,INDEPENDENT LABORATORY,COMMERCIAL,0,8,6,0,F,UNKNOWN,UNKNOWN,25
1442,OFFICE,COMMERCIAL,0,34,14,0,F,CA,FAMILY MEDICINE,67
2489,URGENT CARE FACILITY,COMMERCIAL,0,2,9,0,F,GA,FAMILY MEDICINE,33
1195,URGENT CARE FACILITY,COMMERCIAL,0,11,0,0,F,OR,PHYSICIAN ASSISTANT,45
936,OFFICE,COMMERCIAL,0,5,8,0,M,NY,PEDIATRICS,10
2205,URGENT CARE FACILITY,COMMERCIAL,0,2,3,0,F,UNKNOWN,UNKNOWN,61
2280,INDEPENDENT LABORATORY,COMMERCIAL,0,2,1,0,F,UNKNOWN,UNKNOWN,46
1607,ON CAMPUS-OUTPATIENT HOSPITAL,COMMERCIAL,0,1,0,0,M,NV,PEDIATRICS,17
2563,URGENT CARE FACILITY,COMMERCIAL,0,1,0,0,F,NC,PHYSICIAN ASSISTANT,57
815,OTHER PLACE OF SERVICE,COMMERCIAL,0,7,2,5,M,UNKNOWN,UNKNOWN,80
1104,EMERGENCY ROOM - HOSPITAL,COMMERCIAL,0,1,0,0,M,MN,EMERGENCY MEDICINE,40
484,URGENT CARE FACILITY,COMMERCIAL,0,3,1,0,M,WA,NURSE PRACTITIONER,56
3927,URGENT CARE FACILITY,COMMERCIAL,0,1,0,0,F,UNKNOWN,UNKNOWN,55
2754,CLINIC  - FEDERALLY QUALIFIED HEALTH CENTER (FQHC),MEDICARE,0,4,5,0,M,CA,FAMILY MEDICINE,70
635,OFFICE,COMMERCIAL,0,1,15,0,F,TX,PEDIATRICS,8
3353,INPATIENT HOSPITAL,COMMERCIAL,0,1,0,0,M,NJ,NURSE PRACTITIONER,46
3051,OFFICE,MEDICARE,0,30,1,5,F,TN,FAMILY MEDICINE,61
302,HOSPITAL OUTPATIENT,COMMERCIAL,0,4,1,0,M,UT,EMERGENCY MEDICINE,63
1709,URGENT CARE FACILITY,COMMERCIAL,0,14,0,0,F,TX,NURSE PRACTITIONER,31
1405,INPATIENT HOSPITAL,COMMERCIAL,0,14,1,0,M,WA,INTERNAL MEDICINE,66
3546,INDEPENDENT LABORATORY,MEDICARE,0,36,2,0,F,UNKNOWN,UNKNOWN,89
1746,OFFICE,COMMERCIAL,0,1,1,0,M,CA,NURSE PRACTITIONER,51
1496,CLINIC - FREESTANDING,MEDICAID,0,1,0,0,M,CA,NURSE PRACTITIONER,37
3053,TELEHEALTH PROVIDED OTHER THAN IN PATIENT'S HOME,COMMERCIAL,0,15,3,0,F,PA,FAMILY MEDICINE,52
562,TELEHEALTH PROVIDED OTHER THAN IN PATIENT'S HOME,COMMERCIAL,0,3,2,0,F,CO,FAMILY MEDICINE,37
931,EMERGENCY ROOM - HOSPITAL,COMMERCIAL,0,2,0,20,F,FL,NURSE PRACTITIONER,72
3060,OFFICE,MEDICARE,0,43,6,0,F,NC,NURSE PRACTITIONER,79
2090,OFFICE,COMMERCIAL,0,2,9,0,F,TX,FAMILY MEDICINE,19
3477,OFFICE,MEDICARE,0,3,11,8,F,VA,INTERNAL MEDICINE,72
904,OFFICE,COMMERCIAL,0,9,4,0,F,CA,PHYSICIAN ASSISTANT,63
688,URGENT CARE FACILITY,COMMERCIAL,0,4,1,0,M,UNKNOWN,UNKNOWN,36
1259,HOSPITAL OUTPATIENT,COMMERCIAL,0,93,15,2,M,PA,FAMILY MEDICINE,47
1409,TELEHEALTH PROVIDED OTHER THAN IN PATIENT'S HOME,COMMERCIAL,0,1,0,0,M,MN,FAMILY MEDICINE,40
2374,EMERGENCY ROOM - HOSPITAL,COMMERCIAL,0,3,0,0,F,CA,DIAGNOSTIC RADIOLOGY,69
258,WALK-IN RETAIL HEALTH CLINIC,COMMERCIAL,0,1,0,0,M,NJ,NURSE PRACTITIONER,41
1155,TELEHEALTH PROVIDED IN PATIENT'S HOME,COMMERCIAL,0,8,0,0,M,FL,FAMILY MEDICINE,50
1631,OFFICE,COMMERCIAL,0,1,1,0,M,TX,INTERNAL MEDICINE,13
1,EMERGENCY ROOM - HOSPITAL,COMMERCIAL,0,1,0,0,M,TX,FAMILY MEDICINE,38
1320,INPATIENT HOSPITAL,MEDICARE,0,10,0,0,M,CO,FAMILY MEDICINE,88
214,OFFICE,COMMERCIAL,0,1,0,0,M,NC,PEDIATRICS,5
1181,OFFICE,MEDICARE,0,21,15,0,F,NY,INTERNAL MEDICINE,89
3676,EMERGENCY ROOM - HOSPITAL,COMMERCIAL,0,1,1,0,M,OR,NEURORADIOLOGY,79
1314,HOSPITAL OUTPATIENT,COMMERCIAL,0,1,10,0,F,NV,EMERGENCY MEDICINE,24
3610,OFFICE,COMMERCIAL,0,2,6,0,F,CA,FAMILY MEDICINE,63
475,TELEHEALTH PROVIDED OTHER THAN IN PATIENT'S HOME,COMMERCIAL,0,1,1,0,F,UNKNOWN,UNKNOWN,17
3572,URGENT CARE FACILITY,COMMERCIAL,0,2,1,0,M,UNKNOWN,UNKNOWN,34
2824,URGENT CARE FACILITY,COMMERCIAL,0,1,13,0,M,NC,PHYSICIAN ASSISTANT,19
3628,OFFICE,COMMERCIAL,0,6,1,28,M,TX,FAMILY MEDICINE,63
2608,TELEHEALTH PROVIDED OTHER THAN IN PATIENT'S HOME,COMMERCIAL,0,1,1,0,F,TX,FAMILY MEDICINE,37
1790,INPATIENT HOSPITAL,MEDICARE,0,132,1,4,M,CA,CARDIOVASCULAR DISEASE,83
2701,OFFICE,COMMERCIAL,0,9,14,0,F,AZ,INTERVENTIONAL CARDIOLOGY,24
3413,URGENT CARE FACILITY,COMMERCIAL,0,11,2,0,F,TX,NURSE PRACTITIONER,49
3426,OFFICE,COMMERCIAL,0,1,4,0,F,MS,NURSE PRACTITIONER,31
2976,OFFICE,MEDICARE,0,3,1,7,M,MO,FAMILY MEDICINE,75
421,OFFICE,COMMERCIAL,0,1,6,0,F,NJ,PEDIATRICS,6
1262,TELEHEALTH PROVIDED IN PATIENT'S HOME,COMMERCIAL,0,1,5,0,F,UNKNOWN,UNKNOWN,41
1720,OFFICE,COMMERCIAL,0,49,17,0,M,LA,FAMILY MEDICINE,89
279,ON CAMPUS-OUTPATIENT HOSPITAL,COMMERCIAL,0,28,4,6,M,UT,GERIATRIC MEDICINE (INTERNAL MEDICINE),89
954,TELEHEALTH PROVIDED OTHER THAN IN PATIENT'S HOME,COMMERCIAL,0,2,4,0,M,CA,PEDIATRICS,11
352,URGENT CARE FACILITY,COMMERCIAL,0,1,0,0,F,NJ,PHYSICIAN ASSISTANT,44
3695,URGENT CARE FACILITY,COMMERCIAL,0,6,2,1,M,UNKNOWN,UNKNOWN,78
1933,INDEPENDENT LABORATORY,COMMERCIAL,0,2,1,0,M,UNKNOWN,UNKNOWN,42
3238,OFFICE,COMMERCIAL,0,3,5,0,F,TX,PHYSICIAN ASSISTANT,44
2041,URGENT CARE FACILITY,COMMERCIAL,0,5,5,0,F,UNKNOWN,UNKNOWN,40
863,HOSPITAL OUTPATIENT,COMMERCIAL,0,109,10,0,F,MS,EMERGENCY MEDICINE,62
1285,HOSPITAL OUTPATIENT,MEDICARE,0,30,4,0,F,MA,GASTROENTEROLOGY,67
2598,EMERGENCY ROOM - HOSPITAL,COMMERCIAL,0,1,0,0,M,WI,EMERGENCY MEDICINE,48
2229,URGENT CARE FACILITY,COMMERCIAL,0,1,1,0,M,IL,FAMILY MEDICINE,49
3468,HOSPITAL OUTPATIENT,COMMERCIAL,0,8,5,0,F,FL,EMERGENCY MEDICINE,58
1646,INDEPENDENT LABORATORY,COMMERCIAL,0,1,0,0,F,UNKNOWN,UNKNOWN,34
2144,OFFICE,COMMERCIAL,0,4,3,1,M,CA,PHYSICIAN ASSISTANT,17
1556,OFFICE,COMMERCIAL,0,1,9,0,M,UNKNOWN,UNKNOWN,23
2620,EMERGENCY ROOM - HOSPITAL,COMMERCIAL,0,2,20,2,F,MD,EMERGENCY MEDICINE,32
543,EMERGENCY ROOM - HOSPITAL,COMMERCIAL,0,25,4,0,F,CA,EMERGENCY MEDICINE,8
1088,URGENT CARE FACILITY,COMMERCIAL,0,1,3,0,M,CA,EMERGENCY MEDICINE,38
1048,URGENT CARE FACILITY,COMMERCIAL,0,1,1,0,F,NY,PHYSICIAN ASSISTANT,41
1130,URGENT CARE FACILITY,COMMERCIAL,0,2,5,0,F,NY,PHYSICIAN ASSISTANT,12
3855,OFFICE,COMMERCIAL,0,94,24,13,M,GA,PHYSICIAN ASSISTANT,75
1958,TELEHEALTH PROVIDED IN PATIENT'S HOME,COMMERCIAL,0,6,8,0,M,DE,NURSE PRACTITIONER,44
59,HOSPITAL - LABORATORY SERVICES PROVIDED TO NON-PATIENTS,COMMERCIAL,0,4,0,0,M,OR,FAMILY MEDICINE,4
3129,OFFICE,COMMERCIAL,0,15,19,0,F,SC,INTERNAL MEDICINE,46
3274,OFFICE,COMMERCIAL,0,16,0,0,M,NC,FAMILY MEDICINE,72
1399,URGENT CARE FACILITY,COMMERCIAL,0,2,1,4,M,UNKNOWN,UNKNOWN,63
3525,INDEPENDENT LABORATORY,COMMERCIAL,0,34,20,5,F,UNKNOWN,UNKNOWN,67
994,URGENT CARE FACILITY,COMMERCIAL,0,1,27,0,M,KY,FAMILY MEDICINE,11
270,OFFICE,COMMERCIAL,0,2,4,0,F,MD,FAMILY MEDICINE,5
174,INPATIENT HOSPITAL,COMMERCIAL,0,2,0,0,F,CA,OBSTETRICS & GYNECOLOGY,28
3022,OTHER PLACE OF SERVICE,COMMERCIAL,0,5,11,2,M,UNKNOWN,UNKNOWN,71
3071,HOSPITAL OUTPATIENT,COMMERCIAL,0,1,7,0,F,CT,INTERNAL MEDICINE,48
705,OFFICE,COMMERCIAL,0,1,2,0,M,NY,SPORTS MEDICINE (FAMILY MEDICINE),39
2072,HOSPITAL OUTPATIENT,COMMERCIAL,0,22,25,0,M,WA,PEDIATRICS,20
974,OFFICE,COMMERCIAL,0,4,39,0,F,FL,NURSE PRACTITIONER,11
2614,URGENT CARE FACILITY,MEDICARE,0,22,2,0,F,CA,INTERNAL MEDICINE/PEDIATRICS,75
2492,HOSPITAL OUTPATIENT,MEDICAID,0,59,0,0,F,NY,FAMILY MEDICINE,71
853,TELEHEALTH PROVIDED OTHER THAN IN PATIENT'S HOME,COMMERCIAL,0,3,8,0,F,NY,INTERNAL MEDICINE/PEDIATRICS,36
2447,INPATIENT HOSPITAL,COMMERCIAL,0,7,0,0,F,FL,INFECTIOUS DISEASE,31
3851,URGENT CARE FACILITY,COMMERCIAL,0,6,0,0,F,UNKNOWN,UNKNOWN,55
1772,HOSPITAL OUTPATIENT,COMMERCIAL,0,2,0,0,F,CA,EMERGENCY MEDICINE,47
2673,OFFICE,COMMERCIAL,0,2,2,0,M,NY,INTERNAL MEDICINE,29
256,TELEHEALTH PROVIDED OTHER THAN IN PATIENT'S HOME,COMMERCIAL,0,2,3,0,M,AZ,NURSE PRACTITIONER,30
1354,URGENT CARE FACILITY,COMMERCIAL,0,1,0,0,M,UNKNOWN,UNKNOWN,36
1722,ON CAMPUS-OUTPATIENT HOSPITAL,MEDICARE,0,44,102,48,M,FL,DIAGNOSTIC RADIOLOGY,89
456,HOSPITAL OUTPATIENT,COMMERCIAL,0,2,0,0,M,TX,PHYSICIAN ASSISTANT,38
3679,INDEPENDENT LABORATORY,COMMERCIAL,0,9,2,0,F,UNKNOWN,UNKNOWN,67
2031,INDEPENDENT LABORATORY,MEDICARE,0,8,3,0,M,UNKNOWN,UNKNOWN,43
2162,EMERGENCY ROOM - HOSPITAL,COMMERCIAL,0,78,20,9,F,KS,DIAGNOSTIC RADIOLOGY,73
753,OFFICE,COMMERCIAL,0,1,1,0,M,NC,PEDIATRICS,9
1615,TELEHEALTH PROVIDED OTHER THAN IN PATIENT'S HOME,COMMERCIAL,0,3,1,0,M,NY,FAMILY MEDICINE,30
2483,TELEHEALTH PROVIDED OTHER THAN IN PATIENT'S HOME,COMMERCIAL,0,2,9,0,F,UNKNOWN,UNKNOWN,36
2212,EMERGENCY ROOM - HOSPITAL,MEDICARE,0,7,0,2,M,TX,EMERGENCY MEDICINE,84
1829,TELEHEALTH PROVIDED OTHER THAN IN PATIENT'S HOME,COMMERCIAL,0,5,1,0,F,KY,NURSE PRACTITIONER,76
6,INDEPENDENT LABORATORY,COMMERCIAL,0,1,0,0,M,UNKNOWN,UNKNOWN,75
1680,OFFICE,COMMERCIAL,0,2,9,0,M,VA,PEDIATRICS,14
2087,URGENT CARE FACILITY,COMMERCIAL,0,1,5,0,M,UNKNOWN,UNKNOWN,16
1908,CLINIC  - FEDERALLY QUALIFIED HEALTH CENTER (FQHC),MEDICARE,0,41,8,4,F,NY,NURSE PRACTITIONER,80
480,OTHER PLACE OF SERVICE,COMMERCIAL,0,1,0,0,F,UNKNOWN,UNKNOWN,88
2668,ON CAMPUS-OUTPATIENT HOSPITAL,MEDICARE,0,84,14,13,F,NC,CLINICAL CARDIAC ELECTROPHYSIOLOGY,89
3822,INPATIENT HOSPITAL,COMMERCIAL,0,137,21,13,M,NY,INTERNAL MEDICINE,84
1214,OTHER PLACE OF SERVICE,MEDICARE,0,51,0,0,M,UNKNOWN,UNKNOWN,87
1054,TELEHEALTH PROVIDED OTHER THAN IN PATIENT'S HOME,COMMERCIAL,0,1,3,0,M,CA,EMERGENCY MEDICINE,26
3607,OFFICE,COMMERCIAL,0,40,10,0,M,GA,FAMILY MEDICINE,55
491,TELEHEALTH PROVIDED IN PATIENT'S HOME,COMMERCIAL,0,1,2,0,M,UNKNOWN,UNKNOWN,31
232,EMERGENCY ROOM - HOSPITAL,COMMERCIAL,0,4,1,0,M,MI,EMERGENCY MEDICINE,5
837,HOSPITAL OUTPATIENT,COMMERCIAL,0,1,11,0,M,NY,PEDIATRIC EMERGENCY MEDICINE,10
2967,EMERGENCY ROOM - HOSPITAL,COMMERCIAL,0,107,20,2,F,FL,EMERGENCY MEDICINE,46
3440,OFFICE,COMMERCIAL,0,6,14,0,F,TX,FAMILY MEDICINE,49
2786,OFFICE,COMMERCIAL,0,2,1,0,M,MN,INTERNAL MEDICINE,49
2224,EMERGENCY ROOM - HOSPITAL,MEDICAID,0,11,8,10,F,IL,FAMILY MEDICINE,67
2708,TELEHEALTH PROVIDED IN PATIENT'S HOME,COMMERCIAL,0,1,5,0,F,PR,FAMILY MEDICINE,56
2133,EMERGENCY ROOM - HOSPITAL,MEDICARE,0,7,0,0,M,KS,NUCLEAR RADIOLOGY,85
2288,OFFICE,COMMERCIAL,0,2,0,1,M,IL,INTERNAL MEDICINE,36
3402,HOSPITAL OUTPATIENT,COMMERCIAL,0,10,9,1,M,IN,EMERGENCY MEDICINE,47
3870,OFFICE,MEDICARE,0,48,21,12,M,MI,FAMILY MEDICINE,83
1425,OFFICE,COMMERCIAL,0,3,6,0,F,TX,NURSE PRACTITIONER,61
834,OFFICE,COMMERCIAL,0,1,16,0,M,CT,PEDIATRICS,10
683,UNASSIGNED,MEDICAID,0,61,4,0,M,IL,INTERNAL MEDICINE,74
1733,CLINIC  - FEDERALLY QUALIFIED HEALTH CENTER (FQHC),COMMERCIAL,0,13,3,27,M,SC,FAMILY MEDICINE,72
3160,HOSPITAL OUTPATIENT,MEDICARE,0,3,1,18,F,NY,EMERGENCY MEDICINE,81
283,TELEHEALTH PROVIDED OTHER THAN IN PATIENT'S HOME,COMMERCIAL,0,18,0,0,F,LA,NURSE PRACTITIONER,80
19,OFFICE,COMMERCIAL,0,1,0,0,M,UNKNOWN,UNKNOWN,55
1700,OFF CAMPUS-OUTPATIENT HOSPITAL,COMMERCIAL,0,43,2,1,M,NY,FAMILY MEDICINE,63
3782,OFFICE,COMMERCIAL,0,4,4,112,F,TN,PHYSICAL THERAPY,67
3616,OFFICE,COMMERCIAL,0,2,1,2,F,CA,FAMILY MEDICINE,73
2136,OFFICE,COMMERCIAL,0,2,4,0,M,MA,PEDIATRICS,16
3981,URGENT CARE FACILITY,COMMERCIAL,0,6,19,0,F,UNKNOWN,UNKNOWN,56
2304,HOSPITAL OUTPATIENT,COMMERCIAL,0,61,15,0,M,TX,CARDIOVASCULAR DISEASE,80
787,INDEPENDENT LABORATORY,COMMERCIAL,0,1,22,0,F,UNKNOWN,UNKNOWN,14
346,AMBULANCE - LAND,COMMERCIAL,0,1,0,0,M,UNKNOWN,UNKNOWN,89
3838,OFFICE,COMMERCIAL,0,1,0,0,F,PA,FAMILY MEDICINE,38
3068,OFFICE,COMMERCIAL,0,1,0,0,M,SC,EMERGENCY MEDICINE,20
3295,ON CAMPUS-OUTPATIENT HOSPITAL,COMMERCIAL,0,16,6,0,F,GA,PSYCHIATRY,65
383,OFFICE,COMMERCIAL,0,1,0,0,M,PA,FAMILY MEDICINE,57
1089,OFFICE,COMMERCIAL,0,2,4,0,F,VA,OBSTETRICS & GYNECOLOGY,38
507,OFFICE,COMMERCIAL,0,1,7,0,M,UNKNOWN,UNKNOWN,16
2450,OFFICE,COMMERCIAL,0,35,7,0,F,TX,RHEUMATOLOGY,62
73,OFFICE,MEDICARE,0,4,1,1,F,FL,INTERNAL MEDICINE,67
1516,ON CAMPUS-OUTPATIENT HOSPITAL,COMMERCIAL,0,1,0,0,F,IL,ANATOMIC/CLINICAL PATHOLOGY,62
3312,TELEHEALTH PROVIDED OTHER THAN IN PATIENT'S HOME,COMMERCIAL,0,10,3,0,F,CA,FAMILY MEDICINE,68
3700,URGENT CARE FACILITY,COMMERCIAL,0,16,35,5,F,MI,EMERGENCY MEDICINE,54
3480,AMBULANCE - LAND,COMMERCIAL,0,1,3,0,F,UNKNOWN,UNKNOWN,51
2405,OFFICE,MEDICAID,0,22,26,0,F,CO,FAMILY MEDICINE,57
1644,OFFICE,COMMERCIAL,0,2,3,0,M,GA,EMERGENCY MEDICINE,59
3141,URGENT CARE FACILITY,COMMERCIAL,0,1,0,0,M,UNKNOWN,UNKNOWN,20
691,OFFICE,COMMERCIAL,0,2,0,0,F,MI,FAMILY MEDICINE,55
1264,OFFICE,COMMERCIAL,0,13,0,0,M,MA,INTERNAL MEDICINE,68
3399,URGENT CARE FACILITY,COMMERCIAL,0,3,11,1,F,UNKNOWN,UNKNOWN,28
3271,URGENT CARE FACILITY,COMMERCIAL,0,1,1,0,F,OH,NURSE PRACTITIONER,46
2223,TELEHEALTH PROVIDED IN PATIENT'S HOME,COMMERCIAL,0,6,1,0,F,FL,FAMILY MEDICINE,66
3076,URGENT CARE FACILITY,COMMERCIAL,0,1,0,0,M,CT,NURSE PRACTITIONER,44
2710,OFFICE,COMMERCIAL,0,3,4,0,M,RI,FAMILY MEDICINE,70
3533,OFFICE,COMMERCIAL,0,65,6,11,M,OK,UROLOGY,73
2462,TELEHEALTH PROVIDED OTHER THAN IN PATIENT'S HOME,COMMERCIAL,0,1,8,0,F,NY,FAMILY MEDICINE,28
497,INDEPENDENT LABORATORY,COMMERCIAL,0,1,1,0,M,UNKNOWN,UNKNOWN,7
40,OFFICE,COMMERCIAL,0,1,0,0,F,IL,PEDIATRICS,4
1116,URGENT CARE FACILITY,COMMERCIAL,0,1,2,0,F,PA,PHYSICIAN ASSISTANT,12
1160,HOSPITAL OUTPATIENT,COMMERCIAL,0,4,1,0,F,OH,SPORTS MEDICINE (EMERGENCY MEDICINE),47
3660,OFFICE,COMMERCIAL,0,3,0,0,F,IL,INTERNAL MEDICINE,49
110,EMERGENCY ROOM - HOSPITAL,MEDICAID,0,2,1,0,F,AL,INTERNAL MEDICINE,15
2617,URGENT CARE FACILITY,COMMERCIAL,0,10,3,0,F,FL,EMERGENCY MEDICINE,60
3908,URGENT CARE FACILITY,COMMERCIAL,0,1,1,0,F,MD,EMERGENCY MEDICINE,46
3563,OTHER PLACE OF SERVICE,MEDICARE,0,71,16,0,F,WA,NURSE PRACTITIONER,89
2952,URGENT CARE FACILITY,COMMERCIAL,0,9,4,0,F,TX,FAMILY MEDICINE,56
846,URGENT CARE FACILITY,COMMERCIAL,0,3,7,0,M,MA,PHYSICIAN ASSISTANT,59
3189,URGENT CARE FACILITY,MEDICARE,0,21,8,0,F,AZ,NURSE PRACTITIONER,89
3902,OTHER PLACE OF SERVICE,MEDICARE,0,179,17,17,F,AL,NEPHROLOGY,81
3620,OFFICE,MEDICARE,0,39,21,0,F,GA,NURSE PRACTITIONER,82
779,INDEPENDENT LABORATORY,COMMERCIAL,0,178,0,12,F,UNKNOWN,UNKNOWN,66
737,OFFICE,COMMERCIAL,0,10,0,1,F,FL,NURSE PRACTITIONER,56
2408,HOSPITAL OUTPATIENT,COMMERCIAL,0,1,0,0,M,FL,PHYSICIAN ASSISTANT,61
443,TELEHEALTH PROVIDED IN PATIENT'S HOME,COMMERCIAL,0,7,0,0,F,UNKNOWN,UNKNOWN,64
2527,OFFICE,COMMERCIAL,0,7,4,1,M,ID,NURSE PRACTITIONER,55
2911,OFFICE,COMMERCIAL,0,2,0,3,F,TX,FAMILY MEDICINE,60
1533,OFFICE,MEDICARE,0,81,0,0,F,CT,INTERNAL MEDICINE,83
3207,OFFICE,MEDICARE,0,77,7,29,M,FL,CARDIOVASCULAR DISEASE,89
3974,OFFICE,COMMERCIAL,0,17,23,0,F,NY,GASTROENTEROLOGY,44
2826,OFFICE,COMMERCIAL,0,32,0,0,M,CO,PHYSICIAN ASSISTANT,64
3497,HOSPITAL OUTPATIENT,MEDICARE,0,35,7,16,F,ID,INTERVENTIONAL CARDIOLOGY,81
2591,EMERGENCY ROOM - HOSPITAL,COMMERCIAL,0,2,17,0,M,CA,PHYSICIAN ASSISTANT,19
2623,OFF CAMPUS-OUTPATIENT HOSPITAL,COMMERCIAL,0,18,13,0,F,LA,PHYSICIAN ASSISTANT,35
626,URGENT CARE FACILITY,COMMERCIAL,0,1,0,0,F,UNKNOWN,UNKNOWN,38
1850,URGENT CARE FACILITY,COMMERCIAL,0,4,2,0,M,UNKNOWN,UNKNOWN,33
3063,INPATIENT HOSPITAL,COMMERCIAL,0,186,6,54,M,NJ,NEPHROLOGY,75
3016,OFFICE,COMMERCIAL,0,21,4,0,F,UNKNOWN,UNKNOWN,55
1449,HOSPITAL OUTPATIENT,COMMERCIAL,0,10,3,0,F,TX,EMERGENCY MEDICINE,58
1732,OFFICE,COMMERCIAL,0,19,15,0,M,NY,NURSE PRACTITIONER,54
2556,OFFICE,COMMERCIAL,0,10,8,2,F,NC,INTERNAL MEDICINE,62
726,OFFICE,MEDICARE,0,77,8,0,M,SC,FAMILY MEDICINE,74
2084,URGENT CARE FACILITY,COMMERCIAL,0,1,9,0,M,IL,FAMILY MEDICINE,39
1738,OFFICE,COMMERCIAL,0,1,0,0,F,CO,FAMILY MEDICINE,27
2965,OFFICE,COMMERCIAL,0,1,0,1,M,IL,NURSE PRACTITIONER,60
3500,URGENT CARE FACILITY,COMMERCIAL,0,1,1,0,M,CT,NURSE PRACTITIONER,38
2897,URGENT CARE FACILITY,COMMERCIAL,0,7,8,0,F,TN,NURSE PRACTITIONER,37
1675,RURAL HEALTH CLINIC,COMMERCIAL,0,1,0,1,F,NV,FAMILY MEDICINE,34
2155,OFFICE,COMMERCIAL,0,2,0,0,F,SC,ANATOMIC/CLINICAL PATHOLOGY,48
1260,TELEHEALTH PROVIDED IN PATIENT'S HOME,COMMERCIAL,0,10,0,9,M,FL,INTERNAL MEDICINE,48
3340,URGENT CARE FACILITY,COMMERCIAL,0,2,4,0,F,UNKNOWN,UNKNOWN,43
694,URGENT CARE FACILITY,COMMERCIAL,0,8,9,0,F,UNKNOWN,UNKNOWN,43
7,INPATIENT HOSPITAL,COMMERCIAL,0,1,0,0,M,CA,PEDIATRICS,5
1097,OFFICE,COMMERCIAL,0,17,2,0,M,NJ,INTERNAL MEDICINE,69
3045,TELEHEALTH PROVIDED OTHER THAN IN PATIENT'S HOME,COMMERCIAL,0,1,11,0,F,PA,FAMILY MEDICINE,62
2912,HOSPITAL OUTPATIENT,COMMERCIAL,0,1,2,0,M,CA,PHYSICIAN ASSISTANT,26
2864,URGENT CARE FACILITY,COMMERCIAL,0,1,1,0,F,UNKNOWN,UNKNOWN,47
440,FEDERALLY QUALIFIED HEALTH CENTER,COMMERCIAL,0,1,7,0,F,UNKNOWN,UNKNOWN,8
2741,URGENT CARE FACILITY,COMMERCIAL,0,2,2,0,M,UNKNOWN,UNKNOWN,62
2860,INDEPENDENT LABORATORY,COMMERCIAL,0,10,0,3,F,UNKNOWN,UNKNOWN,64
2895,URGENT CARE FACILITY,COMMERCIAL,0,4,0,0,F,NC,EMERGENCY MEDICINE,68
2437,INPATIENT HOSPITAL,COMMERCIAL,0,6,1,0,M,MA,INTERNAL MEDICINE/PEDIATRICS,48
310,URGENT CARE FACILITY,COMMERCIAL,0,1,0,0,M,FL,PHYSICIAN ASSISTANT,15
858,INDEPENDENT LABORATORY,COMMERCIAL,0,3,0,0,M,UNKNOWN,UNKNOWN,58
580,TELEHEALTH PROVIDED OTHER THAN IN PATIENT'S HOME,COMMERCIAL,0,1,0,0,M,IL,PHYSICIAN ASSISTANT,37
2951,URGENT CARE FACILITY,COMMERCIAL,0,1,0,0,F,MO,NURSE PRACTITIONER,69
1242,URGENT CARE FACILITY,COMMERCIAL,0,1,2,0,F,UNKNOWN,UNKNOWN,56
269,URGENT CARE FACILITY,COMMERCIAL,0,3,1,0,F,AZ,PHYSICIAN ASSISTANT,32
2678,OFFICE,COMMERCIAL,0,6,1,0,M,CA,NURSE PRACTITIONER,26
1800,TELEHEALTH PROVIDED OTHER THAN IN PATIENT'S HOME,COMMERCIAL,0,42,21,0,F,KY,FAMILY MEDICINE,37
3564,OFFICE,COMMERCIAL,0,10,5,0,F,TX,INTERNAL MEDICINE,55
3400,OFFICE,MEDICARE,0,156,22,26,M,SC,PODIATRIST,86
2746,URGENT CARE FACILITY,MEDICAID,0,2,1,0,M,IL,NURSE PRACTITIONER,28
63,OFFICE,COMMERCIAL,0,1,0,0,M,MI,FAMILY MEDICINE,46
535,INPATIENT HOSPITAL,COMMERCIAL,0,52,9,0,F,FL,GERIATRIC PSYCHIATRY,53
1358,URGENT CARE FACILITY,COMMERCIAL,0,7,12,0,M,NY,PHYSICIAN ASSISTANT,59
3074,INDEPENDENT LABORATORY,MEDICARE,0,15,7,0,M,UNKNOWN,UNKNOWN,79
501,OFFICE,COMMERCIAL,0,51,3,0,F,CA,INTERNAL MEDICINE,26
2834,EMERGENCY ROOM - HOSPITAL,COMMERCIAL,0,11,2,0,F,GA,NURSE PRACTITIONER,50
2185,URGENT CARE FACILITY,COMMERCIAL,0,3,0,0,M,UNKNOWN,UNKNOWN,56
866,OFFICE,MEDICARE,0,56,17,42,F,TX,CARDIOVASCULAR DISEASE,75
2401,INPATIENT HOSPITAL,COMMERCIAL,0,30,21,2,M,NJ,INFECTIOUS DISEASE,32
3103,URGENT CARE FACILITY,COMMERCIAL,0,5,4,0,M,UNKNOWN,UNKNOWN,67
1993,CRITICAL ACCESS HOSPITAL,COMMERCIAL,0,47,27,5,M,MI,FAMILY MEDICINE,64
1374,INDEPENDENT LABORATORY,COMMERCIAL,0,1,2,0,M,UNKNOWN,UNKNOWN,25
2648,CRITICAL ACCESS HOSPITAL,COMMERCIAL,0,56,24,8,F,MI,FAMILY MEDICINE,89
2469,OFFICE,COMMERCIAL,0,20,28,0,F,OH,ALLERGY & IMMUNOLOGY,48
2680,HOSPITAL OUTPATIENT,COMMERCIAL,0,4,4,0,F,CA,PHYSICIAN ASSISTANT,51
418,OFFICE,COMMERCIAL,0,4,29,0,M,TX,PEDIATRICS,6
1060,OFFICE,COMMERCIAL,0,46,7,0,F,FL,FAMILY MEDICINE,57
434,OFFICE,MEDICARE,0,1,0,0,F,FL,FAMILY MEDICINE,74
141,OFFICE,COMMERCIAL,0,1,1,0,F,VA,PEDIATRICS,6
188,URGENT CARE FACILITY,COMMERCIAL,0,1,0,0,M,NY,EMERGENCY MEDICINE,72
2526,URGENT CARE FACILITY,COMMERCIAL,0,5,0,0,F,CT,FAMILY MEDICINE,71
997,OFFICE,COMMERCIAL,0,18,12,0,F,WA,FAMILY MEDICINE,46
1764,OFFICE,COMMERCIAL,0,6,3,0,F,UNKNOWN,UNKNOWN,60
3982,URGENT CARE FACILITY,COMMERCIAL,0,1,0,38,F,NC,PHYSICIAN ASSISTANT,59
53,URGENT CARE FACILITY,COMMERCIAL,0,1,0,0,M,CO,NURSE PRACTITIONER,28
390,OFFICE,COMMERCIAL,0,9,0,0,F,CA,INTERNAL MEDICINE,54
2628,OFFICE,COMMERCIAL,0,3,0,0,F,MA,ALLERGY & IMMUNOLOGY,40
2494,URGENT CARE FACILITY,COMMERCIAL,0,1,20,0,F,UNKNOWN,UNKNOWN,25
1768,URGENT CARE FACILITY,COMMERCIAL,0,30,9,0,F,TX,FAMILY MEDICINE,71
3884,URGENT CARE FACILITY,COMMERCIAL,0,1,0,0,F,LA,PHYSICIAN ASSISTANT,67
1493,HOSPITAL OUTPATIENT,COMMERCIAL,0,4,3,0,M,CA,PEDIATRIC HEMATOLOGY/ONCOLOGY,16
1954,URGENT CARE FACILITY,COMMERCIAL,0,14,0,0,F,KS,PHYSICIAN ASSISTANT,56
377,INDEPENDENT LABORATORY,COMMERCIAL,0,10,0,0,F,UNKNOWN,UNKNOWN,55
2451,OFFICE,COMMERCIAL,0,16,14,0,F,VA,INTERNAL MEDICINE,61
1848,INDEPENDENT LABORATORY,COMMERCIAL,0,31,6,0,M,UNKNOWN,UNKNOWN,15
3458,URGENT CARE FACILITY,COMMERCIAL,0,10,12,0,M,UNKNOWN,UNKNOWN,48
873,EMERGENCY ROOM - HOSPITAL,COMMERCIAL,0,31,18,0,F,CA,NEURORADIOLOGY,74
1378,OFFICE,COMMERCIAL,0,2,0,0,M,OR,NURSE PRACTITIONER,49
1145,TELEHEALTH PROVIDED OTHER THAN IN PATIENT'S HOME,COMMERCIAL,0,2,8,0,M,CA,PEDIATRICS,13
379,TELEHEALTH PROVIDED OTHER THAN IN PATIENT'S HOME,COMMERCIAL,0,9,0,0,M,NJ,INTERNAL MEDICINE,36
784,OFFICE,COMMERCIAL,0,1,7,0,M,CO,PEDIATRICS,10
474,INDEPENDENT LABORATORY,COMMERCIAL,0,1,0,0,M,UNKNOWN,UNKNOWN,14
2362,TELEHEALTH PROVIDED OTHER THAN IN PATIENT'S HOME,COMMERCIAL,0,9,88,1,F,NC,PHYSICIAN ASSISTANT,71
138,INDEPENDENT LABORATORY,COMMERCIAL,0,1,0,0,F,UNKNOWN,UNKNOWN,14
645,OFFICE,COMMERCIAL,0,1,5,0,F,CA,PEDIATRICS,8
664,INDEPENDENT LABORATORY,COMMERCIAL,0,1,9,0,F,UNKNOWN,UNKNOWN,10
1327,URGENT CARE FACILITY,COMMERCIAL,0,3,7,0,F,LA,INTERNAL MEDICINE,43
3453,TELEHEALTH PROVIDED IN PATIENT'S HOME,COMMERCIAL,0,5,25,0,M,MI,FAMILY MEDICINE,29
644,URGENT CARE FACILITY,COMMERCIAL,0,1,0,0,M,MO,PHYSICIAN ASSISTANT,8
2346,OFFICE,MEDICARE,0,75,11,12,M,NJ,CARDIOVASCULAR DISEASE,75
2945,HOSPITAL OUTPATIENT,MEDICARE,0,12,31,0,M,TX,OTOLARYNGOLOGY,74
3658,OFFICE,MEDICARE,0,38,16,0,F,VA,NURSE PRACTITIONER,84
3746,OFFICE,COMMERCIAL,0,6,6,0,F,NY,FAMILY MEDICINE,50
3111,OFFICE,COMMERCIAL,0,9,1,0,F,MD,INTERNAL MEDICINE,71
299,EMERGENCY ROOM - HOSPITAL,COMMERCIAL,0,1,1,0,M,OH,FAMILY MEDICINE,5
1012,OFFICE,COMMERCIAL,0,2,19,0,F,NY,PEDIATRICS,22
306,OFFICE,COMMERCIAL,0,1,0,0,M,WI,FAMILY MEDICINE,5
3733,TELEHEALTH PROVIDED OTHER THAN IN PATIENT'S HOME,COMMERCIAL,0,11,0,1,M,NJ,NURSE PRACTITIONER,63
1713,CRITICAL ACCESS HOSPITAL,MEDICARE,0,69,19,0,F,WI,FAMILY MEDICINE,80
2987,URGENT CARE FACILITY,COMMERCIAL,0,19,2,19,M,UNKNOWN,UNKNOWN,71
2903,HOSPITAL OUTPATIENT,COMMERCIAL,0,4,31,0,F,SC,EMERGENCY MEDICINE,29
1582,INDEPENDENT LABORATORY,COMMERCIAL,0,9,2,1,F,IN,NURSE PRACTITIONER,55
1026,INDEPENDENT LABORATORY,COMMERCIAL,0,1,0,0,M,UNKNOWN,UNKNOWN,26
51,TELEHEALTH PROVIDED IN PATIENT'S HOME,COMMERCIAL,0,1,1,0,F,UNKNOWN,UNKNOWN,35
3879,OFFICE,COMMERCIAL,0,3,3,0,F,NM,PHYSICIAN ASSISTANT,70
1845,OFFICE,COMMERCIAL,0,1,17,0,F,TX,GERIATRIC MEDICINE (INTERNAL MEDICINE),14
3766,OFFICE,COMMERCIAL,0,1,3,0,M,VA,PEDIATRICS,28
197,URGENT CARE FACILITY,COMMERCIAL,0,1,0,0,F,GA,EMERGENCY MEDICINE,73
1586,OFFICE,MEDICARE,0,29,1,2,M,MA,PHYSICIAN ASSISTANT,73
2232,INDEPENDENT LABORATORY,COMMERCIAL,0,1,0,0,F,UNKNOWN,UNKNOWN,41
1308,URGENT CARE FACILITY,COMMERCIAL,0,3,12,1,F,TX,FAMILY MEDICINE,39
2845,TELEHEALTH PROVIDED OTHER THAN IN PATIENT'S HOME,COMMERCIAL,0,2,3,0,M,VA,PHYSICIAN ASSISTANT,28
2600,OFFICE,COMMERCIAL,0,7,1,0,F,UNKNOWN,UNKNOWN,58
160,OFFICE,COMMERCIAL,0,2,0,0,M,CO,PEDIATRICS,5
3078,TELEHEALTH PROVIDED OTHER THAN IN PATIENT'S HOME,COMMERCIAL,0,1,1,0,F,NJ,NURSE PRACTITIONER,56
394,OFFICE,COMMERCIAL,0,1,6,0,F,SC,INTERNAL MEDICINE/PEDIATRICS,6
1555,OFFICE,MEDICARE,0,22,21,0,M,SD,PHYSICAL THERAPY,89
624,URGENT CARE FACILITY,COMMERCIAL,0,1,11,0,F,UNKNOWN,UNKNOWN,11
1351,URGENT CARE FACILITY,COMMERCIAL,0,1,0,0,F,UNKNOWN,UNKNOWN,73
738,OFFICE,COMMERCIAL,0,1,3,0,F,CA,INTERNAL MEDICINE,48
1622,OFFICE,COMMERCIAL,0,3,1,0,F,CA,FAMILY MEDICINE,38
3456,OFFICE,MEDICARE,0,52,26,0,F,FL,INTERNAL MEDICINE,70
2508,Unknown,COMMERCIAL,1,3,0,0,M,CA,FAMILY MEDICINE,46
1300,OFFICE,COMMERCIAL,0,11,39,0,F,OK,INTERNAL MEDICINE,73
3321,Unknown,MEDICARE,1,26,11,0,F,TN,FAMILY MEDICINE,75
2135,Unknown,CASH,0,4,2,1,M,CO,NURSE PRACTITIONER,43
1803,INDEPENDENT LABORATORY,COMMERCIAL,0,1,1,0,M,UNKNOWN,UNKNOWN,24
3913,TELEHEALTH PROVIDED IN PATIENT'S HOME,COMMERCIAL,0,7,3,51,M,WA,FAMILY MEDICINE,37
603,OFFICE,MEDICARE,0,9,12,6,F,IL,FAMILY MEDICINE,79
3334,UNASSIGNED,MEDICARE,0,12,30,0,M,TX,INTERNAL MEDICINE,72
3643,URGENT CARE FACILITY,COMMERCIAL,0,5,0,0,M,UNKNOWN,UNKNOWN,67
1506,INDEPENDENT LABORATORY,COMMERCIAL,0,1,3,0,M,UNKNOWN,UNKNOWN,14
1781,OFFICE,COMMERCIAL,0,6,0,0,M,TN,NURSE PRACTITIONER,37
1199,INDEPENDENT LABORATORY,COMMERCIAL,0,120,6,0,M,UNKNOWN,UNKNOWN,61
585,TELEHEALTH PROVIDED OTHER THAN IN PATIENT'S HOME,COMMERCIAL,0,1,2,0,F,FL,FAMILY MEDICINE,68
1559,TELEHEALTH PROVIDED IN PATIENT'S HOME,COMMERCIAL,0,16,9,2,F,AK,NURSE PRACTITIONER,44
3015,URGENT CARE FACILITY,COMMERCIAL,0,9,3,0,F,UNKNOWN,UNKNOWN,61
2373,TELEHEALTH PROVIDED OTHER THAN IN PATIENT'S HOME,COMMERCIAL,0,1,0,0,F,CA,FAMILY MEDICINE,48
1413,OFFICE,COMMERCIAL,0,55,15,0,F,FL,NURSE PRACTITIONER,67
1072,OFFICE,COMMERCIAL,0,1,38,0,M,GA,PEDIATRICS,12
3112,URGENT CARE FACILITY,COMMERCIAL,0,2,0,0,F,CA,PHYSICIAN ASSISTANT,36
2170,EMERGENCY ROOM - HOSPITAL,COMMERCIAL,0,3,7,11,M,MN,PHYSICIAN ASSISTANT,60
3583,Unknown,MEDICARE,0,104,37,3,F,HI,FAMILY MEDICINE,89
2926,Unknown,COMMERCIAL,0,3,5,3,M,MO,FAMILY MEDICINE,55
940,Unknown,COMMERCIAL,1,35,21,3,F,WA,INTERNAL MEDICINE,73
1719,Unknown,COMMERCIAL,0,20,14,16,F,IA,CARDIOVASCULAR DISEASE,74
1512,TELEHEALTH PROVIDED OTHER THAN IN PATIENT'S HOME,MEDICARE,0,36,1,23,F,PR,GENERAL PRACTICE,86
1159,OFFICE,COMMERCIAL,0,1,0,0,M,AL,FAMILY MEDICINE,47
2642,OFFICE,COMMERCIAL,0,3,5,0,F,TX,FAMILY MEDICINE,53
2795,Unknown,COMMERCIAL,0,5,19,64,F,CA,INTERNAL MEDICINE,68
3390,Unknown,COMMERCIAL,1,15,9,2,F,AR,FAMILY MEDICINE,80
2204,Unknown,MEDICARE,1,30,22,0,F,TX,FAMILY MEDICINE,77
2667,Unknown,COMMERCIAL,0,15,5,2,M,WI,NURSE PRACTITIONER,74
3482,Unknown,MEDICARE,0,76,31,46,F,NC,PHYSICIAN ASSISTANT,89
1691,OFFICE,COMMERCIAL,0,78,11,0,F,TX,FAMILY MEDICINE,54
1184,URGENT CARE FACILITY,COMMERCIAL,0,6,0,0,F,OK,NURSE PRACTITIONER,51
1971,OFFICE,MEDICARE,0,5,2,1,M,NY,DERMATOLOGY,77
3800,ON CAMPUS-OUTPATIENT HOSPITAL,COMMERCIAL,0,86,11,2,F,RI,DIAGNOSTIC RADIOLOGY,47
2015,HOSPITAL OUTPATIENT,COMMERCIAL,0,2,0,0,F,AL,FAMILY MEDICINE,32
3158,OFFICE,COMMERCIAL,0,5,5,0,M,UNKNOWN,UNKNOWN,24
3983,OFFICE,COMMERCIAL,0,42,10,0,M,CA,INTERNAL MEDICINE,89
1562,OFFICE,COMMERCIAL,0,2,8,0,M,AL,NURSE PRACTITIONER,24
10,EMERGENCY ROOM - HOSPITAL,COMMERCIAL,0,1,0,0,F,FL,NURSE PRACTITIONER,78
1802,Unknown,MEDICARE,0,80,16,52,M,SC,FAMILY MEDICINE,81
2785,Unknown,COMMERCIAL,0,19,0,4,M,IL,NURSE PRACTITIONER,55
1549,Unknown,MEDICARE,1,3,7,0,M,CA,FAMILY MEDICINE,82
3502,Unknown,COMMERCIAL,1,16,56,1,F,OH,FAMILY MEDICINE,47
3591,Unknown,COMMERCIAL,0,50,2,25,M,HI,INTERNAL MEDICINE,69
2132,Unknown,COMMERCIAL,1,1,5,0,F,FL,NURSE PRACTITIONER,41
3817,Unknown,COMMERCIAL,1,1,4,0,F,IN,FAMILY MEDICINE,57
2172,Unknown,MEDICARE,0,4,0,29,M,MN,FAMILY MEDICINE,77
2519,Unknown,COMMERCIAL,1,1,0,0,M,TX,FAMILY MEDICINE,37
2471,EMERGENCY ROOM - HOSPITAL,MEDICAID,0,1,1,0,M,FL,EMERGENCY MEDICINE,19
3121,TELEHEALTH PROVIDED IN PATIENT'S HOME,COMMERCIAL,0,39,0,11,M,CA,FAMILY MEDICINE,69
729,EMERGENCY ROOM - HOSPITAL,COMMERCIAL,0,1,4,0,M,FL,NURSE PRACTITIONER,9
52,URGENT CARE FACILITY,COMMERCIAL,0,1,0,0,F,FL,PHYSICIAN ASSISTANT,84
3154,EMERGENCY ROOM - HOSPITAL,COMMERCIAL,0,1,1,1,F,MS,OBSTETRICS & GYNECOLOGY,36
4,EMERGENCY ROOM - HOSPITAL,COMMERCIAL,0,1,0,0,M,PA,PEDIATRICS,4
2331,OTHER PLACE OF SERVICE,MEDICARE,0,32,2,12,M,UNKNOWN,UNKNOWN,79
3510,INDEPENDENT LABORATORY,COMMERCIAL,0,1,0,0,M,UNKNOWN,UNKNOWN,42
3487,Unknown,CASH,0,54,11,25,M,FL,CARDIOVASCULAR DISEASE,85
2364,Unknown,COMMERCIAL,0,10,9,42,M,MI,NURSE PRACTITIONER,73
2560,Unknown,MEDICARE,0,1,0,15,M,NC,INTERNAL MEDICINE,75
3945,Unknown,MEDICARE,0,1,1,67,M,CA,FAMILY MEDICINE,80
2260,Unknown,COMMERCIAL,0,3,12,10,F,OH,INTERNAL MEDICINE/PEDIATRICS,36
2243,Unknown,COMMERCIAL,1,20,21,12,M,NY,EMERGENCY MEDICINE,42
639,EMERGENCY ROOM - HOSPITAL,COMMERCIAL,0,1,0,0,F,TX,DIAGNOSTIC RADIOLOGY,11
3461,OFFICE,COMMERCIAL,0,10,3,0,M,MI,FAMILY MEDICINE,39
2898,Unknown,MEDICARE,0,2,0,34,F,TX,FAMILY MEDICINE,64
2262,Unknown,MEDICARE,1,1,0,0,M,MT,PHYSICIAN ASSISTANT,75
3224,INDEPENDENT LABORATORY,COMMERCIAL,0,24,16,0,F,UNKNOWN,UNKNOWN,47
1624,OFFICE,COMMERCIAL,0,1,5,0,F,UNKNOWN,UNKNOWN,40
1770,INDEPENDENT LABORATORY,MEDICARE,0,40,18,21,F,UNKNOWN,UNKNOWN,89
537,HOSPITAL OUTPATIENT,COMMERCIAL,0,10,0,0,F,CA,PHYSICIAN ASSISTANT,38
1266,OFFICE,COMMERCIAL,0,1,1,0,F,NH,FAMILY MEDICINE,41
1935,Unknown,COMMERCIAL,0,19,15,42,M,KS,FAMILY MEDICINE,68
3756,Unknown,MEDICARE,0,25,3,13,F,IL,INTERNAL MEDICINE,87
3642,Unknown,MEDICARE,0,67,0,16,M,NH,NURSE PRACTITIONER,80
673,EMERGENCY ROOM - HOSPITAL,COMMERCIAL,0,2,1,0,M,OK,FAMILY MEDICINE,33
3618,INPATIENT HOSPITAL,MEDICARE,0,6,4,0,F,WI,INTERNAL MEDICINE,89
3917,URGENT CARE FACILITY,MEDICARE,0,6,10,0,F,MD,FAMILY MEDICINE,71
3028,OFFICE,MEDICARE,0,12,12,2,F,TX,FAMILY MEDICINE,74
460,TELEHEALTH PROVIDED OTHER THAN IN PATIENT'S HOME,COMMERCIAL,0,2,0,3,F,VA,PHYSICIAN ASSISTANT,45
2736,OFFICE,MEDICARE,0,9,0,0,F,CO,INTERNAL MEDICINE,75
374,EMERGENCY ROOM - HOSPITAL,COMMERCIAL,0,1,0,0,F,IL,EMERGENCY MEDICINE,6
806,OFFICE,MEDICARE,0,87,3,1,M,FL,INTERNAL MEDICINE,84
1747,OTHER PLACE OF SERVICE,MEDICARE,0,47,4,1,F,AZ,INTERNAL MEDICINE,81
530,EMERGENCY ROOM - HOSPITAL,COMMERCIAL,0,7,4,0,F,NC,EMERGENCY MEDICINE,35
1254,TELEHEALTH PROVIDED IN PATIENT'S HOME,COMMERCIAL,0,16,11,0,M,VA,EMERGENCY MEDICINE,30
3194,OFFICE,COMMERCIAL,0,1,0,0,F,CT,INTERNAL MEDICINE,47
3316,HOSPITAL OUTPATIENT,MEDICARE,0,148,51,12,F,WV,PULMONARY CRITICAL CARE MEDICINE,71
1488,INDEPENDENT LABORATORY,COMMERCIAL,0,1,0,0,M,UNKNOWN,UNKNOWN,38
1273,OFFICE,COMMERCIAL,0,1,0,0,M,GA,FAMILY MEDICINE,17
307,EMERGENCY ROOM - HOSPITAL,COMMERCIAL,0,1,0,0,M,LA,PEDIATRIC EMERGENCY MEDICINE (PEDIATRICS),33
1222,Unknown,COMMERCIAL,0,8,5,19,M,TX,FAMILY MEDICINE,75
1651,OFFICE,COMMERCIAL,0,11,4,1,F,IL,NEUROLOGY,44
1387,OFFICE,COMMERCIAL,0,1,1,0,M,ME,INTERNAL MEDICINE,67
2618,EMERGENCY ROOM - HOSPITAL,COMMERCIAL,0,1,0,0,F,SC,FAMILY MEDICINE,25
1209,HOSPITAL OUTPATIENT,MEDICARE,0,1,0,0,F,NY,EMERGENCY MEDICINE,72
2409,RURAL HEALTH CLINIC,COMMERCIAL,0,3,11,0,M,UNKNOWN,UNKNOWN,18
2265,INDEPENDENT LABORATORY,COMMERCIAL,0,41,9,0,F,UNKNOWN,UNKNOWN,59
3999,OFFICE,MEDICARE,0,16,4,0,F,NJ,FAMILY MEDICINE,79
2574,OFFICE,COMMERCIAL,0,2,2,0,F,WA,FAMILY MEDICINE,55
1682,WALK-IN RETAIL HEALTH CLINIC,COMMERCIAL,0,3,3,1,M,FL,NURSE PRACTITIONER,46
986,OFFICE,MEDICARE,0,51,17,0,M,KY,NURSE PRACTITIONER,89
2123,OFFICE,COMMERCIAL,0,7,3,0,F,MA,"ENDOCRINOLOGY, DIABETES & METABOLISM",69
2757,INDEPENDENT LABORATORY,COMMERCIAL,0,1,0,0,M,UNKNOWN,UNKNOWN,28
851,URGENT CARE FACILITY,COMMERCIAL,0,1,16,0,F,FL,PEDIATRICS,10
1744,Unknown,MEDICARE,0,15,15,44,F,MS,NURSE PRACTITIONER,89
2423,Unknown,COMMERCIAL,1,7,3,1,F,MN,FAMILY MEDICINE,68
1718,Unknown,COMMERCIAL,0,22,7,51,M,LA,INTERNAL MEDICINE,59
3599,Unknown,COMMERCIAL,0,2,2,1,M,CA,FAMILY MEDICINE,32
2572,Unknown,COMMERCIAL,0,50,0,24,F,NY,FAMILY MEDICINE,63
287,TELEHEALTH PROVIDED OTHER THAN IN PATIENT'S HOME,COMMERCIAL,0,1,1,0,F,NY,PEDIATRICS,5
3527,INDEPENDENT LABORATORY,MEDICARE,0,128,2,27,M,UNKNOWN,UNKNOWN,71
1225,OFFICE,COMMERCIAL,0,12,5,2,M,LA,NURSE PRACTITIONER,63
1856,HOSPITAL - LABORATORY SERVICES PROVIDED TO NON-PATIENTS,MEDICARE,0,18,14,0,F,CA,FAMILY MEDICINE,77
3125,Unknown,COMMERCIAL,1,2,1,0,M,OH,NURSE PRACTITIONER,29
2961,Unknown,MEDICARE,0,140,6,5,F,TX,PHYSICAL MEDICINE & REHABILITATION,77
3446,OFFICE,MEDICARE,0,4,0,0,F,AZ,DERMATOLOGY,77
3875,INDEPENDENT LABORATORY,COMMERCIAL,0,29,2,20,F,UNKNOWN,UNKNOWN,72
1529,TELEHEALTH PROVIDED OTHER THAN IN PATIENT'S HOME,COMMERCIAL,0,2,2,0,F,AR,NURSE PRACTITIONER,47
3568,INPATIENT HOSPITAL,COMMERCIAL,0,34,1,3,F,PA,INFECTIOUS DISEASE,83
3023,TELEHEALTH PROVIDED OTHER THAN IN PATIENT'S HOME,COMMERCIAL,0,1,11,2,F,MD,FAMILY MEDICINE,29
1082,OFFICE,COMMERCIAL,0,1,15,0,F,CT,PEDIATRICS,12
3218,OFFICE,MEDICARE,0,3,4,0,F,TN,FAMILY MEDICINE,70
2007,HOSPITAL OUTPATIENT,COMMERCIAL,0,4,1,0,F,CT,INTERNAL MEDICINE,39
860,INPATIENT HOSPITAL,COMMERCIAL,0,79,0,0,M,FL,ANATOMIC/CLINICAL PATHOLOGY,64
2694,AMBULANCE - LAND,MEDICARE,0,31,9,0,F,UNKNOWN,UNKNOWN,78
1964,TELEHEALTH PROVIDED IN PATIENT'S HOME,COMMERCIAL,0,1,1,2,M,UNKNOWN,UNKNOWN,40
2271,TELEHEALTH PROVIDED OTHER THAN IN PATIENT'S HOME,COMMERCIAL,0,1,19,0,F,NY,PEDIATRICS,17
3417,ON CAMPUS-OUTPATIENT HOSPITAL,COMMERCIAL,0,1,10,0,F,FL,CARDIOVASCULAR DISEASE,27
3919,OFFICE,COMMERCIAL,0,16,10,2,M,CA,PULMONARY CRITICAL CARE MEDICINE,72
2923,URGENT CARE FACILITY,COMMERCIAL,0,26,13,0,M,UNKNOWN,UNKNOWN,67
1438,Unknown,COMMERCIAL,1,4,12,1,F,AZ,FAMILY MEDICINE,46
2321,Unknown,MEDICARE,1,1,0,0,F,UNKNOWN,UNKNOWN,72
3730,Unknown,MEDICARE,0,18,6,24,F,OH,NURSE PRACTITIONER,89
3280,Unknown,MEDICARE,0,20,5,2,F,UT,INTERNAL MEDICINE,84
3041,Unknown,MEDICARE,0,39,17,23,F,TX,NURSE PRACTITIONER,71
928,TELEHEALTH PROVIDED OTHER THAN IN PATIENT'S HOME,COMMERCIAL,0,5,0,0,F,CA,FAMILY MEDICINE,51
2333,CLINIC - RURAL HEALTH,COMMERCIAL,0,5,3,0,F,FL,FAMILY MEDICINE,80
993,OFFICE,COMMERCIAL,0,3,1,1,M,TX,FAMILY MEDICINE,58
3653,HOSPITAL OUTPATIENT,COMMERCIAL,0,49,17,0,F,NJ,EMERGENCY MEDICINE,59
265,OFFICE,MEDICARE,0,14,3,0,M,FL,FAMILY MEDICINE,78
1932,URGENT CARE FACILITY,COMMERCIAL,0,2,1,0,F,CA,EMERGENCY MEDICINE,15
3064,OFFICE,COMMERCIAL,0,5,1,4,M,AZ,INTERNAL MEDICINE,54
2815,URGENT CARE FACILITY,COMMERCIAL,0,4,0,0,M,NY,FAMILY MEDICINE,32
2475,TELEHEALTH PROVIDED OTHER THAN IN PATIENT'S HOME,COMMERCIAL,0,3,4,0,M,CA,INTERNAL MEDICINE,57
559,EMERGENCY ROOM - HOSPITAL,COMMERCIAL,0,1,0,0,F,MI,EMERGENCY MEDICINE,8
3123,TELEHEALTH PROVIDED OTHER THAN IN PATIENT'S HOME,COMMERCIAL,0,1,1,0,M,CA,FAMILY MEDICINE,22
2301,UNASSIGNED,MEDICARE,0,7,1,0,F,FL,INTERNAL MEDICINE,71
2558,Unknown,COMMERCIAL,0,14,16,21,F,VA,INTERNAL MEDICINE,60
1240,Unknown,MEDICARE,0,36,1,184,F,VA,PHYSICIAN ASSISTANT,70
2314,Unknown,MEDICAID,0,59,4,50,M,MI,FAMILY MEDICINE,68
756,TELEHEALTH PROVIDED OTHER THAN IN PATIENT'S HOME,COMMERCIAL,0,2,4,0,F,UNKNOWN,UNKNOWN,34
267,TELEHEALTH PROVIDED OTHER THAN IN PATIENT'S HOME,COMMERCIAL,0,3,9,0,M,MA,FAMILY MEDICINE,30
2038,EMERGENCY ROOM - HOSPITAL,COMMERCIAL,0,2,2,0,F,VA,EMERGENCY MEDICINE,31
2037,OFFICE,COMMERCIAL,0,12,0,0,M,IN,NURSE PRACTITIONER,27
2011,URGENT CARE FACILITY,MEDICARE,0,26,6,10,M,FL,NURSE PRACTITIONER,71
875,Unknown,COMMERCIAL,0,22,3,48,M,FL,INTERNAL MEDICINE,63
3026,Unknown,COMMERCIAL,1,84,6,1,M,HI,INTERNAL MEDICINE,75
3942,Unknown,COMMERCIAL,0,17,37,3,M,OH,NURSE PRACTITIONER,59
2768,Unknown,MEDICARE,0,15,2,57,M,IN,CARDIOVASCULAR DISEASE,89
896,URGENT CARE FACILITY,COMMERCIAL,0,1,8,0,F,LA,PHYSICIAN ASSISTANT,10
3574,HOSPITAL OUTPATIENT,COMMERCIAL,0,2,2,0,M,MS,NURSE PRACTITIONER,35
3791,OFFICE,COMMERCIAL,0,1,0,0,M,UNKNOWN,UNKNOWN,30
3720,HOSPITAL OUTPATIENT,COMMERCIAL,0,1,4,0,M,MD,PHYSICIAN ASSISTANT,23
3288,OFFICE,COMMERCIAL,0,1,4,0,F,TN,INTERNAL MEDICINE,22
627,URGENT CARE FACILITY,COMMERCIAL,0,7,1,0,F,PA,INTERNAL MEDICINE,40
97,URGENT CARE FACILITY,COMMERCIAL,0,1,1,0,F,OH,PHYSICIAN ASSISTANT,37
1330,URGENT CARE FACILITY,COMMERCIAL,0,2,0,0,M,NY,GENERAL PRACTICE,16
221,OFFICE,COMMERCIAL,0,2,2,0,F,NH,FAMILY MEDICINE,5
2696,Unknown,COMMERCIAL,0,1,0,52,M,NY,UROLOGY,76
2687,Unknown,MEDICARE,1,66,16,0,M,NV,PULMONARY CRITICAL CARE MEDICINE,80
3944,Unknown,COMMERCIAL,0,17,7,2,M,TN,INTERNAL MEDICINE,79
2367,INDEPENDENT LABORATORY,COMMERCIAL,0,5,1,11,M,UNKNOWN,UNKNOWN,88
3792,UNASSIGNED,MEDICAID,0,55,9,19,F,AL,FAMILY MEDICINE,84
2847,OFFICE,COMMERCIAL,0,1,0,0,F,WA,OBSTETRICS & GYNECOLOGY,35
3873,ON CAMPUS-OUTPATIENT HOSPITAL,COMMERCIAL,0,13,0,0,F,MA,GASTROENTEROLOGY,56
1814,INDEPENDENT LABORATORY,COMMERCIAL,0,2,0,0,F,UNKNOWN,UNKNOWN,37
2956,URGENT CARE FACILITY,COMMERCIAL,0,7,7,23,F,UNKNOWN,UNKNOWN,73
1787,HOSPITAL OUTPATIENT,COMMERCIAL,0,10,4,0,M,MS,NURSE PRACTITIONER,30
2282,EMERGENCY ROOM - HOSPITAL,COMMERCIAL,0,12,25,19,M,IL,FAMILY MEDICINE,57
492,OFFICE,COMMERCIAL,0,1,6,0,F,NC,NURSE PRACTITIONER,7
1649,TELEHEALTH PROVIDED OTHER THAN IN PATIENT'S HOME,COMMERCIAL,0,10,3,0,F,CA,EMERGENCY MEDICINE,30
3379,INDEPENDENT LABORATORY,COMMERCIAL,0,1,0,0,F,UNKNOWN,UNKNOWN,62
225,OFFICE,COMMERCIAL,0,1,3,0,M,NY,PEDIATRICS,5
55,URGENT CARE FACILITY,COMMERCIAL,0,1,0,0,F,UNKNOWN,UNKNOWN,70
2920,Unknown,MEDICARE,0,122,10,48,M,NJ,PULMONARY DISEASE,83
1782,Unknown,COMMERCIAL,0,25,6,2,F,FL,NURSE PRACTITIONER,85
2986,Unknown,MEDICARE,1,22,5,0,F,CA,INTERNAL MEDICINE,74
2584,Unknown,COMMERCIAL,0,25,7,23,M,PA,"ENDOCRINOLOGY, DIABETES & METABOLISM",75
1031,URGENT CARE FACILITY,COMMERCIAL,0,1,0,0,F,CA,PHYSICIAN ASSISTANT,44
343,OFFICE,COMMERCIAL,0,4,31,0,F,TX,PEDIATRICS,5
3247,FEDERALLY QUALIFIED HEALTH CENTER,COMMERCIAL,0,8,9,0,F,FL,PHYSICIAN ASSISTANT,46
3601,EMERGENCY ROOM - HOSPITAL,COMMERCIAL,0,1,1,0,F,CO,EMERGENCY MEDICINE,29
1168,OTHER PLACE OF SERVICE,COMMERCIAL,0,75,56,0,M,FL,PHYSICIAN ASSISTANT,63
3394,OFFICE,COMMERCIAL,0,12,19,1,M,TX,NURSE PRACTITIONER,51
320,EMERGENCY ROOM - HOSPITAL,COMMERCIAL,0,1,3,0,F,CA,EMERGENCY MEDICINE,10
1105,OFFICE,COMMERCIAL,0,2,8,0,F,TX,NURSE PRACTITIONER,32
2767,OFFICE,COMMERCIAL,0,1,0,0,M,NV,INTERNAL MEDICINE,54
3606,HOSPITAL OUTPATIENT,MEDICARE,0,2,5,0,F,NY,EMERGENCY MEDICINE,74
3469,HOSPITAL OUTPATIENT,COMMERCIAL,0,8,10,0,F,OH,NURSE PRACTITIONER,50
3991,Unknown,COMMERCIAL,1,5,6,1,M,VA,INTERNAL MEDICINE,51
797,Unknown,COMMERCIAL,0,12,8,3,F,NV,GENERAL PRACTICE,67
1348,OTHER PLACE OF SERVICE,COMMERCIAL,0,11,15,0,M,UNKNOWN,UNKNOWN,85
3627,INDEPENDENT LABORATORY,COMMERCIAL,0,1,0,0,F,UNKNOWN,UNKNOWN,34
2599,OFFICE,COMMERCIAL,0,83,16,7,F,AZ,INTERNAL MEDICINE,69
2690,OFFICE,COMMERCIAL,0,1,1,0,F,IN,FAMILY MEDICINE,49
236,URGENT CARE FACILITY,COMMERCIAL,0,1,0,0,F,WA,NURSE PRACTITIONER,66
1938,OFFICE,MEDICAID,0,1,3,0,M,AL,NURSE PRACTITIONER,15
2859,Unknown,COMMERCIAL,0,26,6,24,F,KS,FAMILY MEDICINE,74
1440,Unknown,MEDICARE,0,23,5,21,F,WI,PHYSICIAN ASSISTANT,89
721,Unknown,COMMERCIAL,0,3,0,25,F,UNKNOWN,UNKNOWN,33
1110,OFFICE,COMMERCIAL,0,1,66,0,F,TX,FAMILY MEDICINE,43
2130,TELEHEALTH PROVIDED OTHER THAN IN PATIENT'S HOME,COMMERCIAL,0,1,1,0,M,TN,GENERAL PRACTICE,44
1662,TELEHEALTH PROVIDED OTHER THAN IN PATIENT'S HOME,COMMERCIAL,0,6,1,0,F,TX,FAMILY MEDICINE,40
2896,INDEPENDENT LABORATORY,MEDICAID,0,5,8,0,F,UNKNOWN,UNKNOWN,37
3639,OFFICE,MEDICARE,0,10,17,3,F,MA,OTOLARYNGOLOGY,79
643,URGENT CARE FACILITY,COMMERCIAL,0,2,4,0,M,UNKNOWN,UNKNOWN,41
1162,OFFICE,COMMERCIAL,0,56,13,0,M,KY,GERIATRIC MEDICINE (FAMILY MEDICINE),49
3298,OFFICE,COMMERCIAL,0,9,2,1,M,MI,DERMATOLOGY,63
3327,OFFICE,COMMERCIAL,0,1,6,0,M,CT,PEDIATRICS,21
425,OFFICE,COMMERCIAL,0,15,0,0,M,MA,"ENDOCRINOLOGY, DIABETES & METABOLISM",40
1783,URGENT CARE FACILITY,COMMERCIAL,0,1,0,0,M,NY,PHYSICIAN ASSISTANT,20
2285,TELEHEALTH PROVIDED OTHER THAN IN PATIENT'S HOME,COMMERCIAL,0,4,0,1,F,CA,INTERNAL MEDICINE,70
3183,Unknown,COMMERCIAL,0,4,12,6,F,MD,NEUROLOGY,67
1332,Unknown,COMMERCIAL,0,12,0,18,M,IN,NURSE PRACTITIONER,70
1761,EMERGENCY ROOM - HOSPITAL,COMMERCIAL,0,4,1,2,M,MN,EMERGENCY MEDICINE,89
1960,URGENT CARE FACILITY,COMMERCIAL,0,5,7,0,F,UNKNOWN,UNKNOWN,34
2592,Unknown,COMMERCIAL,0,4,6,4,F,CT,NURSE PRACTITIONER,60
1094,URGENT CARE FACILITY,COMMERCIAL,0,59,31,0,F,UNKNOWN,UNKNOWN,54
1000,TELEHEALTH PROVIDED IN PATIENT'S HOME,COMMERCIAL,0,5,16,0,M,NJ,PSYCHOLOGY,42
2910,HOSPITAL OUTPATIENT,COMMERCIAL,0,18,1,0,M,TX,EMERGENCY MEDICINE,78
1402,URGENT CARE FACILITY,COMMERCIAL,0,2,0,0,M,FL,NURSE PRACTITIONER,38
450,URGENT CARE FACILITY,COMMERCIAL,0,1,0,0,F,IL,PHYSICIAN ASSISTANT,52
3770,HOSPITAL OUTPATIENT,MEDICARE,0,50,0,33,M,MI,EMERGENCY MEDICINE,71
927,INPATIENT HOSPITAL,COMMERCIAL,0,26,17,1,M,AZ,INFECTIOUS DISEASE,70
2871,URGENT CARE FACILITY,COMMERCIAL,0,9,1,35,M,UNKNOWN,UNKNOWN,68
2389,TELEHEALTH PROVIDED OTHER THAN IN PATIENT'S HOME,COMMERCIAL,0,3,0,0,F,UNKNOWN,UNKNOWN,41
1390,OFFICE,COMMERCIAL,0,2,2,0,M,CA,ALLERGY & IMMUNOLOGY,56
408,EMERGENCY ROOM - HOSPITAL,MEDICAID,0,4,10,0,F,LA,EMERGENCY MEDICINE,6
