PATIENT_ID,PREDICTION,TXN_DT,PAT_AGE,PAT_GENDER,NO_OF_CONDN,PHY_PHYSICIAN_TYPE,PHY_STATE,TXN_LOCATION_TYPE
3366,0,2022-07-20,54,M,44,FAMILY MEDICINE,CA,TELEHEALTH PROVIDED IN PATIENT'S HOME
326,0,2022-06-02,3,M,1,EMERGENCY MEDICINE,NJ,EMERGENCY ROOM - HOSPITAL
1486,0,2022-06-14,69,F,21,FAMILY MEDICINE,DE,OFFICE
3673,0,2022-07-09,68,M,65,EMERGENCY MEDICINE,NY,EMERGENCY ROOM - HOSPITAL
810,0,2022-07-12,16,F,21,NURSE PRACTITIONER,NY,ON CAMPUS-OUTPATIENT HOSPITAL
2455,0,2022-07-10,52,F,6,FAMILY MEDICINE,MN,OFFICE
291,0,2022-06-28,5,F,1,EMERGENCY MEDICINE,CA,EMERGENCY ROOM - HOSPITAL
1396,0,2022-06-25,82,M,3,UNKNOWN,UNKNOWN,OTHER PLACE OF SERVICE
2480,0,2022-06-23,14,M,2,FAMILY MEDICINE,CA,OFFICE
2805,0,2022-06-02,59,F,3,FAMILY MEDICINE,TN,HOSPITAL OUTPATIENT
1745,0,2022-06-20,17,M,15,PHYSICIAN ASSISTANT,CA,CLINIC - FREESTANDING
989,0,2022-06-23,80,M,25,FAMILY MEDICINE,LA,OFFICE
3289,0,2022-06-27,47,F,6,UNKNOWN,UNKNOWN,INDEPENDENT LABORATORY
581,0,2022-06-30,4,F,1,UNKNOWN,UNKNOWN,INDEPENDENT LABORATORY
1252,0,2022-06-13,70,F,3,EMERGENCY MEDICINE,MD,URGENT CARE FACILITY
1940,0,2022-06-23,11,M,1,NURSE PRACTITIONER,TX,TELEHEALTH PROVIDED IN PATIENT'S HOME
1552,0,2022-06-13,9,F,4,EMERGENCY MEDICINE,SC,HOSPITAL OUTPATIENT
2790,0,2022-06-08,59,F,8,NURSE PRACTITIONER,NC,OFFICE
2745,0,2022-06-23,73,F,95,CARDIOVASCULAR DISEASE,CO,OFFICE
3069,0,2022-07-07,49,M,62,DIAGNOSTIC RADIOLOGY,MI,EMERGENCY ROOM - HOSPITAL
3762,0,2022-06-06,59,M,11,FAMILY MEDICINE,CA,OFFICE
1329,0,2022-06-14,74,F,2,UNKNOWN,UNKNOWN,INDEPENDENT LABORATORY
1687,0,2022-06-27,41,M,8,CARDIOVASCULAR DISEASE,KY,EMERGENCY ROOM - HOSPITAL
2465,0,2022-06-12,28,F,2,OBSTETRICS & GYNECOLOGY,CA,EMERGENCY ROOM - HOSPITAL
198,0,2022-07-21,48,F,8,NURSE PRACTITIONER,AZ,OFFICE
155,0,2022-06-02,17,M,1,PHYSICIAN ASSISTANT,CO,URGENT CARE FACILITY
1255,0,2022-06-24,9,F,2,UNKNOWN,UNKNOWN,URGENT CARE FACILITY
2613,0,2022-07-21,24,M,7,NURSE PRACTITIONER,LA,OFFICE
1148,0,2022-06-15,8,M,1,NURSE PRACTITIONER,NY,URGENT CARE FACILITY
2650,0,2022-07-22,52,M,30,PHYSICIAN ASSISTANT,FL,INPATIENT HOSPITAL
2580,0,2022-06-08,32,M,1,UNKNOWN,UNKNOWN,URGENT CARE FACILITY
3852,0,2022-06-09,58,F,42,NURSE PRACTITIONER,RI,TELEHEALTH PROVIDED IN PATIENT'S HOME
2448,0,2022-06-27,54,F,72,EMERGENCY MEDICINE,CA,HOSPITAL - LABORATORY SERVICES PROVIDED TO NON-PATIENTS
3279,0,2022-07-21,65,F,12,FAMILY MEDICINE,SC,OFFICE
2179,0,2022-06-23,28,M,4,UNKNOWN,UNKNOWN,INDEPENDENT LABORATORY
3528,0,2022-06-27,65,F,57,FAMILY MEDICINE,LA,TELEHEALTH PROVIDED OTHER THAN IN PATIENT'S HOME
1318,0,2022-06-29,24,F,3,FAMILY MEDICINE,FL,HOSPITAL OUTPATIENT
512,0,2022-06-29,85,M,8,FAMILY MEDICINE,VA,OFFICE
3385,0,2022-06-19,82,M,81,INTERNAL MEDICINE,FL,UNASSIGNED
1823,0,2022-06-20,63,F,18,PHYSICIAN ASSISTANT,SC,OFFICE
3647,0,2022-06-06,51,F,1,NURSE PRACTITIONER,CA,URGENT CARE FACILITY
919,0,2022-06-09,38,M,1,UNKNOWN,UNKNOWN,URGENT CARE FACILITY
3903,0,2022-07-13,51,F,81,UNKNOWN,UNKNOWN,OTHER PLACE OF SERVICE
2640,0,2022-06-23,71,F,4,EMERGENCY MEDICINE,WA,URGENT CARE FACILITY
2287,0,2022-06-30,38,F,6,INTERNAL MEDICINE,NY,OFFICE
1667,0,2022-06-20,85,M,136,UNKNOWN,UNKNOWN,INPATIENT HOSPITAL
239,0,2022-06-21,41,F,1,FAMILY MEDICINE,WV,HOSPITAL OUTPATIENT
3410,0,2022-06-15,79,M,6,INTERNAL MEDICINE,TX,OFFICE
1036,0,2022-06-01,50,F,39,FAMILY MEDICINE,FL,TELEHEALTH PROVIDED OTHER THAN IN PATIENT'S HOME
3980,0,2022-06-15,70,F,2,UNKNOWN,UNKNOWN,INDEPENDENT LABORATORY
3351,0,2022-06-28,40,M,1,PHYSICIAN ASSISTANT,TX,URGENT CARE FACILITY
2078,0,2022-06-29,49,F,13,NURSE PRACTITIONER,MD,TELEHEALTH PROVIDED OTHER THAN IN PATIENT'S HOME
2165,0,2022-06-18,40,F,8,NURSE PRACTITIONER,TN,OFFICE
947,0,2022-06-01,35,M,1,FAMILY MEDICINE,VA,TELEHEALTH PROVIDED IN PATIENT'S HOME
3089,0,2022-06-11,18,F,1,EMERGENCY MEDICINE,IL,EMERGENCY ROOM - HOSPITAL
1846,0,2022-06-28,41,F,19,FAMILY MEDICINE,CA,CLINIC - FREESTANDING
812,0,2022-06-17,28,F,3,DIAGNOSTIC RADIOLOGY,VA,EMERGENCY ROOM - HOSPITAL
39,0,2022-06-07,32,M,1,UNKNOWN,UNKNOWN,INDEPENDENT LABORATORY
3056,0,2022-06-28,47,F,51,FAMILY MEDICINE,TX,OFFICE
2877,0,2022-06-07,18,F,3,FAMILY MEDICINE,MO,OFFICE
1595,0,2022-06-01,85,F,22,FAMILY MEDICINE,WA,UNASSIGNED
3087,0,2022-06-19,33,F,7,EMERGENCY MEDICINE,TX,EMERGENCY ROOM - HOSPITAL
3065,0,2022-06-24,38,F,16,NURSE PRACTITIONER,CT,OFFICE
2779,0,2022-06-19,16,M,2,DIAGNOSTIC RADIOLOGY,IL,EMERGENCY ROOM - HOSPITAL
2190,0,2022-06-20,25,F,2,NURSE PRACTITIONER,FL,HOSPITAL OUTPATIENT
391,0,2022-06-30,2,M,1,PHYSICIAN ASSISTANT,TX,OFFICE
1430,0,2022-06-25,59,M,109,UNKNOWN,UNKNOWN,URGENT CARE FACILITY
220,0,2022-06-23,44,M,2,UNKNOWN,UNKNOWN,URGENT CARE FACILITY
1055,0,2022-06-08,60,F,4,UNKNOWN,UNKNOWN,INDEPENDENT LABORATORY
54,0,2022-06-15,22,F,1,PHYSICIAN ASSISTANT,MD,URGENT CARE FACILITY
3887,0,2022-06-29,56,F,2,PEDIATRIC EMERGENCY MEDICINE,CA,EMERGENCY ROOM - HOSPITAL
2490,0,2022-06-20,33,M,1,EMERGENCY MEDICINE,IL,EMERGENCY ROOM - HOSPITAL
142,0,2022-06-03,0,M,1,EMERGENCY MEDICINE,NC,EMERGENCY ROOM - HOSPITAL
1847,0,2022-06-12,28,M,1,RADIOLOGY,TN,EMERGENCY ROOM - HOSPITAL
835,0,2022-06-02,50,F,14,NURSE PRACTITIONER,AL,URGENT CARE FACILITY
20,0,2022-06-28,33,M,1,UNKNOWN,UNKNOWN,URGENT CARE FACILITY
2512,0,2022-06-11,23,M,1,FAMILY MEDICINE,WA,EMERGENCY ROOM - HOSPITAL
1900,0,2022-06-16,41,M,18,INTERNAL MEDICINE,NY,TELEHEALTH PROVIDED OTHER THAN IN PATIENT'S HOME
1376,0,2022-06-02,33,M,2,EMERGENCY MEDICINE,SC,EMERGENCY ROOM - HOSPITAL
143,0,2022-06-11,32,M,1,UNKNOWN,UNKNOWN,INDEPENDENT LABORATORY
1073,0,2022-06-12,49,F,9,FAMILY MEDICINE,CA,URGENT CARE FACILITY
2995,0,2022-07-20,51,M,76,PAIN MEDICINE,CA,OFFICE
3370,0,2022-06-21,65,M,58,EMERGENCY MEDICINE,MA,EMERGENCY ROOM - HOSPITAL
1061,0,2022-06-06,39,F,1,UNKNOWN,UNKNOWN,TELEHEALTH PROVIDED IN PATIENT'S HOME
943,0,2022-07-22,35,F,23,PHYSICIAN ASSISTANT,MN,OFFICE
1232,0,2022-06-15,37,F,11,NURSE PRACTITIONER,TX,OFFICE
3137,0,2022-07-22,16,F,92,PSYCHOLOGY,GA,TELEHEALTH PROVIDED OTHER THAN IN PATIENT'S HOME
305,0,2022-06-11,1,M,1,PEDIATRICS,TX,EMERGENCY ROOM - HOSPITAL
90,0,2022-06-02,0,F,1,PEDIATRICS,KY,OFFICE
3131,0,2022-06-16,57,F,19,EMERGENCY MEDICINE,MD,EMERGENCY ROOM - HOSPITAL
2500,0,2022-06-03,52,F,8,UNKNOWN,UNKNOWN,OFFICE
2645,0,2022-06-06,53,F,1,PHYSICIAN ASSISTANT,OH,TELEHEALTH PROVIDED IN PATIENT'S HOME
2809,0,2022-06-15,37,F,1,UNKNOWN,UNKNOWN,OFFICE
58,0,2022-06-12,40,M,1,NURSE PRACTITIONER,CA,URGENT CARE FACILITY
1503,0,2022-07-22,35,F,5,FAMILY MEDICINE,AR,OFFICE
1456,0,2022-06-22,69,F,11,FAMILY MEDICINE,VA,TELEHEALTH PROVIDED OTHER THAN IN PATIENT'S HOME
3598,0,2022-06-22,69,F,2,FAMILY MEDICINE,CA,OFFICE
2594,0,2022-06-11,41,M,1,FAMILY MEDICINE,CO,OFFICE
3185,0,2022-06-30,18,F,1,PHYSICIAN ASSISTANT,TX,EMERGENCY ROOM - HOSPITAL
488,0,2022-06-05,3,F,1,PEDIATRIC EMERGENCY MEDICINE,FL,EMERGENCY ROOM - HOSPITAL
565,0,2022-06-10,33,M,1,INTERNAL MEDICINE,NJ,OFFICE
3518,0,2022-06-29,50,F,115,FAMILY MEDICINE,AZ,OTHER PLACE OF SERVICE
436,0,2022-06-26,2,M,1,NURSE PRACTITIONER,TX,URGENT CARE FACILITY
1133,0,2022-06-03,36,F,6,INTERNAL MEDICINE,PA,TELEHEALTH PROVIDED IN PATIENT'S HOME
3841,0,2022-07-20,68,F,15,DERMATOLOGY,IN,OFFICE
3810,0,2022-07-21,56,F,2,PHYSICIAN ASSISTANT,OH,OFF CAMPUS-OUTPATIENT HOSPITAL
2417,0,2022-07-12,42,M,25,"ENDOCRINOLOGY, DIABETES & METABOLISM",WV,CRITICAL ACCESS HOSPITAL
3281,0,2022-07-14,85,F,7,INTERNAL MEDICINE,NY,HOSPITAL OUTPATIENT
1554,0,2022-07-11,18,M,50,CLINICAL SOCIAL WORKER,UT,OFFICE
3348,0,2022-06-23,77,F,7,INTERNAL MEDICINE,KY,CLINIC - RURAL HEALTH
1939,0,2022-06-17,60,M,1,INTERNAL MEDICINE,CA,TELEHEALTH PROVIDED OTHER THAN IN PATIENT'S HOME
2414,0,2022-06-22,48,M,14,EMERGENCY MEDICINE,DE,OFFICE
2416,0,2022-07-20,28,F,5,EMERGENCY MEDICINE,LA,HOSPITAL OUTPATIENT
212,0,2022-06-27,21,F,1,EMERGENCY MEDICINE,OH,HOSPITAL OUTPATIENT
2922,0,2022-06-28,68,M,10,NURSE PRACTITIONER,MO,URGENT CARE FACILITY
2935,0,2022-06-23,78,F,62,INTERNAL MEDICINE,CO,OFFICE
802,0,2022-06-28,81,M,161,EMERGENCY MEDICINE,NJ,EMERGENCY ROOM - HOSPITAL
2074,0,2022-06-10,70,F,71,EMERGENCY MEDICINE,CA,EMERGENCY ROOM - HOSPITAL
1771,0,2022-06-13,82,M,45,EMERGENCY MEDICINE,NC,EMERGENCY ROOM - HOSPITAL
3229,0,2022-07-05,85,M,156,INTERNAL MEDICINE,FL,OFFICE
3476,0,2022-06-06,79,M,9,INFECTIOUS DISEASE,PA,INPATIENT HOSPITAL
114,0,2022-06-30,2,M,3,EMERGENCY MEDICINE,NY,EMERGENCY ROOM - HOSPITAL
1017,0,2022-06-11,37,F,1,HEMATOLOGY (PATHOLOGY),FL,EMERGENCY ROOM - HOSPITAL
1345,0,2022-07-03,22,M,18,PHYSICIAN ASSISTANT,SD,OFFICE
1880,0,2022-06-06,35,M,7,FAMILY MEDICINE,GA,TELEHEALTH PROVIDED OTHER THAN IN PATIENT'S HOME
882,0,2022-06-16,60,M,7,EMERGENCY MEDICINE,SC,OFFICE
1386,0,2022-06-15,26,F,8,UNKNOWN,UNKNOWN,CLINIC - RURAL HEALTH
2601,0,2022-06-10,52,M,2,UNKNOWN,UNKNOWN,INDEPENDENT LABORATORY
3830,0,2022-06-21,62,F,49,HEMATOLOGY/ONCOLOGY,NV,UNASSIGNED
1654,0,2022-07-08,41,F,36,NURSE PRACTITIONER,NM,HOSPITAL INPATIENT (INCLUDING MEDICARE PART A)
3425,0,2022-06-15,63,F,10,UNKNOWN,UNKNOWN,INDEPENDENT LABORATORY
45,0,2022-06-17,28,M,1,FAMILY MEDICINE,SC,URGENT CARE FACILITY
426,0,2022-06-15,2,F,1,PEDIATRICS,FL,EMERGENCY ROOM - HOSPITAL
732,0,2022-07-18,68,F,20,CARDIOVASCULAR DISEASE,AL,OFFICE
1044,0,2022-06-09,72,M,8,INTERNAL MEDICINE,NV,TELEHEALTH PROVIDED OTHER THAN IN PATIENT'S HOME
1633,0,2022-06-05,40,M,2,PHYSICIAN ASSISTANT,SC,OFFICE
515,0,2022-06-05,3,M,1,GENERAL PRACTICE,PR,HOSPITAL OUTPATIENT
2507,0,2022-06-05,24,F,1,UNKNOWN,UNKNOWN,URGENT CARE FACILITY
3181,0,2022-07-14,74,F,12,INTERNAL MEDICINE,IL,OFF CAMPUS-OUTPATIENT HOSPITAL
1051,0,2022-07-11,47,M,41,INTERNAL MEDICINE,CA,FEDERALLY QUALIFIED HEALTH CENTER
2712,0,2022-06-23,75,M,16,FAMILY MEDICINE,NJ,OFFICE
1725,0,2022-06-25,78,F,24,FAMILY MEDICINE,GA,URGENT CARE FACILITY
3989,0,2022-06-28,22,F,3,FAMILY MEDICINE,CA,TELEHEALTH PROVIDED OTHER THAN IN PATIENT'S HOME
3146,0,2022-06-28,21,M,1,INTERNAL MEDICINE,TX,URGENT CARE FACILITY
944,0,2022-06-29,31,F,1,ANATOMIC/CLINICAL PATHOLOGY,IL,EMERGENCY ROOM - HOSPITAL
1844,0,2022-07-18,47,M,35,COLON & RECTAL SURGERY,OH,HOSPITAL OUTPATIENT
2595,0,2022-06-28,51,F,2,FAMILY MEDICINE,LA,URGENT CARE FACILITY
2182,0,2022-06-28,55,M,1,FAMILY MEDICINE,CO,TELEHEALTH PROVIDED OTHER THAN IN PATIENT'S HOME
126,0,2022-06-29,23,F,1,UNKNOWN,UNKNOWN,URGENT CARE FACILITY
1122,0,2022-07-20,8,M,132,PEDIATRIC HEMATOLOGY/ONCOLOGY,KS,ON CAMPUS-OUTPATIENT HOSPITAL
3683,0,2022-06-01,20,M,1,PEDIATRICS,NY,OFFICE
3685,0,2022-06-23,85,F,74,INTERNAL MEDICINE,NY,INPATIENT HOSPITAL
1003,0,2022-06-20,48,F,20,INTERNAL MEDICINE,NY,OFFICE
910,0,2022-06-13,43,F,5,EMERGENCY MEDICINE,OH,HOSPITAL OUTPATIENT
2913,0,2022-07-05,85,F,71,INTERNAL MEDICINE,FL,TELEHEALTH PROVIDED OTHER THAN IN PATIENT'S HOME
1762,0,2022-06-06,69,F,20,NURSE PRACTITIONER,IN,OFFICE
770,0,2022-06-14,35,F,1,PHYSICIAN ASSISTANT,MO,URGENT CARE FACILITY
2197,0,2022-06-29,76,F,51,EMERGENCY MEDICINE,VA,URGENT CARE FACILITY
3116,0,2022-06-16,84,F,20,EMERGENCY MEDICINE,CA,EMERGENCY ROOM - HOSPITAL
2515,0,2022-06-22,68,M,46,INTERNAL MEDICINE,NY,TELEHEALTH PROVIDED OTHER THAN IN PATIENT'S HOME
2799,0,2022-06-29,85,M,85,FAMILY MEDICINE,PA,OTHER PLACE OF SERVICE
728,0,2022-06-25,77,F,1,NURSE PRACTITIONER,AL,URGENT CARE FACILITY
350,0,2022-06-29,2,F,3,EMERGENCY MEDICINE,WA,HOSPITAL OUTPATIENT
1465,0,2022-06-07,81,F,42,INTERNAL MEDICINE,NJ,OTHER PLACE OF SERVICE
3826,0,2022-06-15,33,M,2,INTERNAL MEDICINE,NY,OFFICE
3997,0,2022-06-27,40,M,9,NURSE PRACTITIONER,TN,OFFICE
671,0,2022-06-20,5,F,1,INTERNAL MEDICINE,NY,OFFICE
1013,0,2022-06-05,11,M,1,EMERGENCY MEDICINE,NV,EMERGENCY ROOM - HOSPITAL
3499,0,2022-06-04,85,F,19,UNKNOWN,UNKNOWN,AMBULANCE - LAND
1403,0,2022-06-18,47,M,1,PHYSICIAN ASSISTANT,CO,URGENT CARE FACILITY
636,0,2022-06-12,10,M,3,EMERGENCY MEDICINE,CA,HOSPITAL - LABORATORY SERVICES PROVIDED TO NON-PATIENTS
1468,0,2022-06-21,30,M,2,VASCULAR & INTERVENTIONAL RADIOLOGY,UT,ON CAMPUS-OUTPATIENT HOSPITAL
692,0,2022-06-02,18,F,1,EMERGENCY MEDICINE,KY,EMERGENCY ROOM - HOSPITAL
782,0,2022-06-27,43,F,5,FAMILY MEDICINE,LA,URGENT CARE FACILITY
2836,0,2022-06-25,82,F,49,PHYSICIAN ASSISTANT,OR,HOSPITAL OUTPATIENT
698,0,2022-06-28,5,M,2,INTERNAL MEDICINE,NY,HOSPITAL OUTPATIENT
151,0,2022-06-23,0,F,1,NURSE PRACTITIONER,FL,TELEHEALTH PROVIDED OTHER THAN IN PATIENT'S HOME
2377,0,2022-07-07,17,F,92,PEDIATRIC HEMATOLOGY/ONCOLOGY,OH,ON CAMPUS-OUTPATIENT HOSPITAL
3086,0,2022-06-15,68,M,11,INTERNAL MEDICINE,CT,HOSPITAL OUTPATIENT
776,0,2022-07-08,36,F,4,FAMILY MEDICINE,GA,URGENT CARE FACILITY
3284,0,2022-06-16,30,M,2,FAMILY MEDICINE,SC,URGENT CARE FACILITY
3548,0,2022-06-17,59,F,28,FAMILY MEDICINE,NV,URGENT CARE FACILITY
1463,0,2022-06-16,65,F,4,FAMILY MEDICINE,NV,OFFICE
921,0,2022-06-05,41,F,3,UNKNOWN,UNKNOWN,URGENT CARE FACILITY
263,0,2022-06-11,2,M,2,EMERGENCY MEDICINE,CA,EMERGENCY ROOM - HOSPITAL
3623,0,2022-07-01,68,F,77,CARDIOVASCULAR DISEASE,GA,OFFICE
3360,0,2022-07-03,21,M,3,UNKNOWN,UNKNOWN,URGENT CARE FACILITY
1817,0,2022-06-10,43,M,2,EMERGENCY MEDICINE,CA,TELEHEALTH PROVIDED OTHER THAN IN PATIENT'S HOME
952,0,2022-06-30,71,M,64,FAMILY MEDICINE,FL,OFFICE
685,0,2022-06-07,18,F,1,UNKNOWN,UNKNOWN,URGENT CARE FACILITY
30,0,2022-06-10,19,F,1,EMERGENCY MEDICINE,OH,HOSPITAL OUTPATIENT
249,0,2022-06-08,1,F,1,EMERGENCY MEDICINE,IL,EMERGENCY ROOM - HOSPITAL
962,0,2022-06-28,48,M,1,EMERGENCY MEDICINE,CA,HOSPITAL OUTPATIENT
3629,0,2022-06-27,18,M,1,UNKNOWN,UNKNOWN,URGENT CARE FACILITY
670,0,2022-06-23,26,F,19,UNKNOWN,UNKNOWN,INDEPENDENT LABORATORY
3773,0,2022-06-20,28,M,1,UNKNOWN,UNKNOWN,INDEPENDENT LABORATORY
1509,0,2022-07-19,85,F,10,INTERNAL MEDICINE,CA,OFFICE
3314,0,2022-06-20,85,M,38,INTERNAL MEDICINE,NJ,TELEHEALTH PROVIDED OTHER THAN IN PATIENT'S HOME
1306,0,2022-06-27,25,F,3,UNKNOWN,UNKNOWN,URGENT CARE FACILITY
2452,0,2022-06-21,48,F,2,INTERNAL MEDICINE,LA,OFFICE
9,0,2022-07-07,31,M,2,EMERGENCY MEDICINE,MO,HOSPITAL OUTPATIENT
1669,0,2022-06-25,11,F,1,NURSE PRACTITIONER,TX,EMERGENCY ROOM - HOSPITAL
176,0,2022-06-13,1,M,1,PEDIATRIC EMERGENCY MEDICINE (PEDIATRICS),OR,EMERGENCY ROOM - HOSPITAL
548,0,2022-06-17,3,M,1,PHYSICIAN ASSISTANT,OK,EMERGENCY ROOM - HOSPITAL
3812,0,2022-06-07,45,M,4,DIAGNOSTIC RADIOLOGY,CA,EMERGENCY ROOM - HOSPITAL
3780,0,2022-06-14,74,F,20,FAMILY MEDICINE,NV,HOSPITAL OUTPATIENT
3871,0,2022-06-20,81,M,35,NURSE PRACTITIONER,TN,OFFICE
430,0,2022-06-09,60,F,3,FAMILY MEDICINE,GA,URGENT CARE FACILITY
330,0,2022-06-03,1,F,1,EMERGENCY MEDICINE,NV,EMERGENCY ROOM - HOSPITAL
1310,0,2022-06-13,48,F,3,FAMILY MEDICINE,FL,TELEHEALTH PROVIDED OTHER THAN IN PATIENT'S HOME
3228,0,2022-06-03,42,F,46,UNKNOWN,UNKNOWN,AMBULANCE - LAND
3439,0,2022-06-14,46,M,4,INTERNAL MEDICINE,FL,TELEHEALTH PROVIDED OTHER THAN IN PATIENT'S HOME
3324,0,2022-06-04,52,F,1,NURSE PRACTITIONER,IN,URGENT CARE FACILITY
1498,0,2022-07-12,41,F,5,ALLERGY & IMMUNOLOGY,CA,OFFICE
2504,0,2022-06-06,14,M,1,EMERGENCY MEDICINE,CA,EMERGENCY ROOM - HOSPITAL
3701,0,2022-06-10,45,M,1,UNKNOWN,UNKNOWN,INDEPENDENT LABORATORY
2885,0,2022-06-24,67,M,16,NURSE PRACTITIONER,TN,OFFICE
3081,0,2022-06-21,70,F,42,NURSE PRACTITIONER,OH,TELEHEALTH PROVIDED IN PATIENT'S HOME
1211,0,2022-07-14,47,F,12,PHYSICIAN ASSISTANT,MN,OFFICE
684,0,2022-07-15,25,F,37,INTERNAL MEDICINE,NY,OFFICE
125,0,2022-06-28,0,M,3,ANATOMIC/CLINICAL PATHOLOGY,TX,EMERGENCY ROOM - HOSPITAL
1096,0,2022-06-18,53,F,2,EMERGENCY MEDICINE,OH,URGENT CARE FACILITY
1628,0,2022-06-27,19,F,1,FAMILY MEDICINE,AL,OFFICE
1655,0,2022-06-25,80,M,97,NURSE PRACTITIONER,LA,EMERGENCY ROOM - HOSPITAL
2082,0,2022-06-18,63,F,14,ANATOMIC/CLINICAL PATHOLOGY,FL,EMERGENCY ROOM - HOSPITAL
1793,0,2022-06-20,56,F,19,PHYSICIAN ASSISTANT,CA,OFFICE
2114,0,2022-06-30,85,F,36,INTERNAL MEDICINE,VA,OFFICE
1791,0,2022-07-02,47,M,2,FAMILY MEDICINE,CA,URGENT CARE FACILITY
3304,0,2022-06-29,31,M,1,INTERNAL MEDICINE,CA,URGENT CARE FACILITY
612,0,2022-06-28,20,F,1,NURSE PRACTITIONER,GA,URGENT CARE FACILITY
254,0,2022-06-29,1,M,1,EMERGENCY MEDICINE,CA,EMERGENCY ROOM - HOSPITAL
2010,0,2022-06-07,30,F,4,INTERNAL MEDICINE,CA,URGENT CARE FACILITY
725,0,2022-06-04,5,F,3,PEDIATRICS,AZ,URGENT CARE FACILITY
795,0,2022-06-06,70,F,170,PULMONARY CRITICAL CARE MEDICINE,FL,OFFICE
1346,0,2022-06-13,63,F,2,FAMILY MEDICINE,CA,HOSPITAL OUTPATIENT
2296,0,2022-06-27,69,F,13,EMERGENCY MEDICINE,AK,EMERGENCY ROOM - HOSPITAL
1981,0,2022-06-30,45,F,2,FAMILY MEDICINE,CA,TELEHEALTH PROVIDED OTHER THAN IN PATIENT'S HOME
43,0,2022-06-17,71,F,2,PHYSICIAN ASSISTANT,TN,EMERGENCY ROOM - HOSPITAL
461,0,2022-06-22,3,M,1,PHYSICIAN ASSISTANT,NY,EMERGENCY ROOM - HOSPITAL
2096,0,2022-06-16,29,F,3,UNKNOWN,UNKNOWN,URGENT CARE FACILITY
1420,0,2022-06-16,73,M,25,FAMILY MEDICINE,IN,OFFICE
1019,0,2022-07-22,57,F,52,INFECTIOUS DISEASE,FL,INPATIENT HOSPITAL
897,0,2022-06-13,33,F,1,UNKNOWN,UNKNOWN,INDEPENDENT LABORATORY
3006,0,2022-07-22,81,M,57,HOME HEALTH/PERSONAL CARE,MI,OFFICE
3147,0,2022-06-07,85,F,73,INTERNAL MEDICINE,MA,INPATIENT HOSPITAL
1323,0,2022-06-05,51,M,8,EMERGENCY MEDICINE,NY,HOSPITAL OUTPATIENT
819,0,2022-06-25,30,F,15,EMERGENCY MEDICINE,TX,HOSPITAL OUTPATIENT
281,0,2022-07-13,1,M,2,PEDIATRICS,CA,OFFICE
3142,0,2022-06-30,62,F,2,UNKNOWN,UNKNOWN,URGENT CARE FACILITY
332,0,2022-06-02,1,M,1,PEDIATRICS,TX,OFFICE
2337,0,2022-06-24,29,F,10,PHYSICIAN ASSISTANT,CA,URGENT CARE FACILITY
3711,0,2022-06-21,64,M,16,FAMILY MEDICINE,NC,OFFICE
3172,0,2022-06-22,39,M,5,EMERGENCY MEDICINE,NY,URGENT CARE FACILITY
325,0,2022-06-07,51,F,9,INTERNAL MEDICINE,AZ,OFFICE
1810,0,2022-07-15,10,M,46,UNKNOWN,UNKNOWN,UNASSIGNED
2503,0,2022-06-16,54,F,12,NURSE PRACTITIONER,NV,URGENT CARE FACILITY
2752,0,2022-06-02,62,M,5,NURSE PRACTITIONER,OK,URGENT CARE FACILITY
3331,0,2022-06-14,59,M,31,EMERGENCY MEDICINE,WI,EMERGENCY ROOM - HOSPITAL
1174,0,2022-06-29,82,M,52,NURSE PRACTITIONER,CA,OFFICE
1277,0,2022-06-09,34,M,2,SELECTIVE PATHOLOGY,KS,EMERGENCY ROOM - HOSPITAL
113,0,2022-06-12,5,F,1,EMERGENCY MEDICINE,FL,EMERGENCY ROOM - HOSPITAL
3787,0,2022-06-04,78,M,8,EMERGENCY MEDICINE,MO,EMERGENCY ROOM - HOSPITAL
1349,0,2022-07-14,63,F,54,FAMILY MEDICINE,TX,UNASSIGNED
1315,0,2022-06-07,42,F,1,UNKNOWN,UNKNOWN,INDEPENDENT LABORATORY
112,0,2022-06-17,51,F,1,PHYSICIAN ASSISTANT,SC,URGENT CARE FACILITY
966,0,2022-06-05,8,F,1,FAMILY MEDICINE,CA,OFFICE
3460,0,2022-06-04,26,M,3,EMERGENCY MEDICINE,CA,HOSPITAL OUTPATIENT
1545,0,2022-06-30,61,F,13,FAMILY MEDICINE,FL,HOSPITAL OUTPATIENT
1986,0,2022-06-27,47,M,12,INTERNAL MEDICINE,FL,OFFICE
3836,0,2022-06-24,53,F,12,UNKNOWN,UNKNOWN,URGENT CARE FACILITY
1600,0,2022-06-16,80,M,165,NEPHROLOGY,ME,INPATIENT HOSPITAL
80,0,2022-06-01,24,F,3,FAMILY MEDICINE,OH,OFFICE
2277,0,2022-07-08,69,M,32,CLINICAL CARDIAC ELECTROPHYSIOLOGY,PA,HOSPITAL OUTPATIENT
2111,0,2022-06-16,38,M,1,EMERGENCY MEDICINE,SC,OFFICE
3106,0,2022-06-28,39,M,9,CARDIOVASCULAR DISEASE,OH,INPATIENT HOSPITAL
3117,0,2022-06-29,19,M,2,UNKNOWN,UNKNOWN,URGENT CARE FACILITY
2496,0,2022-06-03,53,M,7,"STUDENT, HEALTH CARE",NJ,HOSPITAL OUTPATIENT
3126,0,2022-06-13,54,M,19,FAMILY MEDICINE,MA,TELEHEALTH PROVIDED IN PATIENT'S HOME
672,0,2022-06-30,40,M,1,FAMILY MEDICINE,FL,OFFICE
273,0,2022-06-01,24,F,3,EMERGENCY MEDICINE,VA,HOSPITAL OUTPATIENT
1381,0,2022-06-14,21,F,1,OBSTETRICS & GYNECOLOGY,CA,OFFICE
119,0,2022-06-20,0,M,3,EMERGENCY MEDICINE,MI,EMERGENCY ROOM - HOSPITAL
982,0,2022-06-28,43,F,4,INTERNAL MEDICINE,PA,OFFICE
958,0,2022-06-19,42,M,13,UNKNOWN,UNKNOWN,OFFICE
3509,0,2022-06-23,24,M,1,EMERGENCY MEDICINE,FL,EMERGENCY ROOM - HOSPITAL
2937,0,2022-06-27,77,F,22,INTERNAL MEDICINE,FL,OFFICE
3504,0,2022-06-16,65,M,14,FAMILY MEDICINE,NC,OFFICE
1739,0,2022-06-08,30,F,4,UNKNOWN,UNKNOWN,INDEPENDENT LABORATORY
1375,0,2022-06-12,76,F,5,PHYSICIAN ASSISTANT,OR,URGENT CARE FACILITY
3110,0,2022-07-13,82,M,111,FAMILY MEDICINE,VA,HOSPITAL OUTPATIENT
36,0,2022-06-08,46,M,1,EMERGENCY MEDICINE,TN,EMERGENCY ROOM - HOSPITAL
3891,0,2022-06-13,43,M,1,INTERNAL MEDICINE,NV,HOSPITAL INPATIENT (INCLUDING MEDICARE PART A)
2537,0,2022-07-01,67,F,3,GERIATRIC MEDICINE (INTERNAL MEDICINE),MA,UNASSIGNED
2145,0,2022-06-25,68,F,14,MEDICAL GENETICS,TX,HOSPITAL INPATIENT (INCLUDING MEDICARE PART A)
1828,0,2022-07-05,69,M,59,INTERNAL MEDICINE,KY,OTHER PLACE OF SERVICE
589,0,2022-06-27,22,F,1,UNKNOWN,UNKNOWN,INDEPENDENT LABORATORY
3777,0,2022-06-02,65,F,3,UNKNOWN,UNKNOWN,OFFICE
3099,0,2022-06-23,62,M,2,NURSE PRACTITIONER,FL,EMERGENCY ROOM - HOSPITAL
1221,0,2022-06-29,20,M,3,UNKNOWN,UNKNOWN,URGENT CARE FACILITY
1385,0,2022-06-16,18,M,1,EMERGENCY MEDICINE,CA,URGENT CARE FACILITY
1337,0,2022-06-11,24,M,2,INTERNAL MEDICINE,NY,OFFICE
1784,0,2022-06-14,55,M,4,UNKNOWN,UNKNOWN,TELEHEALTH PROVIDED IN PATIENT'S HOME
572,0,2022-06-22,23,F,1,FAMILY MEDICINE,NY,OFFICE
563,0,2022-06-27,4,M,1,INTERNAL MEDICINE/PEDIATRICS,MD,OFFICE
3114,0,2022-06-03,24,M,2,UNKNOWN,UNKNOWN,INDEPENDENT LABORATORY
702,0,2022-06-25,73,M,100,EMERGENCY MEDICINE,IL,EMERGENCY ROOM - HOSPITAL
1760,0,2022-06-22,58,F,50,UNKNOWN,UNKNOWN,TELEHEALTH PROVIDED IN PATIENT'S HOME
2388,0,2022-06-26,32,M,2,UNKNOWN,UNKNOWN,INDEPENDENT LABORATORY
3865,0,2022-06-14,85,M,61,PULMONARY CRITICAL CARE MEDICINE,PA,TELEHEALTH PROVIDED OTHER THAN IN PATIENT'S HOME
2657,0,2022-06-01,15,M,1,EMERGENCY MEDICINE,HI,EMERGENCY ROOM - HOSPITAL
1283,0,2022-06-14,43,F,8,ALLERGY & IMMUNOLOGY,KY,OFFICE
1561,0,2022-06-09,85,M,3,UNKNOWN,UNKNOWN,AMBULANCE - LAND
3699,0,2022-06-11,56,M,7,UNKNOWN,UNKNOWN,URGENT CARE FACILITY
3377,0,2022-06-20,26,F,1,NURSE PRACTITIONER,MS,OFFICE
3042,0,2022-07-08,49,F,7,FAMILY MEDICINE,CA,TELEHEALTH PROVIDED OTHER THAN IN PATIENT'S HOME
189,0,2022-06-11,66,M,3,UNKNOWN,UNKNOWN,OTHER PLACE OF SERVICE
1635,0,2022-06-07,23,F,2,EMERGENCY MEDICINE,IL,EMERGENCY ROOM - HOSPITAL
1223,0,2022-06-04,39,M,1,UNKNOWN,UNKNOWN,INDEPENDENT LABORATORY
252,0,2022-06-03,3,F,1,FAMILY MEDICINE,CA,TELEHEALTH PROVIDED OTHER THAN IN PATIENT'S HOME
3964,0,2022-06-17,58,F,18,FAMILY MEDICINE,ME,OFFICE
1233,0,2022-07-13,56,M,7,UNKNOWN,UNKNOWN,INDEPENDENT LABORATORY
1696,0,2022-06-06,59,M,13,PHYSICIAN ASSISTANT,IL,OFFICE
2066,0,2022-06-08,60,M,4,UNKNOWN,UNKNOWN,INDEPENDENT LABORATORY
3335,0,2022-07-12,18,F,2,FAMILY MEDICINE,FL,OFFICE
2520,0,2022-06-28,30,F,1,NURSE PRACTITIONER,WA,HOSPITAL OUTPATIENT
3492,0,2022-06-27,85,F,46,FAMILY MEDICINE,FL,HOSPITAL OUTPATIENT
1866,0,2022-07-08,32,F,3,CARDIOVASCULAR DISEASE,MA,OFFICE
3122,0,2022-07-20,81,F,34,INTERNAL MEDICINE,FL,HOSPITAL OUTPATIENT
3652,0,2022-06-22,80,F,29,NURSE PRACTITIONER,TX,TELEHEALTH PROVIDED OTHER THAN IN PATIENT'S HOME
337,0,2022-06-26,2,F,1,ANATOMIC/CLINICAL PATHOLOGY,FL,EMERGENCY ROOM - HOSPITAL
528,0,2022-06-12,3,F,3,UNKNOWN,UNKNOWN,URGENT CARE FACILITY
3863,0,2022-06-01,77,M,12,INTERNAL MEDICINE,MI,OFFICE
879,0,2022-06-21,6,M,2,PEDIATRICS,CA,TELEHEALTH PROVIDED OTHER THAN IN PATIENT'S HOME
3033,0,2022-06-04,17,F,6,PEDIATRICS,TX,OFFICE
149,0,2022-06-25,1,M,1,PEDIATRIC RADIOLOGY,CA,INPATIENT HOSPITAL
2883,0,2022-07-06,78,F,56,CARDIOVASCULAR DISEASE,CA,HOSPITAL OUTPATIENT
2781,0,2022-06-16,27,F,15,UNKNOWN,UNKNOWN,INDEPENDENT LABORATORY
3966,0,2022-07-11,61,F,33,INTERNAL MEDICINE,VA,INPATIENT HOSPITAL
3387,0,2022-06-06,54,F,5,PHYSICIAN ASSISTANT,GA,OFFICE
3889,0,2022-06-13,69,F,16,HOSPITALIST,CA,URGENT CARE FACILITY
3216,0,2022-06-20,64,F,7,FAMILY MEDICINE,MS,RURAL HEALTH CLINIC
727,0,2022-06-12,5,M,3,PHYSICIAN ASSISTANT,CA,URGENT CARE FACILITY
712,0,2022-06-28,33,F,1,FAMILY MEDICINE,GA,OFFICE
243,0,2022-07-02,1,M,2,EMERGENCY MEDICINE,TX,EMERGENCY ROOM - HOSPITAL
1325,0,2022-07-21,70,F,90,PSYCHIATRY,MO,TELEHEALTH PROVIDED OTHER THAN IN PATIENT'S HOME
874,0,2022-06-04,52,F,8,INTERNAL MEDICINE,MD,HOSPITAL OUTPATIENT
3301,0,2022-06-08,39,M,2,FAMILY MEDICINE,FL,HOSPITAL OUTPATIENT
1807,0,2022-06-18,10,M,1,PHYSICIAN ASSISTANT,NY,URGENT CARE FACILITY
494,0,2022-06-25,30,F,1,UNKNOWN,UNKNOWN,TELEHEALTH PROVIDED IN PATIENT'S HOME
207,0,2022-06-21,4,F,2,PHYSICIAN ASSISTANT,WA,EMERGENCY ROOM - HOSPITAL
3050,0,2022-06-29,85,F,31,FAMILY MEDICINE,NJ,HOSPITAL OUTPATIENT
429,0,2022-06-29,2,M,1,EMERGENCY MEDICINE,MD,HOSPITAL - LABORATORY SERVICES PROVIDED TO NON-PATIENTS
493,0,2022-06-28,53,M,1,PHYSICIAN ASSISTANT,CA,URGENT CARE FACILITY
2059,0,2022-06-04,11,F,1,EMERGENCY MEDICINE,HI,HOSPITAL OUTPATIENT
4013,0,2022-06-13,28,F,2,UNKNOWN,UNKNOWN,AMBULANCE - LAND
1882,0,2022-07-19,57,M,120,NURSE PRACTITIONER,MA,HOSPITAL OUTPATIENT
871,0,2022-06-05,44,F,1,UNKNOWN,UNKNOWN,URGENT CARE FACILITY
3466,0,2022-07-13,68,M,26,FAMILY MEDICINE,FL,OFFICE
930,0,2022-06-19,46,M,2,UNKNOWN,UNKNOWN,INDEPENDENT LABORATORY
1123,0,2022-06-27,61,F,1,UNKNOWN,UNKNOWN,URGENT CARE FACILITY
925,0,2022-06-28,43,F,1,INTERNAL MEDICINE/PEDIATRICS,CA,CLINIC - FREESTANDING
1234,0,2022-06-20,32,M,1,NURSE PRACTITIONER,VA,OFFICE
1918,0,2022-06-13,44,F,2,FAMILY MEDICINE,TX,TELEHEALTH PROVIDED OTHER THAN IN PATIENT'S HOME
2905,0,2022-07-22,65,F,27,PEDIATRIC RADIOLOGY,NC,INPATIENT HOSPITAL
1226,0,2022-06-10,68,F,5,PHYSICIAN ASSISTANT,MT,ON CAMPUS-OUTPATIENT HOSPITAL
2857,0,2022-07-13,61,F,7,FAMILY MEDICINE,VA,OFFICE
3395,0,2022-06-03,17,F,1,UNKNOWN,UNKNOWN,URGENT CARE FACILITY
828,0,2022-06-21,36,F,9,INTERNAL MEDICINE,NY,HOSPITAL INPATIENT (INCLUDING MEDICARE PART A)
3164,0,2022-06-28,63,F,16,NURSE PRACTITIONER,LA,HOSPITAL OUTPATIENT
2631,0,2022-06-01,85,M,139,FAMILY MEDICINE,NH,UNASSIGNED
26,0,2022-06-27,0,M,1,EMERGENCY MEDICINE,UT,EMERGENCY ROOM - HOSPITAL
2039,0,2022-06-28,21,M,2,PHYSICIAN ASSISTANT,OK,URGENT CARE FACILITY
948,0,2022-06-01,75,M,10,UNKNOWN,UNKNOWN,OFFICE
2566,0,2022-06-29,22,M,2,NURSE PRACTITIONER,AZ,URGENT CARE FACILITY
3073,0,2022-06-30,40,F,20,UNKNOWN,UNKNOWN,OFFICE
894,0,2022-06-29,33,F,1,EMERGENCY MEDICINE,IL,EMERGENCY ROOM - HOSPITAL
3180,0,2022-06-08,46,F,2,PHYSICIAN ASSISTANT,NY,URGENT CARE FACILITY
2688,0,2022-06-14,16,M,5,INTERNAL MEDICINE,OR,OFFICE
1066,0,2022-06-16,15,M,4,NURSE PRACTITIONER,CA,OFFICE
826,0,2022-06-03,13,F,4,FAMILY MEDICINE,CA,TELEHEALTH PROVIDED OTHER THAN IN PATIENT'S HOME
3611,0,2022-06-08,85,F,12,NURSE PRACTITIONER,MI,OFFICE
3318,0,2022-06-04,33,M,7,FAMILY MEDICINE,MD,URGENT CARE FACILITY
3201,0,2022-06-06,85,F,27,INTERNAL MEDICINE,CO,OFFICE
1877,0,2022-07-22,77,M,180,CARDIOTHORACIC RADIOLOGY,MN,OFFICE
1994,0,2022-06-13,48,F,21,FAMILY MEDICINE,UT,TELEHEALTH PROVIDED OTHER THAN IN PATIENT'S HOME
2013,0,2022-06-17,67,F,7,NURSE PRACTITIONER,LA,URGENT CARE FACILITY
2382,0,2022-06-14,37,M,2,NURSE PRACTITIONER,TX,OFFICE
1501,0,2022-06-05,50,M,14,HOSPITALIST,IL,INPATIENT HOSPITAL
2349,0,2022-07-01,13,M,2,UNKNOWN,UNKNOWN,INDEPENDENT LABORATORY
3722,0,2022-06-29,58,M,49,UNKNOWN,UNKNOWN,URGENT CARE FACILITY
1841,0,2022-06-18,10,M,2,PEDIATRICS,VA,TELEHEALTH PROVIDED IN PATIENT'S HOME
2550,0,2022-06-15,41,F,1,NURSE PRACTITIONER,TX,OFFICE
1825,0,2022-06-16,61,M,6,FAMILY MEDICINE,NC,TELEHEALTH PROVIDED IN PATIENT'S HOME
2425,0,2022-06-13,13,F,2,NURSE PRACTITIONER,FL,OFFICE
3079,0,2022-06-13,32,M,12,DIAGNOSTIC RADIOLOGY,FL,EMERGENCY ROOM - HOSPITAL
2803,0,2022-06-08,55,F,33,PHYSICIAN ASSISTANT,MD,HOSPITAL OUTPATIENT
1075,0,2022-06-09,72,M,13,NURSE PRACTITIONER,FL,OFFICE
2134,0,2022-06-04,15,F,1,PHYSICIAN ASSISTANT,NY,URGENT CARE FACILITY
2246,0,2022-06-22,12,M,3,DIAGNOSTIC RADIOLOGY,CA,EMERGENCY ROOM - HOSPITAL
1324,0,2022-06-21,17,M,3,HEMATOLOGY (PATHOLOGY),FL,ON CAMPUS-OUTPATIENT HOSPITAL
2239,0,2022-06-27,37,M,38,PHYSICIAN ASSISTANT,UT,OFFICE
3848,0,2022-07-19,85,F,62,INTERNAL MEDICINE,NY,OFFICE
3241,0,2022-07-09,47,F,49,ANATOMIC/CLINICAL PATHOLOGY,FL,EMERGENCY ROOM - HOSPITAL
1532,0,2022-06-21,78,F,6,INTERNAL MEDICINE,NY,OFFICE
2203,0,2022-07-22,69,F,59,FAMILY MEDICINE,AL,OFFICE
1431,0,2022-06-16,63,M,15,INTERNAL MEDICINE,KS,OFFICE
2716,0,2022-06-28,62,F,18,NURSE PRACTITIONER,SD,OFFICE
3472,0,2022-06-08,64,M,91,FAMILY MEDICINE,DE,OFF CAMPUS-OUTPATIENT HOSPITAL
2660,0,2022-06-25,50,F,1,FAMILY MEDICINE,MA,OFFICE
120,0,2022-06-16,1,F,1,PEDIATRICS,LA,EMERGENCY ROOM - HOSPITAL
1876,0,2022-07-12,70,M,66,INTERNAL MEDICINE,MD,OFFICE
2211,0,2022-06-15,13,F,1,ANATOMIC/CLINICAL PATHOLOGY,TN,OFFICE
1584,0,2022-06-20,72,F,24,FAMILY MEDICINE,AL,OFFICE
3393,0,2022-06-29,52,M,3,EMERGENCY MEDICINE,VA,EMERGENCY ROOM - HOSPITAL
3985,0,2022-07-21,72,M,22,UROLOGY,MI,OFFICE
1812,0,2022-06-10,72,F,35,FAMILY MEDICINE,TN,OFFICE
2532,0,2022-06-13,48,F,1,FAMILY MEDICINE,PA,HOSPITAL OUTPATIENT
3332,0,2022-07-22,55,F,28,FAMILY MEDICINE,TN,OFFICE
2597,0,2022-06-26,22,F,5,PHYSICIAN ASSISTANT,NJ,EMERGENCY ROOM - HOSPITAL
3358,0,2022-06-02,85,F,51,INTERNAL MEDICINE,FL,OFFICE
1973,0,2022-07-18,85,F,20,NURSE PRACTITIONER,MN,OTHER PLACE OF SERVICE
3479,0,2022-07-01,62,M,21,FAMILY MEDICINE,SD,OFFICE
1085,0,2022-06-14,31,F,26,NURSE PRACTITIONER,OH,EMERGENCY ROOM - HOSPITAL
1020,0,2022-06-16,55,M,1,FAMILY MEDICINE,FL,HOSPITAL OUTPATIENT
3943,0,2022-06-16,63,F,3,NURSE PRACTITIONER,ME,FEDERALLY QUALIFIED HEALTH CENTER
2159,0,2022-06-18,79,M,9,EMERGENCY MEDICINE,TN,EMERGENCY ROOM - HOSPITAL
105,0,2022-06-17,0,F,2,EMERGENCY MEDICINE,FL,EMERGENCY ROOM - HOSPITAL
766,0,2022-06-07,5,M,2,UNKNOWN,UNKNOWN,URGENT CARE FACILITY
3519,0,2022-06-23,73,F,12,EMERGENCY MEDICINE,FL,EMERGENCY ROOM - HOSPITAL
2350,0,2022-06-10,24,M,3,UNKNOWN,UNKNOWN,INDEPENDENT LABORATORY
2936,0,2022-06-19,62,M,27,DIAGNOSTIC RADIOLOGY,OH,EMERGENCY ROOM - HOSPITAL
371,0,2022-06-12,33,F,1,EMERGENCY MEDICINE,OR,EMERGENCY ROOM - HOSPITAL
3273,0,2022-06-19,22,M,1,FAMILY MEDICINE,LA,URGENT CARE FACILITY
1547,0,2022-06-30,9,F,1,PEDIATRICS,TN,OFFICE
2415,0,2022-06-03,25,F,3,NURSE PRACTITIONER,SC,HOSPITAL - LABORATORY SERVICES PROVIDED TO NON-PATIENTS
2653,0,2022-06-17,65,F,1,FAMILY MEDICINE,FL,HOSPITAL OUTPATIENT
768,0,2022-06-02,27,F,1,PHYSICIAN ASSISTANT,MI,URGENT CARE FACILITY
1514,0,2022-06-27,26,F,2,EMERGENCY MEDICINE,CA,URGENT CARE FACILITY
1626,0,2022-06-16,82,M,119,FAMILY MEDICINE,UT,INPATIENT HOSPITAL
369,0,2022-06-27,20,F,1,FAMILY MEDICINE,CA,EMERGENCY ROOM - HOSPITAL
2702,0,2022-06-12,39,M,2,UNKNOWN,UNKNOWN,TELEHEALTH PROVIDED OTHER THAN IN PATIENT'S HOME
241,0,2022-06-14,1,M,1,PHYSICIAN ASSISTANT,NY,URGENT CARE FACILITY
1679,0,2022-07-13,70,F,16,FAMILY MEDICINE,OK,OFFICE
2449,0,2022-06-23,41,F,2,NURSE PRACTITIONER,OK,URGENT CARE FACILITY
1977,0,2022-06-22,55,F,2,PEDIATRIC DERMATOLOGY,FL,OFFICE
2091,0,2022-06-24,31,F,2,EMERGENCY MEDICINE,NY,HOSPITAL OUTPATIENT
3337,0,2022-06-03,27,F,1,NURSE PRACTITIONER,TN,OFFICE
3375,0,2022-06-22,63,M,46,UNKNOWN,UNKNOWN,TELEHEALTH PROVIDED OTHER THAN IN PATIENT'S HOME
280,0,2022-06-30,41,F,4,FAMILY MEDICINE,MD,HOSPITAL OUTPATIENT
2359,0,2022-06-30,55,F,13,NURSE PRACTITIONER,NY,OFFICE
2206,0,2022-07-06,29,F,2,ANATOMIC/CLINICAL PATHOLOGY,FL,ON CAMPUS-OUTPATIENT HOSPITAL
3427,0,2022-06-13,21,F,2,PHYSICIAN ASSISTANT,OH,HOSPITAL OUTPATIENT
3287,0,2022-07-20,22,F,7,NURSE PRACTITIONER,CA,OFFICE
3708,0,2022-07-22,74,F,55,NURSE PRACTITIONER,NC,OTHER PLACE OF SERVICE
3619,0,2022-07-05,65,M,60,FAMILY MEDICINE,IA,OFFICE
2429,0,2022-06-13,75,F,23,PHYSICIAN ASSISTANT,MN,OFFICE
2506,0,2022-06-26,40,M,1,NURSE PRACTITIONER,NE,URGENT CARE FACILITY
1014,0,2022-06-15,63,F,1,HOSPITALIST,FL,INPATIENT HOSPITAL
182,0,2022-07-18,71,M,100,NURSE PRACTITIONER,WA,UNASSIGNED
2276,0,2022-07-07,61,F,25,FAMILY MEDICINE,NJ,OFFICE
3012,0,2022-06-17,51,F,10,FAMILY MEDICINE,CA,OFFICE
2579,0,2022-06-03,74,M,19,INTERNAL MEDICINE/FAMILY MEDICINE,FL,OFFICE
889,0,2022-06-29,58,F,33,DIAGNOSTIC RADIOLOGY,MA,EMERGENCY ROOM - HOSPITAL
1294,0,2022-06-30,33,F,8,"ENDOCRINOLOGY, DIABETES & METABOLISM",MD,TELEHEALTH PROVIDED OTHER THAN IN PATIENT'S HOME
2516,0,2022-06-23,72,F,7,FAMILY MEDICINE,NC,OFFICE
1975,0,2022-06-16,42,F,140,FAMILY MEDICINE,KY,TELEHEALTH PROVIDED OTHER THAN IN PATIENT'S HOME
1689,0,2022-06-17,32,F,2,NURSE PRACTITIONER,NE,OFFICE
1152,0,2022-06-02,81,M,36,INTERNAL MEDICINE,MI,OFFICE
706,0,2022-06-01,23,M,1,SPORTS MEDICINE (FAMILY MEDICINE),TN,OFFICE
1849,0,2022-06-16,48,M,1,PHYSICIAN ASSISTANT,CA,URGENT CARE FACILITY
2766,0,2022-07-05,47,M,3,FAMILY MEDICINE,IN,URGENT CARE FACILITY
3248,0,2022-07-02,70,M,47,INTERNAL MEDICINE,OH,INPATIENT HOSPITAL
157,0,2022-06-24,33,F,1,UNKNOWN,UNKNOWN,INDEPENDENT LABORATORY
2207,0,2022-06-30,38,M,9,"ENDOCRINOLOGY, DIABETES & METABOLISM",DC,TELEHEALTH PROVIDED OTHER THAN IN PATIENT'S HOME
890,0,2022-06-07,68,F,7,PHYSICIAN ASSISTANT,SC,TELEHEALTH PROVIDED IN PATIENT'S HOME
1705,0,2022-06-22,61,F,2,INTERNAL MEDICINE,CA,OFFICE
750,0,2022-06-23,85,F,3,HOSPICE & PALLIATIVE MEDICINE,FL,HOSPITAL INPATIENT (INCLUDING MEDICARE PART A)
1952,0,2022-06-07,68,M,22,PHYSICIAN ASSISTANT,CA,URGENT CARE FACILITY
1505,0,2022-06-10,36,F,5,UNKNOWN,UNKNOWN,URGENT CARE FACILITY
1893,0,2022-06-06,35,M,2,NURSE PRACTITIONER,OH,OFFICE
999,0,2022-06-24,62,M,24,INTERNAL MEDICINE,CA,HOSPITAL OUTPATIENT
22,0,2022-06-25,4,F,1,NURSE PRACTITIONER,VA,OFFICE
3609,0,2022-07-14,78,M,161,INTERNAL MEDICINE,CA,TELEHEALTH PROVIDED IN PATIENT'S HOME
1173,0,2022-06-30,48,M,5,FAMILY MEDICINE,TX,OFFICE
575,0,2022-06-07,57,F,41,FAMILY MEDICINE,SC,OFFICE
3270,0,2022-06-18,52,F,1,FAMILY MEDICINE,SC,OFFICE
3864,0,2022-06-20,60,F,91,FAMILY MEDICINE,MD,TELEHEALTH PROVIDED OTHER THAN IN PATIENT'S HOME
1587,0,2022-06-13,83,M,19,UNKNOWN,UNKNOWN,AMBULANCE - LAND
2893,0,2022-06-28,70,F,5,NURSE PRACTITIONER,TX,EMERGENCY ROOM - HOSPITAL
3170,0,2022-06-29,85,F,8,HOSPITALIST,NY,ON CAMPUS-OUTPATIENT HOSPITAL
3430,0,2022-07-19,58,F,54,OPTOMETRIST,NM,OFFICE
2695,0,2022-06-23,45,M,2,UNKNOWN,UNKNOWN,INDEPENDENT LABORATORY
1815,0,2022-06-26,9,M,1,UNKNOWN,UNKNOWN,URGENT CARE FACILITY
4007,0,2022-06-12,25,M,3,DIAGNOSTIC RADIOLOGY,CA,OFFICE
2012,0,2022-06-21,58,M,26,FAMILY MEDICINE,NY,OFFICE
2655,0,2022-07-15,82,M,48,INTERNAL MEDICINE,TX,HOSPITAL OUTPATIENT
3543,0,2022-06-06,71,F,15,FAMILY MEDICINE,CT,TELEHEALTH PROVIDED IN PATIENT'S HOME
3741,0,2022-07-14,68,M,21,OTOLARYNGOLOGY,SC,OFFICE
209,0,2022-06-25,1,M,1,EMERGENCY MEDICINE,AZ,HOSPITAL - LABORATORY SERVICES PROVIDED TO NON-PATIENTS
428,0,2022-06-03,45,M,28,FAMILY MEDICINE,WA,OFFICE
238,0,2022-06-24,84,F,3,NURSE PRACTITIONER,MI,EMERGENCY ROOM - HOSPITAL
137,0,2022-06-25,22,F,1,PHYSICIAN ASSISTANT,CA,URGENT CARE FACILITY
964,0,2022-06-29,32,F,1,EMERGENCY MEDICINE,CA,HOSPITAL - LABORATORY SERVICES PROVIDED TO NON-PATIENTS
1059,0,2022-06-28,9,M,13,PEDIATRICS,CA,OFFICE
2166,0,2022-06-28,79,F,122,INTERNAL MEDICINE,NY,OTHER PLACE OF SERVICE
1507,0,2022-06-30,39,F,29,ANATOMIC/CLINICAL PATHOLOGY,FL,EMERGENCY ROOM - HOSPITAL
2748,0,2022-06-13,41,M,12,PHYSICIAN ASSISTANT,MO,URGENT CARE FACILITY
1902,0,2022-06-07,16,M,1,NURSE PRACTITIONER,NY,URGENT CARE FACILITY
2770,0,2022-06-16,55,M,6,FAMILY MEDICINE,LA,OFFICE
1593,0,2022-06-12,52,M,3,PHYSICIAN ASSISTANT,CO,URGENT CARE FACILITY
3309,0,2022-06-04,73,F,44,PHYSICIAN ASSISTANT,FL,URGENT CARE FACILITY
854,0,2022-06-24,66,F,2,NURSE PRACTITIONER,TX,OFFICE
1131,0,2022-06-20,44,F,2,ANATOMIC/CLINICAL PATHOLOGY,CA,EMERGENCY ROOM - HOSPITAL
483,0,2022-06-15,3,M,1,PEDIATRIC CARDIOLOGY,IL,ON CAMPUS-OUTPATIENT HOSPITAL
3874,0,2022-06-03,62,F,6,INTERNAL MEDICINE,MD,URGENT CARE FACILITY
303,0,2022-06-03,1,M,1,PEDIATRIC EMERGENCY MEDICINE (PEDIATRICS),MD,URGENT CARE FACILITY
476,0,2022-06-14,33,F,1,UNKNOWN,UNKNOWN,INDEPENDENT LABORATORY
1295,0,2022-06-06,61,M,24,FAMILY MEDICINE,SC,OFFICE
2433,0,2022-06-21,56,M,42,ORAL & MAXILLOFACIAL SURGERY,NY,OFFICE
83,0,2022-06-08,0,M,2,PEDIATRICS,IL,EMERGENCY ROOM - HOSPITAL
3592,0,2022-07-14,45,F,70,NEPHROLOGY,CA,OFFICE
2929,0,2022-07-13,38,F,7,FAMILY MEDICINE,IN,OFFICE
2828,0,2022-06-10,78,M,33,NURSE PRACTITIONER,PA,OFFICE
311,0,2022-06-06,1,M,1,NURSE PRACTITIONER,KY,OFFICE
4009,0,2022-07-19,72,F,12,CARDIOVASCULAR DISEASE,CA,OFFICE
2459,0,2022-06-22,45,F,8,INTERNAL MEDICINE,TX,OFFICE
861,0,2022-06-10,14,F,12,UNKNOWN,UNKNOWN,INDEPENDENT LABORATORY
2216,0,2022-07-14,57,F,8,GASTROENTEROLOGY,MD,OFFICE
3931,0,2022-06-21,72,F,111,NURSE PRACTITIONER,OH,HOSPITAL OUTPATIENT
1464,0,2022-07-18,68,M,8,FAMILY MEDICINE,UT,OFFICE
1099,0,2022-06-21,47,M,128,INTERNAL MEDICINE,CA,INPATIENT HOSPITAL
3406,0,2022-06-22,82,M,22,PHYSICIAN ASSISTANT,TX,OFFICE
184,0,2022-06-02,1,F,1,PEDIATRICS,NE,OFFICE
1338,0,2022-06-18,58,F,120,EMERGENCY MEDICINE,NM,HOSPITAL OUTPATIENT
2659,0,2022-06-28,67,M,22,NURSE PRACTITIONER,OH,OFFICE
1197,0,2022-06-29,9,F,1,INTERNAL MEDICINE,NJ,EMERGENCY ROOM - HOSPITAL
1201,0,2022-06-29,39,M,3,INTERNAL MEDICINE,TX,OFFICE
1541,0,2022-07-22,74,M,36,FAMILY MEDICINE,MD,OFFICE
3145,0,2022-06-24,33,M,4,UNKNOWN,UNKNOWN,INDEPENDENT LABORATORY
547,0,2022-06-25,60,F,2,NURSE PRACTITIONER,TX,TELEHEALTH PROVIDED IN PATIENT'S HOME
1401,0,2022-06-29,29,M,3,UNKNOWN,UNKNOWN,INDEPENDENT LABORATORY
2099,0,2022-06-29,44,F,2,NURSE PRACTITIONER,MD,URGENT CARE FACILITY
3764,0,2022-07-15,66,M,3,FAMILY MEDICINE,WA,URGENT CARE FACILITY
1459,0,2022-07-13,50,F,32,FAMILY MEDICINE,AK,TELEHEALTH PROVIDED OTHER THAN IN PATIENT'S HOME
2036,0,2022-06-07,43,F,7,UNKNOWN,UNKNOWN,URGENT CARE FACILITY
794,0,2022-06-16,67,F,128,INTERNAL MEDICINE,OH,OFFICE
2925,0,2022-07-07,69,F,33,INTERNAL MEDICINE,AL,OFFICE
3828,0,2022-06-29,56,F,31,NURSE PRACTITIONER,KY,OFFICE
2317,0,2022-06-01,25,F,5,INTERNAL MEDICINE,FL,EMERGENCY ROOM - HOSPITAL
2150,0,2022-06-24,27,F,22,OBSTETRICS & GYNECOLOGY,GA,HOSPITAL OUTPATIENT
593,0,2022-06-23,5,F,2,PEDIATRICS,SC,OFFICE
3488,0,2022-06-27,37,M,7,UNKNOWN,UNKNOWN,INDEPENDENT LABORATORY
1546,0,2022-06-18,59,F,52,UNKNOWN,UNKNOWN,URGENT CARE FACILITY
3381,0,2022-06-07,44,F,2,UNKNOWN,UNKNOWN,INDEPENDENT LABORATORY
94,0,2022-06-06,0,M,3,EMERGENCY MEDICINE,NC,HOSPITAL OUTPATIENT
3881,0,2022-06-28,85,M,43,NURSE PRACTITIONER,MI,CLINIC - RURAL HEALTH
3374,0,2022-06-05,60,F,1,NURSE PRACTITIONER,LA,URGENT CARE FACILITY
3559,0,2022-06-08,74,F,36,EMERGENCY MEDICINE,AZ,HOSPITAL OUTPATIENT
1827,0,2022-06-23,27,F,1,UNKNOWN,UNKNOWN,TELEHEALTH PROVIDED IN PATIENT'S HOME
2958,0,2022-07-05,63,F,7,HOSPITALIST,FL,OFFICE
1419,0,2022-06-03,61,M,5,VASCULAR & INTERVENTIONAL RADIOLOGY,CO,EMERGENCY ROOM - HOSPITAL
315,0,2022-06-06,34,M,4,NURSE PRACTITIONER,OH,TELEHEALTH PROVIDED OTHER THAN IN PATIENT'S HOME
3046,0,2022-06-13,79,F,1,EMERGENCY MEDICINE,MD,URGENT CARE FACILITY
1170,0,2022-06-23,35,M,2,FAMILY MEDICINE,CA,TELEHEALTH PROVIDED IN PATIENT'S HOME
2076,0,2022-06-21,43,M,1,FAMILY MEDICINE,IL,URGENT CARE FACILITY
3696,0,2022-07-22,64,F,8,DIAGNOSTIC RADIOLOGY,NJ,OFFICE
2241,0,2022-06-29,77,M,19,FAMILY MEDICINE,CA,TELEHEALTH PROVIDED OTHER THAN IN PATIENT'S HOME
60,0,2022-06-09,0,F,2,PEDIATRIC EMERGENCY MEDICINE (PEDIATRICS),MA,EMERGENCY ROOM - HOSPITAL
3820,0,2022-06-02,36,F,1,PHYSICIAN ASSISTANT,NC,OFFICE
2689,0,2022-07-11,62,F,50,NURSE PRACTITIONER,TN,COMMUNITY MENTAL HEALTH CENTER
1995,0,2022-06-07,17,F,1,EMERGENCY MEDICINE,FL,HOSPITAL OUTPATIENT
472,0,2022-06-27,66,M,1,NURSE PRACTITIONER,CA,URGENT CARE FACILITY
2994,0,2022-06-01,56,F,7,INTERNAL MEDICINE,IL,OFFICE
714,0,2022-06-29,62,M,94,UNKNOWN,UNKNOWN,URGENT CARE FACILITY
3255,0,2022-06-16,21,M,8,UNKNOWN,UNKNOWN,URGENT CARE FACILITY
2383,0,2022-06-29,18,M,8,PHYSICIAN ASSISTANT,CA,URGENT CARE FACILITY
3806,0,2022-06-01,83,F,6,FAMILY MEDICINE,MA,OFFICE
3000,0,2022-06-14,80,F,9,UNKNOWN,UNKNOWN,UNASSIGNED
2034,0,2022-06-30,11,F,1,PEDIATRICS,GA,OFFICE
920,0,2022-06-04,63,F,1,FAMILY MEDICINE,NC,OFFICE
2999,0,2022-06-10,74,F,7,DIAGNOSTIC RADIOLOGY,FL,EMERGENCY ROOM - HOSPITAL
3017,0,2022-06-22,70,F,155,PULMONARY DISEASE,FL,INPATIENT HOSPITAL
3680,0,2022-06-17,71,F,26,EMERGENCY MEDICINE,AZ,HOSPITAL OUTPATIENT
3302,0,2022-06-29,68,F,5,ALLERGY & IMMUNOLOGY,NC,OFFICE
803,0,2022-06-07,49,F,5,PHYSICIAN ASSISTANT,RI,URGENT CARE FACILITY
168,0,2022-06-24,1,F,1,FAMILY MEDICINE,NE,EMERGENCY ROOM - HOSPITAL
3278,0,2022-06-13,83,M,32,FAMILY MEDICINE,TX,OFFICE
945,0,2022-06-27,7,M,1,UNKNOWN,UNKNOWN,INDEPENDENT LABORATORY
128,0,2022-06-14,0,M,1,PEDIATRIC EMERGENCY MEDICINE (PEDIATRICS),FL,EMERGENCY ROOM - HOSPITAL
3049,0,2022-06-13,79,M,11,EMERGENCY MEDICINE,AZ,EMERGENCY ROOM - HOSPITAL
2320,0,2022-06-04,56,F,2,EMERGENCY MEDICINE,TX,EMERGENCY ROOM - HOSPITAL
75,0,2022-06-04,55,M,1,NURSE PRACTITIONER,SC,OFFICE
3648,0,2022-06-07,48,M,63,INTERNAL MEDICINE/PEDIATRICS,CO,OFFICE
1334,0,2022-06-22,31,M,1,UNKNOWN,UNKNOWN,OFFICE
3452,0,2022-06-27,77,M,175,RHEUMATOLOGY,DE,ON CAMPUS-OUTPATIENT HOSPITAL
1716,0,2022-07-13,85,F,98,GENERAL SURGERY,GA,OTHER PLACE OF SERVICE
2583,0,2022-06-30,19,F,3,NURSE PRACTITIONER,KS,RURAL HEALTH CLINIC
2546,0,2022-06-29,84,M,62,FAMILY MEDICINE,TX,EMERGENCY ROOM - HOSPITAL
3067,0,2022-06-27,40,M,78,FAMILY MEDICINE,PA,OFFICE
646,0,2022-06-27,4,M,1,PEDIATRICS,GA,OFFICE
2391,0,2022-06-24,67,M,24,PULMONARY CRITICAL CARE MEDICINE,NJ,HOSPITAL OUTPATIENT
3523,0,2022-06-27,22,M,33,DERMATOLOGY,NY,OFFICE
1485,0,2022-07-04,51,M,4,HOSPITALIST,NY,INPATIENT HOSPITAL
274,0,2022-06-12,54,F,2,FAMILY MEDICINE,NE,URGENT CARE FACILITY
2727,0,2022-07-12,66,F,68,FAMILY MEDICINE,TX,UNASSIGNED
179,0,2022-06-02,1,F,4,PEDIATRICS,KY,OFFICE
2878,0,2022-06-17,69,M,10,NURSE PRACTITIONER,FL,OFFICE
2737,0,2022-06-02,18,M,1,NURSE PRACTITIONER,TX,OFFICE
1179,0,2022-06-03,44,F,3,GENERAL PRACTICE,PR,OFFICE
2318,0,2022-06-05,41,M,1,EMERGENCY MEDICINE,CA,EMERGENCY ROOM - HOSPITAL
3166,0,2022-06-08,28,F,1,UNKNOWN,UNKNOWN,URGENT CARE FACILITY
1034,0,2022-06-03,38,F,2,OBSTETRICS & GYNECOLOGY,NY,OFFICE
2606,0,2022-06-25,71,M,6,NURSE PRACTITIONER,WI,OFFICE
1098,0,2022-06-29,14,F,1,UNKNOWN,UNKNOWN,URGENT CARE FACILITY
3796,0,2022-07-19,36,M,23,FAMILY MEDICINE,MD,OFFICE
3401,0,2022-06-07,55,F,4,INTERNAL MEDICINE,TX,HOSPITAL OUTPATIENT
2633,0,2022-06-21,55,M,3,NURSE PRACTITIONER,OK,URGENT CARE FACILITY
3363,0,2022-06-18,28,F,1,UNKNOWN,UNKNOWN,URGENT CARE FACILITY
2975,0,2022-06-22,46,F,6,FAMILY MEDICINE,FL,HOSPITAL OUTPATIENT
231,0,2022-06-21,1,F,20,PEDIATRICS,SC,ON CAMPUS-OUTPATIENT HOSPITAL
3352,0,2022-06-30,39,F,30,INTERNAL MEDICINE,NJ,OFFICE
579,0,2022-06-22,37,M,1,INTERNAL MEDICINE,MD,TELEHEALTH PROVIDED OTHER THAN IN PATIENT'S HOME
2643,0,2022-06-27,66,M,4,INTERNAL MEDICINE,TX,OFFICE
2026,0,2022-06-30,64,F,10,FAMILY MEDICINE,NY,TELEHEALTH PROVIDED OTHER THAN IN PATIENT'S HOME
1851,0,2022-06-30,19,M,2,FAMILY MEDICINE,KY,OFFICE
749,0,2022-06-28,5,F,1,PEDIATRICS,TX,OFFICE
2521,0,2022-06-01,33,F,2,FAMILY MEDICINE,TX,OFFICE
2709,0,2022-06-23,57,F,7,UNKNOWN,UNKNOWN,TELEHEALTH PROVIDED OTHER THAN IN PATIENT'S HOME
1312,0,2022-07-07,61,M,43,PSYCHIATRY,FL,TELEHEALTH PROVIDED OTHER THAN IN PATIENT'S HOME
735,0,2022-06-30,37,M,9,FAMILY MEDICINE,CA,TELEHEALTH PROVIDED OTHER THAN IN PATIENT'S HOME
3784,0,2022-06-28,45,F,1,FAMILY MEDICINE,PA,TELEHEALTH PROVIDED OTHER THAN IN PATIENT'S HOME
2581,0,2022-06-22,72,F,116,INTERNAL MEDICINE,MI,TELEHEALTH PROVIDED OTHER THAN IN PATIENT'S HOME
583,0,2022-06-21,9,F,1,PEDIATRICS,FL,OFFICE
2413,0,2022-06-25,21,F,3,NEURORADIOLOGY,MO,EMERGENCY ROOM - HOSPITAL
1136,0,2022-06-26,33,F,6,GASTROENTEROLOGY,IL,INPATIENT HOSPITAL
1926,0,2022-06-23,33,F,2,UNKNOWN,UNKNOWN,URGENT CARE FACILITY
3463,0,2022-06-28,52,F,13,FAMILY MEDICINE,TX,TELEHEALTH PROVIDED OTHER THAN IN PATIENT'S HOME
3790,0,2022-06-21,69,F,19,FAMILY MEDICINE,VA,OFFICE
3910,0,2022-06-30,59,F,108,CARDIOVASCULAR DISEASE,NY,OFFICE
3818,0,2022-06-27,81,F,2,DIAGNOSTIC RADIOLOGY,TX,INPATIENT HOSPITAL
2821,0,2022-06-27,83,M,68,EMERGENCY MEDICINE,MD,URGENT CARE FACILITY
101,0,2022-06-15,0,M,3,HEMATOLOGY (PATHOLOGY),FL,EMERGENCY ROOM - HOSPITAL
3948,0,2022-07-19,72,F,104,FAMILY MEDICINE,MI,OFFICE
2305,0,2022-07-08,85,F,120,FAMILY MEDICINE,FL,OFFICE
3590,0,2022-06-20,67,M,5,NURSE PRACTITIONER,MS,OFFICE
884,0,2022-06-22,30,M,4,FAMILY MEDICINE,AZ,OFFICE
3256,0,2022-06-24,85,F,25,CARDIOVASCULAR DISEASE,OH,ON CAMPUS-OUTPATIENT HOSPITAL
906,0,2022-06-16,7,F,1,NURSE PRACTITIONER,OK,URGENT CARE FACILITY
3133,0,2022-06-03,21,F,1,UNKNOWN,UNKNOWN,URGENT CARE FACILITY
396,0,2022-06-17,62,M,11,INTERNAL MEDICINE,FL,INPATIENT HOSPITAL
1854,0,2022-07-21,55,M,21,INTERNAL MEDICINE,IL,HOSPITAL OUTPATIENT
435,0,2022-06-29,55,M,1,FAMILY MEDICINE,GA,OFFICE
1369,0,2022-06-27,68,M,20,HOSPITALIST,CA,INPATIENT HOSPITAL
175,0,2022-06-21,42,M,1,PHYSICIAN ASSISTANT,NC,URGENT CARE FACILITY
3342,0,2022-06-28,36,F,2,UNKNOWN,UNKNOWN,INDEPENDENT LABORATORY
3361,0,2022-06-15,65,F,10,GENERAL PRACTICE,TN,OFFICE
1500,0,2022-06-14,38,M,2,EMERGENCY MEDICINE,OH,EMERGENCY ROOM - HOSPITAL
1475,0,2022-06-29,20,M,6,NURSE PRACTITIONER,CO,OFFICE
1809,0,2022-07-05,37,M,5,FAMILY MEDICINE,KS,HOSPITAL OUTPATIENT
405,0,2022-06-09,18,F,1,UNKNOWN,UNKNOWN,INDEPENDENT LABORATORY
1394,0,2022-06-28,9,F,5,PEDIATRICS,CA,TELEHEALTH PROVIDED OTHER THAN IN PATIENT'S HOME
1906,0,2022-06-21,57,M,23,INTERNAL MEDICINE,FL,TELEHEALTH PROVIDED OTHER THAN IN PATIENT'S HOME
2476,0,2022-06-22,28,M,1,NURSE PRACTITIONER,KY,OFFICE
827,0,2022-06-23,83,F,76,EMERGENCY MEDICINE,FL,EMERGENCY ROOM - HOSPITAL
158,0,2022-06-20,1,F,1,FAMILY MEDICINE,IN,EMERGENCY ROOM - HOSPITAL
506,0,2022-06-29,3,M,2,FAMILY MEDICINE,CA,CLINIC - FREESTANDING
567,0,2022-06-12,5,F,1,PHYSICIAN ASSISTANT,MD,URGENT CARE FACILITY
3729,0,2022-07-21,52,M,26,PHYSICIAN ASSISTANT,AZ,OTHER PLACE OF SERVICE
1157,0,2022-06-03,56,F,16,EMERGENCY MEDICINE,FL,EMERGENCY ROOM - HOSPITAL
3408,0,2022-07-12,65,M,125,INTERNAL MEDICINE,CA,OFFICE
1472,0,2022-06-08,22,M,5,FAMILY MEDICINE,CO,RURAL HEALTH CLINIC
3308,0,2022-06-02,29,M,5,FAMILY MEDICINE,OH,TELEHEALTH PROVIDED OTHER THAN IN PATIENT'S HOME
3148,0,2022-06-30,50,F,14,INTERNAL MEDICINE/PEDIATRICS,MD,TELEHEALTH PROVIDED OTHER THAN IN PATIENT'S HOME
1748,0,2022-06-16,50,F,1,UNKNOWN,UNKNOWN,INDEPENDENT LABORATORY
953,0,2022-06-08,37,F,6,NURSE PRACTITIONER,AL,OFFICE
2862,0,2022-07-12,21,M,2,INTERNAL MEDICINE,GA,OFFICE
3724,0,2022-06-22,71,M,6,INTERNAL MEDICINE,DE,INPATIENT HOSPITAL
2351,0,2022-06-23,77,F,3,EMERGENCY MEDICINE,IL,EMERGENCY ROOM - HOSPITAL
1091,0,2022-06-26,77,F,19,UNKNOWN,UNKNOWN,URGENT CARE FACILITY
208,0,2022-06-17,59,F,1,FAMILY MEDICINE,TX,OFFICE
1798,0,2022-06-13,33,F,9,EMERGENCY MEDICINE,TX,HOSPITAL OUTPATIENT
532,0,2022-06-16,3,M,2,PEDIATRICS,TX,OFFICE
3785,0,2022-06-12,85,F,23,EMERGENCY MEDICINE,CO,EMERGENCY ROOM - HOSPITAL
781,0,2022-06-01,24,M,2,UNKNOWN,UNKNOWN,URGENT CARE FACILITY
183,0,2022-07-16,1,M,1,PEDIATRICS,NY,OFFICE
2326,0,2022-06-27,45,F,4,EMERGENCY MEDICINE,NM,EMERGENCY ROOM - HOSPITAL
3478,0,2022-06-08,29,F,4,UNKNOWN,UNKNOWN,URGENT CARE FACILITY
3380,0,2022-06-10,40,M,2,FAMILY MEDICINE,CA,TELEHEALTH PROVIDED OTHER THAN IN PATIENT'S HOME
4019,0,2022-06-08,64,M,15,FORENSIC PATHOLOGY,TX,INPATIENT HOSPITAL
2906,0,2022-07-14,30,M,20,FAMILY MEDICINE,MI,OFFICE
2649,0,2022-06-26,54,M,26,NURSE PRACTITIONER,OK,URGENT CARE FACILITY
2596,0,2022-06-06,51,F,1,FAMILY MEDICINE,CA,TELEHEALTH PROVIDED IN PATIENT'S HOME
951,0,2022-07-04,39,M,10,HOSPITALIST,TX,INPATIENT HOSPITAL
2049,0,2022-06-01,32,M,1,EMERGENCY MEDICINE,IA,OFFICE
1712,0,2022-06-13,53,F,4,PHYSICIAN ASSISTANT,FL,OFFICE
3739,0,2022-07-21,85,M,135,NURSE PRACTITIONER,NY,UNASSIGNED
2146,0,2022-06-09,24,F,4,ANATOMIC/CLINICAL PATHOLOGY,TX,EMERGENCY ROOM - HOSPITAL
790,0,2022-06-06,37,F,11,INTERNAL MEDICINE,GA,HOSPITAL OUTPATIENT
2436,0,2022-06-08,73,M,8,FAMILY MEDICINE,NJ,OFFICE
3293,0,2022-06-09,23,F,1,NURSE PRACTITIONER,KY,OFFICE
2004,0,2022-06-07,56,M,1,PHYSICIAN ASSISTANT,MO,URGENT CARE FACILITY
2873,0,2022-06-06,22,M,1,INTERNAL MEDICINE,TX,TELEHEALTH PROVIDED OTHER THAN IN PATIENT'S HOME
1444,0,2022-06-10,64,M,9,INFECTIOUS DISEASE,PA,OFFICE
545,0,2022-06-26,3,F,1,NURSE PRACTITIONER,TX,URGENT CARE FACILITY
2196,0,2022-06-22,51,F,1,PHYSICIAN ASSISTANT,FL,URGENT CARE FACILITY
2954,0,2022-07-14,68,M,69,PODIATRIST,OH,OTHER PLACE OF SERVICE
3323,0,2022-06-18,51,F,3,FAMILY MEDICINE,IL,TELEHEALTH PROVIDED OTHER THAN IN PATIENT'S HOME
2735,0,2022-06-26,46,F,36,EMERGENCY MEDICINE,AZ,HOSPITAL OUTPATIENT
895,0,2022-06-30,41,F,3,FAMILY MEDICINE,VA,OFFICE
2058,0,2022-06-29,11,F,1,UNKNOWN,UNKNOWN,URGENT CARE FACILITY
2435,0,2022-06-27,46,M,3,UNKNOWN,UNKNOWN,INDEPENDENT LABORATORY
611,0,2022-06-20,53,M,1,GENERAL PREVENTIVE MEDICINE,CA,HOSPITAL OUTPATIENT
3159,0,2022-07-05,85,F,151,NEPHROLOGY,NC,OFFICE
2771,0,2022-06-13,54,M,71,FAMILY MEDICINE,NY,UNASSIGNED
3866,0,2022-06-15,24,M,3,PHYSICIAN ASSISTANT,NJ,OFFICE
3199,0,2022-06-02,70,M,10,FAMILY MEDICINE,NJ,OFFICE
2081,0,2022-06-23,44,F,1,PHYSICIAN ASSISTANT,VA,TELEHEALTH PROVIDED OTHER THAN IN PATIENT'S HOME
2394,0,2022-06-01,46,M,15,INTERNAL MEDICINE,NY,TELEHEALTH PROVIDED OTHER THAN IN PATIENT'S HOME
3578,0,2022-06-13,57,F,5,FAMILY MEDICINE,CA,OFFICE
1752,0,2022-06-21,16,F,1,PEDIATRICS,CA,OFFICE
3052,0,2022-06-28,72,F,13,INTERNAL MEDICINE,NY,URGENT CARE FACILITY
995,0,2022-06-30,26,F,1,ANATOMIC/CLINICAL PATHOLOGY,FL,ON CAMPUS-OUTPATIENT HOSPITAL
116,0,2022-07-07,69,M,16,NURSE PRACTITIONER,MN,OFFICE
1177,0,2022-06-13,16,F,2,FAMILY MEDICINE,AR,OFFICE
2289,0,2022-07-05,16,M,4,PHYSICIAN ASSISTANT,CT,TELEHEALTH PROVIDED OTHER THAN IN PATIENT'S HOME
3954,0,2022-07-18,74,M,65,FAMILY MEDICINE,MI,OFFICE
166,0,2022-06-06,1,F,3,EMERGENCY MEDICINE,SC,HOSPITAL OUTPATIENT
3465,0,2022-06-09,60,F,9,NURSE PRACTITIONER,MA,HOSPITAL - LABORATORY SERVICES PROVIDED TO NON-PATIENTS
2006,0,2022-06-21,36,M,1,UNKNOWN,UNKNOWN,OFFICE
144,0,2022-06-20,0,M,4,PEDIATRICS,FL,OFFICE
2759,0,2022-06-29,45,F,5,FAMILY MEDICINE,NC,OFFICE
2057,0,2022-06-23,43,M,35,INTERNAL MEDICINE,FL,TELEHEALTH PROVIDED OTHER THAN IN PATIENT'S HOME
661,0,2022-06-24,66,F,2,INTERNAL MEDICINE,NY,OFFICE
981,0,2022-06-25,79,F,3,EMERGENCY MEDICINE,PR,EMERGENCY ROOM - HOSPITAL
3014,0,2022-06-21,52,F,3,INTERNAL MEDICINE,NY,HOSPITAL OUTPATIENT
3631,0,2022-07-22,50,F,4,UNKNOWN,UNKNOWN,INDEPENDENT LABORATORY
918,0,2022-06-08,14,M,1,EMERGENCY MEDICINE,TN,URGENT CARE FACILITY
598,0,2022-06-01,45,M,17,EMERGENCY MEDICINE,CA,EMERGENCY ROOM - HOSPITAL
1767,0,2022-06-17,55,F,12,FAMILY MEDICINE,CA,TELEHEALTH PROVIDED IN PATIENT'S HOME
69,0,2022-06-04,0,F,3,FAMILY MEDICINE,NV,HOSPITAL OUTPATIENT
1792,0,2022-06-06,40,M,1,NURSE PRACTITIONER,MA,URGENT CARE FACILITY
2360,0,2022-06-24,14,F,1,ANATOMIC PATHOLOGY,CA,EMERGENCY ROOM - HOSPITAL
3632,0,2022-07-19,30,F,10,GENERAL SURGERY,TX,OFFICE
3890,0,2022-07-13,74,M,22,EMERGENCY MEDICINE,GA,EMERGENCY ROOM - HOSPITAL
558,0,2022-06-07,38,F,4,ANATOMIC/CLINICAL PATHOLOGY,OH,EMERGENCY ROOM - HOSPITAL
1632,0,2022-06-29,70,M,32,FAMILY MEDICINE,SD,OFFICE
778,0,2022-06-22,51,F,11,FAMILY MEDICINE,NY,TELEHEALTH PROVIDED OTHER THAN IN PATIENT'S HOME
3617,0,2022-06-13,59,F,3,FAMILY MEDICINE,HI,OFFICE
1930,0,2022-06-09,38,F,7,ANATOMIC/CLINICAL PATHOLOGY,FL,EMERGENCY ROOM - HOSPITAL
2237,0,2022-06-06,42,M,2,UNKNOWN,UNKNOWN,URGENT CARE FACILITY
290,0,2022-06-21,1,M,1,PEDIATRICS,IL,OFFICE
2254,0,2022-07-13,39,F,2,FAMILY MEDICINE,TX,OFFICE
3587,0,2022-06-20,61,F,5,NURSE PRACTITIONER,WA,CLINIC - RURAL HEALTH
498,0,2022-06-28,4,M,1,PEDIATRICS,CA,TELEHEALTH PROVIDED OTHER THAN IN PATIENT'S HOME
2602,0,2022-06-26,79,M,68,UNKNOWN,UNKNOWN,HOSPITAL OUTPATIENT
109,0,2022-06-16,85,F,1,NURSE PRACTITIONER,FL,CLINIC  - FEDERALLY QUALIFIED HEALTH CENTER (FQHC)
1023,0,2022-06-15,7,M,3,PEDIATRICS,TX,OFFICE
2264,0,2022-06-29,26,F,2,INTERNAL MEDICINE,NY,OFFICE
1575,0,2022-06-29,60,M,6,EMERGENCY MEDICINE,OR,EMERGENCY ROOM - HOSPITAL
3136,0,2022-06-16,64,M,6,UNKNOWN,UNKNOWN,URGENT CARE FACILITY
2888,0,2022-06-17,77,M,2,UNKNOWN,UNKNOWN,OTHER PLACE OF SERVICE
3227,0,2022-06-14,84,F,13,FAMILY MEDICINE,FL,INPATIENT HOSPITAL
1956,0,2022-06-11,66,M,10,NURSE PRACTITIONER,NJ,HOSPITAL OUTPATIENT
3675,0,2022-06-07,85,F,41,FAMILY MEDICINE,DE,OFFICE
87,0,2022-07-19,85,M,10,UNKNOWN,UNKNOWN,INDEPENDENT LABORATORY
2796,0,2022-06-23,42,M,1,NURSE PRACTITIONER,KY,OFFICE
736,0,2022-06-15,26,F,5,FAMILY MEDICINE,OK,OFFICE
162,0,2022-06-13,32,M,1,FAMILY MEDICINE,SC,HOSPITAL OUTPATIENT
3328,0,2022-07-20,25,F,4,DERMATOLOGY,FL,OFFICE
3210,0,2022-06-29,62,M,32,NEURORADIOLOGY,NC,ON CAMPUS-OUTPATIENT HOSPITAL
3508,0,2022-06-30,59,F,1,UNKNOWN,UNKNOWN,INDEPENDENT LABORATORY
1423,0,2022-06-24,55,F,2,NURSE PRACTITIONER,TX,URGENT CARE FACILITY
3507,0,2022-06-10,54,F,3,INTERNAL MEDICINE/EMERGENCY MEDICINE,TX,EMERGENCY ROOM - HOSPITAL
3713,0,2022-06-01,53,F,18,INTERNAL MEDICINE,CT,OFFICE
2502,0,2022-06-09,61,F,8,FAMILY MEDICINE,NY,OFFICE
2570,0,2022-06-10,41,M,1,NURSE PRACTITIONER,TX,OFFICE
831,0,2022-06-18,57,F,20,HOSPITALIST,OH,HOSPITAL OUTPATIENT
2719,0,2022-06-11,84,M,2,EMERGENCY MEDICINE,TX,HOSPITAL OUTPATIENT
1630,0,2022-06-27,10,F,2,ANATOMIC/CLINICAL PATHOLOGY,FL,EMERGENCY ROOM - HOSPITAL
2677,0,2022-06-24,23,M,1,EMERGENCY MEDICINE,TX,EMERGENCY ROOM - HOSPITAL
384,0,2022-06-27,32,F,1,FAMILY MEDICINE,OK,OFFICE
3039,0,2022-06-02,20,F,32,PHYSICIAN ASSISTANT,WA,HOSPITAL OUTPATIENT
1406,0,2022-06-23,64,M,3,FAMILY MEDICINE,CA,OFFICE
335,0,2022-06-01,81,F,5,INTERNAL MEDICINE,CT,UNASSIGNED
1451,0,2022-07-21,27,F,18,ANATOMIC/CLINICAL PATHOLOGY,AR,INDEPENDENT LABORATORY
3801,0,2022-06-22,82,M,161,UNKNOWN,UNKNOWN,INDEPENDENT LABORATORY
3448,0,2022-06-26,55,F,2,UNKNOWN,UNKNOWN,URGENT CARE FACILITY
3217,0,2022-06-02,45,F,2,FAMILY MEDICINE,TX,URGENT CARE FACILITY
2042,0,2022-06-29,11,F,1,PEDIATRICS,TX,OFFICE
3240,0,2022-06-27,57,F,2,EMERGENCY MEDICINE,CT,HOSPITAL OUTPATIENT
3562,0,2022-06-19,21,F,2,FAMILY MEDICINE,TX,EMERGENCY ROOM - HOSPITAL
3449,0,2022-07-20,61,F,9,UNKNOWN,UNKNOWN,INDEPENDENT LABORATORY
82,0,2022-07-05,13,M,1,NURSE PRACTITIONER,LA,OFFICE
3261,0,2022-06-13,45,F,10,EMERGENCY MEDICINE,OH,OFFICE
3883,0,2022-06-22,28,F,13,BLOOD BANKING/TRANSFUSION MEDICINE,CA,EMERGENCY ROOM - HOSPITAL
2069,0,2022-06-21,13,F,4,UNKNOWN,UNKNOWN,INDEPENDENT LABORATORY
3156,0,2022-06-07,66,F,26,FAMILY MEDICINE,IL,URGENT CARE FACILITY
3779,0,2022-06-14,48,M,1,OTOLARYNGOLOGY,VA,TELEHEALTH PROVIDED OTHER THAN IN PATIENT'S HOME
3070,0,2022-06-16,27,F,5,EMERGENCY MEDICINE,CA,EMERGENCY ROOM - HOSPITAL
2855,0,2022-06-25,85,M,2,EMERGENCY MEDICINE,MS,EMERGENCY ROOM - HOSPITAL
3083,0,2022-06-30,25,M,1,CYTOPATHOLOGY,MI,EMERGENCY ROOM - HOSPITAL
1167,0,2022-06-22,54,F,1,UNKNOWN,UNKNOWN,URGENT CARE FACILITY
3957,0,2022-06-06,49,M,2,INTERNAL MEDICINE/PEDIATRICS,CA,OFFICE
2567,0,2022-06-03,67,F,14,NURSE PRACTITIONER,KY,OFFICE
2982,0,2022-07-20,74,F,96,NEPHROLOGY,FL,OFFICE
3952,0,2022-06-05,35,F,1,EMERGENCY MEDICINE,DE,EMERGENCY ROOM - HOSPITAL
14,0,2022-07-21,82,F,26,INTERNAL MEDICINE,VA,UNASSIGNED
1502,0,2022-06-10,19,M,1,PEDIATRICS,AR,OFFICE
106,0,2022-06-23,0,M,1,PEDIATRICS,TN,EMERGENCY ROOM - HOSPITAL
1270,0,2022-06-20,84,M,87,INTERNAL MEDICINE,FL,TELEHEALTH PROVIDED IN PATIENT'S HOME
13,0,2022-06-28,23,M,1,NURSE PRACTITIONER,AR,OFFICE
755,0,2022-06-25,5,F,1,PHYSICIAN ASSISTANT,TN,OFFICE
1734,0,2022-06-27,36,F,20,OPTOMETRIST,OR,OFFICE
2164,0,2022-06-24,50,F,18,UNKNOWN,UNKNOWN,TELEHEALTH PROVIDED IN PATIENT'S HOME
266,0,2022-06-29,30,F,1,FAMILY MEDICINE,WA,URGENT CARE FACILITY
3234,0,2022-06-05,24,F,1,UNKNOWN,UNKNOWN,URGENT CARE FACILITY
1041,0,2022-06-12,54,F,6,NURSE PRACTITIONER,ME,CRITICAL ACCESS HOSPITAL
1470,0,2022-06-14,31,M,1,UNKNOWN,UNKNOWN,URGENT CARE FACILITY
1528,0,2022-06-11,84,M,37,EMERGENCY MEDICINE,PA,EMERGENCY ROOM - HOSPITAL
2303,0,2022-06-27,73,F,8,FAMILY MEDICINE,NY,OFFICE
668,0,2022-06-28,35,M,4,FAMILY MEDICINE,DC,TELEHEALTH PROVIDED OTHER THAN IN PATIENT'S HOME
719,0,2022-07-06,27,M,21,VASCULAR & INTERVENTIONAL RADIOLOGY,WA,EMERGENCY ROOM - HOSPITAL
3956,0,2022-06-09,58,F,16,INTERNAL MEDICINE/PEDIATRICS,MI,URGENT CARE FACILITY
2904,0,2022-06-23,18,F,1,PHYSICIAN ASSISTANT,MO,URGENT CARE FACILITY
2793,0,2022-06-01,41,F,12,FAMILY MEDICINE,MD,OFFICE
1619,0,2022-06-28,26,F,1,PHYSICIAN ASSISTANT,VA,TELEHEALTH PROVIDED OTHER THAN IN PATIENT'S HOME
3013,0,2022-06-15,41,M,13,INTERNAL MEDICINE,GA,OFFICE
1824,0,2022-06-08,25,M,1,INTERNAL MEDICINE,MI,TELEHEALTH PROVIDED IN PATIENT'S HOME
2486,0,2022-06-07,67,F,21,UNKNOWN,UNKNOWN,URGENT CARE FACILITY
135,0,2022-06-21,85,F,16,INTERNAL MEDICINE,OR,HOSPITAL INPATIENT (INCLUDING MEDICARE PART A)
3727,0,2022-06-23,23,M,1,NURSE PRACTITIONER,WA,HOSPITAL OUTPATIENT
2208,0,2022-06-20,68,F,2,PHYSICIAN ASSISTANT,CA,TELEHEALTH PROVIDED IN PATIENT'S HOME
2559,0,2022-07-22,61,F,7,NURSE PRACTITIONER,MI,OFFICE
385,0,2022-06-22,2,F,1,PEDIATRICS,TX,OFF CAMPUS-OUTPATIENT HOSPITAL
838,0,2022-06-20,6,M,10,PEDIATRICS,WA,TELEHEALTH PROVIDED OTHER THAN IN PATIENT'S HOME
365,0,2022-06-21,2,F,2,PEDIATRIC EMERGENCY MEDICINE (PEDIATRICS),NV,EMERGENCY ROOM - HOSPITAL
3470,0,2022-06-28,20,F,2,EMERGENCY MEDICINE,TX,EMERGENCY ROOM - HOSPITAL
185,0,2022-06-13,64,M,10,NURSE PRACTITIONER,NE,CRITICAL ACCESS HOSPITAL
1879,0,2022-06-03,38,F,4,FAMILY MEDICINE,GA,OFFICE
3447,0,2022-06-29,59,F,23,RHEUMATOLOGY,FL,OFFICE
1855,0,2022-06-01,32,F,24,INTERNAL MEDICINE,AZ,OFFICE
614,0,2022-06-01,59,M,14,NURSE PRACTITIONER,CA,CLINIC - FREESTANDING
1864,0,2022-06-29,21,F,2,ANATOMIC/CLINICAL PATHOLOGY,FL,EMERGENCY ROOM - HOSPITAL
95,0,2022-06-05,0,M,1,PEDIATRIC EMERGENCY MEDICINE (PEDIATRICS),FL,EMERGENCY ROOM - HOSPITAL
3625,0,2022-06-07,67,M,7,INTERNAL MEDICINE,MI,HOSPITAL OUTPATIENT
437,0,2022-06-09,22,M,8,ANATOMIC/CLINICAL PATHOLOGY,FL,INPATIENT HOSPITAL
2488,0,2022-06-30,54,F,1,INTERNAL MEDICINE,CA,TELEHEALTH PROVIDED OTHER THAN IN PATIENT'S HOME
2794,0,2022-06-28,36,F,27,PHYSICIAN ASSISTANT,OH,HOSPITAL OUTPATIENT
172,0,2022-06-30,1,M,1,PEDIATRICS,LA,OFFICE
186,0,2022-06-25,1,M,1,INTERNAL MEDICINE/PEDIATRICS,MA,OFFICE
3566,0,2022-07-01,43,F,3,UNKNOWN,UNKNOWN,OTHER PLACE OF SERVICE
314,0,2022-06-23,6,M,1,NURSE PRACTITIONER,FL,TELEHEALTH PROVIDED OTHER THAN IN PATIENT'S HOME
1936,0,2022-06-30,45,F,1,UNKNOWN,UNKNOWN,URGENT CARE FACILITY
3867,0,2022-06-30,66,M,4,EMERGENCY MEDICINE,NH,URGENT CARE FACILITY
466,0,2022-06-06,3,M,1,PEDIATRICS,IL,OFF CAMPUS-OUTPATIENT HOSPITAL
538,0,2022-06-16,5,M,1,UNKNOWN,UNKNOWN,INDEPENDENT LABORATORY
2704,0,2022-06-13,72,M,49,OBSTETRICS & GYNECOLOGY,TX,ON CAMPUS-OUTPATIENT HOSPITAL
949,0,2022-06-04,41,F,25,CYTOPATHOLOGY,MO,EMERGENCY ROOM - HOSPITAL
1990,0,2022-06-06,53,M,8,INTERNAL MEDICINE,GA,OFFICE
2238,0,2022-06-03,22,M,1,FAMILY MEDICINE,WA,URGENT CARE FACILITY
2009,0,2022-06-14,12,M,5,PHYSICIAN ASSISTANT,IN,URGENT CARE FACILITY
3371,0,2022-06-01,77,M,20,NURSE PRACTITIONER,LA,OFFICE
1870,0,2022-06-20,10,M,1,NURSE PRACTITIONER,GA,URGENT CARE FACILITY
3471,0,2022-06-19,61,F,3,FAMILY MEDICINE,CA,OFFICE
1022,0,2022-06-26,10,M,1,PEDIATRIC EMERGENCY MEDICINE (PEDIATRICS),DC,URGENT CARE FACILITY
2715,0,2022-07-14,73,M,82,CARDIOVASCULAR DISEASE,NY,OFFICE
1366,0,2022-06-16,57,F,4,NURSE PRACTITIONER,LA,OFFICE
1422,0,2022-06-24,71,F,3,PHYSICIAN ASSISTANT,NY,TELEHEALTH PROVIDED OTHER THAN IN PATIENT'S HOME
1603,0,2022-06-27,51,M,1,UNKNOWN,UNKNOWN,URGENT CARE FACILITY
96,0,2022-06-27,37,F,1,PHYSICIAN ASSISTANT,AZ,URGENT CARE FACILITY
479,0,2022-06-08,64,M,9,FAMILY MEDICINE,FL,TELEHEALTH PROVIDED OTHER THAN IN PATIENT'S HOME
2562,0,2022-07-12,81,M,174,RADIATION ONCOLOGY,AZ,OFFICE
150,0,2022-06-23,43,F,1,FAMILY MEDICINE,FL,HOSPITAL OUTPATIENT
2106,0,2022-06-27,51,F,24,FAMILY MEDICINE,TX,OFFICE
2565,0,2022-06-27,78,M,41,NURSE PRACTITIONER,GA,OFFICE
1457,0,2022-06-24,43,F,2,PHYSICIAN ASSISTANT,CA,URGENT CARE FACILITY
5,0,2022-06-02,34,M,1,UNKNOWN,UNKNOWN,INDEPENDENT LABORATORY
872,0,2022-06-02,8,M,1,PEDIATRICS,NY,OFFICE
3970,0,2022-07-18,43,M,2,DERMATOLOGY,KY,OFFICE
1786,0,2022-07-01,61,M,10,CRITICAL CARE MEDICINE (INTERNAL MEDICINE),PA,INPATIENT HOSPITAL
3203,0,2022-07-08,74,F,39,FAMILY MEDICINE,CA,OFFICE
1100,0,2022-06-17,48,M,13,FAMILY MEDICINE,TX,OFFICE
2863,0,2022-06-01,47,M,1,PHYSICIAN ASSISTANT,MI,URGENT CARE FACILITY
205,0,2022-07-12,65,M,14,UNKNOWN,UNKNOWN,INDEPENDENT LABORATORY
1305,0,2022-06-09,23,F,1,EMERGENCY MEDICINE,GA,EMERGENCY ROOM - HOSPITAL
2174,0,2022-06-08,41,M,1,INTERNAL MEDICINE,CO,TELEHEALTH PROVIDED OTHER THAN IN PATIENT'S HOME
1564,0,2022-06-09,74,M,6,NURSE PRACTITIONER,OR,RURAL HEALTH CLINIC
1540,0,2022-07-04,85,F,9,EMERGENCY MEDICINE,LA,URGENT CARE FACILITY
757,0,2022-06-06,49,F,1,UNKNOWN,UNKNOWN,INDEPENDENT LABORATORY
3005,0,2022-06-09,66,F,22,EMERGENCY MEDICINE,NC,HOSPITAL OUTPATIENT
1883,0,2022-06-22,10,F,4,PEDIATRICS,FL,TELEHEALTH PROVIDED OTHER THAN IN PATIENT'S HOME
3541,0,2022-06-20,30,F,2,PHYSICIAN ASSISTANT,IN,URGENT CARE FACILITY
163,0,2022-06-22,52,F,1,NURSE PRACTITIONER,WY,URGENT CARE FACILITY
3797,0,2022-06-21,85,F,3,INTERNAL MEDICINE,CT,OFFICE
1690,0,2022-06-26,59,M,10,EMERGENCY MEDICINE,TX,HOSPITAL OUTPATIENT
613,0,2022-06-30,4,F,1,UNKNOWN,UNKNOWN,INDEPENDENT LABORATORY
1874,0,2022-06-21,14,F,2,PEDIATRICS,MD,OFFICE
2612,0,2022-06-15,28,M,2,FAMILY MEDICINE,NV,URGENT CARE FACILITY
2308,0,2022-06-27,85,F,10,INTERNAL MEDICINE,NJ,OFFICE
3231,0,2022-06-21,62,F,14,INTERNAL MEDICINE,AL,OFFICE
3524,0,2022-06-25,32,M,1,FAMILY MEDICINE,AR,OFFICE
3644,0,2022-06-14,79,F,7,FAMILY MEDICINE,CA,OFFICE
2807,0,2022-07-06,85,M,31,UNKNOWN,UNKNOWN,INDEPENDENT LABORATORY
1915,0,2022-06-09,43,F,1,FAMILY MEDICINE,TX,TELEHEALTH PROVIDED OTHER THAN IN PATIENT'S HOME
1237,0,2022-06-13,41,M,3,NURSE PRACTITIONER,CA,TELEHEALTH PROVIDED OTHER THAN IN PATIENT'S HOME
1699,0,2022-06-09,56,F,8,PHYSICIAN ASSISTANT,FL,URGENT CARE FACILITY
3726,0,2022-06-05,31,F,3,PHYSICIAN ASSISTANT,CA,URGENT CARE FACILITY
2297,0,2022-06-27,59,M,30,INTERNAL MEDICINE,NJ,OFFICE
3634,0,2022-06-15,78,F,30,FAMILY MEDICINE,TX,UNASSIGNED
3454,0,2022-06-24,26,M,3,PHYSICIAN ASSISTANT,FL,URGENT CARE FACILITY
3892,0,2022-06-11,44,F,8,FAMILY MEDICINE,NJ,URGENT CARE FACILITY
2644,0,2022-07-06,63,M,27,INTERNAL MEDICINE,LA,OFFICE
2000,0,2022-06-15,54,F,25,INTERNAL MEDICINE,TX,OFFICE
3934,0,2022-06-17,61,F,33,NURSE PRACTITIONER,MD,TELEHEALTH PROVIDED OTHER THAN IN PATIENT'S HOME
219,0,2022-06-05,1,M,1,FAMILY MEDICINE,PA,EMERGENCY ROOM - HOSPITAL
2002,0,2022-06-07,70,M,14,FAMILY MEDICINE,MD,OFFICE
1288,0,2022-06-23,38,F,1,FAMILY MEDICINE,PA,URGENT CARE FACILITY
99,0,2022-06-04,0,F,3,PEDIATRICS,NY,EMERGENCY ROOM - HOSPITAL
2369,0,2022-06-05,38,F,26,FAMILY MEDICINE,NY,URGENT CARE FACILITY
2044,0,2022-06-23,37,M,2,FAMILY MEDICINE,CA,OFFICE
2593,0,2022-06-19,48,F,7,PHYSICIAN ASSISTANT,NV,URGENT CARE FACILITY
3915,0,2022-06-30,45,F,2,EMERGENCY MEDICINE,NY,EMERGENCY ROOM - HOSPITAL
2879,0,2022-06-28,45,M,82,UNKNOWN,UNKNOWN,INDEPENDENT LABORATORY
34,0,2022-07-21,31,F,10,CLINICAL SOCIAL WORKER,FL,COMMUNITY MENTAL HEALTH CENTER
1620,0,2022-07-03,45,F,5,EMERGENCY MEDICINE,ID,HOSPITAL - LABORATORY SERVICES PROVIDED TO NON-PATIENTS
970,0,2022-06-20,42,M,1,FAMILY MEDICINE,PA,OFFICE
2427,0,2022-06-23,45,F,5,PHYSICIAN ASSISTANT,MN,URGENT CARE FACILITY
2955,0,2022-06-20,79,M,13,FAMILY MEDICINE,OH,OFFICE
3757,0,2022-06-01,37,F,2,EMERGENCY MEDICINE,MD,HOSPITAL OUTPATIENT
1316,0,2022-06-28,40,F,1,PHYSICIAN ASSISTANT,CA,URGENT CARE FACILITY
1865,0,2022-06-30,51,M,7,EMERGENCY MEDICINE,CA,HOSPITAL OUTPATIENT
3906,0,2022-06-07,58,F,145,FAMILY MEDICINE,PA,URGENT CARE FACILITY
1241,0,2022-06-01,36,M,8,NURSE PRACTITIONER,TX,TELEHEALTH PROVIDED OTHER THAN IN PATIENT'S HOME
3341,0,2022-06-14,48,F,6,FAMILY MEDICINE,WI,OFFICE
1660,0,2022-07-13,77,M,12,INTERNAL MEDICINE,NC,CLINIC - RURAL HEALTH
1297,0,2022-06-07,36,F,4,PHYSICIAN ASSISTANT,VT,URGENT CARE FACILITY
2158,0,2022-06-22,85,M,92,FAMILY MEDICINE,FL,OFFICE
2700,0,2022-06-17,25,F,1,EMERGENCY MEDICINE,WA,EMERGENCY ROOM - HOSPITAL
1903,0,2022-06-24,66,F,24,INTERNAL MEDICINE,CA,OFFICE
3282,0,2022-06-30,19,F,1,EMERGENCY MEDICINE,OK,EMERGENCY ROOM - HOSPITAL
2621,0,2022-06-14,22,M,2,PHYSICIAN ASSISTANT,WA,URGENT CARE FACILITY
153,0,2022-06-09,33,M,2,INTERNAL MEDICINE,IL,OFFICE
1415,0,2022-07-11,40,F,1,ANATOMIC/CLINICAL PATHOLOGY,MN,OFFICE
813,0,2022-06-29,24,F,2,UNKNOWN,UNKNOWN,INDEPENDENT LABORATORY
1289,0,2022-07-20,68,F,8,PHYSICAL THERAPY,PA,COMPREHENSIVE OUTPATIENT REHABILITATION FACILITY
3486,0,2022-06-20,61,F,18,EMERGENCY MEDICINE,MI,EMERGENCY ROOM - HOSPITAL
2325,0,2022-07-12,46,M,38,INTERNAL MEDICINE,SC,OFFICE
3178,0,2022-07-06,52,M,2,NURSE PRACTITIONER,CA,URGENT CARE FACILITY
3188,0,2022-07-08,85,F,160,CARDIOVASCULAR DISEASE,TX,HOSPITAL OUTPATIENT
616,0,2022-06-29,4,F,4,PEDIATRICS,NY,HOSPITAL OUTPATIENT
1539,0,2022-07-18,72,M,170,UNKNOWN,UNKNOWN,INDEPENDENT LABORATORY
2823,0,2022-06-08,32,M,1,FAMILY MEDICINE,CA,TELEHEALTH PROVIDED OTHER THAN IN PATIENT'S HOME
2356,0,2022-06-02,57,F,4,UNKNOWN,UNKNOWN,INDEPENDENT LABORATORY
2092,0,2022-07-19,65,F,5,COLON & RECTAL SURGERY,OH,ON CAMPUS-OUTPATIENT HOSPITAL
2588,0,2022-06-27,24,F,1,INTERNAL MEDICINE,NY,OFFICE
571,0,2022-06-26,70,F,18,CARDIOVASCULAR DISEASE,AL,ON CAMPUS-OUTPATIENT HOSPITAL
3896,0,2022-06-28,24,F,101,OBSTETRICS & GYNECOLOGY,MI,ON CAMPUS-OUTPATIENT HOSPITAL
3955,0,2022-06-13,64,F,147,UNKNOWN,UNKNOWN,INPATIENT HOSPITAL
1664,0,2022-06-29,60,F,2,UNKNOWN,UNKNOWN,URGENT CARE FACILITY
1287,0,2022-06-14,72,F,22,HEMATOLOGY/ONCOLOGY,SC,OFFICE
1843,0,2022-06-16,32,F,1,UNKNOWN,UNKNOWN,URGENT CARE FACILITY
2387,0,2022-06-28,46,M,56,INTERNAL MEDICINE,GA,TELEHEALTH PROVIDED OTHER THAN IN PATIENT'S HOME
2458,0,2022-06-28,74,F,36,NURSE PRACTITIONER,WY,OFFICE
817,0,2022-06-27,48,F,8,UNKNOWN,UNKNOWN,URGENT CARE FACILITY
216,0,2022-06-13,32,F,5,FAMILY MEDICINE,MA,ON CAMPUS-OUTPATIENT HOSPITAL
3192,0,2022-06-15,43,F,1,NURSE PRACTITIONER,FL,EMERGENCY ROOM - HOSPITAL
1132,0,2022-06-17,34,F,1,PEDIATRICS,NJ,OFFICE
81,0,2022-06-06,24,M,1,FAMILY MEDICINE,NY,TELEHEALTH PROVIDED OTHER THAN IN PATIENT'S HOME
2543,0,2022-06-07,52,M,1,FAMILY MEDICINE,CA,OFFICE
1574,0,2022-07-18,34,F,36,INTERNAL MEDICINE/PEDIATRICS,GA,UNASSIGNED
1704,0,2022-06-29,79,F,17,INTERNAL MEDICINE,GA,OFFICE
2215,0,2022-06-13,13,M,2,EMERGENCY MEDICINE,MN,EMERGENCY ROOM - HOSPITAL
3698,0,2022-07-12,35,F,6,PULMONARY CRITICAL CARE MEDICINE,OH,OFFICE
2213,0,2022-06-27,46,F,49,FAMILY MEDICINE,GA,TELEHEALTH PROVIDED OTHER THAN IN PATIENT'S HOME
3703,0,2022-06-16,67,F,12,FAMILY MEDICINE,MA,OFFICE
1598,0,2022-07-03,46,F,8,EMERGENCY MEDICINE,CO,EMERGENCY ROOM - HOSPITAL
2639,0,2022-06-11,53,F,4,UNKNOWN,UNKNOWN,URGENT CARE FACILITY
64,0,2022-06-10,2,F,1,ANATOMIC/CLINICAL PATHOLOGY,FL,ON CAMPUS-OUTPATIENT HOSPITAL
1220,0,2022-06-10,13,F,1,PEDIATRICS,VA,OFFICE
760,0,2022-06-04,53,F,2,INTERNAL MEDICINE,CA,OFFICE
1038,0,2022-07-13,45,M,39,FAMILY MEDICINE,TX,TELEHEALTH PROVIDED IN PATIENT'S HOME
1125,0,2022-06-21,8,M,1,PEDIATRICS,CA,URGENT CARE FACILITY
905,0,2022-06-12,6,M,4,EMERGENCY MEDICINE,FL,HOSPITAL OUTPATIENT
1429,0,2022-06-23,34,F,1,PHYSICIAN ASSISTANT,NY,URGENT CARE FACILITY
2395,0,2022-06-22,60,F,23,DIAGNOSTIC RADIOLOGY,PA,ON CAMPUS-OUTPATIENT HOSPITAL
462,0,2022-06-27,55,F,2,DIAGNOSTIC RADIOLOGY,MD,EMERGENCY ROOM - HOSPITAL
3491,0,2022-07-01,85,F,4,FAMILY MEDICINE,IA,UNASSIGNED
1356,0,2022-07-05,83,M,55,INTERNAL MEDICINE,OH,HOSPITAL - SWING BEDS
3959,0,2022-06-22,66,F,96,EMERGENCY MEDICINE,PA,HOSPITAL OUTPATIENT
2730,0,2022-06-23,42,M,2,FAMILY MEDICINE,FL,HOSPITAL OUTPATIENT
1572,0,2022-06-27,85,F,98,FAMILY MEDICINE,CA,UNASSIGNED
2300,0,2022-06-23,15,M,2,PEDIATRICS,CA,TELEHEALTH PROVIDED OTHER THAN IN PATIENT'S HOME
998,0,2022-06-21,65,M,3,INTERNAL MEDICINE,NY,OFFICE
2833,0,2022-06-28,45,F,114,NURSE PRACTITIONER,CA,OFFICE
2582,0,2022-06-17,47,F,9,FAMILY MEDICINE,AR,EMERGENCY ROOM - HOSPITAL
46,0,2022-06-17,36,F,1,NURSE PRACTITIONER,MO,URGENT CARE FACILITY
1959,0,2022-06-10,63,M,4,PHYSICIAN ASSISTANT,TX,URGENT CARE FACILITY
984,0,2022-06-03,73,M,8,EMERGENCY MEDICINE,CA,HOSPITAL OUTPATIENT
2169,0,2022-06-15,55,F,1,UNKNOWN,UNKNOWN,URGENT CARE FACILITY
292,0,2022-06-17,2,F,2,EMERGENCY MEDICINE,MN,EMERGENCY ROOM - HOSPITAL
1816,0,2022-06-12,28,F,1,UNKNOWN,UNKNOWN,INDEPENDENT LABORATORY
839,0,2022-06-14,38,F,5,FAMILY MEDICINE,IN,TELEHEALTH PROVIDED OTHER THAN IN PATIENT'S HOME
485,0,2022-07-19,42,F,1,NURSE PRACTITIONER,CA,OFFICE
2985,0,2022-06-23,52,F,2,UNKNOWN,UNKNOWN,URGENT CARE FACILITY
1071,0,2022-07-04,81,M,47,UNKNOWN,UNKNOWN,AMBULANCE - LAND
816,0,2022-07-20,54,F,57,NURSE PRACTITIONER,SD,TELEHEALTH PROVIDED OTHER THAN IN PATIENT'S HOME
1186,0,2022-06-13,43,M,2,FAMILY MEDICINE,PA,OFFICE
2283,0,2022-06-08,35,M,1,FAMILY MEDICINE,TX,URGENT CARE FACILITY
2061,0,2022-06-09,39,F,14,FAMILY MEDICINE,PA,OFFICE
641,0,2022-06-24,22,M,1,NURSE PRACTITIONER,SC,OFFICE
2525,0,2022-07-22,82,M,21,INTERVENTIONAL CARDIOLOGY,CA,OFF CAMPUS-OUTPATIENT HOSPITAL
276,0,2022-06-30,1,F,1,PEDIATRICS,TX,OFFICE
4004,0,2022-06-26,54,M,25,UNKNOWN,UNKNOWN,URGENT CARE FACILITY
985,0,2022-06-27,7,F,3,EMERGENCY MEDICINE,FL,HOSPITAL OUTPATIENT
2485,0,2022-06-16,79,M,177,FAMILY MEDICINE,NV,UNASSIGNED
1317,0,2022-06-30,43,F,2,UNKNOWN,UNKNOWN,INDEPENDENT LABORATORY
1742,0,2022-06-12,38,F,1,NURSE PRACTITIONER,NY,HOSPITAL OUTPATIENT
3834,0,2022-06-13,47,F,3,NURSE PRACTITIONER,AL,URGENT CARE FACILITY
2751,0,2022-07-03,39,M,24,INTERNAL MEDICINE/PEDIATRICS,FL,INPATIENT HOSPITAL
3104,0,2022-06-03,17,M,4,INTERNAL MEDICINE,NY,OFFICE
2440,0,2022-06-09,75,F,1,NURSE PRACTITIONER,NC,URGENT CARE FACILITY
140,0,2022-06-15,23,F,1,OBSTETRICS & GYNECOLOGY,CO,URGENT CARE FACILITY
549,0,2022-06-20,3,F,1,PEDIATRICS,IN,FEDERALLY QUALIFIED HEALTH CENTER
704,0,2022-06-29,5,M,1,UNKNOWN,UNKNOWN,FEDERALLY QUALIFIED HEALTH CENTER
2327,0,2022-06-21,44,M,18,FAMILY MEDICINE,AR,OFFICE
1904,0,2022-07-01,61,F,30,PSYCHIATRY,NY,OFFICE
4006,0,2022-06-28,85,F,35,UNKNOWN,UNKNOWN,INDEPENDENT LABORATORY
3924,0,2022-07-01,77,F,151,FAMILY MEDICINE,MI,UNASSIGNED
2892,0,2022-06-21,56,M,3,FAMILY MEDICINE,TX,TELEHEALTH PROVIDED OTHER THAN IN PATIENT'S HOME
2467,0,2022-06-02,32,M,15,UNKNOWN,UNKNOWN,INDEPENDENT LABORATORY
2126,0,2022-06-16,72,F,7,FAMILY MEDICINE,MI,TELEHEALTH PROVIDED OTHER THAN IN PATIENT'S HOME
2755,0,2022-06-14,48,F,4,UNKNOWN,UNKNOWN,INDEPENDENT LABORATORY
2219,0,2022-07-06,78,F,33,FAMILY MEDICINE,VA,OFFICE
381,0,2022-07-21,30,F,7,FAMILY MEDICINE,CA,TELEHEALTH PROVIDED OTHER THAN IN PATIENT'S HOME
2328,0,2022-06-09,51,M,26,INTERNAL MEDICINE,IL,TELEHEALTH PROVIDED OTHER THAN IN PATIENT'S HOME
1135,0,2022-06-11,38,F,3,FAMILY MEDICINE,CA,URGENT CARE FACILITY
3059,0,2022-07-22,85,F,139,OCCUPATIONAL THERAPY,OH,INDEPENDENT CLINIC
1426,0,2022-06-23,71,M,15,PHYSICIAN ASSISTANT,IN,OFFICE
3823,0,2022-06-30,57,M,17,INTERNAL MEDICINE,FL,INPATIENT HOSPITAL
3630,0,2022-06-19,57,M,3,EMERGENCY MEDICINE,IL,EMERGENCY ROOM - HOSPITAL
409,0,2022-06-09,37,F,5,EMERGENCY MEDICINE,CO,HOSPITAL OUTPATIENT
1550,0,2022-07-15,51,F,10,DIAGNOSTIC RADIOLOGY,IA,EMERGENCY ROOM - HOSPITAL
1599,0,2022-07-14,75,F,116,UNKNOWN,UNKNOWN,OFFICE
1217,0,2022-06-20,29,M,2,FAMILY MEDICINE,TX,OFFICE
1597,0,2022-06-20,85,F,1,UNKNOWN,UNKNOWN,EMERGENCY ROOM - HOSPITAL
552,0,2022-06-30,3,F,2,FAMILY MEDICINE,CA,CLINIC - RURAL HEALTH
2422,0,2022-07-12,85,M,133,NEPHROLOGY,NY,OFFICE
1164,0,2022-07-01,70,M,12,EMERGENCY MEDICINE,TX,EMERGENCY ROOM - HOSPITAL
788,0,2022-07-22,81,F,137,NURSE PRACTITIONER,RI,OFFICE
3637,0,2022-06-13,37,M,1,NURSE PRACTITIONER,TN,OFFICE
976,0,2022-06-29,28,M,2,INTERNAL MEDICINE,CA,TELEHEALTH PROVIDED OTHER THAN IN PATIENT'S HOME
2931,0,2022-06-25,34,F,4,EMERGENCY MEDICINE,NH,ON CAMPUS-OUTPATIENT HOSPITAL
1129,0,2022-06-30,46,F,20,FAMILY MEDICINE,FL,OFFICE
542,0,2022-06-30,59,M,63,GASTROENTEROLOGY,CA,OFFICE
3496,0,2022-06-10,84,M,5,UNKNOWN,UNKNOWN,INDEPENDENT LABORATORY
1819,0,2022-06-28,20,F,24,GENERAL PRACTICE,FL,URGENT CARE FACILITY
3345,0,2022-06-15,25,F,3,PHYSICIAN ASSISTANT,FL,URGENT CARE FACILITY
2731,0,2022-06-01,55,F,4,INTERNAL MEDICINE,OH,OFFICE
1579,0,2022-06-10,75,M,2,PEDIATRIC RADIOLOGY,WA,INPATIENT HOSPITAL
967,0,2022-06-17,69,F,16,INFECTIOUS DISEASE,TX,INPATIENT HOSPITAL
3979,0,2022-06-28,85,F,40,FAMILY MEDICINE,WV,OFFICE
336,0,2022-06-16,45,M,1,UNKNOWN,UNKNOWN,INDEPENDENT LABORATORY
2966,0,2022-06-16,27,F,16,UNKNOWN,UNKNOWN,URGENT CARE FACILITY
115,0,2022-06-04,43,F,1,ANATOMIC/CLINICAL PATHOLOGY,FL,EMERGENCY ROOM - HOSPITAL
560,0,2022-06-19,27,M,1,EMERGENCY MEDICINE,FL,HOSPITAL OUTPATIENT
448,0,2022-06-21,5,M,1,PEDIATRICS,NC,OFFICE
3251,0,2022-06-20,24,F,1,NURSE PRACTITIONER,MA,URGENT CARE FACILITY
29,0,2022-06-22,26,M,1,PHYSICIAN ASSISTANT,CA,URGENT CARE FACILITY
35,0,2022-06-21,58,F,1,PHYSICIAN ASSISTANT,TX,URGENT CARE FACILITY
1676,0,2022-07-10,78,F,143,EMERGENCY MEDICINE,FL,EMERGENCY ROOM - HOSPITAL
2962,0,2022-06-16,53,F,1,UNKNOWN,UNKNOWN,URGENT CARE FACILITY
975,0,2022-06-11,7,M,2,UNKNOWN,UNKNOWN,URGENT CARE FACILITY
3682,0,2022-06-16,20,M,1,NURSE PRACTITIONER,VA,TELEHEALTH PROVIDED OTHER THAN IN PATIENT'S HOME
2868,0,2022-06-19,74,F,6,INTERNAL MEDICINE,MI,INPATIENT HOSPITAL
1837,0,2022-06-21,58,F,7,NURSE PRACTITIONER,TX,OFFICE
301,0,2022-06-18,1,M,2,FAMILY MEDICINE,FL,EMERGENCY ROOM - HOSPITAL
372,0,2022-06-03,2,M,4,PEDIATRICS,FL,OFFICE
1380,0,2022-06-27,52,M,6,EMERGENCY MEDICINE,WA,EMERGENCY ROOM - HOSPITAL
2025,0,2022-06-23,21,M,7,PHYSICIAN ASSISTANT,GA,URGENT CARE FACILITY
3717,0,2022-06-05,30,F,21,PHYSICIAN ASSISTANT,AZ,URGENT CARE FACILITY
2270,0,2022-06-18,59,F,5,PHYSICIAN ASSISTANT,AZ,URGENT CARE FACILITY
1210,0,2022-06-30,67,F,20,EMERGENCY MEDICINE,PA,HOSPITAL OUTPATIENT
3662,0,2022-06-24,57,M,14,UNKNOWN,UNKNOWN,UNASSIGNED
2478,0,2022-06-22,79,F,3,EMERGENCY MEDICINE,AL,EMERGENCY ROOM - HOSPITAL
1279,0,2022-07-06,9,F,5,UNKNOWN,UNKNOWN,FEDERALLY QUALIFIED HEALTH CENTER
2630,0,2022-06-28,23,M,1,NURSE PRACTITIONER,FL,URGENT CARE FACILITY
187,0,2022-06-30,1,F,2,PHYSICIAN ASSISTANT,CA,URGENT CARE FACILITY
1360,0,2022-06-30,25,M,19,UNKNOWN,UNKNOWN,CLINIC  - FEDERALLY QUALIFIED HEALTH CENTER (FQHC)
1384,0,2022-06-21,49,M,1,GASTROENTEROLOGY,NY,OFFICE
1424,0,2022-06-23,64,M,80,INTERNAL MEDICINE,CA,CLINIC - FREESTANDING
1290,0,2022-06-17,60,F,1,PHYSICIAN ASSISTANT,ME,CLINIC  - FEDERALLY QUALIFIED HEALTH CENTER (FQHC)
1779,0,2022-06-08,37,M,1,DIAGNOSTIC RADIOLOGY,TX,EMERGENCY ROOM - HOSPITAL
2336,0,2022-07-11,41,F,10,CARDIOVASCULAR DISEASE,MS,OFFICE
338,0,2022-06-30,9,M,1,UNKNOWN,UNKNOWN,URGENT CARE FACILITY
1446,0,2022-07-22,85,F,24,INTERNAL MEDICINE,OH,UNASSIGNED
3768,0,2022-06-13,38,F,1,UNKNOWN,UNKNOWN,TELEHEALTH PROVIDED IN PATIENT'S HOME
312,0,2022-06-25,49,M,6,UNKNOWN,UNKNOWN,INDEPENDENT LABORATORY
2474,0,2022-07-19,61,M,78,FAMILY MEDICINE,CA,CLINIC - FREESTANDING
1947,0,2022-06-24,23,F,46,PHYSICIAN ASSISTANT,MI,HOSPITAL - LABORATORY SERVICES PROVIDED TO NON-PATIENTS
1525,0,2022-06-18,56,F,9,EMERGENCY MEDICINE,FL,URGENT CARE FACILITY
3808,0,2022-06-30,78,F,26,FAMILY MEDICINE,MA,TELEHEALTH PROVIDED OTHER THAN IN PATIENT'S HOME
960,0,2022-06-27,39,F,7,FAMILY MEDICINE,NY,OFFICE
681,0,2022-06-29,9,M,4,NURSE PRACTITIONER,NY,TELEHEALTH PROVIDED OTHER THAN IN PATIENT'S HOME
1189,0,2022-06-25,45,M,7,INTERNAL MEDICINE,CA,HOSPITAL INPATIENT (INCLUDING MEDICARE PART A)
3450,0,2022-06-27,67,F,19,EMERGENCY MEDICINE,MI,URGENT CARE FACILITY
2780,0,2022-06-01,17,M,3,PEDIATRICS,CA,OFFICE
454,0,2022-06-17,64,F,1,UNKNOWN,UNKNOWN,OFFICE
2023,0,2022-06-10,85,F,38,FAMILY MEDICINE,TN,EMERGENCY ROOM - HOSPITAL
2626,0,2022-06-24,58,M,1,VASCULAR & INTERVENTIONAL RADIOLOGY,NM,EMERGENCY ROOM - HOSPITAL
3246,0,2022-06-20,45,F,8,FAMILY MEDICINE,PA,TELEHEALTH PROVIDED OTHER THAN IN PATIENT'S HOME
3019,0,2022-06-25,15,F,7,PEDIATRICS,TX,TELEHEALTH PROVIDED OTHER THAN IN PATIENT'S HOME
3588,0,2022-06-27,59,F,5,PHYSICIAN ASSISTANT,OR,URGENT CARE FACILITY
2773,0,2022-06-16,77,F,9,UNKNOWN,UNKNOWN,INDEPENDENT LABORATORY
1966,0,2022-07-08,78,M,55,INTERNAL MEDICINE,NY,OFFICE
633,0,2022-06-30,70,M,2,PHYSICIAN ASSISTANT,TX,OFFICE
1983,0,2022-06-17,51,M,3,UNKNOWN,UNKNOWN,INDEPENDENT LABORATORY
820,0,2022-06-05,31,F,5,NURSE PRACTITIONER,MA,TELEHEALTH PROVIDED OTHER THAN IN PATIENT'S HOME
3151,0,2022-06-13,69,M,6,FAMILY MEDICINE,MI,HOSPITAL OUTPATIENT
3946,0,2022-07-14,72,M,55,EMERGENCY MEDICINE,MD,HOSPITAL OUTPATIENT
3109,0,2022-06-21,55,M,70,PHYSICIAN ASSISTANT,CA,HOSPITAL OUTPATIENT
1840,0,2022-07-10,69,M,39,UNKNOWN,UNKNOWN,UNASSIGNED
2176,0,2022-06-24,23,M,11,INTERNAL MEDICINE,OH,HOSPITAL OUTPATIENT
1367,0,2022-06-20,58,M,1,FAMILY MEDICINE,OH,URGENT CARE FACILITY
1801,0,2022-06-17,61,M,15,PAIN MEDICINE,NY,URGENT CARE FACILITY
3338,0,2022-06-21,55,F,6,FAMILY MEDICINE,AR,OFFICE
1625,0,2022-06-29,42,F,1,PHYSICIAN ASSISTANT,TX,URGENT CARE FACILITY
223,0,2022-06-06,75,M,3,ANESTHESIOLOGY,IL,OFFICE
3693,0,2022-06-20,69,M,105,FAMILY MEDICINE,CA,TELEHEALTH PROVIDED OTHER THAN IN PATIENT'S HOME
3992,0,2022-06-29,33,F,1,NEURORADIOLOGY,IL,EMERGENCY ROOM - HOSPITAL
3313,0,2022-06-16,24,M,26,INTERNAL MEDICINE/PEDIATRICS,MI,OFFICE
2808,0,2022-06-30,38,M,24,NURSE PRACTITIONER,CA,OFFICE
2187,0,2022-06-24,45,F,4,FAMILY MEDICINE,FL,OFFICE
2663,0,2022-07-06,62,F,115,RHEUMATOLOGY,MO,HOSPITAL OUTPATIENT
2549,0,2022-06-21,75,F,51,UNKNOWN,UNKNOWN,INDEPENDENT LABORATORY
2865,0,2022-06-19,40,F,2,ANATOMIC/CLINICAL PATHOLOGY,FL,EMERGENCY ROOM - HOSPITAL
3101,0,2022-06-08,69,M,13,UNKNOWN,UNKNOWN,INDEPENDENT LABORATORY
3062,0,2022-07-13,85,F,37,GERIATRIC MEDICINE (FAMILY MEDICINE),NJ,UNASSIGNED
3252,0,2022-06-19,24,F,2,NURSE PRACTITIONER,MS,OFFICE
796,0,2022-06-24,59,F,16,FAMILY MEDICINE,MI,OFFICE
433,0,2022-06-01,18,F,1,PHYSICIAN ASSISTANT,MA,OFFICE
783,0,2022-06-17,54,F,16,SPORTS MEDICINE (FAMILY MEDICINE),MN,HOSPITAL OUTPATIENT
3898,0,2022-07-17,42,F,54,UNKNOWN,UNKNOWN,UNASSIGNED
1081,0,2022-06-13,8,F,1,UNKNOWN,UNKNOWN,OFFICE
1820,0,2022-06-11,51,M,2,INTERNAL MEDICINE,CA,CLINIC - FREESTANDING
3513,0,2022-06-17,56,F,2,UNKNOWN,UNKNOWN,INDEPENDENT LABORATORY
49,0,2022-06-11,36,F,2,CARDIOVASCULAR DISEASE,IN,EMERGENCY ROOM - HOSPITAL
1537,0,2022-06-09,44,F,6,EMERGENCY MEDICINE,MA,HOSPITAL OUTPATIENT
386,0,2022-06-16,2,M,7,NURSE PRACTITIONER,LA,ON CAMPUS-OUTPATIENT HOSPITAL
1839,0,2022-07-05,32,M,9,EMERGENCY MEDICINE,NY,EMERGENCY ROOM - HOSPITAL
317,0,2022-06-15,18,M,1,ORTHOPEDIC SURGERY,CA,HOSPITAL OUTPATIENT
1957,0,2022-06-20,74,M,35,FAMILY MEDICINE,MO,OFFICE
650,0,2022-07-22,77,M,32,INTERNAL MEDICINE,AZ,OFFICE
2484,0,2022-06-15,53,F,31,UNKNOWN,UNKNOWN,INDEPENDENT LABORATORY
3996,0,2022-06-10,80,F,55,EMERGENCY MEDICINE,PA,HOSPITAL OUTPATIENT
3152,0,2022-06-25,35,F,1,NURSE PRACTITIONER,AZ,URGENT CARE FACILITY
663,0,2022-06-27,8,M,1,FAMILY MEDICINE,OK,HOSPITAL OUTPATIENT
1756,0,2022-06-01,26,F,6,UNKNOWN,UNKNOWN,URGENT CARE FACILITY
2107,0,2022-06-19,34,F,12,INTERNAL MEDICINE,SC,OFFICE
3388,0,2022-07-08,41,M,34,INTERNAL MEDICINE,TN,OFFICE
3139,0,2022-06-07,58,M,58,FAMILY MEDICINE,MI,URGENT CARE FACILITY
678,0,2022-06-09,62,F,11,INTERNAL MEDICINE,TX,OFFICE
357,0,2022-06-16,31,F,1,NURSE PRACTITIONER,KY,URGENT CARE FACILITY
458,0,2022-07-13,79,F,8,CARDIOVASCULAR DISEASE,SC,OFFICE
1899,0,2022-06-08,33,M,4,PHYSICIAN ASSISTANT,MI,TELEHEALTH PROVIDED IN PATIENT'S HOME
1931,0,2022-06-16,11,F,1,NURSE PRACTITIONER,NC,OFFICE
2257,0,2022-07-06,85,M,14,GERIATRIC MEDICINE (INTERNAL MEDICINE),CA,UNASSIGNED
499,0,2022-06-30,52,M,11,INTERNAL MEDICINE,MA,OFFICE
2029,0,2022-06-30,35,F,31,UNKNOWN,UNKNOWN,INDEPENDENT LABORATORY
3102,0,2022-06-18,35,F,9,CYTOPATHOLOGY,MI,EMERGENCY ROOM - HOSPITAL
3230,0,2022-06-14,58,M,35,INTERNAL MEDICINE,FL,OFFICE
1473,0,2022-07-18,56,M,3,UNKNOWN,UNKNOWN,OFFICE
1922,0,2022-06-09,25,M,2,EMERGENCY MEDICINE,AZ,EMERGENCY ROOM - HOSPITAL
3233,0,2022-06-04,58,M,2,EMERGENCY MEDICINE,IL,EMERGENCY ROOM - HOSPITAL
3556,0,2022-07-13,77,F,32,INTERNAL MEDICINE,MS,OFFICE
324,0,2022-07-01,85,F,7,INTERNAL MEDICINE,CA,UNASSIGNED
3769,0,2022-06-20,29,F,18,UNKNOWN,UNKNOWN,URGENT CARE FACILITY
2676,0,2022-06-29,43,F,3,PHYSICIAN ASSISTANT,CA,URGENT CARE FACILITY
739,0,2022-06-28,5,F,2,PEDIATRICS,NC,OFFICE
3239,0,2022-06-03,52,F,3,NURSE PRACTITIONER,OH,RURAL HEALTH CLINIC
459,0,2022-06-03,2,F,7,PEDIATRICS,NY,OFFICE
2589,0,2022-06-15,67,M,14,INTERNAL MEDICINE,MA,OFFICE
133,0,2022-06-06,30,F,1,UNKNOWN,UNKNOWN,INDEPENDENT LABORATORY
3010,0,2022-06-20,26,F,8,NURSE PRACTITIONER,SC,OFFICE
1230,0,2022-06-22,50,F,1,PHYSICIAN ASSISTANT,NC,URGENT CARE FACILITY
3667,0,2022-06-07,23,F,7,PHYSICIAN ASSISTANT,MA,TELEHEALTH PROVIDED OTHER THAN IN PATIENT'S HOME
3654,0,2022-06-06,61,F,37,FAMILY MEDICINE,UT,TELEHEALTH PROVIDED OTHER THAN IN PATIENT'S HOME
1553,0,2022-06-13,19,M,1,UNKNOWN,UNKNOWN,INDEPENDENT LABORATORY
15,0,2022-06-26,54,M,2,HOSPITALIST,FL,UNASSIGNED
3984,0,2022-06-27,56,F,34,FAMILY MEDICINE,CA,OFFICE
1773,0,2022-06-08,82,F,30,PHYSICIAN ASSISTANT,WA,URGENT CARE FACILITY
1544,0,2022-06-16,76,F,5,INTERNAL MEDICINE,TN,UNASSIGNED
3737,0,2022-06-09,85,M,2,PEDIATRIC RADIOLOGY,MA,OFF CAMPUS-OUTPATIENT HOSPITAL
3853,0,2022-07-13,68,F,15,FAMILY MEDICINE,NJ,OFFICE
2403,0,2022-06-09,28,M,1,INTERNAL MEDICINE,OR,OFFICE
2739,0,2022-07-13,62,F,23,FAMILY MEDICINE,MI,OFFICE
1182,0,2022-06-22,13,F,2,PEDIATRICS,TX,OFFICE
2692,0,2022-06-26,61,F,6,PHYSICIAN ASSISTANT,MN,URGENT CARE FACILITY
2396,0,2022-06-25,49,F,10,FAMILY MEDICINE,OK,URGENT CARE FACILITY
716,0,2022-06-21,46,F,2,INTERNAL MEDICINE,FL,TELEHEALTH PROVIDED OTHER THAN IN PATIENT'S HOME
2997,0,2022-06-30,22,F,1,PEDIATRICS,NJ,OFFICE
244,0,2022-06-27,58,F,1,UNKNOWN,UNKNOWN,INDEPENDENT LABORATORY
2869,0,2022-06-13,59,M,13,FAMILY MEDICINE,MI,URGENT CARE FACILITY
1024,0,2022-06-01,43,F,5,PHYSICIAN ASSISTANT,WY,URGENT CARE FACILITY
74,0,2022-06-10,51,M,4,EMERGENCY MEDICINE,SC,HOSPITAL OUTPATIENT
3396,0,2022-07-05,84,F,25,INTERNAL MEDICINE,NY,OFFICE
3951,0,2022-06-11,72,M,74,EMERGENCY MEDICINE,CA,URGENT CARE FACILITY
651,0,2022-06-29,27,M,4,PHYSICIAN ASSISTANT,CA,TELEHEALTH PROVIDED OTHER THAN IN PATIENT'S HOME
2996,0,2022-07-02,56,M,58,CARDIOVASCULAR DISEASE,FL,EMERGENCY ROOM - HOSPITAL
2274,0,2022-07-08,62,F,5,INTERNAL MEDICINE,NJ,OFFICE
1299,0,2022-06-20,75,M,6,EMERGENCY MEDICINE,SC,EMERGENCY ROOM - HOSPITAL
268,0,2022-06-07,1,F,1,PEDIATRICS,CA,OFFICE
1869,0,2022-06-07,50,M,1,UNKNOWN,UNKNOWN,INDEPENDENT LABORATORY
1251,0,2022-06-30,33,F,2,EMERGENCY MEDICINE,IL,EMERGENCY ROOM - HOSPITAL
424,0,2022-06-21,41,F,12,FAMILY MEDICINE,FL,TELEHEALTH PROVIDED OTHER THAN IN PATIENT'S HOME
2758,0,2022-07-07,77,F,82,FAMILY MEDICINE,MN,UNASSIGNED
1141,0,2022-07-14,40,F,26,NURSE PRACTITIONER,NC,TELEHEALTH PROVIDED OTHER THAN IN PATIENT'S HOME
3409,0,2022-06-27,54,F,8,INTERNAL MEDICINE,CA,TELEHEALTH PROVIDED OTHER THAN IN PATIENT'S HOME
3306,0,2022-06-20,20,M,1,PHYSICIAN ASSISTANT,CA,HOSPITAL OUTPATIENT
407,0,2022-06-26,2,M,1,EMERGENCY MEDICINE,OH,HOSPITAL OUTPATIENT
164,0,2022-06-21,45,F,1,EMERGENCY MEDICINE,HI,EMERGENCY ROOM - HOSPITAL
2228,0,2022-06-21,33,F,44,GENERAL SURGERY,TX,EMERGENCY ROOM - HOSPITAL
855,0,2022-06-10,31,F,1,PHYSICIAN ASSISTANT,UT,OFFICE
740,0,2022-06-15,5,F,1,PEDIATRICS,TX,OFFICE
2064,0,2022-06-06,13,M,2,PEDIATRICS,NC,TELEHEALTH PROVIDED OTHER THAN IN PATIENT'S HOME
1643,0,2022-06-04,42,F,20,EMERGENCY MEDICINE,NJ,EMERGENCY ROOM - HOSPITAL
2343,0,2022-06-13,57,F,1,FAMILY MEDICINE,PA,OFFICE
2098,0,2022-07-05,78,M,29,INTERNAL MEDICINE,MD,OFFICE
744,0,2022-06-16,32,F,5,UNKNOWN,UNKNOWN,INDEPENDENT LABORATORY
2938,0,2022-06-06,70,F,31,INTERNAL MEDICINE,FL,OFFICE
1860,0,2022-07-17,36,F,7,PHYSICIAN ASSISTANT,TX,URGENT CARE FACILITY
3937,0,2022-07-14,26,M,59,PHYSICIAN ASSISTANT,MI,OFFICE
2125,0,2022-06-09,55,M,7,PHYSICIAN ASSISTANT,MI,URGENT CARE FACILITY
1494,0,2022-06-04,18,F,21,NURSE PRACTITIONER,OH,URGENT CARE FACILITY
392,0,2022-06-19,37,M,4,EMERGENCY MEDICINE,MI,HOSPITAL OUTPATIENT
3520,0,2022-06-09,77,M,1,EMERGENCY MEDICINE,NY,HOSPITAL OUTPATIENT
648,0,2022-06-29,7,M,3,PEDIATRICS,FL,TELEHEALTH PROVIDED OTHER THAN IN PATIENT'S HOME
25,0,2022-06-19,79,M,1,EMERGENCY MEDICINE,HI,EMERGENCY ROOM - HOSPITAL
901,0,2022-07-01,79,F,24,INTERNAL MEDICINE,MA,ON CAMPUS-OUTPATIENT HOSPITAL
2214,0,2022-07-18,74,M,71,FAMILY MEDICINE,IL,CLINIC  - FEDERALLY QUALIFIED HEALTH CENTER (FQHC)
1775,0,2022-07-06,64,M,4,UNKNOWN,UNKNOWN,OTHER PLACE OF SERVICE
697,0,2022-06-24,62,M,33,PHYSICIAN ASSISTANT,MI,URGENT CARE FACILITY
400,0,2022-06-11,2,M,2,ANATOMIC/CLINICAL PATHOLOGY,OR,EMERGENCY ROOM - HOSPITAL
3656,0,2022-06-25,48,M,3,FAMILY MEDICINE,VA,OFFICE
2286,0,2022-07-18,32,F,6,EMERGENCY MEDICINE,KS,HOSPITAL OUTPATIENT
3567,0,2022-06-29,67,M,39,FAMILY MEDICINE,FL,OFFICE
2184,0,2022-06-01,16,F,1,FAMILY MEDICINE,CA,URGENT CARE FACILITY
2180,0,2022-06-23,42,M,1,UNKNOWN,UNKNOWN,INDEPENDENT LABORATORY
452,0,2022-07-22,50,F,16,DIAGNOSTIC RADIOLOGY,IL,EMERGENCY ROOM - HOSPITAL
1321,0,2022-06-12,59,F,4,EMERGENCY MEDICINE,CA,HOSPITAL OUTPATIENT
1543,0,2022-06-14,42,F,12,NURSE PRACTITIONER,OH,TELEHEALTH PROVIDED OTHER THAN IN PATIENT'S HOME
2340,0,2022-06-22,67,F,98,FAMILY MEDICINE,GA,UNASSIGNED
1143,0,2022-06-27,35,M,2,NURSE PRACTITIONER,OR,URGENT CARE FACILITY
2390,0,2022-06-30,74,F,26,CARDIOVASCULAR DISEASE,FL,OFFICE
2607,0,2022-06-24,53,M,1,PHYSICIAN ASSISTANT,MI,URGENT CARE FACILITY
718,0,2022-06-22,6,M,1,PEDIATRICS,MD,OFFICE
1834,0,2022-06-27,58,F,4,INTERNAL MEDICINE/PEDIATRICS,TX,EMERGENCY ROOM - HOSPITAL
1302,0,2022-06-30,24,F,1,INTERNAL MEDICINE/PEDIATRICS,TX,TELEHEALTH PROVIDED OTHER THAN IN PATIENT'S HOME
2870,0,2022-06-08,49,F,48,UNKNOWN,UNKNOWN,INDEPENDENT LABORATORY
1517,0,2022-06-21,26,F,1,UNKNOWN,UNKNOWN,URGENT CARE FACILITY
3844,0,2022-07-05,64,F,95,DIAGNOSTIC RADIOLOGY,AZ,OFF CAMPUS-OUTPATIENT HOSPITAL
2774,0,2022-06-03,74,M,8,NURSE PRACTITIONER,MT,CRITICAL ACCESS HOSPITAL
1213,0,2022-06-19,37,F,1,PHYSICIAN ASSISTANT,MN,OFFICE
754,0,2022-06-28,9,M,3,PEDIATRICS,NY,OFFICE
2255,0,2022-06-11,36,M,1,FAMILY MEDICINE,GA,URGENT CARE FACILITY
1095,0,2022-06-08,42,F,3,FAMILY MEDICINE,MI,EMERGENCY ROOM - HOSPITAL
376,0,2022-06-01,30,M,2,INTERNAL MEDICINE,NJ,OFFICE
2020,0,2022-07-14,78,M,39,FAMILY MEDICINE,IA,OFFICE
2499,0,2022-06-17,30,M,6,UNKNOWN,UNKNOWN,INDEPENDENT LABORATORY
1193,0,2022-06-25,66,F,1,FAMILY MEDICINE,NJ,URGENT CARE FACILITY
3977,0,2022-06-09,67,F,10,EMERGENCY MEDICINE,MI,URGENT CARE FACILITY
3709,0,2022-06-04,19,M,39,EMERGENCY MEDICINE,IL,EMERGENCY ROOM - HOSPITAL
134,0,2022-06-02,26,F,2,UNKNOWN,UNKNOWN,INDEPENDENT LABORATORY
801,0,2022-06-21,59,F,102,FAMILY MEDICINE,AL,URGENT CARE FACILITY
427,0,2022-06-29,3,F,1,UNKNOWN,UNKNOWN,URGENT CARE FACILITY
2529,0,2022-06-24,45,F,1,FAMILY MEDICINE,WA,URGENT CARE FACILITY
3557,0,2022-07-08,85,F,79,NURSE PRACTITIONER,TX,OFFICE
1515,0,2022-06-02,36,F,8,EMERGENCY MEDICINE,MI,EMERGENCY ROOM - HOSPITAL
2234,0,2022-06-24,49,F,4,PHYSICIAN ASSISTANT,TN,HOSPITAL OUTPATIENT
2218,0,2022-06-01,13,M,1,UNKNOWN,UNKNOWN,URGENT CARE FACILITY
3404,0,2022-07-06,52,F,43,FAMILY MEDICINE,GA,OFFICE
977,0,2022-06-01,43,F,2,NURSE PRACTITIONER,CA,HOSPITAL OUTPATIENT
1891,0,2022-06-03,84,M,116,UNKNOWN,UNKNOWN,INDEPENDENT LABORATORY
1729,0,2022-07-20,45,F,28,FAMILY MEDICINE,MI,OFFICE
1009,0,2022-07-22,43,F,12,NURSE PRACTITIONER,IN,FEDERALLY QUALIFIED HEALTH CENTER
478,0,2022-06-06,3,M,1,PHYSICIAN ASSISTANT,NH,OFFICE
2445,0,2022-06-30,68,M,32,GENERAL SURGERY,LA,OFFICE
1944,0,2022-06-10,12,M,1,FAMILY MEDICINE,PA,URGENT CARE FACILITY
1203,0,2022-06-29,81,M,2,GENERAL SURGERY,NV,EMERGENCY ROOM - HOSPITAL
972,0,2022-06-03,78,M,6,NURSE PRACTITIONER,WI,HOSPITAL OUTPATIENT
3837,0,2022-06-05,31,M,1,EMERGENCY MEDICINE,PA,EMERGENCY ROOM - HOSPITAL
2147,0,2022-06-29,73,M,49,HOSPITALIST,TX,HOSPITAL OUTPATIENT
1754,0,2022-06-25,72,M,107,FAMILY MEDICINE,AL,URGENT CARE FACILITY
363,0,2022-06-30,31,F,3,ANATOMIC/CLINICAL PATHOLOGY,FL,EMERGENCY ROOM - HOSPITAL
1888,0,2022-06-18,39,M,4,PHYSICIAN ASSISTANT,NM,URGENT CARE FACILITY
3718,0,2022-07-22,61,M,37,UNKNOWN,UNKNOWN,OTHER PLACE OF SERVICE
2003,0,2022-06-26,65,F,100,PHYSICIAN ASSISTANT,HI,OFFICE
2902,0,2022-07-18,57,M,89,HEMATOLOGY/ONCOLOGY,MT,HOSPITAL OUTPATIENT
3550,0,2022-06-23,51,F,18,GASTROENTEROLOGY,FL,OFFICE
1614,0,2022-06-22,65,M,13,PHYSICIAN ASSISTANT,MI,OFFICE
1229,0,2022-07-21,70,F,165,UNKNOWN,UNKNOWN,OTHER PLACE OF SERVICE
2242,0,2022-06-06,12,F,1,PEDIATRICS,TX,OFFICE
3940,0,2022-06-07,85,F,75,NURSE PRACTITIONER,MI,OTHER PLACE OF SERVICE
1453,0,2022-06-21,61,M,1,ANATOMIC/CLINICAL PATHOLOGY,CA,EMERGENCY ROOM - HOSPITAL
2625,0,2022-06-01,40,F,2,FAMILY MEDICINE,AR,TELEHEALTH PROVIDED OTHER THAN IN PATIENT'S HOME
85,0,2022-07-22,67,M,116,HEMATOLOGY/ONCOLOGY,FL,INPATIENT HOSPITAL
309,0,2022-06-07,29,F,1,FAMILY MEDICINE,TX,URGENT CARE FACILITY
3378,0,2022-06-15,29,M,1,UNKNOWN,UNKNOWN,URGENT CARE FACILITY
2424,0,2022-06-22,61,M,1,DIAGNOSTIC RADIOLOGY,TX,EMERGENCY ROOM - HOSPITAL
2443,0,2022-06-19,72,M,141,HOSPITALIST,TX,INPATIENT HOSPITAL
1236,0,2022-07-01,45,M,21,UNKNOWN,UNKNOWN,TELEHEALTH PROVIDED OTHER THAN IN PATIENT'S HOME
33,0,2022-06-14,42,M,1,NURSE PRACTITIONER,TX,URGENT CARE FACILITY
1076,0,2022-06-30,55,F,92,INTERNAL MEDICINE,MI,OFFICE
1972,0,2022-06-04,10,M,2,PEDIATRICS,IL,TELEHEALTH PROVIDED OTHER THAN IN PATIENT'S HOME
3988,0,2022-06-15,29,F,12,FAMILY MEDICINE,PA,TELEHEALTH PROVIDED OTHER THAN IN PATIENT'S HOME
2236,1,2022-06-02,50,M,4,INTERNAL MEDICINE,GA,Unknown
2789,1,2022-06-27,43,M,8,GERIATRIC MEDICINE (INTERNAL MEDICINE),GA,Unknown
1183,1,2022-06-05,68,M,1,NURSE PRACTITIONER,CO,Unknown
883,0,2022-06-25,49,F,8,PHYSICIAN ASSISTANT,KS,OFFICE
1313,0,2022-07-18,85,F,35,EMERGENCY MEDICINE,FL,EMERGENCY ROOM - HOSPITAL
1605,0,2022-06-29,44,M,29,INTERNAL MEDICINE,CA,FEDERALLY QUALIFIED HEALTH CENTER
28,0,2022-07-08,26,F,5,FAMILY MEDICINE,OR,Unknown
3004,0,2022-06-14,61,M,34,FAMILY MEDICINE,WI,Unknown
3763,0,2022-07-04,69,M,22,FAMILY MEDICINE,VA,Unknown
1522,0,2022-07-17,74,F,40,INTERNAL MEDICINE,FL,Unknown
3755,1,2022-06-23,82,F,49,FAMILY MEDICINE,CA,Unknown
990,0,2022-07-12,51,F,7,NEUROLOGY,AZ,Unknown
2324,0,2022-06-21,44,F,68,UNKNOWN,UNKNOWN,INDEPENDENT LABORATORY
354,0,2022-06-03,59,F,8,INTERNAL MEDICINE,FL,TELEHEALTH PROVIDED OTHER THAN IN PATIENT'S HOME
323,0,2022-06-28,30,F,1,EMERGENCY MEDICINE,NJ,URGENT CARE FACILITY
481,0,2022-07-05,3,F,2,PEDIATRICS,OR,FEDERALLY QUALIFIED HEALTH CENTER
1755,0,2022-07-21,79,F,4,OCCUPATIONAL THERAPY,TX,OFFICE
414,0,2022-06-14,26,F,1,PHYSICIAN ASSISTANT,MO,URGENT CARE FACILITY
3850,0,2022-06-06,62,F,4,NEUROLOGY,CT,Unknown
3501,1,2022-06-22,55,M,6,FAMILY MEDICINE,CA,Unknown
3877,0,2022-06-07,59,M,4,NURSE PRACTITIONER,MD,URGENT CARE FACILITY
1102,0,2022-06-01,43,M,1,PHYSICIAN ASSISTANT,IL,URGENT CARE FACILITY
2021,0,2022-06-27,36,M,8,INTERNAL MEDICINE,MD,TELEHEALTH PROVIDED OTHER THAN IN PATIENT'S HOME
2713,1,2022-06-21,63,M,18,UNKNOWN,UNKNOWN,Unknown
3526,1,2022-07-01,39,F,1,NURSE PRACTITIONER,AR,Unknown
2684,1,2022-06-20,43,F,13,NURSE PRACTITIONER,TX,Unknown
3267,0,2022-06-17,77,M,53,PHYSICIAN ASSISTANT,WV,HOSPITAL OUTPATIENT
946,0,2022-06-11,60,M,1,NURSE PRACTITIONER,NH,OFFICE
2693,0,2022-06-01,15,M,1,FAMILY MEDICINE,NY,ON CAMPUS-OUTPATIENT HOSPITAL
495,0,2022-06-13,58,F,5,PHYSICIAN ASSISTANT,IN,URGENT CARE FACILITY
2756,0,2022-06-06,36,M,1,PEDIATRICS,WI,OFFICE
2430,0,2022-06-09,54,M,59,INTERNAL MEDICINE,TX,OFFICE
47,0,2022-06-04,32,M,2,ANATOMIC/CLINICAL PATHOLOGY,CA,EMERGENCY ROOM - HOSPITAL
1027,0,2022-06-22,14,F,5,PEDIATRICS,CA,OFFICE
3297,0,2022-06-27,64,F,10,FAMILY MEDICINE,WA,URGENT CARE FACILITY
3542,0,2022-06-04,61,F,5,FAMILY MEDICINE,PA,URGENT CARE FACILITY
2842,0,2022-06-07,20,M,8,INTERNAL MEDICINE,IL,OFFICE
745,1,2022-06-15,41,M,1,PHYSICIAN ASSISTANT,NY,Unknown
518,0,2022-06-07,30,F,6,EMERGENCY MEDICINE,CA,Unknown
2635,1,2022-06-20,57,M,28,FAMILY MEDICINE,MO,Unknown
3163,1,2022-06-27,22,M,1,PHYSICIAN ASSISTANT,WA,Unknown
1821,0,2022-06-25,49,F,64,PEDIATRIC EMERGENCY MEDICINE,DC,HOSPITAL OUTPATIENT
3663,0,2022-06-20,71,F,2,UNKNOWN,UNKNOWN,INDEPENDENT LABORATORY
3260,0,2022-06-20,26,F,1,NURSE PRACTITIONER,TN,OFFICE
2051,0,2022-06-21,48,M,7,INFECTIOUS DISEASE,NJ,INPATIENT HOSPITAL
3861,0,2022-06-23,76,M,22,INTERNAL MEDICINE,NY,HOSPITAL OUTPATIENT
3624,0,2022-06-24,85,M,21,PHYSICIAN ASSISTANT,WA,OFF CAMPUS-OUTPATIENT HOSPITAL
2115,0,2022-06-22,36,M,1,EMERGENCY MEDICINE,TX,EMERGENCY ROOM - HOSPITAL
1272,0,2022-06-25,9,F,1,EMERGENCY MEDICINE,NC,EMERGENCY ROOM - HOSPITAL
417,0,2022-06-30,2,F,2,ANATOMIC/CLINICAL PATHOLOGY,CA,EMERGENCY ROOM - HOSPITAL
2718,0,2022-06-26,85,M,55,EMERGENCY MEDICINE,VA,EMERGENCY ROOM - HOSPITAL
2974,0,2022-07-01,83,F,54,INTERNAL MEDICINE,IL,INTERMEDIATE CARE - LEVEL I
1032,0,2022-06-04,7,F,1,EMERGENCY MEDICINE,PA,HOSPITAL OUTPATIENT
570,0,2022-07-13,37,M,33,NURSE PRACTITIONER,WA,OFFICE
1149,0,2022-06-19,29,F,9,FAMILY MEDICINE,TX,TELEHEALTH PROVIDED OTHER THAN IN PATIENT'S HOME
2932,0,2022-06-22,54,F,14,PEDIATRIC RADIOLOGY,CO,EMERGENCY ROOM - HOSPITAL
675,0,2022-06-03,44,F,6,FAMILY MEDICINE,PA,OFFICE
2629,0,2022-06-13,83,M,38,FAMILY MEDICINE,IL,OFFICE
3424,0,2022-06-02,60,F,5,NURSE PRACTITIONER,RI,TELEHEALTH PROVIDED IN PATIENT'S HOME
933,0,2022-06-15,48,F,3,NURSE PRACTITIONER,NV,URGENT CARE FACILITY
2385,0,2022-06-13,42,M,1,UNKNOWN,UNKNOWN,INDEPENDENT LABORATORY
3641,0,2022-06-20,47,F,19,FAMILY MEDICINE,VA,URGENT CARE FACILITY
1578,0,2022-07-22,85,M,161,INTERNAL MEDICINE,FL,INPATIENT HOSPITAL
1905,0,2022-06-22,10,F,1,PEDIATRIC RADIOLOGY,IL,EMERGENCY ROOM - HOSPITAL
608,1,2022-06-01,71,F,1,NURSE PRACTITIONER,OH,Unknown
3714,0,2022-07-12,56,M,7,PHYSICIAN ASSISTANT,IN,Unknown
3669,1,2022-06-27,75,F,8,FAMILY MEDICINE,MD,Unknown
3771,0,2022-07-12,82,F,80,FAMILY MEDICINE,SC,Unknown
3072,0,2022-07-14,83,M,89,NURSE PRACTITIONER,NY,Unknown
1335,1,2022-06-23,75,F,35,PHYSICIAN ASSISTANT,UT,Unknown
3204,0,2022-06-06,56,F,2,EMERGENCY MEDICINE,WA,EMERGENCY ROOM - HOSPITAL
1886,0,2022-06-27,16,F,1,NURSE PRACTITIONER,MS,OFFICE
329,0,2022-06-18,1,F,1,DIAGNOSTIC RADIOLOGY,MO,EMERGENCY ROOM - HOSPITAL
1483,0,2022-06-06,64,M,27,EMERGENCY MEDICINE,KY,EMERGENCY ROOM - HOSPITAL
2323,0,2022-06-02,28,F,1,OBSTETRICS & GYNECOLOGY,ME,HOSPITAL INPATIENT (INCLUDING MEDICARE PART A)
1788,0,2022-06-15,39,M,1,NURSE PRACTITIONER,AL,OFFICE
1190,0,2022-06-02,27,F,2,NURSE PRACTITIONER,CO,URGENT CARE FACILITY
3031,0,2022-06-08,70,F,5,PHYSICIAN ASSISTANT,CA,TELEHEALTH PROVIDED OTHER THAN IN PATIENT'S HOME
3972,0,2022-07-07,73,M,44,FAMILY MEDICINE,PA,OFFICE
1637,0,2022-06-11,51,M,1,FAMILY MEDICINE,FL,OFFICE
368,0,2022-06-06,2,F,1,PHYSICIAN ASSISTANT,KS,OFFICE
3405,0,2022-06-06,60,F,7,FAMILY MEDICINE,GA,URGENT CARE FACILITY
564,0,2022-06-15,22,F,1,EMERGENCY MEDICINE,NY,EMERGENCY ROOM - HOSPITAL
2352,0,2022-06-30,37,F,1,PHYSICIAN ASSISTANT,NM,Unknown
2431,1,2022-06-19,68,M,8,FAMILY MEDICINE,NY,Unknown
1248,0,2022-07-21,70,F,5,FAMILY MEDICINE,MA,Unknown
3429,1,2022-06-05,56,M,3,PHYSICIAN ASSISTANT,MI,Unknown
2109,1,2022-06-27,46,F,1,PHYSICIAN ASSISTANT,CT,Unknown
1927,1,2022-06-29,45,M,1,EMERGENCY MEDICINE,WA,Unknown
2568,0,2022-06-13,59,F,12,NURSE PRACTITIONER,NM,Unknown
2605,1,2022-06-07,65,F,14,PHYSICIAN ASSISTANT,WI,Unknown
696,0,2022-06-14,6,M,1,NURSE PRACTITIONER,NC,OFFICE
2856,0,2022-06-28,84,F,87,PULMONARY CRITICAL CARE MEDICINE,IN,Unknown
1258,0,2022-06-16,40,F,6,PHYSICIAN ASSISTANT,MN,Unknown
3423,0,2022-07-21,69,M,8,FAMILY MEDICINE,LA,Unknown
3437,0,2022-07-08,59,M,4,PHYSICIAN ASSISTANT,LA,Unknown
2518,0,2022-07-01,51,F,30,CARDIOVASCULAR DISEASE,IL,Unknown
2627,0,2022-07-11,51,M,8,NURSE PRACTITIONER,IL,TELEHEALTH PROVIDED OTHER THAN IN PATIENT'S HOME
2016,0,2022-06-26,20,F,2,INTERNAL MEDICINE,VA,OFFICE
2200,0,2022-06-30,45,M,6,EMERGENCY MEDICINE,MD,HOSPITAL OUTPATIENT
227,0,2022-06-29,1,F,1,UNKNOWN,UNKNOWN,EMERGENCY ROOM - HOSPITAL
156,0,2022-06-15,29,F,1,FAMILY MEDICINE,NE,OFFICE
3118,0,2022-06-11,25,F,1,OBSTETRICS & GYNECOLOGY,MS,ON CAMPUS-OUTPATIENT HOSPITAL
2309,0,2022-06-13,30,F,3,EMERGENCY MEDICINE,AZ,EMERGENCY ROOM - HOSPITAL
3084,1,2022-06-19,80,M,2,PHYSICIAN ASSISTANT,AZ,Unknown
3932,0,2022-07-14,80,M,30,FAMILY MEDICINE,MI,Unknown
1178,0,2022-07-05,22,M,1,NURSE PRACTITIONER,MO,Unknown
3299,0,2022-06-30,53,M,1,PHYSICIAN ASSISTANT,CA,TELEHEALTH PROVIDED OTHER THAN IN PATIENT'S HOME
3666,0,2022-06-24,69,F,9,PHYSICIAN ASSISTANT,KY,TELEHEALTH PROVIDED OTHER THAN IN PATIENT'S HOME
3283,0,2022-06-27,41,F,4,FAMILY MEDICINE,TX,EMERGENCY ROOM - HOSPITAL
2498,0,2022-06-08,53,F,23,FAMILY MEDICINE,FL,TELEHEALTH PROVIDED IN PATIENT'S HOME
21,0,2022-07-16,85,M,3,UNKNOWN,UNKNOWN,AMBULANCE - LAND
2711,0,2022-06-15,31,F,3,EMERGENCY MEDICINE,TX,EMERGENCY ROOM - HOSPITAL
988,0,2022-06-21,41,M,1,FAMILY MEDICINE,VA,OFFICE
3835,0,2022-06-09,44,F,59,INTERNAL MEDICINE,FL,INPATIENT HOSPITAL
3561,0,2022-06-07,73,F,13,FAMILY MEDICINE,TX,Unknown
3038,0,2022-07-16,79,M,143,INTERNAL MEDICINE,MI,Unknown
3020,0,2022-06-08,83,F,9,CARDIOVASCULAR DISEASE,CA,INPATIENT HOSPITAL
2670,0,2022-06-24,80,M,26,EMERGENCY MEDICINE,NC,URGENT CARE FACILITY
1127,0,2022-06-26,36,F,46,EMERGENCY MEDICINE,PA,EMERGENCY ROOM - HOSPITAL
1344,0,2022-06-28,85,M,36,DIAGNOSTIC RADIOLOGY,MN,ON CAMPUS-OUTPATIENT HOSPITAL
3428,0,2022-06-02,18,F,4,FAMILY MEDICINE,TX,TELEHEALTH PROVIDED OTHER THAN IN PATIENT'S HOME
2191,0,2022-06-03,33,F,14,EMERGENCY MEDICINE,CA,HOSPITAL - LABORATORY SERVICES PROVIDED TO NON-PATIENTS
1697,0,2022-07-08,66,F,28,FAMILY MEDICINE,OR,CLINIC - RURAL HEALTH
1741,0,2022-06-14,41,F,3,EMERGENCY MEDICINE,MD,URGENT CARE FACILITY
1328,0,2022-06-03,47,F,22,FAMILY MEDICINE,CA,OFFICE
447,0,2022-06-29,2,M,1,NURSE PRACTITIONER,LA,OFFICE
1388,0,2022-06-17,66,F,5,NURSE PRACTITIONER,IL,OFFICE
3140,0,2022-06-15,85,M,65,NURSE PRACTITIONER,CT,UNASSIGNED
251,0,2022-06-09,39,M,1,UNKNOWN,UNKNOWN,TELEHEALTH PROVIDED IN PATIENT'S HOME
2703,0,2022-07-10,85,F,126,UNKNOWN,UNKNOWN,UNASSIGNED
2927,0,2022-06-22,53,F,6,UNKNOWN,UNKNOWN,INDEPENDENT LABORATORY
3878,0,2022-07-15,65,M,24,UROLOGY,IN,Unknown
3222,0,2022-07-18,32,F,16,UNKNOWN,UNKNOWN,Unknown
2355,0,2022-06-24,36,M,10,FAMILY MEDICINE,CA,Unknown
2313,1,2022-06-16,69,F,12,FAMILY MEDICINE,GA,Unknown
2720,0,2022-06-14,81,F,44,INTERNAL MEDICINE,TX,Unknown
3094,1,2022-06-04,58,F,41,FAMILY MEDICINE,MI,Unknown
1609,0,2022-07-19,58,F,155,NURSE PRACTITIONER,VA,Unknown
2371,0,2022-06-23,45,F,5,FAMILY MEDICINE,CO,OFFICE
1961,0,2022-07-07,52,M,4,INTERNAL MEDICINE,FL,HOSPITAL OUTPATIENT
2714,0,2022-06-30,70,M,36,PHYSICIAN ASSISTANT,MN,OFFICE
2539,0,2022-07-21,85,F,147,INTERNAL MEDICINE,FL,OFFICE
1678,0,2022-06-15,38,F,1,INTERNAL MEDICINE,IA,OFFICE
3092,0,2022-07-08,57,F,48,INTERVENTIONAL CARDIOLOGY,TX,Unknown
2102,0,2022-07-22,85,F,57,CARDIOVASCULAR DISEASE,TN,Unknown
3856,1,2022-06-02,69,F,6,INTERNAL MEDICINE/FAMILY MEDICINE,MI,Unknown
1693,1,2022-06-07,53,F,7,NURSE PRACTITIONER,TX,Unknown
3994,0,2022-07-12,85,M,47,INTERNAL MEDICINE,SC,Unknown
3765,0,2022-07-01,71,M,20,FAMILY MEDICINE,NY,Unknown
3386,0,2022-06-13,19,M,1,NURSE PRACTITIONER,TX,Unknown
2832,1,2022-06-14,61,F,3,NURSE PRACTITIONER,AL,Unknown
1455,0,2022-06-20,36,F,3,INTERNAL MEDICINE,CA,HOSPITAL INPATIENT (INCLUDING MEDICARE PART A)
969,0,2022-06-21,38,F,74,UNKNOWN,UNKNOWN,URGENT CARE FACILITY
3846,0,2022-06-29,72,F,4,PHYSICIAN ASSISTANT,CT,TELEHEALTH PROVIDED OTHER THAN IN PATIENT'S HOME
814,0,2022-06-03,33,F,2,PHYSICIAN ASSISTANT,OR,URGENT CARE FACILITY
108,0,2022-07-01,0,M,4,UNKNOWN,UNKNOWN,OTHER PLACE OF SERVICE
1668,0,2022-06-19,36,F,2,PHYSICIAN ASSISTANT,OH,HOSPITAL OUTPATIENT
3684,0,2022-06-27,45,F,1,UNKNOWN,UNKNOWN,URGENT CARE FACILITY
591,0,2022-06-14,5,F,1,EMERGENCY MEDICINE,OH,EMERGENCY ROOM - HOSPITAL
791,0,2022-06-25,54,M,5,INTERNAL MEDICINE,NY,Unknown
505,0,2022-07-11,70,F,9,NEUROLOGY,VA,Unknown
2686,0,2022-07-10,56,F,13,FAMILY MEDICINE,AZ,Unknown
3536,1,2022-06-02,46,F,3,FAMILY MEDICINE,CT,Unknown
1029,0,2022-07-11,7,F,1,CHILD NEUROLOGY,IN,Unknown
362,0,2022-07-21,63,M,31,PULMONARY DISEASE,FL,INPATIENT HOSPITAL
1796,0,2022-06-13,61,M,118,ANATOMIC/CLINICAL PATHOLOGY,FL,INPATIENT HOSPITAL
3320,0,2022-06-03,40,F,2,FAMILY MEDICINE,MO,HOSPITAL OUTPATIENT
2482,0,2022-06-06,26,M,1,UNKNOWN,UNKNOWN,INDEPENDENT LABORATORY
1469,0,2022-07-14,66,M,9,FAMILY MEDICINE,TX,OFFICE
1778,0,2022-06-21,37,F,3,CHIROPRACTIC,MD,OFFICE
1797,0,2022-06-09,48,M,8,DIAGNOSTIC RADIOLOGY,OH,EMERGENCY ROOM - HOSPITAL
1495,0,2022-07-11,53,M,2,NURSE PRACTITIONER,CA,CLINIC - FREESTANDING
1513,0,2022-07-07,54,F,23,GENERAL PRACTICE,PR,TELEHEALTH PROVIDED IN PATIENT'S HOME
1585,0,2022-06-25,63,F,108,INTERNAL MEDICINE,MI,TELEHEALTH PROVIDED OTHER THAN IN PATIENT'S HOME
1450,0,2022-06-13,38,F,1,PHYSICIAN ASSISTANT,NY,URGENT CARE FACILITY
145,0,2022-06-10,13,F,2,UNKNOWN,UNKNOWN,INDEPENDENT LABORATORY
3082,0,2022-06-06,59,M,9,INTERNAL MEDICINE,CT,TELEHEALTH PROVIDED OTHER THAN IN PATIENT'S HOME
979,0,2022-06-03,7,M,5,PEDIATRICS,NY,OFFICE
2685,0,2022-06-26,18,M,16,NURSE PRACTITIONER,AL,OFFICE
677,0,2022-06-21,65,M,3,FAMILY MEDICINE,TX,TELEHEALTH PROVIDED OTHER THAN IN PATIENT'S HOME
2376,0,2022-06-27,65,M,29,PHYSICIAN ASSISTANT,MI,URGENT CARE FACILITY
1497,0,2022-06-23,51,F,45,EMERGENCY MEDICINE,NY,HOSPITAL OUTPATIENT
169,0,2022-06-20,1,M,1,PEDIATRICS,TX,OFFICE
3034,0,2022-06-03,44,F,4,INTERNAL MEDICINE,VA,OFFICE
1039,0,2022-07-19,65,F,34,FAMILY MEDICINE,TX,OFFICE
2032,0,2022-07-12,64,M,35,HEMATOLOGY/ONCOLOGY,TN,Unknown
431,0,2022-07-06,40,F,7,INTERNAL MEDICINE,GA,Unknown
1570,0,2022-06-30,79,M,25,FAMILY MEDICINE,OR,Unknown
1703,1,2022-06-07,61,F,14,FAMILY MEDICINE,PA,Unknown
1408,1,2022-06-26,74,F,7,INTERNAL MEDICINE,AZ,Unknown
3752,0,2022-07-08,71,M,31,FAMILY MEDICINE,MI,Unknown
3781,0,2022-06-28,85,M,70,NURSE PRACTITIONER,OH,OFFICE
2410,0,2022-06-29,37,M,1,NURSE PRACTITIONER,NM,URGENT CARE FACILITY
524,0,2022-06-11,3,F,1,UNKNOWN,UNKNOWN,URGENT CARE FACILITY
3897,0,2022-06-09,43,M,1,UNKNOWN,UNKNOWN,INDEPENDENT LABORATORY
202,0,2022-06-07,23,F,1,EMERGENCY MEDICINE,TX,EMERGENCY ROOM - HOSPITAL
590,0,2022-06-23,26,M,2,UNKNOWN,UNKNOWN,INDEPENDENT LABORATORY
3595,0,2022-06-13,75,F,36,FAMILY MEDICINE,CA,TELEHEALTH PROVIDED IN PATIENT'S HOME
2669,0,2022-07-22,56,F,5,FAMILY MEDICINE,NY,OFFICE
2750,0,2022-06-28,32,F,1,EMERGENCY MEDICINE,LA,EMERGENCY ROOM - HOSPITAL
1150,0,2022-06-29,8,F,6,UNSPECIFIED,TX,EMERGENCY ROOM - HOSPITAL
2637,0,2022-06-07,24,M,1,NURSE PRACTITIONER,CA,URGENT CARE FACILITY
2505,0,2022-06-15,49,M,4,FAMILY MEDICINE,TN,OFFICE
917,0,2022-06-29,6,M,1,NURSE PRACTITIONER,KY,OFFICE
1045,0,2022-06-14,28,F,1,EMERGENCY MEDICINE,LA,EMERGENCY ROOM - HOSPITAL
2831,0,2022-07-07,32,F,1,PHYSICIAN ASSISTANT,TN,Unknown
3355,1,2022-06-16,25,M,3,FAMILY MEDICINE,RI,Unknown
2103,0,2022-06-04,65,M,3,EMERGENCY MEDICINE,MO,EMERGENCY ROOM - HOSPITAL
2192,0,2022-06-08,72,F,4,NURSE PRACTITIONER,NH,URGENT CARE FACILITY
578,0,2022-06-29,64,M,5,FAMILY MEDICINE,FL,OFFICE
1805,0,2022-06-25,78,F,5,UNKNOWN,UNKNOWN,OTHER PLACE OF SERVICE
1717,0,2022-07-13,48,F,3,FAMILY MEDICINE,NV,Unknown
3958,0,2022-06-25,59,M,6,FAMILY MEDICINE,OH,Unknown
3535,0,2022-06-28,23,F,2,FAMILY MEDICINE,PA,Unknown
1610,1,2022-06-29,67,F,9,NURSE PRACTITIONER,TX,Unknown
3650,0,2022-06-24,85,F,15,INTERNAL MEDICINE,FL,Unknown
3973,0,2022-06-27,29,F,7,EMERGENCY MEDICINE,PA,EMERGENCY ROOM - HOSPITAL
2043,0,2022-07-12,30,F,26,NEURORADIOLOGY,CA,OFFICE
387,0,2022-06-19,13,M,2,PEDIATRIC RADIOLOGY,MD,ON CAMPUS-OUTPATIENT HOSPITAL
3184,0,2022-07-01,43,F,33,FAMILY MEDICINE,TX,OFFICE
3037,0,2022-07-20,62,F,93,INTERNAL MEDICINE,CA,UNASSIGNED
3127,0,2022-06-09,59,F,30,INTERNAL MEDICINE,NY,OFFICE
971,0,2022-06-05,15,F,3,EMERGENCY MEDICINE,CA,EMERGENCY ROOM - HOSPITAL
2610,0,2022-06-30,74,M,1,FAMILY MEDICINE,MS,OFFICE
620,0,2022-06-27,30,F,2,NURSE PRACTITIONER,DC,OFFICE
3254,0,2022-06-29,66,F,17,NURSE PRACTITIONER,MS,OFFICE
662,0,2022-06-22,54,F,4,PHYSICIAN ASSISTANT,MO,URGENT CARE FACILITY
1531,0,2022-06-08,42,M,4,UNKNOWN,UNKNOWN,INDEPENDENT LABORATORY
824,1,2022-06-26,36,M,4,INTERNAL MEDICINE,NY,Unknown
785,0,2022-06-08,19,F,3,PHYSICIAN ASSISTANT,NY,Unknown
2840,1,2022-06-09,55,M,2,EMERGENCY MEDICINE,TX,Unknown
2900,1,2022-06-30,48,M,8,PHYSICIAN ASSISTANT,NJ,Unknown
477,0,2022-06-30,51,F,1,FAMILY MEDICINE,WA,URGENT CARE FACILITY
1920,0,2022-06-01,74,M,12,INTERNAL MEDICINE,DC,UNASSIGNED
3569,0,2022-06-22,67,M,7,NURSE PRACTITIONER,FL,EMERGENCY ROOM - HOSPITAL
2984,0,2022-07-01,85,M,110,INTERNAL MEDICINE,NE,INPATIENT HOSPITAL
3175,0,2022-06-14,20,F,2,PEDIATRICS,TX,OFFICE
1887,0,2022-06-14,35,M,1,INTERNAL MEDICINE,NY,OFFICE
2461,0,2022-06-13,77,F,4,NURSE PRACTITIONER,CO,URGENT CARE FACILITY
2131,0,2022-06-17,23,F,6,FAMILY MEDICINE,NM,INPATIENT PSYCHIATRIC FACILITY
3336,0,2022-06-30,85,F,63,PHYSICIAN ASSISTANT,FL,OFFICE
2457,0,2022-06-24,42,F,9,EMERGENCY MEDICINE,CA,ON CAMPUS-OUTPATIENT HOSPITAL
1109,0,2022-06-04,34,F,6,INTERNAL MEDICINE,TX,TELEHEALTH PROVIDED OTHER THAN IN PATIENT'S HOME
334,0,2022-06-15,64,M,3,UNKNOWN,UNKNOWN,INDEPENDENT LABORATORY
2256,0,2022-06-28,13,F,1,NURSE PRACTITIONER,VA,URGENT CARE FACILITY
1080,0,2022-06-02,36,M,18,NURSE PRACTITIONER,MD,EMERGENCY ROOM - HOSPITAL
1604,0,2022-06-30,62,F,45,NURSE PRACTITIONER,NV,URGENT CARE FACILITY
2818,0,2022-06-16,34,M,7,UNKNOWN,UNKNOWN,URGENT CARE FACILITY
2258,0,2022-07-07,51,F,48,FAMILY MEDICINE,NY,OFFICE
2178,0,2022-07-19,42,F,11,INTERNAL MEDICINE,WA,Unknown
3953,0,2022-07-18,73,F,105,NURSE PRACTITIONER,OH,Unknown
3206,1,2022-06-28,50,M,13,UNKNOWN,UNKNOWN,Unknown
2316,0,2022-06-09,76,M,3,UNKNOWN,UNKNOWN,INDEPENDENT LABORATORY
1692,1,2022-06-12,69,M,1,EMERGENCY MEDICINE,TX,Unknown
2837,0,2022-07-08,73,F,39,INTERNAL MEDICINE,NC,Unknown
2743,0,2022-07-01,68,M,9,NEUROLOGY,IA,Unknown
3277,0,2022-06-10,24,M,2,NURSE PRACTITIONER,AR,OFFICE
3963,0,2022-07-15,73,M,8,CARDIOVASCULAR DISEASE,MN,OFFICE
771,0,2022-06-03,5,F,1,FAMILY MEDICINE,IL,URGENT CARE FACILITY
1093,0,2022-06-21,8,F,4,EMERGENCY MEDICINE,CA,HOSPITAL OUTPATIENT
3754,0,2022-06-28,35,F,10,PSYCHIATRY,IL,TELEHEALTH PROVIDED OTHER THAN IN PATIENT'S HOME
2717,0,2022-07-06,85,F,85,FAMILY MEDICINE,IA,Unknown
3938,1,2022-06-29,29,F,2,INTERNAL MEDICINE,CT,Unknown
2820,0,2022-06-10,61,F,9,NURSE PRACTITIONER,KY,Unknown
1757,1,2022-06-06,56,F,2,FAMILY MEDICINE,MA,Unknown
862,0,2022-06-15,21,F,1,FAMILY MEDICINE,VA,OFFICE
3798,0,2022-06-14,54,F,2,NURSE PRACTITIONER,DC,OFFICE
471,0,2022-06-13,3,M,2,PHYSICIAN ASSISTANT,NC,OFFICE
2822,0,2022-06-16,79,F,103,FAMILY MEDICINE,TX,EMERGENCY ROOM - HOSPITAL
1171,0,2022-06-21,32,M,1,UNKNOWN,UNKNOWN,INDEPENDENT LABORATORY
2250,0,2022-06-09,70,F,15,FAMILY MEDICINE,CA,CLINIC  - FEDERALLY QUALIFIED HEALTH CENTER (FQHC)
1657,0,2022-06-01,35,F,9,NURSE PRACTITIONER,MS,URGENT CARE FACILITY
2101,0,2022-06-13,71,F,8,FAMILY MEDICINE,UT,OFFICE
2611,0,2022-06-28,77,F,98,FAMILY MEDICINE,LA,OFFICE
3901,0,2022-06-09,43,F,6,INTERNAL MEDICINE,PA,URGENT CARE FACILITY
534,0,2022-06-08,58,M,57,FAMILY MEDICINE,WI,URGENT CARE FACILITY
2721,0,2022-07-14,53,F,36,"ENDOCRINOLOGY, DIABETES & METABOLISM",NY,Unknown
3911,1,2022-06-27,34,F,14,FAMILY MEDICINE,MI,Unknown
3107,1,2022-06-14,79,F,10,FAMILY MEDICINE,MN,Unknown
2699,1,2022-06-01,39,F,8,PHYSICIAN ASSISTANT,NV,Unknown
1897,0,2022-07-13,75,F,8,PSYCHIATRY,UT,TELEHEALTH PROVIDED OTHER THAN IN PATIENT'S HOME
1204,0,2022-07-15,69,F,22,INTERNAL MEDICINE,VA,UNASSIGNED
604,0,2022-06-04,12,F,1,UNKNOWN,UNKNOWN,URGENT CARE FACILITY
3419,0,2022-06-04,65,M,7,ANATOMIC/CLINICAL PATHOLOGY,FL,ON CAMPUS-OUTPATIENT HOSPITAL
1281,0,2022-06-06,84,M,6,PHYSICIAN ASSISTANT,WA,INPATIENT HOSPITAL
1736,0,2022-06-23,36,F,5,FAMILY MEDICINE,CO,OFFICE
1064,0,2022-06-21,44,F,7,FAMILY MEDICINE,CA,TELEHEALTH PROVIDED OTHER THAN IN PATIENT'S HOME
2819,0,2022-06-18,31,F,4,NURSE PRACTITIONER,AL,OFFICE
2112,0,2022-06-19,22,F,1,PHYSICIAN ASSISTANT,NJ,URGENT CARE FACILITY
3245,0,2022-06-19,81,M,6,FAMILY MEDICINE,NY,HOSPITAL OUTPATIENT
1518,0,2022-06-29,37,M,25,FAMILY MEDICINE,CA,CLINIC - FREESTANDING
1383,0,2022-07-05,77,F,33,INTERNAL MEDICINE,NY,Unknown
2472,0,2022-06-19,53,M,32,NURSE PRACTITIONER,MN,Unknown
2541,0,2022-07-12,68,F,3,INTERNAL MEDICINE,MN,Unknown
3990,1,2022-06-19,68,F,10,OBSTETRICS & GYNECOLOGY,CA,Unknown
356,0,2022-06-02,2,F,1,FAMILY MEDICINE,MI,URGENT CARE FACILITY
707,0,2022-06-29,5,F,1,PEDIATRIC EMERGENCY MEDICINE,GA,EMERGENCY ROOM - HOSPITAL
1004,0,2022-06-15,32,F,24,INTERNAL MEDICINE,MD,URGENT CARE FACILITY
3506,0,2022-06-13,45,F,4,INTERNAL MEDICINE,IN,OFFICE
2963,0,2022-06-07,85,F,5,UNKNOWN,UNKNOWN,AMBULANCE - LAND
667,0,2022-06-07,5,F,2,PEDIATRIC EMERGENCY MEDICINE (PEDIATRICS),TX,EMERGENCY ROOM - HOSPITAL
2891,0,2022-06-24,71,M,82,NURSE PRACTITIONER,GA,URGENT CARE FACILITY
1263,0,2022-06-04,60,M,2,NURSE PRACTITIONER,OK,EMERGENCY ROOM - HOSPITAL
3947,0,2022-06-16,63,F,28,INTERNAL MEDICINE,MD,OFFICE
3029,0,2022-06-24,73,M,14,FAMILY MEDICINE,AZ,OFFICE
2801,0,2022-06-13,30,M,10,INTERNAL MEDICINE,CA,TELEHEALTH PROVIDED OTHER THAN IN PATIENT'S HOME
1706,0,2022-06-28,31,M,2,DIAGNOSTIC RADIOLOGY,TX,EMERGENCY ROOM - HOSPITAL
4014,0,2022-06-01,26,M,26,UNKNOWN,UNKNOWN,URGENT CARE FACILITY
1730,0,2022-06-08,52,F,39,INTERNAL MEDICINE,TX,TELEHEALTH PROVIDED IN PATIENT'S HOME
2894,0,2022-06-13,85,F,38,INTERNAL MEDICINE,GA,OFFICE
3608,0,2022-06-07,66,M,5,FAMILY MEDICINE,CA,HOSPITAL OUTPATIENT
2738,0,2022-06-06,22,M,1,UNKNOWN,UNKNOWN,URGENT CARE FACILITY
2777,1,2022-06-20,78,M,2,EMERGENCY MEDICINE,MI,Unknown
1962,1,2022-06-02,35,F,1,EMERGENCY MEDICINE,CA,Unknown
4012,1,2022-06-29,73,F,4,NURSE PRACTITIONER,IL,Unknown
1271,0,2022-07-13,68,F,155,CARDIOVASCULAR DISEASE,FL,OFFICE
2306,0,2022-07-09,13,F,3,UNKNOWN,UNKNOWN,INDEPENDENT LABORATORY
647,0,2022-06-18,5,F,2,NURSE PRACTITIONER,ID,OFFICE
3916,0,2022-07-12,71,F,48,PHYSICIAN ASSISTANT,MI,HOSPITAL OUTPATIENT
1231,0,2022-07-18,58,F,5,RHEUMATOLOGY,TX,OFFICE
2053,0,2022-06-21,79,F,38,FAMILY MEDICINE,CA,OFFICE
1138,1,2022-06-16,81,F,5,INTERNAL MEDICINE,GA,Unknown
3269,1,2022-06-16,47,F,15,NURSE PRACTITIONER,MD,Unknown
2195,0,2022-07-12,48,M,27,NURSE PRACTITIONER,TX,Unknown
3842,0,2022-06-27,72,F,23,PULMONARY CRITICAL CARE MEDICINE,VA,Unknown
1363,0,2022-07-01,55,M,17,PHYSICIAN ASSISTANT,NV,Unknown
2379,0,2022-06-27,40,F,2,FAMILY MEDICINE,TX,OFFICE
1050,0,2022-06-27,37,M,23,NURSE PRACTITIONER,TX,OFFICE
282,0,2022-06-28,34,M,2,UNKNOWN,UNKNOWN,OTHER PLACE OF SERVICE
929,0,2022-07-19,70,M,49,HEMATOLOGY/ONCOLOGY,CA,TELEHEALTH PROVIDED OTHER THAN IN PATIENT'S HOME
1265,0,2022-06-14,76,F,69,NURSE PRACTITIONER,MA,HOSPITAL OUTPATIENT
2235,0,2022-06-16,42,F,5,INTERNAL MEDICINE,MI,TELEHEALTH PROVIDED OTHER THAN IN PATIENT'S HOME
3221,0,2022-07-07,42,F,14,EMERGENCY MEDICINE,SC,EMERGENCY ROOM - HOSPITAL
1984,0,2022-07-19,61,M,87,CARDIOVASCULAR DISEASE,IL,ON CAMPUS-OUTPATIENT HOSPITAL
3035,0,2022-07-15,56,F,49,FAMILY MEDICINE,MI,OFFICE
2571,0,2022-06-21,73,F,9,FAMILY MEDICINE,NE,OFFICE
1235,0,2022-06-16,23,F,23,PSYCHIATRY,WV,TELEHEALTH PROVIDED OTHER THAN IN PATIENT'S HOME
1461,0,2022-06-27,79,M,10,DERMATOLOGY,SD,OFFICE
375,0,2022-06-07,28,M,2,UNKNOWN,UNKNOWN,URGENT CARE FACILITY
2990,0,2022-06-24,58,M,3,EMERGENCY MEDICINE,MO,URGENT CARE FACILITY
3066,0,2022-07-07,50,M,1,CLINICAL NEUROPHYSIOLOGY,NJ,Unknown
780,0,2022-06-19,74,M,2,PHYSICIAN ASSISTANT,CO,Unknown
285,0,2022-06-06,67,F,3,EMERGENCY MEDICINE,MS,HOSPITAL OUTPATIENT
2342,0,2022-06-09,15,M,1,PEDIATRIC EMERGENCY MEDICINE (PEDIATRICS),AR,EMERGENCY ROOM - HOSPITAL
3847,0,2022-06-29,68,M,137,PULMONARY CRITICAL CARE MEDICINE,MA,HOSPITAL INPATIENT (INCLUDING MEDICARE PART A)
3721,1,2022-06-24,57,M,14,FAMILY MEDICINE,CA,Unknown
1894,1,2022-06-22,72,M,2,NURSE PRACTITIONER,TX,Unknown
3923,0,2022-06-23,81,F,67,NURSE PRACTITIONER,CA,Unknown
1681,1,2022-06-27,46,F,5,FAMILY MEDICINE,TX,Unknown
3697,0,2022-06-30,47,F,1,PHYSICIAN ASSISTANT,UT,Unknown
2341,1,2022-06-30,34,F,32,PHYSICIAN ASSISTANT,TN,Unknown
1892,1,2022-06-08,69,F,72,FAMILY MEDICINE,NY,Unknown
1382,1,2022-06-17,42,F,28,FAMILY MEDICINE,WI,Unknown
3732,0,2022-06-29,60,F,1,NURSE PRACTITIONER,OH,URGENT CARE FACILITY
3292,0,2022-06-23,58,F,7,UNKNOWN,UNKNOWN,INDEPENDENT LABORATORY
1863,0,2022-06-23,64,F,6,FAMILY MEDICINE,CA,OFFICE
3809,0,2022-06-16,77,F,41,EMERGENCY MEDICINE,NJ,EMERGENCY ROOM - HOSPITAL
2908,0,2022-06-13,74,F,38,NURSE PRACTITIONER,IN,OFFICE
316,0,2022-06-20,32,F,1,FAMILY MEDICINE,UT,OFFICE
3638,0,2022-06-23,65,F,3,UNKNOWN,UNKNOWN,URGENT CARE FACILITY
2949,0,2022-07-20,70,M,35,PHYSICIAN ASSISTANT,NY,OFFICE
359,0,2022-06-28,2,M,1,NURSE PRACTITIONER,LA,RURAL HEALTH CLINIC
2907,0,2022-06-05,62,M,2,DIAGNOSTIC RADIOLOGY,CA,EMERGENCY ROOM - HOSPITAL
3538,0,2022-06-13,60,M,7,FAMILY MEDICINE,IA,TELEHEALTH PROVIDED OTHER THAN IN PATIENT'S HOME
255,0,2022-06-06,1,M,2,PEDIATRICS,CA,FEDERALLY QUALIFIED HEALTH CENTER
595,0,2022-06-30,71,M,8,CARDIOVASCULAR DISEASE,MD,Unknown
881,0,2022-07-22,36,F,1,INTERNAL MEDICINE,MA,Unknown
1698,0,2022-06-11,84,F,5,DIAGNOSTIC RADIOLOGY,IA,INPATIENT HOSPITAL
3057,0,2022-07-11,52,M,72,FAMILY MEDICINE,GA,OFFICE
2201,0,2022-06-06,65,M,30,HOSPITALIST,WI,CLINIC  - FEDERALLY QUALIFIED HEALTH CENTER (FQHC)
777,0,2022-06-10,33,M,2,FAMILY MEDICINE,CA,OFFICE
2942,1,2022-06-30,36,M,11,EMERGENCY MEDICINE,IL,Unknown
3905,0,2022-07-11,64,M,1,INTERNAL MEDICINE,NJ,Unknown
446,1,2022-06-03,41,F,3,EMERGENCY MEDICINE,CA,Unknown
2378,1,2022-06-09,83,F,76,FAMILY MEDICINE,MI,Unknown
937,0,2022-06-19,6,M,3,ANATOMIC/CLINICAL PATHOLOGY,FL,URGENT CARE FACILITY
734,0,2022-06-12,28,M,1,UNKNOWN,UNKNOWN,URGENT CARE FACILITY
211,0,2022-06-28,1,F,1,INTERNAL MEDICINE,FL,HOSPITAL OUTPATIENT
601,0,2022-06-17,4,F,2,PEDIATRICS,CA,OFFICE
1245,0,2022-06-16,56,M,10,INTERNAL MEDICINE,MI,TELEHEALTH PROVIDED OTHER THAN IN PATIENT'S HOME
924,0,2022-06-14,40,F,34,PODIATRIST,MI,HOSPITAL OUTPATIENT
2651,0,2022-06-14,82,M,38,FAMILY MEDICINE,CA,URGENT CARE FACILITY
1921,0,2022-06-14,12,M,2,UNKNOWN,UNKNOWN,INDEPENDENT LABORATORY
887,0,2022-06-27,62,F,2,INTERNAL MEDICINE,CA,TELEHEALTH PROVIDED OTHER THAN IN PATIENT'S HOME
388,0,2022-06-02,2,M,2,PHYSICIAN ASSISTANT,TX,OFFICE
1428,0,2022-07-01,81,F,28,INTERNAL MEDICINE,FL,OFFICE
84,0,2022-06-13,24,F,2,OBSTETRICS & GYNECOLOGY,MI,CLINIC - RURAL HEALTH
296,0,2022-06-29,23,M,1,PHYSICIAN ASSISTANT,IN,URGENT CARE FACILITY
1267,0,2022-06-03,36,F,16,FAMILY MEDICINE,MI,TELEHEALTH PROVIDED OTHER THAN IN PATIENT'S HOME
1480,0,2022-06-21,58,F,4,OTOLARYNGOLOGY,CA,OFFICE
1998,0,2022-07-18,83,M,117,INTERNAL MEDICINE,MO,Unknown
3002,1,2022-06-21,36,F,14,FAMILY MEDICINE,CA,Unknown
1117,1,2022-06-15,45,F,12,NURSE PRACTITIONER,IN,Unknown
4010,0,2022-07-12,74,M,9,INTERNAL MEDICINE,CA,Unknown
695,0,2022-07-03,48,M,6,FAMILY MEDICINE,TX,Unknown
228,1,2022-06-27,34,F,1,PHYSICIAN ASSISTANT,CA,Unknown
2302,0,2022-06-27,69,F,5,FAMILY MEDICINE,TX,Unknown
3819,0,2022-07-01,76,F,7,INTERNAL MEDICINE,PA,Unknown
980,0,2022-06-24,28,M,2,PHYSICIAN ASSISTANT,FL,OFFICE
987,0,2022-06-20,25,M,1,PHYSICIAN ASSISTANT,TX,URGENT CARE FACILITY
3831,0,2022-06-22,85,M,36,INFECTIOUS DISEASE,NY,OTHER PLACE OF SERVICE
2194,0,2022-06-08,70,F,6,NURSE PRACTITIONER,CO,OFFICE
3731,0,2022-06-12,33,M,1,UNKNOWN,UNKNOWN,URGENT CARE FACILITY
378,1,2022-06-15,70,M,1,FAMILY MEDICINE,CA,Unknown
2119,1,2022-06-20,61,F,3,INTERNAL MEDICINE,MA,Unknown
2381,1,2022-06-06,19,F,29,PHYSICIAN ASSISTANT,WI,Unknown
3969,0,2022-07-19,85,M,72,INTERNAL MEDICINE,TN,Unknown
3498,1,2022-06-24,24,M,1,NURSE PRACTITIONER,TX,Unknown
423,0,2022-06-10,2,M,1,PEDIATRICS,GA,OFFICE
1239,0,2022-06-10,53,M,10,OTOLARYNGOLOGY,NY,AMBULATORY SURGERY CENTER
1121,0,2022-06-10,19,F,1,PEDIATRICS,MD,OFFICE
1901,0,2022-06-27,50,F,15,FAMILY MEDICINE,NC,OFFICE
1180,0,2022-06-27,68,M,28,CARDIOVASCULAR DISEASE,IL,OFFICE
758,0,2022-06-13,50,F,2,EMERGENCY MEDICINE,IL,EMERGENCY ROOM - HOSPITAL
1774,0,2022-06-15,81,M,16,EMERGENCY MEDICINE,IL,EMERGENCY ROOM - HOSPITAL
3723,0,2022-06-14,19,M,1,UNKNOWN,UNKNOWN,URGENT CARE FACILITY
3657,0,2022-06-16,75,F,2,EMERGENCY MEDICINE,MD,EMERGENCY ROOM - HOSPITAL
1673,0,2022-07-13,80,M,11,CARDIOVASCULAR DISEASE,TX,Unknown
3749,0,2022-07-07,58,M,11,INTERNAL MEDICINE,MA,Unknown
170,1,2022-06-24,43,F,1,FAMILY MEDICINE,WA,Unknown
3740,0,2022-06-10,77,F,26,INTERNAL MEDICINE,OR,Unknown
1006,0,2022-07-13,58,M,16,INTERNAL MEDICINE,IL,Unknown
3829,1,2022-06-10,56,F,5,NURSE PRACTITIONER,GA,Unknown
2141,1,2022-06-12,79,M,4,FAMILY MEDICINE,AR,Unknown
1016,0,2022-06-28,7,F,2,UNKNOWN,UNKNOWN,URGENT CARE FACILITY
3613,0,2022-06-13,75,F,30,FAMILY MEDICINE,CA,TELEHEALTH PROVIDED OTHER THAN IN PATIENT'S HOME
159,0,2022-07-19,1,F,1,PHYSICIAN ASSISTANT,KY,OFFICE
2460,0,2022-06-02,62,F,1,NURSE PRACTITIONER,AR,URGENT CARE FACILITY
3382,0,2022-06-30,57,M,3,CARDIOVASCULAR DISEASE,GA,OFFICE
2638,0,2022-06-29,16,F,1,NURSE PRACTITIONER,OK,OFFICE
3692,0,2022-06-09,61,F,11,UNKNOWN,UNKNOWN,INDEPENDENT LABORATORY
1838,0,2022-06-15,12,F,4,EMERGENCY MEDICINE,FL,HOSPITAL OUTPATIENT
445,0,2022-07-13,85,F,12,CARDIOVASCULAR DISEASE,CA,OFFICE
1785,0,2022-06-10,14,M,10,PEDIATRICS,MN,OFFICE
555,0,2022-06-08,9,M,1,UNKNOWN,UNKNOWN,INDEPENDENT LABORATORY
1293,0,2022-06-30,76,F,4,FAMILY MEDICINE,OR,URGENT CARE FACILITY
2934,0,2022-07-02,50,F,49,PSYCHIATRY,MO,Unknown
3804,0,2022-07-20,50,F,4,FAMILY MEDICINE,IL,Unknown
1794,1,2022-06-08,19,M,1,PHYSICIAN ASSISTANT,WA,Unknown
420,0,2022-06-09,31,F,1,PHYSICIAN ASSISTANT,CA,URGENT CARE FACILITY
1437,0,2022-06-09,52,M,109,NEPHROLOGY,IL,INPATIENT HOSPITAL
1353,0,2022-06-21,20,F,15,EMERGENCY MEDICINE,OK,ON CAMPUS-OUTPATIENT HOSPITAL
204,0,2022-06-27,57,M,10,INTERNAL MEDICINE,MD,OFFICE
818,0,2022-07-14,42,F,3,INTERNAL MEDICINE,PA,Unknown
1648,0,2022-06-29,72,M,36,FAMILY MEDICINE,TX,Unknown
2724,0,2022-07-20,68,M,118,NURSE PRACTITIONER,VA,Unknown
1269,1,2022-06-02,41,F,9,NURSE PRACTITIONER,VA,Unknown
2890,1,2022-06-24,66,M,45,PHYSICIAN ASSISTANT,CA,Unknown
3169,0,2022-06-30,85,F,30,INTERNAL MEDICINE,FL,OFFICE
313,0,2022-06-29,1,F,2,FAMILY MEDICINE,LA,RURAL HEALTH CLINIC
130,0,2022-06-12,0,F,1,EMERGENCY MEDICINE,TX,HOSPITAL OUTPATIENT
3975,0,2022-07-07,76,F,74,INTERNAL MEDICINE,LA,OFFICE
1929,0,2022-06-14,19,F,1,EMERGENCY MEDICINE,TX,EMERGENCY ROOM - HOSPITAL
3998,0,2022-07-05,67,F,15,FAMILY MEDICINE,PA,UNASSIGNED
469,0,2022-06-16,32,F,43,FAMILY MEDICINE,VA,OFFICE
98,0,2022-07-02,0,M,2,PEDIATRICS,NY,OFFICE
201,0,2022-06-13,9,M,2,PEDIATRICS,FL,TELEHEALTH PROVIDED OTHER THAN IN PATIENT'S HOME
1156,0,2022-06-27,44,F,7,FAMILY MEDICINE,CA,OFFICE
3443,0,2022-07-15,72,M,37,FAMILY MEDICINE,SC,OFFICE
3976,0,2022-06-03,63,F,3,FAMILY MEDICINE,CA,ON CAMPUS-OUTPATIENT HOSPITAL
3364,0,2022-07-02,61,M,1,FAMILY MEDICINE,NM,Unknown
3862,1,2022-06-15,62,M,70,INTERNAL MEDICINE,MA,Unknown
3220,0,2022-06-18,73,F,33,INTERNAL MEDICINE,CA,Unknown
525,0,2022-07-12,61,F,26,INTERNAL MEDICINE,FL,Unknown
3225,0,2022-07-03,65,M,37,HOSPITALIST,OH,Unknown
3687,1,2022-06-15,53,M,2,INTERNAL MEDICINE,NC,Unknown
2464,0,2022-06-07,59,M,6,NURSE PRACTITIONER,MS,URGENT CARE FACILITY
3573,0,2022-06-10,61,F,44,INTERNAL MEDICINE,FL,Unknown
660,1,2022-06-09,69,F,10,INTERNAL MEDICINE,GA,Unknown
2876,0,2022-07-11,62,M,2,INTERNAL MEDICINE,IN,Unknown
2085,0,2022-07-12,45,F,44,FAMILY MEDICINE,AR,Unknown
1052,0,2022-06-03,45,M,2,NURSE PRACTITIONER,MS,OFFICE
1244,0,2022-06-03,8,F,1,UNKNOWN,UNKNOWN,INDEPENDENT LABORATORY
3968,0,2022-06-29,35,F,4,NURSE PRACTITIONER,PA,OFFICE
1434,0,2022-06-25,62,F,1,FAMILY MEDICINE,AR,OFFICE
1945,0,2022-06-03,74,F,2,INTERNAL MEDICINE,PA,OFFICE
2275,0,2022-07-19,67,F,33,UROLOGY,MI,OFFICE
1128,0,2022-06-09,8,M,3,NURSE PRACTITIONER,AZ,OTHER PLACE OF SERVICE
190,0,2022-06-28,68,F,2,FAMILY MEDICINE,NC,CLINIC - RURAL HEALTH
606,0,2022-06-21,30,M,1,EMERGENCY MEDICINE,TN,OFFICE
926,0,2022-06-04,65,F,1,FAMILY MEDICINE,IL,OFFICE
909,0,2022-06-13,60,F,1,UNKNOWN,UNKNOWN,INDEPENDENT LABORATORY
2177,0,2022-07-03,30,F,2,UNKNOWN,UNKNOWN,INDEPENDENT LABORATORY
257,0,2022-06-29,1,M,1,PHYSICIAN ASSISTANT,TX,URGENT CARE FACILITY
1982,0,2022-06-08,15,F,1,UNKNOWN,UNKNOWN,URGENT CARE FACILITY
2365,0,2022-06-09,37,F,1,NURSE PRACTITIONER,AL,OFFICE
1987,0,2022-06-23,61,F,25,INTERNAL MEDICINE,NM,INPATIENT HOSPITAL
2909,1,2022-06-29,37,F,14,NURSE PRACTITIONER,TN,Unknown
3920,1,2022-07-11,72,F,23,FAMILY MEDICINE,CA,Unknown
3582,1,2022-06-17,81,F,18,INTERNAL MEDICINE,NY,Unknown
3815,1,2022-06-13,51,F,3,FAMILY MEDICINE,OH,Unknown
915,0,2022-06-29,58,M,6,FAMILY MEDICINE,GA,Unknown
3214,1,2022-06-28,46,M,48,NURSE PRACTITIONER,CA,Unknown
2671,1,2022-06-10,34,F,43,PHYSICIAN ASSISTANT,AZ,Unknown
246,0,2022-07-06,62,M,4,NURSE PRACTITIONER,VA,Unknown
242,1,2022-06-04,42,F,1,FAMILY MEDICINE,CA,Unknown
3712,0,2022-07-12,54,F,41,NURSE PRACTITIONER,MA,Unknown
3715,0,2022-07-05,38,F,2,NURSE PRACTITIONER,WA,Unknown
2127,0,2022-07-05,46,F,30,FAMILY MEDICINE,TX,Unknown
3671,0,2022-06-09,76,F,21,INTERNAL MEDICINE,OR,Unknown
4008,0,2022-07-17,59,F,17,FAMILY MEDICINE,CA,Unknown
2477,1,2022-06-04,78,F,12,NURSE PRACTITIONER,TN,Unknown
2080,0,2022-06-16,75,F,1,INTERNAL MEDICINE,KS,Unknown
531,1,2022-06-23,71,M,2,FAMILY MEDICINE,GA,Unknown
2850,1,2022-06-26,45,M,21,FAMILY MEDICINE,FL,Unknown
877,1,2022-06-28,53,F,4,PHYSICIAN ASSISTANT,NJ,Unknown
773,0,2022-06-06,46,M,3,FAMILY MEDICINE,NY,Unknown
3296,0,2022-07-15,68,M,11,CARDIOVASCULAR DISEASE,NC,Unknown
3824,0,2022-07-09,64,F,30,INTERNAL MEDICINE,AL,Unknown
3949,0,2022-06-23,47,M,32,FAMILY MEDICINE,PA,Unknown
1889,1,2022-06-22,41,M,1,FAMILY MEDICINE,NC,Unknown
676,1,2022-06-01,57,M,3,INTERNAL MEDICINE,WI,Unknown
3258,0,2022-06-01,69,F,4,FAMILY MEDICINE,GA,OFFICE
3960,0,2022-06-29,58,F,11,FAMILY MEDICINE,CA,TELEHEALTH PROVIDED OTHER THAN IN PATIENT'S HOME
1979,0,2022-06-04,62,F,3,EMERGENCY MEDICINE,PA,HOSPITAL OUTPATIENT
3113,0,2022-06-23,26,M,1,FAMILY MEDICINE,MS,OFFICE
1342,0,2022-06-16,59,F,2,FAMILY MEDICINE,CA,TELEHEALTH PROVIDED OTHER THAN IN PATIENT'S HOME
701,0,2022-06-17,37,F,7,PHYSICIAN ASSISTANT,CA,HOSPITAL OUTPATIENT
2977,0,2022-06-22,85,M,43,FAMILY MEDICINE,IA,UNASSIGNED
2240,0,2022-06-21,20,F,1,UNKNOWN,UNKNOWN,INDEPENDENT LABORATORY
3512,0,2022-06-24,65,F,52,CARDIOVASCULAR DISEASE,FL,OFFICE
3725,0,2022-06-29,31,M,1,PHYSICIAN ASSISTANT,CA,URGENT CARE FACILITY
3602,0,2022-06-02,70,M,56,FAMILY MEDICINE,SD,TELEHEALTH PROVIDED IN PATIENT'S HOME
2220,0,2022-06-15,27,F,1,INTERNAL MEDICINE,NY,TELEHEALTH PROVIDED OTHER THAN IN PATIENT'S HOME
1671,0,2022-06-30,69,M,43,NURSE PRACTITIONER,TN,OFFICE
1566,0,2022-06-19,85,F,1,NURSE PRACTITIONER,TN,OFFICE
2086,0,2022-06-03,23,M,6,PEDIATRICS,NJ,OFFICE
2616,0,2022-06-18,59,F,19,EMERGENCY MEDICINE,KY,EMERGENCY ROOM - HOSPITAL
1591,0,2022-06-15,85,F,75,INTERNAL MEDICINE,FL,INPATIENT HOSPITAL
2858,0,2022-07-21,79,F,30,UNKNOWN,UNKNOWN,INDEPENDENT LABORATORY
629,0,2022-06-01,49,M,1,EMERGENCY MEDICINE,GA,EMERGENCY ROOM - HOSPITAL
3493,0,2022-07-20,54,F,63,INTERNAL MEDICINE,CA,CLINIC  - FEDERALLY QUALIFIED HEALTH CENTER (FQHC)
1056,0,2022-06-04,35,M,4,FAMILY MEDICINE,OR,EMERGENCY ROOM - HOSPITAL
3511,0,2022-06-30,62,F,5,NURSE PRACTITIONER,TX,OFFICE
2372,0,2022-06-16,65,F,3,UNKNOWN,UNKNOWN,INDEPENDENT LABORATORY
139,0,2022-06-20,0,M,1,EMERGENCY MEDICINE,TX,EMERGENCY ROOM - HOSPITAL
1694,0,2022-06-28,46,M,36,NURSE PRACTITIONER,LA,OFFICE
1448,0,2022-06-27,71,M,43,FAMILY MEDICINE,GA,OFFICE
2406,0,2022-06-10,37,F,1,INTERNAL MEDICINE,IA,CLINIC - FREESTANDING
217,0,2022-06-27,38,F,1,FAMILY MEDICINE,PA,TELEHEALTH PROVIDED OTHER THAN IN PATIENT'S HOME
1871,0,2022-06-21,66,F,82,HEMATOLOGY/ONCOLOGY,FL,HOSPITAL OUTPATIENT
3759,0,2022-06-28,29,F,1,UNKNOWN,UNKNOWN,URGENT CARE FACILITY
344,0,2022-06-27,24,F,1,NURSE PRACTITIONER,NC,URGENT CARE FACILITY
2843,0,2022-06-30,53,F,3,NURSE PRACTITIONER,TN,OFFICE
832,0,2022-06-28,36,F,2,FAMILY MEDICINE,NC,TELEHEALTH PROVIDED OTHER THAN IN PATIENT'S HOME
1106,0,2022-06-21,85,F,11,CARDIOVASCULAR DISEASE,AZ,OFFICE
1471,0,2022-07-21,82,F,8,EMERGENCY MEDICINE,CA,HOSPITAL OUTPATIENT
2079,0,2022-06-02,13,F,1,FAMILY MEDICINE,LA,OFFICE
3232,0,2022-06-28,22,M,1,NURSE PRACTITIONER,TX,OFFICE
3384,0,2022-06-26,76,F,25,EMERGENCY MEDICINE,AL,EMERGENCY ROOM - HOSPITAL
272,0,2022-06-15,28,F,1,UNKNOWN,UNKNOWN,OFFICE
2140,0,2022-06-01,12,F,1,NEURORADIOLOGY,NH,URGENT CARE FACILITY
1278,0,2022-07-11,64,F,103,FAMILY MEDICINE,GA,UNASSIGNED
533,0,2022-06-28,3,M,2,PEDIATRICS,TX,OFFICE
1612,0,2022-06-27,85,F,16,EMERGENCY MEDICINE,OR,EMERGENCY ROOM - HOSPITAL
3649,0,2022-06-23,76,M,25,NURSE PRACTITIONER,NJ,OFFICE
2446,0,2022-06-30,47,M,3,FAMILY MEDICINE,FL,TELEHEALTH PROVIDED IN PATIENT'S HOME
2545,0,2022-06-21,65,M,6,INTERNAL MEDICINE,CA,TELEHEALTH PROVIDED OTHER THAN IN PATIENT'S HOME
2791,0,2022-06-23,69,F,16,FAMILY MEDICINE,CO,OFFICE
996,0,2022-06-19,7,F,2,PHYSICIAN ASSISTANT,CA,HOSPITAL OUTPATIENT
2097,0,2022-06-13,29,F,1,OBSTETRICS & GYNECOLOGY,NC,HOSPITAL OUTPATIENT
441,0,2022-06-28,61,M,66,FAMILY MEDICINE,CA,OFFICE
411,0,2022-07-06,67,M,7,GASTROENTEROLOGY,AR,AMBULATORY SURGICAL CENTER
2348,0,2022-06-06,64,M,20,INTERNAL MEDICINE,CA,OFFICE
3941,0,2022-06-11,29,M,23,INTERNAL MEDICINE,MI,URGENT CARE FACILITY
932,0,2022-06-14,23,M,1,NURSE PRACTITIONER,MS,OFFICE
308,0,2022-06-22,51,M,1,UNKNOWN,UNKNOWN,URGENT CARE FACILITY
3265,0,2022-07-15,60,M,106,PSYCHIATRY,AK,INPATIENT HOSPITAL
2654,0,2022-06-24,67,M,8,PHYSICIAN ASSISTANT,TN,EMERGENCY ROOM - HOSPITAL
2810,0,2022-07-19,49,F,47,ABDOMINAL RADIOLOGY,NJ,ON CAMPUS-OUTPATIENT HOSPITAL
3904,0,2022-06-12,35,M,1,UNKNOWN,UNKNOWN,URGENT CARE FACILITY
3490,0,2022-06-29,61,M,8,UNKNOWN,UNKNOWN,URGENT CARE FACILITY
2590,0,2022-06-18,29,M,2,EMERGENCY MEDICINE,KY,HOSPITAL OUTPATIENT
3061,0,2022-07-13,70,M,138,INTERNAL MEDICINE,CA,OFFICE
1103,0,2022-06-19,21,M,1,EMERGENCY MEDICINE,UT,EMERGENCY ROOM - HOSPITAL
2691,0,2022-06-01,68,M,9,NURSE PRACTITIONER,GA,OFFICE
131,0,2022-07-01,0,F,2,PEDIATRICS,VA,OFFICE
2619,0,2022-06-08,71,F,1,NURSE PRACTITIONER,SC,URGENT CARE FACILITY
1296,0,2022-06-30,57,F,2,PHYSICIAN ASSISTANT,CA,URGENT CARE FACILITY
1107,0,2022-06-14,71,M,67,FAMILY MEDICINE,MI,OFFICE
950,0,2022-06-28,35,F,1,EMERGENCY MEDICINE,TN,EMERGENCY ROOM - HOSPITAL
1033,0,2022-06-20,74,M,1,PHYSICIAN ASSISTANT,NY,URGENT CARE FACILITY
2198,0,2022-06-25,50,F,1,NURSE PRACTITIONER,TX,URGENT CARE FACILITY
463,0,2022-07-06,26,F,19,BEHAVIORAL HEALTH & SOCIAL SERVICES,WA,OFFICE
1144,0,2022-06-26,61,F,21,HOSPITALIST,GA,INPATIENT HOSPITAL
1370,0,2022-06-25,55,M,14,NURSE PRACTITIONER,AZ,URGENT CARE FACILITY
3171,0,2022-07-19,72,F,25,INFECTIOUS DISEASE,MS,OFFICE
3626,0,2022-06-30,25,F,10,UNKNOWN,UNKNOWN,URGENT CARE FACILITY
1249,0,2022-07-07,30,F,5,CARDIOVASCULAR DISEASE,NY,ON CAMPUS-OUTPATIENT HOSPITAL
3793,0,2022-06-18,51,F,1,UNKNOWN,UNKNOWN,URGENT CARE FACILITY
3373,0,2022-06-19,69,F,34,UNKNOWN,UNKNOWN,URGENT CARE FACILITY
942,0,2022-06-15,32,F,2,EMERGENCY MEDICINE,CT,HOSPITAL OUTPATIENT
3691,0,2022-06-17,53,F,6,FAMILY MEDICINE,CA,OFFICE
2513,0,2022-06-08,44,F,12,FAMILY MEDICINE,FL,OFFICE
129,0,2022-06-07,20,M,1,EMERGENCY MEDICINE,AL,HOSPITAL OUTPATIENT
1393,0,2022-06-17,48,F,1,UNKNOWN,UNKNOWN,INDEPENDENT LABORATORY
1511,0,2022-06-07,18,F,4,GENERAL PRACTICE,PR,OFFICE
1379,0,2022-06-05,65,M,2,NURSE PRACTITIONER,FL,EMERGENCY ROOM - HOSPITAL
709,0,2022-06-10,50,F,1,FAMILY MEDICINE,TX,TELEHEALTH PROVIDED OTHER THAN IN PATIENT'S HOME
3888,0,2022-06-21,21,F,11,PHYSICIAN ASSISTANT,CA,URGENT CARE FACILITY
2251,0,2022-06-02,48,F,15,UNKNOWN,UNKNOWN,URGENT CARE FACILITY
27,0,2022-06-06,1,F,1,FORENSIC PATHOLOGY,CA,INPATIENT HOSPITAL
2420,0,2022-06-08,14,M,1,PEDIATRICS,TX,OFFICE
1030,0,2022-06-24,64,F,22,FAMILY MEDICINE,TX,TELEHEALTH PROVIDED OTHER THAN IN PATIENT'S HOME
2917,0,2022-06-28,62,M,26,INTERNAL MEDICINE,FL,OFFICE
1319,0,2022-06-20,50,F,2,UNKNOWN,UNKNOWN,TELEHEALTH PROVIDED IN PATIENT'S HOME
3604,0,2022-07-22,85,F,138,INTERNAL MEDICINE,HI,OFFICE
2027,0,2022-06-10,48,M,4,PHYSICIAN ASSISTANT,IL,URGENT CARE FACILITY
1749,0,2022-06-23,43,F,1,PHYSICIAN ASSISTANT,PA,URGENT CARE FACILITY
1151,0,2022-07-20,41,F,67,INTERNAL MEDICINE,CA,UNASSIGNED
1653,0,2022-06-08,56,M,34,INTERNAL MEDICINE,MD,ON CAMPUS-OUTPATIENT HOSPITAL
422,0,2022-06-14,39,F,9,NURSE PRACTITIONER,TX,TELEHEALTH PROVIDED OTHER THAN IN PATIENT'S HOME
1913,0,2022-06-08,60,F,9,FAMILY MEDICINE,AR,HOSPITAL OUTPATIENT
2769,0,2022-07-08,22,F,3,HOSPITALIST,IL,URGENT CARE FACILITY
200,0,2022-07-13,77,F,18,NURSE PRACTITIONER,TX,OTHER PLACE OF SERVICE
3935,0,2022-06-30,66,F,128,FAMILY MEDICINE,MI,URGENT CARE FACILITY
3539,0,2022-06-24,64,F,46,FAMILY MEDICINE,FL,OFFICE
3411,0,2022-06-01,55,F,17,INTERNAL MEDICINE,MD,OFFICE
2400,0,2022-07-19,50,F,12,UNKNOWN,UNKNOWN,INDEPENDENT LABORATORY
154,0,2022-06-25,0,F,1,PHYSICIAN ASSISTANT,PA,HOSPITAL OUTPATIENT
1923,0,2022-06-25,48,F,17,UNKNOWN,UNKNOWN,INDEPENDENT LABORATORY
1083,0,2022-06-27,38,M,1,ANATOMIC/CLINICAL PATHOLOGY,IL,ON CAMPUS-OUTPATIENT HOSPITAL
1372,0,2022-06-11,47,F,3,EMERGENCY MEDICINE,VA,HOSPITAL OUTPATIENT
556,0,2022-06-29,65,M,50,INTERNAL MEDICINE,NV,OFFICE
519,0,2022-06-30,3,M,3,PEDIATRICS,VA,TELEHEALTH PROVIDED OTHER THAN IN PATIENT'S HOME
2524,0,2022-07-14,57,M,51,HEMATOLOGY/ONCOLOGY,NE,UNASSIGNED
288,0,2022-07-07,25,F,1,NEURORADIOLOGY,CO,EMERGENCY ROOM - HOSPITAL
1862,0,2022-06-16,39,M,1,PHYSICIAN ASSISTANT,CA,URGENT CARE FACILITY
3971,0,2022-07-19,83,F,83,INTERNAL MEDICINE,NJ,OFFICE
3275,0,2022-07-08,53,F,18,INTERNAL MEDICINE,HI,UNASSIGNED
1205,0,2022-06-10,85,F,5,UNKNOWN,UNKNOWN,INDEPENDENT LABORATORY
2231,0,2022-07-11,85,F,56,INTERNAL MEDICINE,IN,OFFICE
2421,0,2022-06-25,52,F,9,FAMILY MEDICINE,FL,HOSPITAL OUTPATIENT
4002,0,2022-06-27,64,F,4,FAMILY MEDICINE,MD,URGENT CARE FACILITY
1238,0,2022-06-18,70,F,107,PHYSICIAN ASSISTANT,MN,INPATIENT HOSPITAL
2168,0,2022-06-24,53,F,10,UNKNOWN,UNKNOWN,INDEPENDENT LABORATORY
1852,0,2022-06-13,50,F,38,FAMILY MEDICINE,FL,TELEHEALTH PROVIDED IN PATIENT'S HOME
1074,0,2022-06-24,45,M,1,UNKNOWN,UNKNOWN,INDEPENDENT LABORATORY
3007,0,2022-06-17,51,M,2,EMERGENCY MEDICINE,WI,EMERGENCY ROOM - HOSPITAL
2060,0,2022-06-26,52,M,4,FAMILY MEDICINE,CA,TELEHEALTH PROVIDED OTHER THAN IN PATIENT'S HOME
1826,0,2022-06-09,27,M,5,FAMILY MEDICINE,GA,OFFICE
3995,0,2022-06-10,46,M,2,EMERGENCY MEDICINE,FL,EMERGENCY ROOM - HOSPITAL
1806,0,2022-06-30,9,M,1,PEDIATRICS,SC,OFFICE
1333,0,2022-06-01,55,F,13,INTERNAL MEDICINE/PEDIATRICS,TX,OFFICE
2947,0,2022-06-27,21,F,9,EMERGENCY MEDICINE,WI,EMERGENCY ROOM - HOSPITAL
1868,0,2022-06-01,52,F,3,FAMILY MEDICINE,TX,TELEHEALTH PROVIDED OTHER THAN IN PATIENT'S HOME
2989,0,2022-06-27,79,M,34,INTERNAL MEDICINE,TX,OFFICE
1721,0,2022-07-08,82,F,8,CARDIOVASCULAR DISEASE,OH,ON CAMPUS-OUTPATIENT HOSPITAL
3537,0,2022-07-06,85,M,48,FAMILY MEDICINE,IN,OFFICE
1728,0,2022-06-06,52,F,1,FAMILY MEDICINE,LA,OFFICE
1896,0,2022-06-06,76,F,29,NURSE PRACTITIONER,NV,OFFICE
294,0,2022-06-08,1,M,1,NURSE PRACTITIONER,FL,TELEHEALTH PROVIDED OTHER THAN IN PATIENT'S HOME
1911,0,2022-06-10,30,M,2,UNKNOWN,UNKNOWN,INDEPENDENT LABORATORY
3177,0,2022-07-12,80,F,38,FAMILY MEDICINE,KY,OFFICE
2052,0,2022-06-20,62,M,3,NURSE PRACTITIONER,WI,OFFICE
710,0,2022-06-23,40,F,27,FAMILY MEDICINE,MD,TELEHEALTH PROVIDED OTHER THAN IN PATIENT'S HOME
2944,0,2022-06-27,58,M,58,INTERNAL MEDICINE,FL,INPATIENT HOSPITAL
621,0,2022-06-24,73,F,4,UNKNOWN,UNKNOWN,PHARMACY
275,0,2022-06-27,42,F,1,FAMILY MEDICINE,CA,OTHER PLACE OF SERVICE
3291,0,2022-07-05,57,F,14,PHYSICIAN ASSISTANT,CA,TELEHEALTH PROVIDED OTHER THAN IN PATIENT'S HOME
2163,0,2022-06-30,85,M,94,FAMILY MEDICINE,IA,CLINIC - RURAL HEALTH
3579,0,2022-06-17,27,M,4,INTERNAL MEDICINE,CT,OFFICE
2575,0,2022-07-08,74,F,99,NURSE PRACTITIONER,FL,TELEHEALTH PROVIDED IN PATIENT'S HOME
2761,0,2022-06-17,85,F,17,UNKNOWN,UNKNOWN,INDEPENDENT LABORATORY
2763,0,2022-06-13,36,F,5,UNKNOWN,UNKNOWN,INDEPENDENT LABORATORY
2732,0,2022-07-07,46,F,5,INTERNAL MEDICINE,NJ,OFFICE
486,0,2022-06-29,40,M,3,PULMONARY DISEASE,SC,OFFICE
1594,0,2022-06-07,61,F,29,FAMILY MEDICINE,KY,OFFICE
2587,0,2022-06-29,47,F,3,INTERNAL MEDICINE/PEDIATRICS,CA,TELEHEALTH PROVIDED OTHER THAN IN PATIENT'S HOME
2968,0,2022-06-22,69,M,19,UNKNOWN,UNKNOWN,AMBULANCE - LAND
1629,0,2022-06-20,44,F,3,UNKNOWN,UNKNOWN,OFFICE
2104,0,2022-06-24,85,F,15,NURSE PRACTITIONER,MD,HOSPITAL OUTPATIENT
3433,0,2022-06-21,41,F,1,EMERGENCY MEDICINE,OK,EMERGENCY ROOM - HOSPITAL
253,0,2022-06-22,1,M,1,PEDIATRICS,LA,OFFICE
3738,0,2022-07-06,84,M,38,INFECTIOUS DISEASE,FL,INPATIENT HOSPITAL
245,0,2022-06-16,1,F,1,PEDIATRICS,IA,OFFICE
1414,0,2022-07-08,72,F,43,PHYSICIAN ASSISTANT,MI,ON CAMPUS-OUTPATIENT HOSPITAL
1008,0,2022-07-06,43,M,7,NURSE PRACTITIONER,OK,TELEHEALTH PROVIDED OTHER THAN IN PATIENT'S HOME
1007,0,2022-06-29,30,M,1,FAMILY MEDICINE,IL,OFFICE
1999,0,2022-06-30,27,F,1,INTERNAL MEDICINE,CA,OFFICE
1740,0,2022-07-18,51,M,21,FAMILY MEDICINE,CA,TELEHEALTH PROVIDED OTHER THAN IN PATIENT'S HOME
2706,0,2022-06-15,17,M,5,ALLERGY & IMMUNOLOGY,NY,TELEHEALTH PROVIDED OTHER THAN IN PATIENT'S HOME
412,0,2022-06-10,2,M,1,PEDIATRICS,PA,OFFICE
2268,0,2022-06-13,36,F,1,OBSTETRICS & GYNECOLOGY,ID,OFFICE
3921,0,2022-06-29,51,M,12,ORTHOPEDIC SURGERY,MD,HOSPITAL OUTPATIENT
1042,0,2022-06-23,68,F,28,GERIATRIC MEDICINE (INTERNAL MEDICINE),NJ,OFFICE
1661,0,2022-06-22,23,F,2,EMERGENCY MEDICINE,IL,HOSPITAL OUTPATIENT
3664,0,2022-06-23,59,F,9,CARDIOVASCULAR DISEASE,FL,OFFICE
2705,0,2022-06-29,76,F,16,UNKNOWN,UNKNOWN,INDEPENDENT LABORATORY
464,0,2022-06-23,3,M,1,UNKNOWN,UNKNOWN,INDEPENDENT LABORATORY
264,0,2022-06-29,29,M,10,CLINICAL CARDIAC ELECTROPHYSIOLOGY,TX,INPATIENT HOSPITAL
3011,0,2022-06-28,74,F,2,INTERVENTIONAL CARDIOLOGY,TX,OFFICE
1492,0,2022-06-14,72,M,28,GENERAL PRACTICE,PR,TELEHEALTH PROVIDED OTHER THAN IN PATIENT'S HOME
821,0,2022-06-10,37,M,1,NURSE PRACTITIONER,CO,URGENT CARE FACILITY
551,0,2022-06-15,3,M,1,PEDIATRICS,LA,OFFICE
2782,0,2022-06-12,65,F,19,FAMILY MEDICINE,TX,URGENT CARE FACILITY
1508,0,2022-06-08,46,M,2,NURSE PRACTITIONER,NE,URGENT CARE FACILITY
88,0,2022-06-07,32,F,1,INTERNAL MEDICINE,NY,URGENT CARE FACILITY
1881,0,2022-06-23,32,M,2,NURSE PRACTITIONER,OH,OFFICE
588,0,2022-06-10,36,M,1,FAMILY MEDICINE,PA,OFFICE
642,0,2022-07-09,62,F,163,UNKNOWN,UNKNOWN,UNASSIGNED
878,0,2022-06-15,6,F,1,PEDIATRIC EMERGENCY MEDICINE (PEDIATRICS),NY,EMERGENCY ROOM - HOSPITAL
1937,0,2022-06-06,79,M,16,FAMILY MEDICINE,NC,TELEHEALTH PROVIDED OTHER THAN IN PATIENT'S HOME
1365,0,2022-07-14,64,F,45,UROLOGY,TX,HOSPITAL OUTPATIENT
3719,0,2022-06-20,60,F,12,FAMILY MEDICINE,CA,TELEHEALTH PROVIDED OTHER THAN IN PATIENT'S HOME
3594,0,2022-06-30,85,F,44,PHYSICAL MEDICINE & REHABILITATION,MO,INPATIENT HOSPITAL
195,0,2022-06-25,8,F,1,FAMILY MEDICINE,AR,OFFICE
2928,0,2022-06-14,71,M,1,FAMILY MEDICINE,OH,OFFICE
550,0,2022-06-15,37,M,2,UNKNOWN,UNKNOWN,URGENT CARE FACILITY
1070,0,2022-06-15,9,F,1,PEDIATRICS,MA,TELEHEALTH PROVIDED IN PATIENT'S HOME
2802,0,2022-07-21,83,F,146,FAMILY MEDICINE,NC,UNASSIGNED
2561,0,2022-06-24,58,M,17,FAMILY MEDICINE,FL,OFFICE
2514,0,2022-06-01,21,F,8,INTERNAL MEDICINE,CA,TELEHEALTH PROVIDED OTHER THAN IN PATIENT'S HOME
1777,0,2022-06-23,67,F,56,UNKNOWN,UNKNOWN,OTHER PLACE OF SERVICE
161,0,2022-06-29,20,F,4,ANATOMIC/CLINICAL PATHOLOGY,FL,ON CAMPUS-OUTPATIENT HOSPITAL
2040,0,2022-06-23,61,F,1,PHYSICIAN ASSISTANT,PA,HOSPITAL OUTPATIENT
3907,0,2022-07-05,24,F,1,INTERNAL MEDICINE,MI,HOSPITAL OUTPATIENT
1645,0,2022-06-14,65,M,24,FAMILY MEDICINE,KY,OFFICE
415,0,2022-06-17,57,F,1,EMERGENCY MEDICINE,TX,URGENT CARE FACILITY
1563,0,2022-06-17,75,M,106,INTERNAL MEDICINE/PEDIATRICS,AL,OFFICE
561,0,2022-06-28,39,F,1,INTERNAL MEDICINE,MD,OFFICE
32,0,2022-06-15,2,F,1,UNKNOWN,UNKNOWN,URGENT CARE FACILITY
2370,0,2022-06-19,36,M,1,PHYSICIAN ASSISTANT,OK,URGENT CARE FACILITY
1715,0,2022-06-30,50,F,5,NURSE PRACTITIONER,OK,URGENT CARE FACILITY
526,0,2022-06-01,67,F,74,GENERAL SURGERY,IN,HOSPITAL OUTPATIENT
680,0,2022-06-07,52,F,1,EMERGENCY MEDICINE,SC,EMERGENCY ROOM - HOSPITAL
2161,0,2022-06-21,85,F,11,CARDIOVASCULAR DISEASE,TX,ON CAMPUS-OUTPATIENT HOSPITAL
2536,0,2022-07-12,64,M,4,FAMILY MEDICINE,CA,OFFICE
3886,0,2022-06-30,85,M,53,CARDIOVASCULAR DISEASE,NY,INPATIENT HOSPITAL
2444,0,2022-06-27,16,M,4,PEDIATRICS,FL,TELEHEALTH PROVIDED OTHER THAN IN PATIENT'S HOME
751,0,2022-06-30,5,F,16,NURSE PRACTITIONER,TX,OFFICE
2245,0,2022-06-29,74,M,58,CARDIOVASCULAR DISEASE,MI,OFFICE
3416,0,2022-07-19,66,F,13,DERMATOLOGY,NJ,OFFICE
3305,0,2022-07-07,73,F,72,EMERGENCY MEDICINE,CA,EMERGENCY ROOM - HOSPITAL
3215,0,2022-07-06,60,F,20,"ENDOCRINOLOGY, DIABETES & METABOLISM",NM,OFFICE
3705,0,2022-06-30,35,F,1,NURSE PRACTITIONER,MA,URGENT CARE FACILITY
1638,0,2022-06-25,9,F,2,UNKNOWN,UNKNOWN,URGENT CARE FACILITY
1665,0,2022-06-13,44,F,8,NURSE PRACTITIONER,TX,OFFICE
2033,0,2022-07-04,26,M,4,UNKNOWN,UNKNOWN,OTHER PLACE OF SERVICE
1043,0,2022-07-18,62,F,78,UNKNOWN,UNKNOWN,OFFICE
1634,0,2022-06-04,29,M,3,EMERGENCY MEDICINE,GA,HOSPITAL OUTPATIENT
1392,0,2022-06-30,85,M,46,FAMILY MEDICINE,MI,UNASSIGNED
610,0,2022-06-27,26,F,3,NURSE PRACTITIONER,OH,OFFICE
3209,0,2022-06-12,64,F,137,EMERGENCY MEDICINE,SC,HOSPITAL OUTPATIENT
297,0,2022-06-30,40,F,1,UNKNOWN,UNKNOWN,INDEPENDENT LABORATORY
1078,0,2022-06-29,8,F,2,UNKNOWN,UNKNOWN,INDEPENDENT LABORATORY
3475,0,2022-06-15,43,F,4,PHYSICIAN ASSISTANT,LA,URGENT CARE FACILITY
3389,0,2022-06-15,59,F,9,UNKNOWN,UNKNOWN,INDEPENDENT LABORATORY
3138,0,2022-06-18,31,F,2,NURSE PRACTITIONER,LA,URGENT CARE FACILITY
1536,0,2022-06-09,20,F,1,INTERNAL MEDICINE/EMERGENCY MEDICINE,CO,EMERGENCY ROOM - HOSPITAL
1441,0,2022-06-27,57,F,1,EMERGENCY MEDICINE,OH,EMERGENCY ROOM - HOSPITAL
741,0,2022-06-09,6,F,1,PHYSICIAN ASSISTANT,TX,URGENT CARE FACILITY
2330,0,2022-06-08,72,M,44,FAMILY MEDICINE,NJ,OFFICE
859,0,2022-07-15,50,F,26,UNKNOWN,UNKNOWN,INDEPENDENT LABORATORY
1433,0,2022-07-16,85,F,119,FAMILY MEDICINE,WY,UNASSIGNED
3728,0,2022-07-07,40,M,41,UNKNOWN,UNKNOWN,INDEPENDENT LABORATORY
908,0,2022-06-09,54,M,1,NURSE PRACTITIONER,DE,TELEHEALTH PROVIDED OTHER THAN IN PATIENT'S HOME
1417,0,2022-06-06,40,F,1,UNKNOWN,UNKNOWN,INDEPENDENT LABORATORY
2998,0,2022-06-08,45,M,2,NURSE PRACTITIONER,MN,OTHER PLACE OF SERVICE
3432,0,2022-07-14,61,M,39,EMERGENCY MEDICINE,RI,EMERGENCY ROOM - HOSPITAL
3027,0,2022-06-22,27,F,1,UNKNOWN,UNKNOWN,INDEPENDENT LABORATORY
1592,0,2022-06-19,85,M,8,INTERNAL MEDICINE,CT,OTHER PLACE OF SERVICE
3532,0,2022-06-21,72,M,19,PHYSICIAN ASSISTANT,TX,TELEHEALTH PROVIDED OTHER THAN IN PATIENT'S HOME
3195,0,2022-06-02,58,F,3,UNKNOWN,UNKNOWN,URGENT CARE FACILITY
304,0,2022-06-10,52,F,1,PHYSICIAN ASSISTANT,TX,URGENT CARE FACILITY
625,0,2022-06-14,4,M,1,PEDIATRICS,CA,OFFICE
868,0,2022-06-28,6,M,2,PEDIATRICS,CA,OFFICE
3365,0,2022-06-23,54,M,10,FAMILY MEDICINE,GA,OFFICE
196,0,2022-06-23,1,F,1,EMERGENCY MEDICINE,IL,EMERGENCY ROOM - HOSPITAL
2439,0,2022-06-26,29,F,2,UNKNOWN,UNKNOWN,URGENT CARE FACILITY
1878,0,2022-06-29,54,M,2,FAMILY MEDICINE,KY,OFFICE
3223,0,2022-06-04,17,F,1,NURSE PRACTITIONER,PA,URGENT CARE FACILITY
57,0,2022-07-14,80,M,14,ANATOMIC/CLINICAL PATHOLOGY,CA,INPATIENT HOSPITAL
2825,0,2022-07-13,82,F,40,INTERVENTIONAL CARDIOLOGY,MN,ON CAMPUS-OUTPATIENT HOSPITAL
3655,0,2022-06-25,79,F,23,INTERNAL MEDICINE,MI,URGENT CARE FACILITY
3462,0,2022-06-30,72,F,7,FAMILY MEDICINE,FL,HOSPITAL OUTPATIENT
213,0,2022-06-23,1,F,2,EMERGENCY MEDICINE,TX,EMERGENCY ROOM - HOSPITAL
327,0,2022-06-29,52,F,5,FAMILY MEDICINE,IN,OFFICE
623,0,2022-06-06,4,M,5,PHARMACIST,CA,PHARMACY
679,0,2022-06-21,6,F,1,FAMILY MEDICINE,TX,OFFICE
2509,0,2022-07-08,57,M,5,UNKNOWN,UNKNOWN,OTHER PLACE OF SERVICE
118,0,2022-06-08,28,F,1,PHYSICIAN ASSISTANT,PA,HOSPITAL OUTPATIENT
1261,0,2022-06-08,25,M,2,UNKNOWN,UNKNOWN,OFFICE
1462,0,2022-07-13,70,M,12,INTERVENTIONAL CARDIOLOGY,AL,OFFICE
2921,0,2022-06-28,57,F,4,UNKNOWN,UNKNOWN,INDEPENDENT LABORATORY
1169,0,2022-06-29,23,M,15,NURSE PRACTITIONER,MD,OFFICE
891,0,2022-06-29,55,F,11,INTERNAL MEDICINE,LA,OFFICE
1126,0,2022-06-06,67,F,1,PHYSICIAN ASSISTANT,LA,OFFICE
1487,0,2022-06-10,57,F,10,INTERNAL MEDICINE,NY,OFFICE
230,0,2022-06-29,33,F,4,NURSE PRACTITIONER,VA,URGENT CARE FACILITY
632,0,2022-06-22,4,F,6,PEDIATRIC EMERGENCY MEDICINE (PEDIATRICS),CA,HOSPITAL OUTPATIENT
3813,0,2022-06-18,69,M,1,PHYSICIAN ASSISTANT,MA,URGENT CARE FACILITY
2167,0,2022-06-30,32,F,28,FAMILY MEDICINE,MI,HOSPITAL OUTPATIENT
1421,0,2022-06-03,81,F,3,FAMILY MEDICINE,ME,HOSPITAL OUTPATIENT
2838,0,2022-06-02,40,F,4,UNKNOWN,UNKNOWN,INDEPENDENT LABORATORY
442,0,2022-06-30,3,F,1,NURSE PRACTITIONER,NE,RURAL HEALTH CLINIC
811,0,2022-06-23,61,F,36,UNKNOWN,UNKNOWN,URGENT CARE FACILITY
888,0,2022-06-13,85,F,40,INTERNAL MEDICINE,PA,OTHER PLACE OF SERVICE
619,0,2022-06-17,17,F,1,PHYSICIAN ASSISTANT,NC,URGENT CARE FACILITY
792,0,2022-06-09,54,M,5,PHYSICIAN ASSISTANT,AZ,URGENT CARE FACILITY
617,0,2022-06-26,29,F,12,UNKNOWN,UNKNOWN,URGENT CARE FACILITY
1917,0,2022-06-11,77,M,1,PHYSICIAN ASSISTANT,IN,EMERGENCY ROOM - HOSPITAL
2604,0,2022-06-27,30,M,4,FAMILY MEDICINE,NY,TELEHEALTH PROVIDED OTHER THAN IN PATIENT'S HOME
2988,0,2022-07-04,37,F,2,FAMILY MEDICINE,TX,EMERGENCY ROOM - HOSPITAL
628,0,2022-06-07,35,F,5,INTERNAL MEDICINE,DC,OFFICE
2418,0,2022-06-08,49,F,3,UNKNOWN,UNKNOWN,INDEPENDENT LABORATORY
3690,0,2022-07-05,79,M,11,UNKNOWN,UNKNOWN,Unknown
3187,0,2022-07-22,69,M,36,INTERNAL MEDICINE,OH,Unknown
3236,0,2022-06-21,76,F,65,FAMILY MEDICINE,NY,Unknown
402,1,2022-06-22,42,F,1,PHYSICIAN ASSISTANT,GA,Unknown
3736,0,2022-07-11,60,F,33,FAMILY MEDICINE,NV,Unknown
2528,0,2022-07-06,36,F,2,NURSE PRACTITIONER,OH,Unknown
1347,0,2022-07-18,62,M,39,NURSE PRACTITIONER,AR,Unknown
1466,0,2022-06-21,71,M,3,NURSE PRACTITIONER,MS,Unknown
3483,0,2022-06-30,29,F,4,FAMILY MEDICINE,KY,Unknown
965,0,2022-07-07,59,F,12,FAMILY MEDICINE,FL,Unknown
215,0,2022-07-18,43,M,1,FAMILY MEDICINE,TX,Unknown
3058,1,2022-06-29,70,M,11,NURSE PRACTITIONER,IN,Unknown
3918,0,2022-06-20,22,F,3,EMERGENCY MEDICINE,TX,HOSPITAL OUTPATIENT
382,0,2022-06-15,23,M,2,NURSE PRACTITIONER,CA,CLINIC - FREESTANDING
3612,0,2022-07-13,83,F,14,INTERNAL MEDICINE,GA,OFFICE
2428,0,2022-07-20,33,F,2,PULMONARY DISEASE,NY,OFFICE
71,0,2022-06-03,40,F,2,UNKNOWN,UNKNOWN,URGENT CARE FACILITY
2946,0,2022-06-26,85,F,8,EMERGENCY MEDICINE,IN,EMERGENCY ROOM - HOSPITAL
3088,0,2022-06-22,55,F,15,FAMILY MEDICINE,SC,FEDERALLY QUALIFIED HEALTH CENTER
1523,0,2022-06-29,71,M,56,INTERNAL MEDICINE,CA,OTHER PLACE OF SERVICE
1652,0,2022-06-28,71,F,31,DIAGNOSTIC RADIOLOGY,TX,EMERGENCY ROOM - HOSPITAL
2108,0,2022-06-15,60,F,4,EMERGENCY MEDICINE,IA,EMERGENCY ROOM - HOSPITAL
2992,0,2022-06-11,75,M,3,INTERNAL MEDICINE,FL,HOSPITAL OUTPATIENT
941,0,2022-06-08,49,F,12,NURSE PRACTITIONER,FL,OFFICE
566,0,2022-06-03,62,M,21,INTERNAL MEDICINE,CA,TELEHEALTH PROVIDED OTHER THAN IN PATIENT'S HOME
1583,1,2022-06-18,63,M,7,RADIATION ONCOLOGY,AZ,Unknown
3091,0,2022-06-30,51,M,5,INTERNAL MEDICINE,KS,Unknown
3150,0,2022-06-03,50,M,3,FAMILY MEDICINE,MI,Unknown
3144,1,2022-06-02,46,F,31,INTERNAL MEDICINE,CA,Unknown
2024,0,2022-06-08,12,F,1,PEDIATRICS,NY,OFFICE
2481,0,2022-07-06,53,F,50,"ENDOCRINOLOGY, DIABETES & METABOLISM",NY,TELEHEALTH PROVIDED IN PATIENT'S HOME
3833,0,2022-06-23,59,M,29,INTERNAL MEDICINE,NJ,TELEHEALTH PROVIDED OTHER THAN IN PATIENT'S HOME
1398,0,2022-06-01,25,M,1,PHYSICIAN ASSISTANT,NY,URGENT CARE FACILITY
1611,0,2022-07-18,37,M,48,GASTROENTEROLOGY,MD,OFFICE
3030,0,2022-06-04,49,M,2,EMERGENCY MEDICINE,MI,Unknown
3481,0,2022-07-13,44,F,5,PHYSICIAN ASSISTANT,DC,Unknown
2005,1,2022-06-22,51,M,27,INTERNAL MEDICINE,TX,Unknown
2122,0,2022-07-17,27,M,109,PSYCHIATRY,IL,Unknown
693,0,2022-06-28,34,F,1,FAMILY MEDICINE,OR,URGENT CARE FACILITY
1352,0,2022-06-01,76,M,22,FAMILY MEDICINE,WA,UNASSIGNED
361,0,2022-06-28,25,F,1,PHYSICIAN ASSISTANT,CA,TELEHEALTH PROVIDED OTHER THAN IN PATIENT'S HOME
3040,0,2022-06-28,43,F,1,UNKNOWN,UNKNOWN,AMBULANCE - LAND
3560,0,2022-06-27,18,M,8,FAMILY MEDICINE,CA,TELEHEALTH PROVIDED OTHER THAN IN PATIENT'S HOME
2139,0,2022-07-06,72,F,134,INTERNAL MEDICINE,VA,TELEHEALTH PROVIDED OTHER THAN IN PATIENT'S HOME
3474,0,2022-07-16,85,F,68,NURSE PRACTITIONER,GA,Unknown
2468,1,2022-06-09,58,F,19,NURSE PRACTITIONER,MD,Unknown
2153,1,2022-06-06,62,F,106,FAMILY MEDICINE,PA,Unknown
2227,0,2022-07-04,80,F,9,PHYSICIAN ASSISTANT,MO,Unknown
3584,1,2022-06-10,74,M,3,INTERNAL MEDICINE,CA,Unknown
3615,0,2022-06-29,74,F,10,INTERNAL MEDICINE,CA,Unknown
2554,1,2022-06-23,42,F,1,PHYSICIAN ASSISTANT,MD,Unknown
2345,0,2022-06-13,58,F,5,FAMILY MEDICINE,FL,OFFICE
2263,0,2022-06-07,55,M,1,UNKNOWN,UNKNOWN,OFFICE
167,0,2022-06-01,3,M,1,ANATOMIC/CLINICAL PATHOLOGY,FL,EMERGENCY ROOM - HOSPITAL
582,0,2022-06-19,4,F,2,EMERGENCY MEDICINE,WI,HOSPITAL OUTPATIENT
955,0,2022-07-20,85,F,24,NURSE PRACTITIONER,GA,OTHER PLACE OF SERVICE
171,0,2022-06-20,31,M,1,INTERNAL MEDICINE,CA,TELEHEALTH PROVIDED OTHER THAN IN PATIENT'S HOME
3467,0,2022-07-18,28,F,6,FAMILY MEDICINE,AL,OFFICE
1018,0,2022-06-27,34,F,2,FAMILY MEDICINE,WA,URGENT CARE FACILITY
3783,0,2022-07-06,70,M,8,INTERNAL MEDICINE,WY,Unknown
4017,0,2022-07-05,85,F,64,FAMILY MEDICINE,IL,Unknown
2335,1,2022-06-04,83,F,7,EMERGENCY MEDICINE,AZ,Unknown
935,0,2022-06-06,6,F,1,PHYSICIAN ASSISTANT,NC,OFFICE
1282,0,2022-06-08,38,M,1,UNKNOWN,UNKNOWN,URGENT CARE FACILITY
2851,0,2022-06-07,66,F,3,INTERNAL MEDICINE,KS,HOSPITAL OUTPATIENT
1504,0,2022-06-22,10,M,3,EMERGENCY MEDICINE,OR,HOSPITAL OUTPATIENT
1677,1,2022-06-07,41,M,3,PHYSICIAN ASSISTANT,NC,Unknown
3646,1,2022-06-09,55,F,13,INTERNAL MEDICINE,DC,Unknown
3310,1,2022-06-29,45,F,31,FAMILY MEDICINE,NC,Unknown
2510,1,2022-06-18,53,M,23,INTERNAL MEDICINE,FL,Unknown
2941,1,2022-06-22,48,M,1,FAMILY MEDICINE,CA,Unknown
2798,0,2022-06-01,19,M,3,INFECTIOUS DISEASE,NY,OFFICE
2603,0,2022-06-22,45,F,2,EMERGENCY MEDICINE,TX,URGENT CARE FACILITY
1953,0,2022-06-17,49,M,1,FAMILY MEDICINE,TX,TELEHEALTH PROVIDED OTHER THAN IN PATIENT'S HOME
748,0,2022-06-07,9,F,1,PHYSICIAN ASSISTANT,MI,URGENT CARE FACILITY
876,0,2022-07-22,83,F,53,FAMILY MEDICINE,GA,OFFICE
3670,0,2022-06-30,68,M,9,NURSE PRACTITIONER,OR,Unknown
3747,0,2022-07-10,71,F,1,DIAGNOSTIC RADIOLOGY,GA,EMERGENCY ROOM - HOSPITAL
573,0,2022-06-24,10,F,1,PEDIATRICS,HI,HOSPITAL OUTPATIENT
3489,0,2022-07-07,62,F,47,NURSE PRACTITIONER,FL,Unknown
630,1,2022-06-29,48,M,8,FAMILY MEDICINE,TX,Unknown
2983,0,2022-06-28,73,M,30,INTERNAL MEDICINE,MO,Unknown
2760,1,2022-06-06,34,F,5,FAMILY MEDICINE,IL,Unknown
602,0,2022-07-06,50,F,12,FAMILY MEDICINE,TX,Unknown
2361,1,2022-06-09,45,F,6,INTERNAL MEDICINE,KY,Unknown
2454,0,2022-07-15,81,F,8,NURSE PRACTITIONER,NJ,Unknown
2171,0,2022-07-10,71,M,49,NEUROLOGY,CO,Unknown
2634,1,2022-06-06,58,F,12,INTERNAL MEDICINE,TX,Unknown
2188,1,2022-06-25,52,M,8,EMERGENCY MEDICINE,GA,Unknown
3585,0,2022-06-10,84,F,34,PHYSICIAN ASSISTANT,CO,Unknown
2047,1,2022-06-29,28,M,3,FAMILY MEDICINE,FL,Unknown
2933,1,2022-06-22,72,F,23,PHYSICIAN ASSISTANT,FL,Unknown
3213,0,2022-07-14,72,M,16,NEUROLOGY,MI,Unknown
3744,0,2022-07-17,60,F,9,NURSE PRACTITIONER,LA,Unknown
3909,0,2022-07-11,82,M,12,NURSE PRACTITIONER,CA,Unknown
3814,0,2022-06-29,63,F,114,CARDIOVASCULAR DISEASE,DE,Unknown
2722,0,2022-07-18,62,M,6,NURSE PRACTITIONER,TX,Unknown
2068,1,2022-06-18,53,M,1,PHYSICIAN ASSISTANT,NC,Unknown
3263,0,2022-07-13,56,M,16,FAMILY MEDICINE,CA,Unknown
2993,1,2022-06-25,70,F,6,PHYSICIAN ASSISTANT,TX,Unknown
1172,0,2022-07-22,56,M,72,UROLOGY,OH,Unknown
2778,0,2022-07-14,65,M,19,INTERVENTIONAL CARDIOLOGY,TX,Unknown
2991,1,2022-06-22,74,M,19,FAMILY MEDICINE,MA,Unknown
3868,1,2022-06-30,69,F,22,INTERNAL MEDICINE,MD,Unknown
1724,0,2022-06-27,64,F,21,FAMILY MEDICINE,OH,Unknown
1763,0,2022-06-26,69,F,35,"ENDOCRINOLOGY, DIABETES & METABOLISM",AL,Unknown
682,0,2022-07-22,78,M,27,CARDIOVASCULAR DISEASE,PA,Unknown
2535,0,2022-06-27,82,M,31,PHYSICIAN ASSISTANT,FL,Unknown
2332,0,2022-07-12,70,M,77,NURSE PRACTITIONER,CA,Unknown
3135,1,2022-06-18,53,M,1,PHYSICIAN ASSISTANT,CA,Unknown
1343,0,2022-06-07,70,F,2,INTERNAL MEDICINE,RI,Unknown
2672,0,2022-07-05,83,F,71,INTERNAL MEDICINE,TX,Unknown
3750,0,2022-07-14,85,F,131,FAMILY MEDICINE,NY,Unknown
517,0,2022-07-21,75,F,127,INTERNAL MEDICINE,CO,Unknown
2479,0,2022-06-28,49,M,30,INTERNAL MEDICINE,MD,Unknown
2762,0,2022-06-27,47,M,1,INTERNAL MEDICINE,TX,Unknown
2019,0,2022-07-07,42,M,10,NURSE PRACTITIONER,FL,Unknown
2943,1,2022-06-16,71,F,34,INTERNAL MEDICINE,CT,Unknown
1832,1,2022-06-07,44,M,29,INTERNAL MEDICINE,OR,Unknown
2434,1,2022-06-28,44,F,21,NURSE PRACTITIONER,MN,Unknown
2971,0,2022-06-03,76,F,21,FAMILY MEDICINE,NV,Unknown
1062,1,2022-06-20,27,M,1,NURSE PRACTITIONER,TX,Unknown
2531,0,2022-07-05,71,M,6,FAMILY MEDICINE,NY,Unknown
3485,1,2022-06-02,23,F,39,PHYSICIAN ASSISTANT,DE,Unknown
3659,1,2022-06-29,29,F,3,NURSE PRACTITIONER,MA,Unknown
1683,1,2022-06-29,64,F,1,FAMILY MEDICINE,TN,Unknown
1759,0,2022-07-09,62,M,2,UROLOGY,OH,Unknown
2517,0,2022-07-07,58,M,6,INTERNAL MEDICINE,FL,Unknown
2273,0,2022-07-20,84,F,134,INTERNAL MEDICINE,NY,Unknown
640,0,2022-07-12,83,M,69,FAMILY MEDICINE,AL,Unknown
321,0,2022-06-27,24,F,1,INTERNAL MEDICINE,NY,URGENT CARE FACILITY
1895,0,2022-07-19,72,M,10,FAMILY MEDICINE,TX,OFFICE
1548,0,2022-07-22,50,F,50,NURSE PRACTITIONER,RI,PSYCHIATRIC FACILITY-PARTIAL HOSPITALIZATION
3593,0,2022-06-30,80,M,61,FAMILY MEDICINE,ID,HOSPITAL OUTPATIENT
1955,0,2022-06-28,74,M,11,EMERGENCY MEDICINE,CO,EMERGENCY ROOM - HOSPITAL
439,0,2022-06-29,2,M,6,PEDIATRICS,DE,OFFICE
2272,0,2022-06-06,42,F,1,INTERNAL MEDICINE/EMERGENCY MEDICINE,CO,EMERGENCY ROOM - HOSPITAL
1311,0,2022-06-27,42,M,2,PHYSICIAN ASSISTANT,MO,TELEHEALTH PROVIDED OTHER THAN IN PATIENT'S HOME
2470,0,2022-06-15,73,M,2,UNKNOWN,UNKNOWN,INDEPENDENT LABORATORY
1636,0,2022-06-02,43,M,1,UNKNOWN,UNKNOWN,TELEHEALTH PROVIDED OTHER THAN IN PATIENT'S HOME
2812,0,2022-06-06,39,F,1,FAMILY MEDICINE,AL,EMERGENCY ROOM - HOSPITAL
1001,0,2022-06-10,54,M,20,NURSE PRACTITIONER,FL,TELEHEALTH PROVIDED OTHER THAN IN PATIENT'S HOME
2674,0,2022-07-13,53,M,53,INTERNAL MEDICINE,CO,OFFICE
574,0,2022-06-19,4,M,2,PEDIATRIC EMERGENCY MEDICINE (PEDIATRICS),WA,HOSPITAL OUTPATIENT
3435,0,2022-06-30,77,F,3,GERIATRIC MEDICINE (FAMILY MEDICINE),OH,UNASSIGNED
3857,0,2022-06-29,63,F,23,NURSE PRACTITIONER,TX,HOSPITAL OUTPATIENT
2334,0,2022-06-24,83,F,135,DIAGNOSTIC RADIOLOGY,PA,INPATIENT HOSPITAL
1113,0,2022-07-11,73,M,69,GERIATRIC MEDICINE (INTERNAL MEDICINE),NJ,UNASSIGNED
2813,0,2022-06-16,47,M,5,INTERNAL MEDICINE,NY,OFFICE
2681,0,2022-06-20,72,F,7,FAMILY MEDICINE,OK,HOSPITAL OUTPATIENT
1158,0,2022-06-09,25,M,6,INTERNAL MEDICINE,CA,OFFICE
3003,0,2022-06-17,57,M,84,UNKNOWN,UNKNOWN,TELEHEALTH PROVIDED IN PATIENT'S HOME
703,0,2022-06-01,26,F,1,PEDIATRICS,SC,OFFICE
3285,0,2022-06-11,58,M,3,PHYSICIAN ASSISTANT,MD,URGENT CARE FACILITY
3420,0,2022-06-04,48,F,4,FAMILY MEDICINE,DC,OFFICE
514,0,2022-06-09,3,F,2,PEDIATRICS,CA,TELEHEALTH PROVIDED OTHER THAN IN PATIENT'S HOME
2151,0,2022-07-14,68,M,85,FAMILY MEDICINE,CA,OFFICE
1479,0,2022-06-22,69,F,15,INTERNAL MEDICINE,FL,OFFICE
2835,0,2022-06-28,51,F,30,INTERNAL MEDICINE,OH,OFFICE
1538,0,2022-06-14,57,F,3,PHYSICIAN ASSISTANT,NM,TELEHEALTH PROVIDED OTHER THAN IN PATIENT'S HOME
2322,0,2022-06-01,18,F,1,INTERNAL MEDICINE/PEDIATRICS,MI,OFFICE
1194,0,2022-07-05,58,F,53,EMERGENCY MEDICINE,CA,HOSPITAL OUTPATIENT
3854,0,2022-07-21,56,F,70,PHYSICAL THERAPY,ME,OFFICE
76,0,2022-06-11,36,F,1,FAMILY MEDICINE,AZ,URGENT CARE FACILITY
2804,0,2022-06-06,15,M,3,PEDIATRICS,MA,OFFICE
657,0,2022-07-11,33,M,3,FAMILY MEDICINE,KS,OFFICE
2548,0,2022-07-12,47,F,1,FAMILY MEDICINE,TX,OFFICE
2319,0,2022-06-20,24,F,4,FAMILY MEDICINE,CA,URGENT CARE FACILITY
37,0,2022-06-17,32,M,1,INTERNAL MEDICINE,OR,TELEHEALTH PROVIDED OTHER THAN IN PATIENT'S HOME
1115,0,2022-06-03,25,F,2,FAMILY MEDICINE,CA,OFFICE
653,0,2022-06-10,77,F,7,FAMILY MEDICINE,MD,OFFICE
3882,0,2022-06-08,44,M,1,NURSE PRACTITIONER,KY,OFFICE
2501,0,2022-06-10,85,F,104,INTERNAL MEDICINE,NY,TELEHEALTH PROVIDED OTHER THAN IN PATIENT'S HOME
2726,0,2022-06-25,63,F,8,DIAGNOSTIC RADIOLOGY,TX,EMERGENCY ROOM - HOSPITAL
1581,0,2022-06-01,40,F,2,PHYSICIAN ASSISTANT,OR,URGENT CARE FACILITY
2028,0,2022-06-30,71,F,10,EMERGENCY MEDICINE,CA,HOSPITAL OUTPATIENT
2924,0,2022-07-07,39,F,12,NEURORADIOLOGY,WA,EMERGENCY ROOM - HOSPITAL
3534,0,2022-06-24,76,F,30,PHYSICIAN ASSISTANT,LA,URGENT CARE FACILITY
825,0,2022-06-08,28,F,1,PHYSICIAN ASSISTANT,NJ,OFFICE
3967,0,2022-07-18,38,F,16,CHIROPRACTIC,NJ,OFFICE
2725,0,2022-07-11,65,M,38,FAMILY MEDICINE,PA,OFFICE
1659,0,2022-06-13,44,M,14,EMERGENCY MEDICINE,OH,HOSPITAL OUTPATIENT
510,0,2022-06-23,62,F,1,EMERGENCY MEDICINE,FL,URGENT CARE FACILITY
1108,0,2022-06-28,31,M,3,FAMILY MEDICINE,CA,TELEHEALTH PROVIDED OTHER THAN IN PATIENT'S HOME
2266,0,2022-06-28,46,F,2,UNKNOWN,UNKNOWN,INDEPENDENT LABORATORY
1154,0,2022-06-23,37,M,8,FAMILY MEDICINE,NY,OFFICE
2121,0,2022-06-17,22,F,1,GENERAL SURGERY,TX,TELEHEALTH PROVIDED OTHER THAN IN PATIENT'S HOME
3553,0,2022-06-07,28,M,1,PHYSICIAN ASSISTANT,CA,HOSPITAL OUTPATIENT
2233,0,2022-06-06,46,M,1,EMERGENCY MEDICINE,NC,URGENT CARE FACILITY
1206,0,2022-07-12,66,F,39,NEUROLOGY,FL,OFFICE
3025,0,2022-06-25,76,M,2,UNKNOWN,UNKNOWN,URGENT CARE FACILITY
1246,0,2022-06-07,44,F,1,FAMILY MEDICINE,OR,OFFICE
2538,0,2022-06-09,51,F,49,NEUROLOGY,AZ,OFFICE
2788,0,2022-06-02,44,F,1,UNKNOWN,UNKNOWN,INDEPENDENT LABORATORY
1476,0,2022-06-13,59,M,1,FAMILY MEDICINE,CA,URGENT CARE FACILITY
3317,0,2022-06-08,62,M,6,ANATOMIC/CLINICAL PATHOLOGY,FL,ON CAMPUS-OUTPATIENT HOSPITAL
127,0,2022-06-03,0,M,1,PEDIATRICS,AK,TELEHEALTH PROVIDED IN PATIENT'S HOME
1623,0,2022-07-07,60,M,22,UNKNOWN,UNKNOWN,OTHER PLACE OF SERVICE
3827,0,2022-06-07,53,M,18,PHYSICIAN ASSISTANT,MA,HOSPITAL OUTPATIENT
793,0,2022-07-01,64,M,70,NURSE PRACTITIONER,AZ,HOSPITAL OUTPATIENT
3198,0,2022-06-28,76,F,17,FAMILY MEDICINE,OH,OFFICE
3182,0,2022-06-22,37,F,6,NURSE PRACTITIONER,OK,ON CAMPUS-OUTPATIENT HOSPITAL
2919,0,2022-07-13,85,F,153,INTERNAL MEDICINE,NJ,OTHER PLACE OF SERVICE
1776,0,2022-06-29,42,F,25,FAMILY MEDICINE,CA,TELEHEALTH PROVIDED OTHER THAN IN PATIENT'S HOME
3505,0,2022-06-03,37,M,8,EMERGENCY MEDICINE,IL,EMERGENCY ROOM - HOSPITAL
503,0,2022-06-28,30,F,1,NURSE PRACTITIONER,OH,URGENT CARE FACILITY
2964,0,2022-06-30,74,F,9,INTERNAL MEDICINE,TX,OFFICE
3346,0,2022-06-01,45,F,5,BEHAVIORAL HEALTH & SOCIAL SERVICES,SC,OFFICE
1163,0,2022-06-13,18,F,1,UNKNOWN,UNKNOWN,INDEPENDENT LABORATORY
1049,0,2022-06-12,40,F,3,NURSE PRACTITIONER,MO,URGENT CARE FACILITY
3294,0,2022-06-15,63,F,70,HEMATOLOGY/ONCOLOGY,NY,TELEHEALTH PROVIDED OTHER THAN IN PATIENT'S HOME
2632,0,2022-06-03,51,F,2,HOSPITALIST,RI,TELEHEALTH PROVIDED IN PATIENT'S HOME
224,0,2022-06-06,32,M,3,INTERNAL MEDICINE,VA,TELEHEALTH PROVIDED OTHER THAN IN PATIENT'S HOME
2916,0,2022-07-20,77,M,16,INTERNAL MEDICINE,RI,OFFICE
1404,0,2022-06-06,20,M,1,ANATOMIC/CLINICAL PATHOLOGY,AR,INDEPENDENT LABORATORY
2914,0,2022-06-25,62,F,19,INTERNAL MEDICINE,CT,OFFICE
631,0,2022-06-21,56,F,6,UNKNOWN,UNKNOWN,INDEPENDENT LABORATORY
764,0,2022-06-18,42,F,15,PHYSICIAN ASSISTANT,NY,URGENT CARE FACILITY
77,0,2022-06-04,76,M,2,UNKNOWN,UNKNOWN,URGENT CARE FACILITY
3929,0,2022-06-11,26,M,1,FAMILY MEDICINE,MD,URGENT CARE FACILITY
3933,0,2022-07-06,77,M,74,NURSE PRACTITIONER,OH,CRITICAL ACCESS HOSPITAL
1510,0,2022-06-09,28,F,1,GENERAL PRACTICE,PR,HOSPITAL OUTPATIENT
3329,0,2022-06-28,74,F,3,INTERNAL MEDICINE,PA,URGENT CARE FACILITY
194,0,2022-06-08,1,F,6,INTERNAL MEDICINE,CA,URGENT CARE FACILITY
1688,0,2022-06-07,85,F,2,EMERGENCY MEDICINE,WI,EMERGENCY ROOM - HOSPITAL
2765,0,2022-07-12,62,F,75,ORTHOPEDIC SURGERY,MO,OFFICE
3895,0,2022-06-20,41,F,4,UNKNOWN,UNKNOWN,URGENT CARE FACILITY
1112,0,2022-07-13,75,M,70,INTERNAL MEDICINE,NC,OFFICE
907,0,2022-06-30,51,F,3,NURSE PRACTITIONER,CA,OFFICE
1015,0,2022-06-23,55,M,2,INTERNAL MEDICINE,NJ,TELEHEALTH PROVIDED OTHER THAN IN PATIENT'S HOME
1916,0,2022-06-21,35,F,2,PHYSICIAN ASSISTANT,CA,URGENT CARE FACILITY
123,0,2022-06-24,1,F,1,PHYSICIAN ASSISTANT,TX,EMERGENCY ROOM - HOSPITAL
234,0,2022-06-20,2,M,1,NURSE PRACTITIONER,MS,OFFICE
3009,0,2022-06-01,57,F,1,FAMILY MEDICINE,CT,OFFICE
48,0,2022-06-14,0,F,1,PHYSICIAN ASSISTANT,OK,HOSPITAL OUTPATIENT
699,0,2022-06-02,38,M,1,UNKNOWN,UNKNOWN,OFFICE
331,0,2022-06-14,31,F,1,PHYSICIAN ASSISTANT,VA,OFFICE
367,0,2022-06-01,2,F,1,UNKNOWN,UNKNOWN,URGENT CARE FACILITY
3354,0,2022-07-21,76,F,55,MEDICAL ONCOLOGY,CA,HOSPITAL OUTPATIENT
3235,0,2022-06-22,54,M,1,NURSE PRACTITIONER,NY,WALK-IN RETAIL HEALTH CLINIC
42,0,2022-06-07,14,F,1,UNKNOWN,UNKNOWN,INDEPENDENT LABORATORY
1215,0,2022-06-13,23,F,1,PHYSICIAN ASSISTANT,CA,URGENT CARE FACILITY
522,0,2022-06-23,60,M,1,NURSE PRACTITIONER,KY,OFFICE
1743,0,2022-06-26,48,F,2,PHYSICIAN ASSISTANT,CA,URGENT CARE FACILITY
3950,0,2022-07-10,55,M,7,NURSE PRACTITIONER,KY,OFFICE
18,0,2022-06-02,50,M,1,GENERAL PREVENTIVE MEDICINE,CA,CLINIC - FREESTANDING
2940,0,2022-06-18,84,M,11,PHYSICIAN ASSISTANT,CA,URGENT CARE FACILITY
3303,0,2022-06-23,17,F,1,UNKNOWN,UNKNOWN,URGENT CARE FACILITY
2105,0,2022-06-20,51,M,51,EMERGENCY MEDICINE,MA,HOSPITAL OUTPATIENT
206,0,2022-06-30,1,F,1,EMERGENCY MEDICINE,TX,EMERGENCY ROOM - HOSPITAL
3515,1,2022-06-13,65,M,11,INTERNAL MEDICINE,TX,Unknown
1988,0,2022-07-17,84,F,49,CARDIOVASCULAR DISEASE,WA,Unknown
3205,0,2022-06-29,81,F,53,FAMILY MEDICINE,CA,Unknown
1751,0,2022-07-15,56,M,13,FAMILY MEDICINE,VA,Unknown
3586,0,2022-06-30,75,M,23,FAMILY MEDICINE,CA,Unknown
345,0,2022-06-23,57,M,5,INTERNAL MEDICINE,FL,Unknown
3243,0,2022-06-06,21,F,1,UNKNOWN,UNKNOWN,INDEPENDENT LABORATORY
3899,0,2022-06-12,55,M,25,FAMILY MEDICINE,CA,Unknown
3418,1,2022-06-20,39,F,3,NURSE PRACTITIONER,FL,Unknown
1606,0,2022-06-22,74,M,97,FAMILY MEDICINE,PA,Unknown
3190,0,2022-06-27,76,M,44,FAMILY MEDICINE,NY,HOSPITAL OUTPATIENT
2918,0,2022-06-27,37,F,1,FAMILY MEDICINE,FL,HOSPITAL OUTPATIENT
1996,0,2022-07-08,26,F,17,OBSTETRICS & GYNECOLOGY,MT,INPATIENT HOSPITAL
597,0,2022-06-17,4,M,1,EMERGENCY MEDICINE,TX,EMERGENCY ROOM - HOSPITAL
959,0,2022-06-21,85,M,41,INFECTIOUS DISEASE,NJ,INPATIENT HOSPITAL
2018,1,2022-06-14,76,M,29,INTERNAL MEDICINE,CA,Unknown
3978,0,2022-07-21,67,F,95,FAMILY MEDICINE,MI,OFF CAMPUS-OUTPATIENT HOSPITAL
2972,0,2022-06-24,27,F,3,DERMATOPATHOLOGY,FL,EMERGENCY ROOM - HOSPITAL
318,0,2022-07-02,1,M,1,PEDIATRICS,IL,OFFICE
340,0,2022-06-08,34,M,2,FAMILY MEDICINE,MA,TELEHEALTH PROVIDED OTHER THAN IN PATIENT'S HOME
3473,0,2022-06-21,48,F,6,EMERGENCY MEDICINE,GA,URGENT CARE FACILITY
1418,0,2022-06-27,85,M,42,ANESTHESIOLOGY,MO,INPATIENT HOSPITAL
449,0,2022-06-29,2,M,1,FAMILY MEDICINE,WA,TELEHEALTH PROVIDED OTHER THAN IN PATIENT'S HOME
3155,0,2022-07-12,63,M,37,NEPHROLOGY,CA,OFFICE
2533,0,2022-06-17,85,F,171,NURSE PRACTITIONER,NY,HOSPITAL OUTPATIENT
849,0,2022-06-03,34,M,2,PHYSICIAN ASSISTANT,NY,TELEHEALTH PROVIDED OTHER THAN IN PATIENT'S HOME
2973,0,2022-06-13,60,M,34,INTERNAL MEDICINE,OK,TELEHEALTH PROVIDED OTHER THAN IN PATIENT'S HOME
3885,0,2022-06-03,78,F,3,EMERGENCY MEDICINE,DE,EMERGENCY ROOM - HOSPITAL
65,0,2022-06-15,76,F,10,PHYSICAL MEDICINE & REHABILITATION,FL,INPATIENT HOSPITAL
504,0,2022-06-08,66,F,9,FAMILY MEDICINE,VA,OFFICE
3633,0,2022-07-21,70,F,42,FAMILY MEDICINE,TX,OFFICE
2530,0,2022-06-17,31,F,4,NURSE PRACTITIONER,IN,OFFICE
2652,0,2022-06-03,61,M,2,DIAGNOSTIC RADIOLOGY,IL,EMERGENCY ROOM - HOSPITAL
1499,0,2022-06-13,85,M,12,FAMILY MEDICINE,CA,TELEHEALTH PROVIDED IN PATIENT'S HOME
3349,0,2022-06-15,85,F,12,INTERNAL MEDICINE,WA,INPATIENT HOSPITAL
1188,0,2022-07-16,72,F,5,UNKNOWN,UNKNOWN,OTHER PLACE OF SERVICE
3795,0,2022-06-04,51,F,7,DIAGNOSTIC RADIOLOGY,NY,EMERGENCY ROOM - HOSPITAL
3330,0,2022-07-22,44,F,1,DIAGNOSTIC RADIOLOGY,CA,ON CAMPUS-OUTPATIENT HOSPITAL
2094,0,2022-06-06,34,F,10,PHYSICIAN ASSISTANT,NY,URGENT CARE FACILITY
2772,0,2022-06-07,43,F,4,NURSE PRACTITIONER,IL,HOSPITAL OUTPATIENT
237,0,2022-06-24,6,M,1,UNKNOWN,UNKNOWN,FEDERALLY QUALIFIED HEALTH CENTER
2729,0,2022-06-21,78,M,91,FAMILY MEDICINE,MN,OFFICE
2143,0,2022-06-28,21,F,3,FAMILY MEDICINE,TX,TELEHEALTH PROVIDED OTHER THAN IN PATIENT'S HOME
3257,0,2022-06-15,63,M,3,FAMILY MEDICINE,CA,TELEHEALTH PROVIDED OTHER THAN IN PATIENT'S HOME
3032,0,2022-06-27,21,F,2,OBSTETRICS & GYNECOLOGY,TX,HOSPITAL OUTPATIENT
2578,0,2022-06-13,78,M,6,PHYSICIAN ASSISTANT,TX,EMERGENCY ROOM - HOSPITAL
1907,0,2022-06-15,35,F,41,NURSE PRACTITIONER,NY,TELEHEALTH PROVIDED OTHER THAN IN PATIENT'S HOME
3936,0,2022-06-04,37,F,2,EMERGENCY MEDICINE,WI,HOSPITAL OUTPATIENT
2866,0,2022-06-29,66,F,18,DERMATOPATHOLOGY,AL,URGENT CARE FACILITY
3200,0,2022-06-30,53,F,5,FAMILY MEDICINE,CA,TELEHEALTH PROVIDED OTHER THAN IN PATIENT'S HOME
3415,0,2022-06-16,41,F,1,FAMILY MEDICINE,FL,OFFICE
3414,0,2022-06-13,56,M,11,INTERNAL MEDICINE,CA,TELEHEALTH PROVIDED OTHER THAN IN PATIENT'S HOME
393,0,2022-06-20,66,F,9,GENERAL PRACTICE,FL,OFFICE
2368,0,2022-06-23,39,M,2,UNKNOWN,UNKNOWN,URGENT CARE FACILITY
3767,0,2022-06-16,73,F,3,PHYSICIAN ASSISTANT,NJ,ON CAMPUS-OUTPATIENT HOSPITAL
1243,0,2022-06-24,39,F,1,ANATOMIC/CLINICAL PATHOLOGY,AR,ON CAMPUS-OUTPATIENT HOSPITAL
398,0,2022-06-16,2,F,1,NURSE PRACTITIONER,NC,OFFICE
2386,0,2022-07-21,47,M,4,DERMATOLOGY,GA,OFFICE
24,0,2022-07-15,20,F,1,PHYSICIAN ASSISTANT,NE,OFFICE
1410,0,2022-06-24,62,M,1,UNKNOWN,UNKNOWN,URGENT CARE FACILITY
2665,0,2022-07-12,77,F,13,NURSE PRACTITIONER,OH,OFFICE
899,0,2022-06-23,32,F,3,ANATOMIC/CLINICAL PATHOLOGY,CA,OFFICE
2160,0,2022-06-27,80,F,17,FAMILY MEDICINE,TX,OFFICE
1928,0,2022-06-08,46,M,1,UNKNOWN,UNKNOWN,INDEPENDENT LABORATORY
2586,0,2022-07-03,85,F,75,INTERNAL MEDICINE,MO,OTHER PLACE OF SERVICE
1596,0,2022-06-26,85,F,1,PHYSICIAN ASSISTANT,CA,WALK-IN RETAIL HEALTH CLINIC
3325,0,2022-06-23,19,M,1,NURSE PRACTITIONER,TX,URGENT CARE FACILITY
1567,0,2022-06-24,42,F,5,DIAGNOSTIC RADIOLOGY,KS,ON CAMPUS-OUTPATIENT HOSPITAL
2311,0,2022-06-29,28,F,2,INTERNAL MEDICINE,CA,OFFICE
104,0,2022-06-14,2,M,2,PEDIATRICS,TX,HOSPITAL OUTPATIENT
410,0,2022-06-06,36,F,1,PHYSICIAN ASSISTANT,MI,URGENT CARE FACILITY
259,0,2022-06-08,1,M,2,EMERGENCY MEDICINE,CA,HOSPITAL OUTPATIENT
3319,0,2022-06-08,19,F,11,PEDIATRICS,AZ,EMERGENCY ROOM - HOSPITAL
1460,0,2022-06-22,85,F,23,GERIATRIC MEDICINE (INTERNAL MEDICINE),NJ,UNASSIGNED
2186,0,2022-06-23,73,F,44,UNKNOWN,UNKNOWN,URGENT CARE FACILITY
2555,0,2022-07-13,55,M,15,HEMATOLOGY (PATHOLOGY),OH,ON CAMPUS-OUTPATIENT HOSPITAL
3193,0,2022-06-29,69,M,3,EMERGENCY MEDICINE,OH,EMERGENCY ROOM - HOSPITAL
1780,0,2022-06-07,26,F,21,UNKNOWN,UNKNOWN,INDEPENDENT LABORATORY
284,0,2022-06-24,1,F,1,ANATOMIC/CLINICAL PATHOLOGY,IL,OFF CAMPUS-OUTPATIENT HOSPITAL
1447,0,2022-06-25,77,F,2,EMERGENCY MEDICINE,FL,EMERGENCY ROOM - HOSPITAL
2646,0,2022-06-28,18,F,2,OBSTETRICS & GYNECOLOGY,MI,EMERGENCY ROOM - HOSPITAL
2698,0,2022-06-27,54,F,4,EMERGENCY MEDICINE,IA,EMERGENCY ROOM - HOSPITAL
3250,0,2022-07-11,29,F,3,CARDIOVASCULAR DISEASE,CA,TELEHEALTH PROVIDED OTHER THAN IN PATIENT'S HOME
880,0,2022-07-12,60,F,16,"ENDOCRINOLOGY, DIABETES & METABOLISM",PA,TELEHEALTH PROVIDED OTHER THAN IN PATIENT'S HOME
1580,0,2022-06-16,85,F,1,PHYSICIAN ASSISTANT,SC,EMERGENCY ROOM - HOSPITAL
2248,0,2022-06-10,43,M,2,HEMATOLOGY (PATHOLOGY),TX,EMERGENCY ROOM - HOSPITAL
1219,0,2022-06-05,12,F,3,PEDIATRICS,TX,URGENT CARE FACILITY
3555,0,2022-06-01,35,F,2,EMERGENCY MEDICINE,FL,HOSPITAL OUTPATIENT
772,0,2022-06-22,35,M,1,EMERGENCY MEDICINE,NY,HOSPITAL OUTPATIENT
963,0,2022-06-30,7,F,1,SPORTS MEDICINE (PEDIATRICS),OH,OFFICE
914,0,2022-06-29,34,F,2,UNKNOWN,UNKNOWN,INDEPENDENT LABORATORY
3124,0,2022-07-06,70,F,10,CARDIOVASCULAR DISEASE,CA,OFFICE
1364,0,2022-06-08,18,M,4,PHYSICIAN ASSISTANT,CA,URGENT CARE FACILITY
577,0,2022-07-14,51,F,9,NURSE PRACTITIONER,OH,OFFICE
3860,0,2022-06-27,69,M,24,FAMILY MEDICINE,IN,CLINIC - RURAL HEALTH
3326,0,2022-06-06,17,F,2,FAMILY MEDICINE,CA,OFFICE
2553,0,2022-06-29,85,F,18,PULMONARY DISEASE,NY,OFFICE
2221,0,2022-06-21,60,M,4,FAMILY MEDICINE,AL,OFFICE
1857,0,2022-06-16,10,F,1,NURSE PRACTITIONER,TX,OFFICE
295,0,2022-06-16,25,F,2,ANATOMIC/CLINICAL PATHOLOGY,AR,ON CAMPUS-OUTPATIENT HOSPITAL
4015,0,2022-07-05,72,M,22,FAMILY MEDICINE,CA,OFFICE
342,0,2022-06-07,36,F,5,INTERNAL MEDICINE,MD,OFFICE
3900,0,2022-06-09,60,M,31,FAMILY MEDICINE,MD,OFFICE
3494,0,2022-06-01,61,F,2,PHYSICIAN ASSISTANT,FL,HOSPITAL OUTPATIENT
686,0,2022-07-18,39,F,43,INTERNAL MEDICINE,TN,OFFICE
103,0,2022-06-25,66,M,22,EMERGENCY MEDICINE,AR,HOSPITAL OUTPATIENT
193,0,2022-07-01,63,F,2,EMERGENCY MEDICINE,CA,URGENT CARE FACILITY
2046,0,2022-06-01,66,F,1,PEDIATRICS,CA,TELEHEALTH PROVIDED OTHER THAN IN PATIENT'S HOME
117,0,2022-06-03,14,F,1,PEDIATRICS,NY,TELEHEALTH PROVIDED OTHER THAN IN PATIENT'S HOME
3047,0,2022-06-03,85,F,36,FAMILY MEDICINE,KY,OFFICE
869,0,2022-06-17,72,M,70,EMERGENCY MEDICINE,PA,EMERGENCY ROOM - HOSPITAL
3242,0,2022-07-20,17,F,14,PEDIATRICS,CA,OFFICE
3021,0,2022-06-30,37,F,3,UNKNOWN,UNKNOWN,EMERGENCY ROOM - HOSPITAL
2456,0,2022-06-27,14,F,2,PEDIATRICS,NJ,HOSPITAL OUTPATIENT
1873,0,2022-07-13,71,M,15,FAMILY MEDICINE,OR,OFFICE
2411,0,2022-06-03,79,F,7,PHYSICIAN ASSISTANT,CA,URGENT CARE FACILITY
3930,0,2022-06-24,23,F,9,NURSE PRACTITIONER,KY,OFFICE
1086,0,2022-07-12,38,F,19,NURSE PRACTITIONER,AZ,OFFICE
1948,0,2022-06-23,36,M,1,EMERGENCY MEDICINE,MI,EMERGENCY ROOM - HOSPITAL
747,0,2022-07-20,37,F,50,PULMONARY CRITICAL CARE MEDICINE,CA,OFFICE
3914,0,2022-07-17,69,M,4,FAMILY MEDICINE,KY,HOSPITAL OUTPATIENT
885,0,2022-07-08,6,M,2,NURSE PRACTITIONER,IN,FEDERALLY QUALIFIED HEALTH CENTER
1489,0,2022-06-02,34,M,1,UNKNOWN,UNKNOWN,URGENT CARE FACILITY
3761,0,2022-07-01,65,F,48,PHYSICIAN ASSISTANT,NY,OTHER PLACE OF SERVICE
513,0,2022-06-10,3,F,2,PEDIATRICS,VA,TELEHEALTH PROVIDED OTHER THAN IN PATIENT'S HOME
389,0,2022-06-21,22,F,1,UNKNOWN,UNKNOWN,OFFICE
1139,0,2022-06-28,31,F,1,PHYSICIAN ASSISTANT,CO,URGENT CARE FACILITY
3688,0,2022-06-28,44,F,1,PHYSICIAN ASSISTANT,CA,URGENT CARE FACILITY
3372,0,2022-06-13,17,M,1,UNKNOWN,UNKNOWN,INDEPENDENT LABORATORY
2035,0,2022-06-09,17,F,2,PEDIATRICS,TX,OFFICE
2017,0,2022-06-15,50,F,20,SURGICAL ONCOLOGY,NY,HOSPITAL OUTPATIENT
622,0,2022-06-14,31,M,2,EMERGENCY MEDICINE,IL,HOSPITAL OUTPATIENT
2466,0,2022-07-21,39,M,8,FAMILY MEDICINE,NY,OFFICE
1950,0,2022-06-04,59,F,10,UNKNOWN,UNKNOWN,EMERGENCY ROOM - HOSPITAL
1613,0,2022-06-20,63,F,35,FAMILY MEDICINE,NC,OFFICE
733,0,2022-06-08,33,F,8,FAMILY MEDICINE,CA,OFFICE
3645,0,2022-06-28,30,F,2,FAMILY MEDICINE,MD,URGENT CARE FACILITY
605,0,2022-06-16,47,F,1,FAMILY MEDICINE,CO,URGENT CARE FACILITY
841,0,2022-06-25,32,M,1,UNKNOWN,UNKNOWN,URGENT CARE FACILITY
289,0,2022-07-06,1,M,1,PEDIATRICS,CA,OFFICE
3597,0,2022-06-03,80,M,46,FAMILY MEDICINE,OK,EMERGENCY ROOM - HOSPITAL
509,0,2022-06-29,42,F,3,UNKNOWN,UNKNOWN,INDEPENDENT LABORATORY
1714,0,2022-06-21,55,M,8,NURSE PRACTITIONER,OH,URGENT CARE FACILITY
3776,0,2022-07-20,70,M,2,INTERNAL MEDICINE,CA,OFFICE
1208,0,2022-07-20,57,F,4,FAMILY MEDICINE,TX,FEDERALLY QUALIFIED HEALTH CENTER
1813,0,2022-07-14,78,M,83,PHYSICIAN ASSISTANT,OK,OFFICE
2854,0,2022-07-11,55,F,21,PSYCHIATRY,IN,FEDERALLY QUALIFIED HEALTH CENTER
655,0,2022-06-21,5,F,1,UNKNOWN,UNKNOWN,URGENT CARE FACILITY
1340,0,2022-06-20,28,F,2,EMERGENCY MEDICINE,NY,HOSPITAL OUTPATIENT
8,0,2022-06-28,45,M,1,DIAGNOSTIC RADIOLOGY,WV,EMERGENCY ROOM - HOSPITAL
541,0,2022-07-15,11,F,10,PEDIATRICS,HI,CLINIC  - FEDERALLY QUALIFIED HEALTH CENTER (FQHC)
3551,0,2022-06-29,60,F,12,NURSE PRACTITIONER,CA,URGENT CARE FACILITY
1989,0,2022-06-29,29,F,41,BEHAVIORAL HEALTH & SOCIAL SERVICES,TN,TELEHEALTH PROVIDED OTHER THAN IN PATIENT'S HOME
3149,0,2022-06-20,23,F,1,EMERGENCY MEDICINE,SC,EMERGENCY ROOM - HOSPITAL
500,0,2022-07-16,17,M,1,GENERAL SURGERY,IN,HOSPITAL OUTPATIENT
3993,0,2022-07-11,85,F,16,DIAGNOSTIC RADIOLOGY,NY,INPATIENT HOSPITAL
1565,0,2022-06-24,9,F,1,UNKNOWN,UNKNOWN,INDEPENDENT LABORATORY
277,0,2022-06-28,1,M,1,NURSE PRACTITIONER,AZ,OFFICE
2441,0,2022-06-18,62,F,2,PHYSICIAN ASSISTANT,CO,URGENT CARE FACILITY
508,0,2022-07-13,3,M,1,PEDIATRICS,CA,OFFICE
2393,0,2022-07-14,79,M,136,INTERNAL MEDICINE,MI,OFFICE
1400,0,2022-06-21,35,M,2,EMERGENCY MEDICINE,FL,EMERGENCY ROOM - HOSPITAL
3778,0,2022-06-23,41,M,1,PHYSICIAN ASSISTANT,MT,URGENT CARE FACILITY
226,0,2022-06-27,1,M,2,PEDIATRICS,MA,OFFICE
554,0,2022-06-21,35,F,2,PHYSICIAN ASSISTANT,NY,TELEHEALTH PROVIDED OTHER THAN IN PATIENT'S HOME
1527,0,2022-06-28,27,M,2,UNKNOWN,UNKNOWN,OFFICE
587,0,2022-07-19,27,F,5,OBSTETRICS & GYNECOLOGY,TN,OFFICE
1674,0,2022-06-24,56,F,1,ANATOMIC/CLINICAL PATHOLOGY,SC,EMERGENCY ROOM - HOSPITAL
1707,0,2022-07-18,84,M,16,PULMONARY DISEASE,FL,OFFICE
3044,0,2022-07-18,53,F,41,INTERNAL MEDICINE,OH,TELEHEALTH PROVIDED IN PATIENT'S HOME
529,0,2022-06-13,52,F,12,ANATOMIC/CLINICAL PATHOLOGY,FL,ON CAMPUS-OUTPATIENT HOSPITAL
3614,0,2022-06-16,27,F,3,UNKNOWN,UNKNOWN,INDEPENDENT LABORATORY
457,0,2022-06-28,48,M,1,FAMILY MEDICINE,CA,URGENT CARE FACILITY
2852,0,2022-06-11,53,F,1,NURSE PRACTITIONER,IL,OFFICE
1212,0,2022-06-20,85,M,7,INTERNAL MEDICINE,MA,OFFICE
2656,0,2022-07-20,36,F,36,INTERNAL MEDICINE,VA,OFFICE
1478,0,2022-07-18,77,F,16,INTERNAL MEDICINE,MA,OFFICE
2063,0,2022-07-18,19,F,1,PEDIATRICS,NY,OFFICE
1443,0,2022-06-13,39,M,8,ANATOMIC/CLINICAL PATHOLOGY,TX,HOSPITAL OUTPATIENT
1432,0,2022-06-08,39,F,8,INTERNAL MEDICINE,NY,OFFICE
3772,0,2022-07-12,49,F,27,"ENDOCRINOLOGY, DIABETES & METABOLISM",MD,OFFICE
1361,0,2022-06-29,35,F,2,EMERGENCY MEDICINE,IL,HOSPITAL OUTPATIENT
1187,0,2022-06-28,57,M,22,NURSE PRACTITIONER,IL,OFFICE
248,0,2022-06-29,1,M,1,PEDIATRICS,MD,OFFICE
1663,0,2022-06-15,24,M,2,FAMILY MEDICINE,NV,OFFICE
3115,0,2022-06-05,42,M,1,UNKNOWN,UNKNOWN,INDEPENDENT LABORATORY
553,0,2022-06-10,31,F,2,UNKNOWN,UNKNOWN,TELEHEALTH PROVIDED OTHER THAN IN PATIENT'S HOME
3186,0,2022-06-09,56,F,3,NURSE PRACTITIONER,MO,URGENT CARE FACILITY
2217,0,2022-07-05,83,F,15,DERMATOLOGY,TN,OFFICE
1970,0,2022-06-27,59,F,30,FAMILY MEDICINE,VA,TELEHEALTH PROVIDED OTHER THAN IN PATIENT'S HOME
3464,0,2022-06-12,56,M,15,FAMILY MEDICINE,TX,URGENT CARE FACILITY
2679,0,2022-06-14,74,M,6,ANESTHESIOLOGY,NJ,UNASSIGNED
1830,0,2022-06-13,55,F,39,CARDIOVASCULAR DISEASE,TX,EMERGENCY ROOM - HOSPITAL
3734,0,2022-07-22,67,M,23,INTERVENTIONAL CARDIOLOGY,AZ,OFFICE
3043,0,2022-06-04,40,M,11,PHYSICIAN ASSISTANT,OH,EMERGENCY ROOM - HOSPITAL
1727,0,2022-07-12,75,M,74,INTERNAL MEDICINE,LA,OFFICE
286,0,2022-06-13,1,M,1,PEDIATRICS,OH,HOSPITAL OUTPATIENT
1858,0,2022-06-27,74,M,13,UNKNOWN,UNKNOWN,INDEPENDENT LABORATORY
1053,0,2022-06-24,59,F,51,UNKNOWN,UNKNOWN,INDEPENDENT LABORATORY
666,0,2022-07-19,15,F,25,PEDIATRIC HEMATOLOGY/ONCOLOGY,NJ,HOSPITAL OUTPATIENT
16,0,2022-06-30,16,M,1,GENERAL PREVENTIVE MEDICINE,LA,HOSPITAL OUTPATIENT
805,0,2022-07-21,60,F,27,FAMILY MEDICINE,VA,OFFICE
3570,0,2022-06-01,63,F,9,EMERGENCY MEDICINE,TX,EMERGENCY ROOM - HOSPITAL
1371,0,2022-06-15,26,F,3,EMERGENCY MEDICINE,TX,HOSPITAL OUTPATIENT
762,0,2022-06-08,28,F,4,PHYSICIAN ASSISTANT,OR,URGENT CARE FACILITY
3097,0,2022-06-21,49,M,2,PULMONARY CRITICAL CARE MEDICINE,TX,OFFICE
2156,0,2022-06-24,20,M,5,FAMILY MEDICINE,KY,OFFICE
31,0,2022-06-22,18,M,1,NURSE PRACTITIONER,NY,URGENT CARE FACILITY
3681,0,2022-06-27,62,M,1,FAMILY MEDICINE,MI,TELEHEALTH PROVIDED IN PATIENT'S HOME
1795,0,2022-06-09,47,F,2,EMERGENCY MEDICINE,VA,EMERGENCY ROOM - HOSPITAL
1253,0,2022-07-12,57,F,86,OPTOMETRIST,TN,OFFICE
1980,0,2022-06-22,50,M,10,ANATOMIC/CLINICAL PATHOLOGY,FL,EMERGENCY ROOM - HOSPITAL
3495,0,2022-06-02,75,M,19,UNKNOWN,UNKNOWN,URGENT CARE FACILITY
867,0,2022-06-24,26,M,7,PHYSICIAN ASSISTANT,FL,TELEHEALTH PROVIDED OTHER THAN IN PATIENT'S HOME
3259,0,2022-07-21,63,F,7,INTERNAL MEDICINE,MA,UNASSIGNED
2001,0,2022-06-11,43,F,1,FAMILY MEDICINE,TX,URGENT CARE FACILITY
102,0,2022-06-18,23,M,1,PHYSICIAN ASSISTANT,NC,URGENT CARE FACILITY
1005,0,2022-07-06,63,F,9,FAMILY MEDICINE,NH,OFFICE
1021,0,2022-06-15,42,F,3,OBSTETRICS & GYNECOLOGY,CA,OFFICE
717,0,2022-06-23,30,F,1,FAMILY MEDICINE,MD,OFFICE
2846,0,2022-06-22,81,M,43,UNKNOWN,UNKNOWN,INDEPENDENT LABORATORY
968,0,2022-06-26,36,M,2,NURSE PRACTITIONER,MD,OFFICE
961,0,2022-06-19,30,M,9,FAMILY MEDICINE,GA,TELEHEALTH PROVIDED IN PATIENT'S HOME
922,0,2022-06-11,62,F,23,FAMILY MEDICINE,PA,TELEHEALTH PROVIDED OTHER THAN IN PATIENT'S HOME
2426,0,2022-07-21,65,M,2,FAMILY MEDICINE,MD,OFFICE
2497,0,2022-06-07,56,M,14,EMERGENCY MEDICINE,FL,EMERGENCY ROOM - HOSPITAL
319,0,2022-07-17,1,F,1,UNKNOWN,UNKNOWN,AMBULANCE - LAND
3197,0,2022-06-07,36,F,2,PHYSICIAN ASSISTANT,AZ,OFFICE
1411,0,2022-07-05,48,F,12,DERMATOLOGY,NY,OFFICE
44,0,2022-06-12,53,F,1,EMERGENCY MEDICINE,OR,EMERGENCY ROOM - HOSPITAL
637,0,2022-06-27,49,M,1,NURSE PRACTITIONER,AR,OFFICE
1702,0,2022-07-08,59,F,7,FAMILY MEDICINE,UT,OFFICE
3134,0,2022-06-20,46,F,1,NURSE PRACTITIONER,OH,URGENT CARE FACILITY
3677,0,2022-06-20,80,M,22,FAMILY MEDICINE,NY,OFFICE
3707,0,2022-06-17,26,F,1,INTERNAL MEDICINE,IL,TELEHEALTH PROVIDED OTHER THAN IN PATIENT'S HOME
3516,0,2022-06-02,60,F,2,UNKNOWN,UNKNOWN,OFFICE
3839,0,2022-06-23,72,M,14,NURSE PRACTITIONER,CT,TELEHEALTH PROVIDED OTHER THAN IN PATIENT'S HOME
2576,0,2022-06-17,78,M,36,EMERGENCY MEDICINE,AZ,EMERGENCY ROOM - HOSPITAL
1753,0,2022-06-27,58,M,23,EMERGENCY MEDICINE,FL,EMERGENCY ROOM - HOSPITAL
1481,0,2022-06-15,13,M,2,ANATOMIC/CLINICAL PATHOLOGY,FL,URGENT CARE FACILITY
715,0,2022-06-22,65,F,8,NURSE PRACTITIONER,KY,OFF CAMPUS-OUTPATIENT HOSPITAL
1037,0,2022-07-01,26,F,2,NURSE PRACTITIONER,TX,OFFICE
3484,0,2022-06-28,85,M,67,HOSPITALIST,FL,INPATIENT HOSPITAL
1079,0,2022-06-24,24,M,1,INTERNAL MEDICINE/PEDIATRICS,CA,EMERGENCY ROOM - HOSPITAL
2806,0,2022-06-14,26,F,1,FAMILY MEDICINE,PA,URGENT CARE FACILITY
2861,0,2022-07-15,78,F,81,NURSE PRACTITIONER,IN,HOSPITAL OUTPATIENT
2950,0,2022-06-06,68,F,5,UNKNOWN,UNKNOWN,AMBULANCE - LAND
3249,0,2022-06-07,24,F,1,UNKNOWN,UNKNOWN,URGENT CARE FACILITY
3596,0,2022-07-22,36,M,6,PODIATRIST,MN,OFFICE
1326,0,2022-06-24,38,F,3,FAMILY MEDICINE,FL,TELEHEALTH PROVIDED OTHER THAN IN PATIENT'S HOME
752,0,2022-07-22,44,F,13,FAMILY MEDICINE,MA,OFFICE
2290,0,2022-06-27,67,M,17,UROLOGY,NY,OTHER PLACE OF SERVICE
3347,0,2022-06-23,50,M,2,UNKNOWN,UNKNOWN,URGENT CARE FACILITY
2641,0,2022-06-24,20,F,12,EMERGENCY MEDICINE,LA,EMERGENCY ROOM - HOSPITAL
742,0,2022-06-07,31,F,1,OBSTETRICS & GYNECOLOGY,CA,OFFICE
850,0,2022-06-17,71,M,16,INTERNAL MEDICINE,PR,EMERGENCY ROOM - HOSPITAL
1542,0,2022-07-11,72,M,9,INTERNAL MEDICINE,OH,OFFICE
2402,0,2022-07-14,45,M,1,UNKNOWN,UNKNOWN,OFFICE
1822,0,2022-06-20,42,F,1,UNKNOWN,UNKNOWN,OFFICE
1569,0,2022-07-15,63,M,66,FAMILY MEDICINE,LA,OFFICE
3540,0,2022-06-26,51,M,5,INTERNAL MEDICINE,CA,URGENT CARE FACILITY
67,0,2022-06-27,21,F,1,OBSTETRICS & GYNECOLOGY,TX,OFFICE
2577,0,2022-07-08,31,M,43,PSYCHIATRY,LA,HOSPITAL INPATIENT (INCLUDING MEDICARE PART A)
1602,0,2022-07-11,64,M,2,UNKNOWN,UNKNOWN,INDEPENDENT LABORATORY
2493,0,2022-06-03,19,F,16,EMERGENCY MEDICINE,GA,EMERGENCY ROOM - HOSPITAL
146,0,2022-07-02,0,M,1,PEDIATRICS,NJ,OFFICE
934,0,2022-06-24,61,M,37,FAMILY MEDICINE,OK,OFF CAMPUS-OUTPATIENT HOSPITAL
1069,0,2022-06-24,45,F,4,FAMILY MEDICINE,TX,OFFICE
2062,0,2022-06-25,39,M,3,EMERGENCY MEDICINE,NY,URGENT CARE FACILITY
2157,0,2022-07-21,73,M,41,FAMILY MEDICINE,IL,UNASSIGNED
1686,0,2022-06-20,68,F,3,EMERGENCY MEDICINE,GA,EMERGENCY ROOM - HOSPITAL
2979,0,2022-06-09,76,F,35,UNKNOWN,UNKNOWN,PHARMACY
2225,0,2022-07-18,67,F,16,INTERNAL MEDICINE,CA,OFFICE
1119,0,2022-07-11,85,F,76,PHYSICAL THERAPY,NJ,OTHER PLACE OF SERVICE
1057,0,2022-06-19,39,F,7,FAMILY MEDICINE,FL,HOSPITAL OUTPATIENT
3272,0,2022-06-28,66,F,21,EMERGENCY MEDICINE,NY,URGENT CARE FACILITY
865,0,2022-06-28,63,F,13,INTERNAL MEDICINE,NY,TELEHEALTH PROVIDED OTHER THAN IN PATIENT'S HOME
3549,0,2022-06-02,58,F,88,PHYSICIAN ASSISTANT,TX,OFFICE
3119,0,2022-06-18,38,M,1,UNKNOWN,UNKNOWN,INDEPENDENT LABORATORY
2886,0,2022-07-22,85,F,15,INTERNAL MEDICINE,FL,OTHER PLACE OF SERVICE
1412,0,2022-07-22,76,F,49,ANESTHESIOLOGY,NY,OFFICE
2551,0,2022-07-21,85,M,27,INTERNAL MEDICINE,GA,UNASSIGNED
539,0,2022-06-27,6,M,1,INTERNAL MEDICINE,MD,OFFICE
465,0,2022-07-22,25,F,12,INTERNAL MEDICINE,GA,OFFICE
690,0,2022-06-24,33,F,3,UNKNOWN,UNKNOWN,OFFICE
2050,0,2022-06-14,27,F,2,INTERNAL MEDICINE,FL,OFFICE
4003,0,2022-06-20,24,F,2,FAMILY MEDICINE,SC,URGENT CARE FACILITY
192,0,2022-06-21,25,M,1,INTERNAL MEDICINE,MI,EMERGENCY ROOM - HOSPITAL
3745,0,2022-07-08,66,F,61,INTERNAL MEDICINE,AL,OFFICE
2899,0,2022-06-07,85,F,11,INTERNAL MEDICINE,CA,TELEHEALTH PROVIDED OTHER THAN IN PATIENT'S HOME
489,0,2022-06-30,18,F,1,PEDIATRICS,NC,OFFICE
3965,0,2022-06-24,66,F,19,FAMILY MEDICINE,PA,URGENT CARE FACILITY
3322,0,2022-06-19,32,F,1,EMERGENCY MEDICINE,AR,HOSPITAL OUTPATIENT
3153,0,2022-06-25,48,F,7,UNKNOWN,UNKNOWN,OFFICE
3080,0,2022-06-27,65,M,38,UNKNOWN,UNKNOWN,TELEHEALTH PROVIDED IN PATIENT'S HOME
913,0,2022-06-24,6,F,1,EMERGENCY MEDICINE,FL,URGENT CARE FACILITY
2226,0,2022-06-25,60,M,1,PHYSICIAN ASSISTANT,NY,URGENT CARE FACILITY
38,0,2022-06-21,0,F,1,INTERNAL MEDICINE,MD,EMERGENCY ROOM - HOSPITAL
3788,0,2022-06-25,66,M,18,FAMILY MEDICINE,NY,URGENT CARE FACILITY
3894,0,2022-06-13,74,F,16,FAMILY MEDICINE,GA,WALK-IN RETAIL HEALTH CLINIC
2939,0,2022-07-22,77,M,87,DIAGNOSTIC RADIOLOGY,IL,OFFICE
3581,0,2022-07-05,60,F,5,FAMILY MEDICINE,WY,OFFICE
3105,0,2022-07-22,85,M,134,UNKNOWN,UNKNOWN,OTHER PLACE OF SERVICE
3226,0,2022-06-02,77,M,1,EMERGENCY MEDICINE,MN,EMERGENCY ROOM - HOSPITAL
2,0,2022-06-22,2,M,1,EMERGENCY MEDICINE,PA,EMERGENCY ROOM - HOSPITAL
2569,0,2022-07-22,67,F,21,RADIATION ONCOLOGY,TN,ON CAMPUS-OUTPATIENT HOSPITAL
1359,0,2022-06-29,50,M,21,INTERNAL MEDICINE,CA,OFFICE
774,0,2022-06-22,39,F,3,PULMONARY CRITICAL CARE MEDICINE,OH,HOSPITAL OUTPATIENT
1963,0,2022-06-18,30,M,2,EMERGENCY MEDICINE,NC,URGENT CARE FACILITY
3262,0,2022-06-01,26,M,4,FAMILY MEDICINE,VA,OFFICE
1859,0,2022-06-28,44,M,51,FAMILY MEDICINE,NC,OFFICE
3799,0,2022-06-20,66,F,104,NURSE PRACTITIONER,MA,URGENT CARE FACILITY
3689,0,2022-06-30,63,M,51,PULMONARY CRITICAL CARE MEDICINE,AL,INPATIENT HOSPITAL
2816,0,2022-06-20,15,F,30,EMERGENCY MEDICINE,TN,URGENT CARE FACILITY
1884,0,2022-07-22,77,F,35,CARDIOVASCULAR DISEASE,NY,ON CAMPUS-OUTPATIENT HOSPITAL
1898,0,2022-07-05,52,F,8,EMERGENCY MEDICINE,AL,HOSPITAL OUTPATIENT
2787,0,2022-07-05,56,M,50,UNKNOWN,UNKNOWN,UNASSIGNED
1087,0,2022-06-15,8,M,1,EMERGENCY MEDICINE,WA,HOSPITAL OUTPATIENT
1416,0,2022-06-10,23,M,1,GERIATRIC MEDICINE (INTERNAL MEDICINE),TX,TELEHEALTH PROVIDED IN PATIENT'S HOME
2100,0,2022-06-15,47,M,7,UNKNOWN,UNKNOWN,TELEHEALTH PROVIDED IN PATIENT'S HOME
1436,0,2022-06-07,33,M,2,FAMILY MEDICINE,CA,OFFICE
3794,0,2022-07-13,74,F,138,FAMILY MEDICINE,SC,OFFICE
1357,0,2022-06-04,30,F,13,EMERGENCY MEDICINE,CA,TELEHEALTH PROVIDED OTHER THAN IN PATIENT'S HOME
199,0,2022-06-10,10,F,1,FAMILY MEDICINE,TX,OFFICE
3268,0,2022-06-09,39,F,2,INTERNAL MEDICINE,VA,TELEHEALTH PROVIDED IN PATIENT'S HOME
3876,0,2022-06-21,83,M,84,FAMILY MEDICINE,WA,OFFICE
1685,0,2022-06-24,59,F,2,FAMILY MEDICINE,PA,TELEHEALTH PROVIDED OTHER THAN IN PATIENT'S HOME
1804,0,2022-06-20,45,F,1,NURSE PRACTITIONER,CA,URGENT CARE FACILITY
2412,0,2022-06-01,36,F,6,PHYSICIAN ASSISTANT,CA,URGENT CARE FACILITY
700,0,2022-06-17,35,F,2,OBSTETRICS & GYNECOLOGY,IL,ON CAMPUS-OUTPATIENT HOSPITAL
3266,0,2022-06-10,66,F,2,UNKNOWN,UNKNOWN,OFFICE
2473,0,2022-06-29,62,F,18,INTERNAL MEDICINE,NY,OFFICE
1124,0,2022-06-01,8,F,4,UNKNOWN,UNKNOWN,URGENT CARE FACILITY
3253,0,2022-07-22,65,M,22,CERTIFIED NURSE ANESTHETIST,TX,ON CAMPUS-OUTPATIENT HOSPITAL
1046,0,2022-06-14,39,M,56,FAMILY MEDICINE,PA,TELEHEALTH PROVIDED OTHER THAN IN PATIENT'S HOME
2683,0,2022-06-28,20,F,1,UNKNOWN,UNKNOWN,URGENT CARE FACILITY
520,0,2022-06-15,30,F,6,CYTOPATHOLOGY,KY,OFFICE
654,0,2022-06-02,45,M,1,PHYSICIAN ASSISTANT,NM,EMERGENCY ROOM - HOSPITAL
2849,0,2022-07-19,70,F,69,INTERNAL MEDICINE,AL,OFFICE
1560,0,2022-06-07,12,F,3,PEDIATRIC EMERGENCY MEDICINE (PEDIATRICS),CO,OFFICE
2734,0,2022-07-12,64,F,10,CARDIOVASCULAR DISEASE,IL,ON CAMPUS-OUTPATIENT HOSPITAL
1077,0,2022-06-01,67,F,6,FAMILY MEDICINE,MD,TELEHEALTH PROVIDED OTHER THAN IN PATIENT'S HOME
1524,0,2022-07-08,62,F,58,INTERNAL MEDICINE,GA,OFFICE
2210,0,2022-06-19,52,F,8,EMERGENCY MEDICINE,GA,OFFICE
3392,0,2022-06-24,42,M,5,INTERNAL MEDICINE,GA,OFFICE
2154,0,2022-06-30,75,M,3,EMERGENCY MEDICINE,NJ,URGENT CARE FACILITY
3202,0,2022-06-17,65,F,12,HOSPITALIST,CO,INPATIENT HOSPITAL
1627,0,2022-06-02,42,F,1,FAMILY MEDICINE,WI,RURAL HEALTH CLINIC
1092,0,2022-06-12,54,F,2,UNKNOWN,UNKNOWN,TELEHEALTH PROVIDED IN PATIENT'S HOME
903,0,2022-06-04,6,F,1,NURSE PRACTITIONER,NC,OFFICE
1010,0,2022-06-21,51,F,5,PSYCHIATRY,KY,HOSPITAL OUTPATIENT
3407,0,2022-06-22,52,F,1,PHYSICIAN ASSISTANT,TX,OFFICE
1558,0,2022-07-18,37,M,191,UNKNOWN,UNKNOWN,OTHER PLACE OF SERVICE
723,0,2022-06-02,38,F,1,UNKNOWN,UNKNOWN,OFFICE
3529,0,2022-06-22,50,M,5,INTERNAL MEDICINE,NY,TELEHEALTH PROVIDED OTHER THAN IN PATIENT'S HOME
3694,0,2022-06-02,52,M,1,NURSE PRACTITIONER,IL,WALK-IN RETAIL HEALTH CLINIC
3359,0,2022-06-30,68,F,1,FAMILY MEDICINE,CA,TELEHEALTH PROVIDED IN PATIENT'S HOME
1391,0,2022-06-29,43,M,23,NURSE PRACTITIONER,TX,OFFICE
3130,0,2022-06-09,25,F,3,INTERNAL MEDICINE,MI,OFFICE
2728,0,2022-06-02,54,F,15,PULMONARY CRITICAL CARE MEDICINE,CA,OFFICE
1397,0,2022-06-13,30,M,4,NURSE PRACTITIONER,OK,OFFICE
2544,0,2022-06-01,14,M,1,PEDIATRICS,MA,TELEHEALTH PROVIDED OTHER THAN IN PATIENT'S HOME
3001,0,2022-06-23,49,F,4,INTERNAL MEDICINE,CA,TELEHEALTH PROVIDED OTHER THAN IN PATIENT'S HOME
3343,0,2022-06-28,60,M,2,FAMILY MEDICINE,MA,TELEHEALTH PROVIDED OTHER THAN IN PATIENT'S HOME
1256,0,2022-06-23,38,F,2,NURSE PRACTITIONER,NV,URGENT CARE FACILITY
1439,0,2022-07-10,80,M,128,UNKNOWN,UNKNOWN,OTHER PLACE OF SERVICE
765,0,2022-06-21,6,F,1,PEDIATRIC EMERGENCY MEDICINE (PEDIATRICS),UT,HOSPITAL OUTPATIENT
191,0,2022-06-02,1,M,5,PEDIATRICS,TX,HOSPITAL OUTPATIENT
2118,0,2022-07-22,36,F,1,PHYSICAL THERAPY,TX,OFFICE
1520,0,2022-07-18,81,F,7,NEUROMUSCULAR MEDICINE (NEUROLOGY),CT,OFFICE
3925,0,2022-06-22,24,F,3,EMERGENCY MEDICINE,CA,EMERGENCY ROOM - HOSPITAL
3742,0,2022-06-15,20,M,4,EMERGENCY MEDICINE,SC,HOSPITAL OUTPATIENT
1568,0,2022-07-17,85,F,16,FAMILY MEDICINE,CA,INPATIENT HOSPITAL
511,0,2022-06-13,85,M,1,UNKNOWN,UNKNOWN,INDEPENDENT LABORATORY
1309,0,2022-06-16,64,F,15,ANATOMIC/CLINICAL PATHOLOGY,FL,EMERGENCY ROOM - HOSPITAL
1521,0,2022-06-15,76,M,58,GERIATRIC MEDICINE (INTERNAL MEDICINE),CA,UNASSIGNED
938,0,2022-06-18,66,F,1,PHYSICIAN ASSISTANT,NV,URGENT CARE FACILITY
516,0,2022-07-08,78,M,177,INTERNAL MEDICINE,SC,OTHER PLACE OF SERVICE
1280,0,2022-06-03,41,F,14,UNKNOWN,UNKNOWN,URGENT CARE FACILITY
1535,0,2022-06-01,63,F,14,NURSE PRACTITIONER,CO,TELEHEALTH PROVIDED OTHER THAN IN PATIENT'S HOME
2930,0,2022-07-06,66,M,18,"ENDOCRINOLOGY, DIABETES & METABOLISM",CA,OFFICE
2753,0,2022-06-15,62,M,3,UNKNOWN,UNKNOWN,URGENT CARE FACILITY
1949,0,2022-06-27,62,F,26,FAMILY MEDICINE,RI,OFFICE
3431,0,2022-07-18,42,M,108,FAMILY MEDICINE,CA,OFFICE
93,0,2022-06-10,57,M,1,PHYSICIAN ASSISTANT,NE,OFFICE
3774,0,2022-07-19,80,F,91,NURSE PRACTITIONER,CT,OFFICE
3547,0,2022-06-16,70,M,14,UNKNOWN,UNKNOWN,INDEPENDENT LABORATORY
1885,0,2022-06-19,66,F,18,PHYSICIAN ASSISTANT,MN,URGENT CARE FACILITY
1114,0,2022-06-30,8,M,2,PEDIATRICS,VA,OFFICE
649,0,2022-06-17,4,M,3,NURSE PRACTITIONER,VA,OFFICE
1946,0,2022-06-07,41,F,3,UNKNOWN,UNKNOWN,CLINIC - FREESTANDING
1910,0,2022-06-17,37,F,5,FAMILY MEDICINE,CA,TELEHEALTH PROVIDED OTHER THAN IN PATIENT'S HOME
1028,0,2022-06-06,7,M,1,UNKNOWN,UNKNOWN,INDEPENDENT LABORATORY
1519,0,2022-06-03,26,M,2,EMERGENCY MEDICINE,FL,EMERGENCY ROOM - HOSPITAL
1298,0,2022-06-20,9,F,1,PEDIATRICS,GA,TELEHEALTH PROVIDED OTHER THAN IN PATIENT'S HOME
3621,0,2022-06-01,75,F,77,INTERNAL MEDICINE,MD,HOSPITAL - LABORATORY SERVICES PROVIDED TO NON-PATIENTS
358,0,2022-06-14,27,M,2,FAMILY MEDICINE,FL,HOSPITAL OUTPATIENT
1666,0,2022-07-21,54,F,4,PHYSICIAN ASSISTANT,SC,OFFICE
1723,0,2022-07-21,85,F,89,FAMILY MEDICINE,TX,INPATIENT HOSPITAL
3748,0,2022-06-30,28,F,4,INTERNAL MEDICINE,NY,TELEHEALTH PROVIDED OTHER THAN IN PATIENT'S HOME
2540,0,2022-06-29,15,M,3,PHYSICIAN ASSISTANT,SC,EMERGENCY ROOM - HOSPITAL
1842,0,2022-07-07,46,M,19,ANATOMIC/CLINICAL PATHOLOGY,NC,INPATIENT HOSPITAL
124,0,2022-07-19,62,M,3,NURSE PRACTITIONER,TX,OFFICE
3412,0,2022-06-17,67,F,38,INTERNAL MEDICINE,NC,OFFICE
1616,0,2022-07-07,83,F,87,UNKNOWN,UNKNOWN,OTHER PLACE OF SERVICE
2839,0,2022-06-23,47,M,1,NURSE PRACTITIONER,LA,URGENT CARE FACILITY
1758,0,2022-06-22,19,M,1,INTERNAL MEDICINE,IN,HOSPITAL OUTPATIENT
1274,0,2022-06-21,77,F,43,INTERNAL MEDICINE,NY,OFFICE
496,0,2022-06-29,30,M,7,PHYSICIAN ASSISTANT,SC,URGENT CARE FACILITY
2874,0,2022-06-15,58,F,20,PHYSICIAN ASSISTANT,IL,URGENT CARE FACILITY
2307,0,2022-07-01,58,F,75,INTERNAL MEDICINE,NY,OFFICE
2353,0,2022-06-08,13,M,1,UNKNOWN,UNKNOWN,TELEHEALTH PROVIDED OTHER THAN IN PATIENT'S HOME
136,0,2022-07-05,0,M,6,FAMILY MEDICINE,TX,EMERGENCY ROOM - HOSPITAL
939,0,2022-06-25,16,F,2,EMERGENCY MEDICINE,NJ,URGENT CARE FACILITY
3668,0,2022-06-23,85,F,24,EMERGENCY MEDICINE,CT,HOSPITAL OUTPATIENT
2901,0,2022-06-28,41,F,3,PHYSICIAN ASSISTANT,MA,URGENT CARE FACILITY
3165,0,2022-06-11,67,F,29,NURSE PRACTITIONER,OH,OFFICE
3674,0,2022-06-13,23,M,10,HEMATOLOGY/ONCOLOGY,MD,OFFICE
1976,0,2022-07-18,52,F,1,INTERNAL MEDICINE,CA,TELEHEALTH PROVIDED OTHER THAN IN PATIENT'S HOME
2511,0,2022-06-21,25,M,1,UNKNOWN,UNKNOWN,URGENT CARE FACILITY
152,0,2022-06-17,18,F,2,INTERNAL MEDICINE,NV,TELEHEALTH PROVIDED OTHER THAN IN PATIENT'S HOME
1336,0,2022-06-16,85,M,105,FAMILY MEDICINE,CA,TELEHEALTH PROVIDED OTHER THAN IN PATIENT'S HOME
2071,0,2022-06-28,44,M,1,FAMILY MEDICINE,NC,OFFICE
4005,0,2022-06-05,48,F,3,INTERNAL MEDICINE,PA,EMERGENCY ROOM - HOSPITAL
233,0,2022-06-24,9,M,2,ANATOMIC/CLINICAL PATHOLOGY,FL,EMERGENCY ROOM - HOSPITAL
1058,0,2022-06-23,36,F,1,GENERAL PRACTICE,FL,OFFICE
1670,0,2022-06-27,41,F,26,UNKNOWN,UNKNOWN,INDEPENDENT LABORATORY
322,0,2022-06-27,43,M,3,INTERNAL MEDICINE,NY,TELEHEALTH PROVIDED OTHER THAN IN PATIENT'S HOME
1427,0,2022-07-11,66,F,37,FAMILY MEDICINE,SC,FEDERALLY QUALIFIED HEALTH CENTER
490,0,2022-06-29,79,M,10,NURSE PRACTITIONER,TN,OFFICE
1322,0,2022-06-15,39,M,1,NURSE PRACTITIONER,FL,URGENT CARE FACILITY
763,0,2022-06-07,36,M,1,UNKNOWN,UNKNOWN,URGENT CARE FACILITY
2124,0,2022-06-22,60,M,4,FAMILY MEDICINE,MI,TELEHEALTH PROVIDED IN PATIENT'S HOME
3048,0,2022-06-29,74,F,2,OTOLARYNGOLOGY,MI,OFFICE
3421,0,2022-06-22,62,M,15,INTERNAL MEDICINE,NJ,OFFICE
1458,0,2022-06-27,75,F,11,UNKNOWN,UNKNOWN,OTHER PLACE OF SERVICE
1965,0,2022-06-27,56,F,11,NURSE PRACTITIONER,OK,OFFICE
2407,0,2022-06-17,52,M,15,FAMILY MEDICINE,AZ,OFFICE
1068,0,2022-06-02,63,M,8,EMERGENCY MEDICINE,CA,URGENT CARE FACILITY
2827,0,2022-07-04,63,M,5,UNKNOWN,UNKNOWN,OTHER PLACE OF SERVICE
1303,0,2022-06-11,35,M,1,UNKNOWN,UNKNOWN,INDEPENDENT LABORATORY
2817,0,2022-06-08,33,M,1,UNKNOWN,UNKNOWN,INDEPENDENT LABORATORY
203,0,2022-06-16,57,F,1,UNKNOWN,UNKNOWN,INDEPENDENT LABORATORY
2030,0,2022-06-10,11,M,1,PEDIATRICS,TX,OFFICE
2867,0,2022-06-14,79,M,35,FAMILY MEDICINE,AL,OFFICE
2291,0,2022-06-21,23,F,2,UNKNOWN,UNKNOWN,URGENT CARE FACILITY
3403,0,2022-07-11,67,F,47,CARDIOVASCULAR DISEASE,SC,OFFICE
3143,0,2022-06-15,42,M,12,UNKNOWN,UNKNOWN,URGENT CARE FACILITY
1530,0,2022-06-27,75,F,48,HEMATOLOGY/ONCOLOGY,MD,UNASSIGNED
3743,0,2022-06-23,53,F,10,UNKNOWN,UNKNOWN,OTHER PLACE OF SERVICE
3522,0,2022-06-11,27,M,4,EMERGENCY MEDICINE,HI,EMERGENCY ROOM - HOSPITAL
1799,0,2022-07-19,60,F,75,FAMILY MEDICINE,OR,OFFICE
1577,0,2022-07-06,80,F,73,NURSE PRACTITIONER,AL,OFFICE
833,0,2022-06-14,21,F,33,INTERNAL MEDICINE,NY,FEDERALLY QUALIFIED HEALTH CENTER
3300,0,2022-06-08,79,F,15,NURSE PRACTITIONER,AZ,OFFICE
250,0,2022-06-22,40,F,1,UNKNOWN,UNKNOWN,URGENT CARE FACILITY
2354,0,2022-06-01,16,F,1,PEDIATRICS,NY,OFFICE
1766,0,2022-06-02,33,F,14,INTERNAL MEDICINE,MD,TELEHEALTH PROVIDED OTHER THAN IN PATIENT'S HOME
2661,0,2022-06-24,36,F,1,PHYSICIAN ASSISTANT,MT,URGENT CARE FACILITY
1853,0,2022-06-11,14,F,2,NURSE PRACTITIONER,NY,HOSPITAL OUTPATIENT
2222,0,2022-06-09,46,M,30,FAMILY MEDICINE,CA,TELEHEALTH PROVIDED OTHER THAN IN PATIENT'S HOME
2573,0,2022-06-22,48,M,2,INTERNAL MEDICINE,TX,OFFICE
3179,0,2022-06-23,32,F,2,UNKNOWN,UNKNOWN,INDEPENDENT LABORATORY
2658,0,2022-07-11,45,F,56,EMERGENCY MEDICINE,CA,EMERGENCY ROOM - HOSPITAL
1914,0,2022-06-08,46,F,2,NURSE PRACTITIONER,TX,TELEHEALTH PROVIDED OTHER THAN IN PATIENT'S HOME
898,0,2022-06-26,49,F,17,EMERGENCY MEDICINE,FL,EMERGENCY ROOM - HOSPITAL
2329,0,2022-06-21,27,F,17,GASTROENTEROLOGY,NY,OFFICE
599,0,2022-06-18,31,F,10,FAMILY MEDICINE,IL,OFFICE
2014,0,2022-06-27,57,F,45,INTERNAL MEDICINE,TX,TELEHEALTH PROVIDED IN PATIENT'S HOME
1257,0,2022-06-23,73,F,59,FAMILY MEDICINE,TX,TELEHEALTH PROVIDED OTHER THAN IN PATIENT'S HOME
1890,0,2022-06-24,77,F,53,DIAGNOSTIC RADIOLOGY,MN,OFFICE
2959,0,2022-06-29,65,M,73,FAMILY MEDICINE,CA,OFFICE
2199,0,2022-06-12,46,F,2,PHYSICIAN ASSISTANT,TN,EMERGENCY ROOM - HOSPITAL
1063,0,2022-06-03,7,F,1,EMERGENCY MEDICINE,MO,EMERGENCY ROOM - HOSPITAL
759,0,2022-06-22,21,F,8,NURSE PRACTITIONER,NE,URGENT CARE FACILITY
3922,0,2022-07-19,58,F,41,FAMILY MEDICINE,CA,OFFICE
2048,0,2022-07-17,51,F,114,GENERAL SURGERY,CA,HOSPITAL OUTPATIENT
2666,0,2022-06-27,61,F,2,NURSE PRACTITIONER,MO,RURAL HEALTH CLINIC
3212,0,2022-07-21,41,F,140,"ENDOCRINOLOGY, DIABETES & METABOLISM",ME,TELEHEALTH PROVIDED OTHER THAN IN PATIENT'S HOME
2089,0,2022-06-07,62,M,4,INTERNAL MEDICINE,CT,HOSPITAL OUTPATIENT
2278,0,2022-06-24,13,F,1,UNKNOWN,UNKNOWN,URGENT CARE FACILITY
2244,0,2022-06-29,51,F,18,INTERNAL MEDICINE,LA,URGENT CARE FACILITY
432,0,2022-06-20,42,M,1,EMERGENCY MEDICINE,MI,EMERGENCY ROOM - HOSPITAL
2295,0,2022-07-08,65,M,15,UNKNOWN,UNKNOWN,OTHER PLACE OF SERVICE
3760,0,2022-07-07,41,M,7,UNKNOWN,UNKNOWN,OTHER PLACE OF SERVICE
298,0,2022-06-15,2,M,1,PEDIATRIC EMERGENCY MEDICINE (PEDIATRICS),MD,EMERGENCY ROOM - HOSPITAL
3678,0,2022-07-12,64,F,130,NURSE PRACTITIONER,FL,OFFICE
1355,0,2022-06-07,34,F,1,PHYSICIAN ASSISTANT,TX,URGENT CARE FACILITY
2298,0,2022-06-24,13,M,1,FAMILY MEDICINE,MS,HOSPITAL - LABORATORY SERVICES PROVIDED TO NON-PATIENTS
2181,0,2022-07-01,72,F,142,FAMILY MEDICINE,NY,OFFICE
1484,0,2022-06-11,60,F,60,INTERNAL MEDICINE,MT,INPATIENT HOSPITAL
1831,0,2022-07-18,51,F,10,FAMILY MEDICINE,MS,OFFICE
1650,0,2022-06-14,71,F,85,PHYSICIAN ASSISTANT,CA,HOSPITAL OUTPATIENT
2887,0,2022-06-30,54,M,5,FAMILY MEDICINE,IL,TELEHEALTH PROVIDED IN PATIENT'S HOME
468,0,2022-06-02,3,F,1,NURSE PRACTITIONER,DE,OFFICE
23,0,2022-06-22,74,M,1,NURSE PRACTITIONER,AL,OFFICE
658,0,2022-06-27,4,F,1,PEDIATRICS,TN,OFFICE
3108,0,2022-06-10,18,M,1,EMERGENCY MEDICINE,MO,EMERGENCY ROOM - HOSPITAL
3445,0,2022-06-16,28,M,1,UNKNOWN,UNKNOWN,TELEHEALTH PROVIDED IN PATIENT'S HOME
1474,0,2022-06-12,47,M,8,UNKNOWN,UNKNOWN,INDEPENDENT LABORATORY
2193,0,2022-06-06,56,M,6,"STUDENT, HEALTH CARE",KY,EMERGENCY ROOM - HOSPITAL
1836,0,2022-06-24,48,M,8,HOSPITALIST,CA,HOSPITAL OUTPATIENT
3554,0,2022-06-29,49,M,10,PHYSICAL THERAPY,FL,OFFICE
1477,0,2022-07-22,38,F,15,NURSE PRACTITIONER,NM,OFFICE
56,0,2022-06-14,28,M,1,NURSE PRACTITIONER,VA,WALK-IN RETAIL HEALTH CLINIC
3702,0,2022-06-28,19,M,6,UNKNOWN,UNKNOWN,AMBULANCE - LAND
3753,0,2022-06-21,43,F,1,NEPHROLOGY,CA,INPATIENT HOSPITAL
1924,0,2022-07-21,20,F,1,PHYSICAL THERAPY,MI,OFFICE
3802,0,2022-07-11,84,F,56,INTERNAL MEDICINE,TN,OFFICE
1992,0,2022-07-02,66,M,21,NURSE PRACTITIONER,AR,OFFICE
1737,0,2022-06-25,72,M,3,PHYSICIAN ASSISTANT,LA,URGENT CARE FACILITY
262,0,2022-06-08,1,M,1,PEDIATRICS,GA,URGENT CARE FACILITY
2564,0,2022-06-07,71,M,103,NURSE PRACTITIONER,AZ,TELEHEALTH PROVIDED IN PATIENT'S HOME
3775,0,2022-06-08,62,F,1,INTERNAL MEDICINE,MS,OFFICE
3120,0,2022-06-22,65,F,63,DIAGNOSTIC RADIOLOGY,TX,INPATIENT HOSPITAL
366,0,2022-06-08,32,M,1,INTERNAL MEDICINE,CT,OFFICE
3558,0,2022-07-06,58,F,18,RHEUMATOLOGY,CA,OFFICE
406,0,2022-06-29,29,F,11,RHEUMATOLOGY,TX,TELEHEALTH PROVIDED OTHER THAN IN PATIENT'S HOME
2495,0,2022-06-06,54,F,1,PHYSICIAN ASSISTANT,NJ,EMERGENCY ROOM - HOSPITAL
72,0,2022-06-03,32,M,1,PHYSICIAN ASSISTANT,NY,URGENT CARE FACILITY
789,0,2022-07-20,75,M,68,NEUROLOGICAL SURGERY,FL,OFFICE
3055,0,2022-07-12,65,F,4,INTERNAL MEDICINE,FL,OFFICE
1304,0,2022-06-26,55,M,17,UNKNOWN,UNKNOWN,INDEPENDENT LABORATORY
1025,0,2022-06-24,67,F,10,FAMILY MEDICINE,TX,OFFICE
3961,0,2022-06-27,73,F,104,NURSE PRACTITIONER,MI,OFFICE
3357,0,2022-06-02,47,F,1,INTERNAL MEDICINE/PEDIATRICS,MI,TELEHEALTH PROVIDED IN PATIENT'S HOME
2253,0,2022-07-14,56,F,38,EMERGENCY MEDICINE,TX,HOSPITAL OUTPATIENT
2267,0,2022-06-08,36,F,1,OBSTETRICS & GYNECOLOGY,OR,HOSPITAL INPATIENT (INCLUDING MEDICARE PART A)
2070,0,2022-06-29,34,F,7,EMERGENCY MEDICINE,GA,EMERGENCY ROOM - HOSPITAL
823,0,2022-06-30,69,F,42,INFECTIOUS DISEASE,OR,OFFICE
1153,0,2022-06-21,38,F,1,UNKNOWN,UNKNOWN,INDEPENDENT LABORATORY
2419,0,2022-06-29,81,M,10,NURSE PRACTITIONER,CT,HOSPITAL OUTPATIENT
4020,0,2022-07-20,81,F,29,NURSE PRACTITIONER,WI,OFFICE
2981,0,2022-06-16,79,F,24,NURSE PRACTITIONER,WY,URGENT CARE FACILITY
746,0,2022-07-08,67,M,111,CLINICAL CARDIAC ELECTROPHYSIOLOGY,IN,HOSPITAL OUTPATIENT
222,0,2022-06-17,71,M,4,NURSE PRACTITIONER,NC,EMERGENCY ROOM - HOSPITAL
804,0,2022-07-05,65,F,11,FAMILY MEDICINE,GA,OFFICE
1090,0,2022-07-20,84,M,153,PULMONARY CRITICAL CARE MEDICINE,IL,OTHER PLACE OF SERVICE
983,0,2022-07-07,85,M,68,UNKNOWN,UNKNOWN,AMBULANCE - LAND
413,0,2022-06-17,70,M,5,UNKNOWN,UNKNOWN,AMBULANCE - LAND
2872,0,2022-06-25,51,F,29,EMERGENCY MEDICINE,NJ,EMERGENCY ROOM - HOSPITAL
634,0,2022-06-20,4,M,2,PEDIATRICS,VA,OFFICE
470,0,2022-06-23,50,F,1,INTERNAL MEDICINE,TX,HOSPITAL OUTPATIENT
11,0,2022-06-23,32,M,2,ANATOMIC/CLINICAL PATHOLOGY,FL,EMERGENCY ROOM - HOSPITAL
1047,0,2022-06-24,45,M,13,FAMILY MEDICINE,TX,OFFICE
2960,0,2022-06-24,75,F,3,FAMILY MEDICINE,KY,URGENT CARE FACILITY
2344,0,2022-07-15,78,M,121,OCCUPATIONAL THERAPY,IL,OFFICE
1750,0,2022-07-20,60,F,10,FAMILY MEDICINE,CA,OFFICE
2723,0,2022-06-23,43,F,2,FAMILY MEDICINE,GA,URGENT CARE FACILITY
809,0,2022-06-28,73,F,12,DERMATOLOGY,MA,OFFICE
2880,0,2022-06-20,55,M,64,RADIATION ONCOLOGY,FL,OFFICE
2129,0,2022-06-09,23,M,1,PHYSICIAN ASSISTANT,NC,EMERGENCY ROOM - HOSPITAL
473,0,2022-06-09,27,M,5,NURSE PRACTITIONER,MI,URGENT CARE FACILITY
1534,0,2022-06-07,22,F,1,NURSE PRACTITIONER,FL,TELEHEALTH PROVIDED OTHER THAN IN PATIENT'S HOME
2776,0,2022-06-27,67,M,26,INTERNAL MEDICINE,CA,OFFICE
348,0,2022-06-17,31,F,10,OBSTETRICS & GYNECOLOGY,MA,ON CAMPUS-OUTPATIENT HOSPITAL
3840,0,2022-06-25,61,F,9,EMERGENCY MEDICINE,PA,URGENT CARE FACILITY
3174,0,2022-06-29,55,M,5,PHYSICIAN ASSISTANT,OH,TELEHEALTH PROVIDED IN PATIENT'S HOME
1118,0,2022-06-29,58,F,12,PHYSICIAN ASSISTANT,TX,TELEHEALTH PROVIDED OTHER THAN IN PATIENT'S HOME
3367,0,2022-07-15,69,F,148,INFECTIOUS DISEASE,FL,OFFICE
822,0,2022-06-01,12,M,6,PEDIATRICS,CA,URGENT CARE FACILITY
2259,0,2022-06-11,51,F,19,DIAGNOSTIC RADIOLOGY,NJ,OFFICE
1708,0,2022-06-09,27,F,1,NURSE PRACTITIONER,AL,URGENT CARE FACILITY
3290,0,2022-06-29,58,F,6,UNKNOWN,UNKNOWN,URGENT CARE FACILITY
1350,0,2022-06-24,62,M,24,FAMILY MEDICINE,TX,OFFICE
229,0,2022-07-03,58,F,2,NURSE PRACTITIONER,FL,URGENT CARE FACILITY
1291,0,2022-06-23,60,M,1,FAMILY MEDICINE,MO,OFFICE
2797,0,2022-06-11,15,M,1,EMERGENCY MEDICINE,VA,URGENT CARE FACILITY
800,0,2022-06-02,85,M,79,FAMILY MEDICINE,MI,OFFICE
1165,0,2022-06-08,39,M,3,EMERGENCY MEDICINE,FL,HOSPITAL OUTPATIENT
3356,0,2022-06-20,47,M,66,INTERNAL MEDICINE,CA,OFFICE
2138,0,2022-06-27,59,M,28,CARDIOVASCULAR DISEASE,TN,OFFICE
1284,0,2022-06-14,46,F,1,UNKNOWN,UNKNOWN,INDEPENDENT LABORATORY
2881,0,2022-06-30,65,M,38,PEDIATRIC OPHTHALMOLOGY,FL,OFFICE
2647,0,2022-07-15,58,F,45,NURSE PRACTITIONER,TX,HOSPITAL OUTPATIENT
618,0,2022-07-14,67,F,29,ANATOMIC/CLINICAL PATHOLOGY,FL,INPATIENT HOSPITAL
2137,0,2022-06-10,21,M,3,FAMILY MEDICINE,TX,OFFICE
2357,0,2022-06-05,31,F,3,UNKNOWN,UNKNOWN,INDEPENDENT LABORATORY
3603,0,2022-07-13,52,F,1,FAMILY MEDICINE,CA,OFFICE
1941,0,2022-07-01,51,F,13,EMERGENCY MEDICINE,GA,HOSPITAL OUTPATIENT
3208,0,2022-06-18,77,F,130,UNKNOWN,UNKNOWN,INDEPENDENT LABORATORY
730,0,2022-06-07,29,F,1,INTERNAL MEDICINE,PA,TELEHEALTH PROVIDED OTHER THAN IN PATIENT'S HOME
1377,0,2022-06-07,57,F,4,PHYSICIAN ASSISTANT,LA,EMERGENCY ROOM - HOSPITAL
1557,0,2022-06-15,14,M,1,UNKNOWN,UNKNOWN,OFFICE
3928,0,2022-06-02,85,F,68,INTERNAL MEDICINE,FL,UNASSIGNED
3344,0,2022-06-02,38,M,15,UNKNOWN,UNKNOWN,INDEPENDENT LABORATORY
2294,0,2022-06-07,55,M,82,NURSE PRACTITIONER,FL,TELEHEALTH PROVIDED OTHER THAN IN PATIENT'S HOME
1833,0,2022-06-25,10,M,1,PHYSICIAN ASSISTANT,CA,URGENT CARE FACILITY
2438,0,2022-06-23,35,M,1,FAMILY MEDICINE,TX,URGENT CARE FACILITY
178,0,2022-06-20,1,M,3,NURSE PRACTITIONER,SC,FEDERALLY QUALIFIED HEALTH CENTER
3369,0,2022-06-28,46,M,4,PHYSICIAN ASSISTANT,FL,URGENT CARE FACILITY
50,0,2022-06-08,29,M,1,ANATOMIC/CLINICAL PATHOLOGY,TX,EMERGENCY ROOM - HOSPITAL
2707,0,2022-06-28,24,M,1,UNKNOWN,UNKNOWN,URGENT CARE FACILITY
743,0,2022-06-22,45,M,1,UNKNOWN,UNKNOWN,URGENT CARE FACILITY
731,0,2022-06-30,5,M,1,ADOLESCENT MEDICINE (PEDIATRICS),TX,OFFICE
1942,0,2022-06-28,10,M,1,PEDIATRICS,CA,OFFICE
3237,0,2022-06-01,59,M,39,INTERNAL MEDICINE,MD,TELEHEALTH PROVIDED OTHER THAN IN PATIENT'S HOME
404,0,2022-06-24,2,F,6,UNKNOWN,UNKNOWN,INDEPENDENT LABORATORY
2682,0,2022-06-08,36,M,1,DIAGNOSTIC RADIOLOGY,WI,EMERGENCY ROOM - HOSPITAL
2113,0,2022-06-16,44,M,3,UNKNOWN,UNKNOWN,INDEPENDENT LABORATORY
2366,0,2022-06-11,37,M,4,UNKNOWN,UNKNOWN,INDEPENDENT LABORATORY
2252,0,2022-06-15,60,F,13,INTERNAL MEDICINE,NH,OFFICE
1658,0,2022-06-10,47,M,1,FAMILY MEDICINE,GA,URGENT CARE FACILITY
2747,0,2022-06-07,79,F,6,INTERNAL MEDICINE,TX,INPATIENT HOSPITAL
2844,0,2022-06-02,60,M,13,EMERGENCY MEDICINE,IN,EMERGENCY ROOM - HOSPITAL
2209,0,2022-06-30,32,F,3,FAMILY MEDICINE,TX,MOBILE UNIT
3167,0,2022-07-07,80,F,57,INTERNAL MEDICINE,KY,OFFICE
2442,0,2022-06-20,64,F,9,PHYSICIAN ASSISTANT,WA,TELEHEALTH PROVIDED OTHER THAN IN PATIENT'S HOME
923,0,2022-06-24,63,M,48,NEPHROLOGY,GA,INPATIENT HOSPITAL
2404,0,2022-06-22,22,F,1,UNKNOWN,UNKNOWN,URGENT CARE FACILITY
3710,0,2022-07-20,85,F,189,FAMILY MEDICINE,PA,UNASSIGNED
1617,0,2022-06-13,56,M,2,EMERGENCY MEDICINE,OH,EMERGENCY ROOM - HOSPITAL
240,0,2022-06-09,40,F,4,EMERGENCY MEDICINE,PA,EMERGENCY ROOM - HOSPITAL
2022,0,2022-06-13,69,F,26,NURSE PRACTITIONER,TN,TELEHEALTH PROVIDED OTHER THAN IN PATIENT'S HOME
1639,0,2022-06-03,64,F,3,NURSE PRACTITIONER,NC,OFFICE
1551,0,2022-07-12,78,F,37,DERMATOLOGY,FL,OFFICE
4018,0,2022-07-21,85,F,68,DERMATOPATHOLOGY,FL,OFFICE
1120,0,2022-06-19,64,F,29,NURSE PRACTITIONER,IN,URGENT CARE FACILITY
66,0,2022-06-02,64,F,1,UNKNOWN,UNKNOWN,URGENT CARE FACILITY
3161,0,2022-06-22,16,M,1,PEDIATRICS,CA,OFFICE
111,0,2022-06-05,1,M,1,PEDIATRICS,AK,OFFICE
2697,0,2022-07-10,39,F,10,UNKNOWN,UNKNOWN,OTHER PLACE OF SERVICE
2358,0,2022-06-23,63,F,1,UNKNOWN,UNKNOWN,OFFICE
2636,0,2022-06-26,43,M,1,NURSE PRACTITIONER,IN,OFFICE
1769,0,2022-07-01,46,F,26,NURSE PRACTITIONER,TX,OFFICE
2749,0,2022-06-01,24,F,2,PHYSICIAN ASSISTANT,TX,URGENT CARE FACILITY
3098,0,2022-06-27,17,F,5,EMERGENCY MEDICINE,OR,EMERGENCY ROOM - HOSPITAL
3805,0,2022-06-25,20,F,2,UNKNOWN,UNKNOWN,INDEPENDENT LABORATORY
3398,0,2022-07-19,83,F,11,FAMILY MEDICINE,MO,UNASSIGNED
2175,0,2022-06-13,12,F,1,NURSE PRACTITIONER,TN,OFFICE
615,0,2022-06-27,27,F,3,NURSE PRACTITIONER,AR,OFFICE
2585,0,2022-06-17,73,M,42,PHYSICIAN ASSISTANT,NV,URGENT CARE FACILITY
339,0,2022-07-18,85,F,11,GERIATRIC MEDICINE (FAMILY MEDICINE),OH,UNASSIGNED
1268,0,2022-06-29,74,F,29,PHYSICIAN ASSISTANT,TX,URGENT CARE FACILITY
2522,0,2022-06-13,53,F,15,INTERNAL MEDICINE,CA,TELEHEALTH PROVIDED OTHER THAN IN PATIENT'S HOME
261,0,2022-06-01,1,M,5,PEDIATRICS,TX,OFFICE
544,0,2022-06-13,13,F,2,FAMILY MEDICINE,CA,ON CAMPUS-OUTPATIENT HOSPITAL
3457,0,2022-06-17,76,M,81,INTERNAL MEDICINE,FL,OFFICE
177,0,2022-06-07,23,M,1,UNKNOWN,UNKNOWN,INDEPENDENT LABORATORY
1934,0,2022-06-01,43,F,6,NATUROPATHIC DOCTOR,OR,TELEHEALTH PROVIDED OTHER THAN IN PATIENT'S HOME
1134,0,2022-07-19,8,M,1,PEDIATRICS,NY,HOSPITAL OUTPATIENT
1526,0,2022-06-22,67,M,20,INTERNAL MEDICINE,FL,ON CAMPUS-OUTPATIENT HOSPITAL
546,0,2022-06-06,56,F,3,EMERGENCY MEDICINE,PA,EMERGENCY ROOM - HOSPITAL
218,0,2022-06-09,13,F,2,EMERGENCY MEDICINE,CA,HOSPITAL OUTPATIENT
3786,0,2022-07-14,77,F,48,INTERNAL MEDICINE,CA,OFFICE
1573,0,2022-07-13,76,F,42,NURSE PRACTITIONER,NY,OFFICE
2279,0,2022-06-22,13,M,1,NURSE PRACTITIONER,NC,OFFICE
1731,0,2022-07-14,59,M,55,INTERNAL MEDICINE,TX,UNASSIGNED
3636,0,2022-06-06,29,F,1,UNKNOWN,UNKNOWN,URGENT CARE FACILITY
1198,0,2022-07-22,62,M,96,NURSE PRACTITIONER,WA,HOSPITAL OUTPATIENT
278,0,2022-06-20,1,M,1,PEDIATRICS,FL,OFFICE
3576,0,2022-06-28,18,M,4,NURSE PRACTITIONER,MI,CLINIC  - FEDERALLY QUALIFIED HEALTH CENTER (FQHC)
3311,0,2022-06-22,44,F,6,FAMILY MEDICINE,CA,ON CAMPUS-OUTPATIENT HOSPITAL
3661,0,2022-06-04,61,M,9,PHYSICIAN ASSISTANT,CA,EMERGENCY ROOM - HOSPITAL
2299,0,2022-06-29,59,M,1,UNKNOWN,UNKNOWN,URGENT CARE FACILITY
2853,0,2022-06-20,21,F,1,NURSE PRACTITIONER,SC,OFFICE
333,0,2022-06-27,59,M,1,INTERNAL MEDICINE,NJ,OFFICE
2128,0,2022-06-01,12,M,1,FAMILY MEDICINE,TX,OFFICE
2948,0,2022-06-11,48,F,22,FAMILY MEDICINE,IL,ON CAMPUS-OUTPATIENT HOSPITAL
2978,0,2022-06-13,63,M,53,UNKNOWN,UNKNOWN,UNASSIGNED
1711,0,2022-07-05,75,M,23,NURSE PRACTITIONER,KY,OTHER PLACE OF SERVICE
992,0,2022-06-17,10,M,1,PEDIATRICS,GA,OFFICE
2829,0,2022-06-09,69,M,35,UNKNOWN,UNKNOWN,AMBULANCE - LAND
2363,0,2022-06-24,39,F,5,EMERGENCY MEDICINE,NJ,EMERGENCY ROOM - HOSPITAL
3368,0,2022-06-23,21,F,2,NURSE PRACTITIONER,FL,URGENT CARE FACILITY
1618,0,2022-06-21,11,F,1,UNKNOWN,UNKNOWN,INDEPENDENT LABORATORY
3422,0,2022-06-19,31,F,8,FAMILY MEDICINE,NY,OFFICE
1943,0,2022-07-06,85,F,18,CARDIOVASCULAR DISEASE,MI,INPATIENT HOSPITAL
1590,0,2022-07-22,85,M,86,INTERNAL MEDICINE,NY,UNASSIGNED
2811,0,2022-06-20,60,M,6,EMERGENCY MEDICINE,LA,OFFICE
147,0,2022-06-16,0,M,1,PHYSICIAN ASSISTANT,TX,OFFICE
3986,0,2022-06-28,75,M,106,UNKNOWN,UNKNOWN,TELEHEALTH PROVIDED IN PATIENT'S HOME
1974,0,2022-06-15,31,F,5,NURSE PRACTITIONER,CA,TELEHEALTH PROVIDED OTHER THAN IN PATIENT'S HOME
2077,0,2022-06-01,26,F,1,NURSE PRACTITIONER,CA,WALK-IN RETAIL HEALTH CLINIC
1872,0,2022-06-14,64,M,7,FAMILY MEDICINE,PA,TELEHEALTH PROVIDED IN PATIENT'S HOME
1642,0,2022-06-08,77,M,28,EMERGENCY MEDICINE,ME,HOSPITAL OUTPATIENT
3575,0,2022-06-27,80,F,16,INTERNAL MEDICINE,MI,OFFICE
3211,0,2022-06-15,17,M,1,PEDIATRICS,TX,OFFICE
355,0,2022-06-28,75,M,10,EMERGENCY MEDICINE,TN,EMERGENCY ROOM - HOSPITAL
911,0,2022-06-20,85,M,22,GENERAL PRACTICE,FL,OFFICE
2848,0,2022-06-20,34,F,1,EMERGENCY MEDICINE,LA,HOSPITAL OUTPATIENT
3339,0,2022-06-28,47,F,23,GENERAL SURGERY,CA,CLINIC - FREESTANDING
395,0,2022-06-15,5,F,1,PEDIATRICS,NY,OFFICE
1808,0,2022-06-27,46,M,3,UNKNOWN,UNKNOWN,INDEPENDENT LABORATORY
829,0,2022-06-03,6,F,2,NURSE PRACTITIONER,AZ,URGENT CARE FACILITY
3821,0,2022-06-22,36,F,2,FAMILY MEDICINE,MI,TELEHEALTH PROVIDED IN PATIENT'S HOME
2392,0,2022-06-19,26,F,1,EMERGENCY MEDICINE,TN,EMERGENCY ROOM - HOSPITAL
708,0,2022-06-24,36,M,11,NURSE PRACTITIONER,AZ,OFFICE
847,0,2022-06-20,37,F,13,NURSE PRACTITIONER,FL,TELEHEALTH PROVIDED OTHER THAN IN PATIENT'S HOME
1467,0,2022-06-03,30,F,18,UNKNOWN,UNKNOWN,TELEHEALTH PROVIDED OTHER THAN IN PATIENT'S HOME
848,0,2022-06-25,7,F,1,FAMILY MEDICINE,CA,URGENT CARE FACILITY
840,0,2022-06-23,31,M,1,FAMILY MEDICINE,TX,URGENT CARE FACILITY
2547,0,2022-07-01,81,M,104,INTERNAL MEDICINE,CO,INPATIENT HOSPITAL
1608,0,2022-06-30,41,F,34,NURSE PRACTITIONER,LA,TELEHEALTH PROVIDED OTHER THAN IN PATIENT'S HOME
3577,0,2022-06-30,44,F,17,FAMILY MEDICINE,GA,OFFICE
978,0,2022-06-11,8,M,1,UNKNOWN,UNKNOWN,URGENT CARE FACILITY
2792,0,2022-07-08,52,F,27,FAMILY MEDICINE,AL,OFFICE
1701,0,2022-06-12,55,F,4,EMERGENCY MEDICINE,FL,EMERGENCY ROOM - HOSPITAL
397,0,2022-06-07,41,M,1,INTERNAL MEDICINE,DC,TELEHEALTH PROVIDED OTHER THAN IN PATIENT'S HOME
373,0,2022-06-07,28,F,1,PHYSICIAN ASSISTANT,CA,URGENT CARE FACILITY
3939,0,2022-07-14,46,F,85,PHYSICIAN ASSISTANT,WV,CRITICAL ACCESS HOSPITAL
3,0,2022-06-20,49,M,1,EMERGENCY MEDICINE,MS,OFFICE
3173,0,2022-06-20,19,F,1,NURSE PRACTITIONER,DC,OFFICE
2399,0,2022-06-30,48,F,13,FAMILY MEDICINE,CA,OFFICE
2202,0,2022-06-29,30,F,3,EMERGENCY MEDICINE,NJ,EMERGENCY ROOM - HOSPITAL
3024,0,2022-06-14,79,F,90,DIAGNOSTIC RADIOLOGY,OH,EMERGENCY ROOM - HOSPITAL
711,0,2022-06-12,38,M,1,UNKNOWN,UNKNOWN,URGENT CARE FACILITY
2800,0,2022-06-23,29,F,1,PHYSICIAN ASSISTANT,SC,OFFICE
2889,0,2022-06-05,46,F,6,GERIATRIC MEDICINE (INTERNAL MEDICINE),FL,TELEHEALTH PROVIDED OTHER THAN IN PATIENT'S HOME
2453,0,2022-07-08,53,F,5,PULMONARY DISEASE,IN,OFF CAMPUS-OUTPATIENT HOSPITAL
2249,0,2022-06-09,68,M,22,FAMILY MEDICINE,CA,TELEHEALTH PROVIDED OTHER THAN IN PATIENT'S HOME
3276,0,2022-06-15,81,F,27,INTERNAL MEDICINE,VA,OFFICE
4016,0,2022-07-08,75,F,71,UNKNOWN,UNKNOWN,INDEPENDENT LABORATORY
3912,0,2022-06-14,32,F,1,NURSE PRACTITIONER,WA,TELEHEALTH PROVIDED OTHER THAN IN PATIENT'S HOME
1445,0,2022-06-10,47,M,1,OTOLARYNGOLOGY,VA,OFFICE
836,0,2022-06-06,6,F,2,PHYSICIAN ASSISTANT,FL,TELEHEALTH PROVIDED OTHER THAN IN PATIENT'S HOME
527,0,2022-06-17,3,M,1,PEDIATRICS,NY,OFFICE
2740,0,2022-06-06,27,M,1,NURSE PRACTITIONER,TX,TELEHEALTH PROVIDED OTHER THAN IN PATIENT'S HOME
3054,0,2022-06-10,19,F,4,UNKNOWN,UNKNOWN,INDEPENDENT LABORATORY
1490,0,2022-06-29,11,M,2,PHYSICIAN ASSISTANT,OK,URGENT CARE FACILITY
3735,0,2022-07-22,43,F,135,NEPHROLOGY,NC,CLINIC - HOSPITAL BASED OR INDEPENDENT RENAL DIALYSIS CENTER
2784,0,2022-07-01,85,F,12,INTERNAL MEDICINE,IA,UNASSIGNED
2841,0,2022-06-22,59,F,10,INTERNAL MEDICINE,NC,TELEHEALTH PROVIDED IN PATIENT'S HOME
260,0,2022-06-30,1,M,3,PEDIATRICS,MN,HOSPITAL - LABORATORY SERVICES PROVIDED TO NON-PATIENTS
1978,0,2022-06-08,34,F,8,PHYSICIAN ASSISTANT,OR,TELEHEALTH PROVIDED IN PATIENT'S HOME
2067,0,2022-06-17,75,M,16,FAMILY MEDICINE,PA,EMERGENCY ROOM - HOSPITAL
3018,0,2022-07-18,35,M,30,EMERGENCY MEDICINE,FL,HOSPITAL OUTPATIENT
2609,0,2022-06-27,42,M,3,FAMILY MEDICINE,CA,TELEHEALTH PROVIDED OTHER THAN IN PATIENT'S HOME
41,0,2022-06-06,36,M,1,UNKNOWN,UNKNOWN,INDEPENDENT LABORATORY
1621,0,2022-06-20,41,F,2,FAMILY MEDICINE,MO,URGENT CARE FACILITY
1200,0,2022-06-29,40,F,2,FAMILY MEDICINE,NJ,TELEHEALTH PROVIDED OTHER THAN IN PATIENT'S HOME
1867,0,2022-06-13,10,M,2,PEDIATRICS,OH,OFFICE
576,0,2022-06-13,45,F,9,PHYSICIAN ASSISTANT,NV,OFFICE
2065,0,2022-06-14,59,M,5,FAMILY MEDICINE,AR,OFFICE
401,0,2022-07-19,85,F,65,FAMILY MEDICINE,NY,UNASSIGNED
3036,0,2022-06-10,44,M,4,FAMILY MEDICINE,CA,TELEHEALTH PROVIDED OTHER THAN IN PATIENT'S HOME
3455,0,2022-06-22,64,M,29,NURSE PRACTITIONER,FL,WALK-IN RETAIL HEALTH CLINIC
403,0,2022-06-30,64,M,24,EMERGENCY MEDICINE,DE,OFFICE
1101,0,2022-06-29,20,F,1,EMERGENCY MEDICINE,TX,EMERGENCY ROOM - HOSPITAL
353,0,2022-06-24,33,F,8,EMERGENCY MEDICINE,FL,EMERGENCY ROOM - HOSPITAL
2116,0,2022-06-18,58,M,19,FAMILY MEDICINE,AZ,OFFICE
4000,0,2022-07-21,81,F,64,PHYSICAL THERAPY,VA,OFFICE
3665,0,2022-06-07,21,F,1,PHYSICIAN ASSISTANT,OR,TELEHEALTH PROVIDED IN PATIENT'S HOME
92,0,2022-06-23,0,M,1,PEDIATRICS,IL,OFFICE
351,0,2022-06-30,11,M,2,FAMILY MEDICINE,MD,OFFICE
2095,0,2022-06-29,85,F,6,ANATOMIC/CLINICAL PATHOLOGY,TN,ON CAMPUS-OUTPATIENT HOSPITAL
2534,0,2022-06-06,85,F,32,UNKNOWN,UNKNOWN,OFFICE
3825,0,2022-07-20,75,M,185,OPHTHALMOLOGY,NY,OFFICE
4001,0,2022-07-19,63,M,7,PULMONARY DISEASE,TN,OFFICE
1227,0,2022-06-02,38,M,2,INTERNAL MEDICINE,FL,HOSPITAL OUTPATIENT
364,0,2022-06-08,52,F,1,BEHAVIORAL HEALTH & SOCIAL SERVICES,SC,TELEHEALTH PROVIDED OTHER THAN IN PATIENT'S HOME
1147,0,2022-06-07,52,F,3,FAMILY MEDICINE,CO,TELEHEALTH PROVIDED OTHER THAN IN PATIENT'S HOME
1656,0,2022-06-10,63,M,27,INTERNAL MEDICINE,AR,HOSPITAL INPATIENT (INCLUDING MEDICARE PART A)
1146,0,2022-06-24,44,F,1,EMERGENCY MEDICINE,MI,EMERGENCY ROOM - HOSPITAL
659,0,2022-06-03,61,F,4,FAMILY MEDICINE,NY,TELEHEALTH PROVIDED OTHER THAN IN PATIENT'S HOME
713,0,2022-06-26,73,M,2,HOSPICE & PALLIATIVE MEDICINE,FL,UNASSIGNED
893,0,2022-07-01,77,F,33,INTERNAL MEDICINE,MI,UNASSIGNED
2884,0,2022-07-01,76,F,36,INTERNAL MEDICINE,NE,HOSPITAL OUTPATIENT
2189,0,2022-06-16,13,M,4,NURSE PRACTITIONER,TX,OFFICE
3391,0,2022-06-24,73,M,4,FAMILY MEDICINE,AL,OFFICE
856,0,2022-07-21,67,F,35,NURSE PRACTITIONER,TN,OFFICE
973,0,2022-06-28,18,M,1,INTERNAL MEDICINE,CA,OFFICE
1435,0,2022-06-12,29,F,7,VASCULAR & INTERVENTIONAL RADIOLOGY,NV,EMERGENCY ROOM - HOSPITAL
3333,0,2022-06-01,72,F,25,GERIATRIC MEDICINE (INTERNAL MEDICINE),FL,UNASSIGNED
2183,0,2022-06-01,16,M,2,EMERGENCY MEDICINE,KS,EMERGENCY ROOM - HOSPITAL
3244,0,2022-06-03,38,M,1,UNKNOWN,UNKNOWN,TELEHEALTH PROVIDED IN PATIENT'S HOME
1389,0,2022-06-04,26,M,11,EMERGENCY MEDICINE,MT,HOSPITAL OUTPATIENT
1011,0,2022-06-20,53,F,15,UNKNOWN,UNKNOWN,INDEPENDENT LABORATORY
3307,0,2022-06-01,18,F,1,ANATOMIC/CLINICAL PATHOLOGY,RI,ON CAMPUS-OUTPATIENT HOSPITAL
1407,0,2022-06-14,66,F,54,UNKNOWN,UNKNOWN,INDEPENDENT LABORATORY
247,0,2022-06-13,72,M,7,NURSE PRACTITIONER,MI,URGENT CARE FACILITY
3811,0,2022-06-23,31,F,3,FAMILY MEDICINE,MD,OFFICE
1191,0,2022-06-03,46,M,1,FAMILY MEDICINE,CA,OTHER PLACE OF SERVICE
2375,0,2022-06-30,70,F,3,INTERNAL MEDICINE,MI,TELEHEALTH PROVIDED IN PATIENT'S HOME
2088,0,2022-06-27,13,M,2,PEDIATRICS,TX,OFFICE
3093,0,2022-06-07,15,F,1,PEDIATRICS,NY,OFFICE
1672,0,2022-06-22,42,F,5,NURSE PRACTITIONER,MS,OFFICE
536,0,2022-06-17,39,F,1,FAMILY MEDICINE,NJ,URGENT CARE FACILITY
132,0,2022-07-18,0,F,1,PEDIATRICS,CA,OFFICE
17,0,2022-06-07,17,M,1,DERMATOPATHOLOGY,FL,EMERGENCY ROOM - HOSPITAL
799,0,2022-06-02,83,M,19,UNKNOWN,UNKNOWN,AMBULANCE - LAND
2281,0,2022-06-29,65,F,14,FAMILY MEDICINE,CA,OFFICE
3397,0,2022-07-01,85,F,11,RHEUMATOLOGY,FL,UNASSIGNED
609,0,2022-07-13,39,F,4,OBSTETRICS & GYNECOLOGY,MD,OFFICE
2432,0,2022-06-04,27,F,8,EMERGENCY MEDICINE,PA,EMERGENCY ROOM - HOSPITAL
3530,0,2022-06-09,52,F,3,INTERNAL MEDICINE,RI,URGENT CARE FACILITY
957,0,2022-06-02,42,F,2,NURSE PRACTITIONER,MA,WALK-IN RETAIL HEALTH CLINIC
2054,0,2022-07-13,72,F,41,NURSE PRACTITIONER,TN,OFFICE
1224,0,2022-06-18,17,F,2,ANATOMIC PATHOLOGY,NY,INDEPENDENT LABORATORY
2149,0,2022-06-29,46,M,8,UNKNOWN,UNKNOWN,OFFICE
349,0,2022-07-03,2,M,1,PEDIATRICS,CA,TELEHEALTH PROVIDED OTHER THAN IN PATIENT'S HOME
2552,0,2022-07-18,85,F,90,INTERNAL MEDICINE,GA,UNASSIGNED
3100,0,2022-06-13,40,F,1,UNKNOWN,UNKNOWN,URGENT CARE FACILITY
1640,0,2022-06-17,9,M,1,PEDIATRICS,NJ,OFFICE
3517,0,2022-07-14,64,F,6,UNKNOWN,UNKNOWN,INDEPENDENT LABORATORY
1695,0,2022-06-15,36,M,1,EMERGENCY MEDICINE,VA,OFFICE
2775,0,2022-06-27,29,F,8,UNKNOWN,UNKNOWN,URGENT CARE FACILITY
1286,0,2022-06-06,37,F,2,PHYSICIAN ASSISTANT,CA,TELEHEALTH PROVIDED OTHER THAN IN PATIENT'S HOME
210,0,2022-06-27,1,F,1,PEDIATRICS,GA,OFFICE
2875,0,2022-06-29,45,F,33,PHYSICIAN ASSISTANT,OH,TELEHEALTH PROVIDED IN PATIENT'S HOME
3436,0,2022-06-22,21,F,1,EMERGENCY MEDICINE,MI,EMERGENCY ROOM - HOSPITAL
122,0,2022-06-09,0,F,1,NURSE PRACTITIONER,MD,OFFICE
3545,0,2022-06-10,71,F,24,INTERNAL MEDICINE,FL,OFFICE
3789,0,2022-06-08,66,F,4,FAMILY MEDICINE,GA,TELEHEALTH PROVIDED OTHER THAN IN PATIENT'S HOME
1301,0,2022-06-24,27,M,2,EMERGENCY MEDICINE,NY,EMERGENCY ROOM - HOSPITAL
991,0,2022-06-27,54,F,1,FAMILY MEDICINE,OR,HOSPITAL OUTPATIENT
3858,0,2022-07-07,85,F,30,NURSE PRACTITIONER,TN,OTHER PLACE OF SERVICE
3132,0,2022-06-02,56,M,28,INTERNAL MEDICINE,NY,OFFICE
2045,0,2022-06-16,11,M,1,PEDIATRICS,TX,EMERGENCY ROOM - HOSPITAL
3880,0,2022-06-13,59,F,18,FAMILY MEDICINE,CA,URGENT CARE FACILITY
3672,0,2022-06-22,73,F,41,PHYSICIAN ASSISTANT,CT,TELEHEALTH PROVIDED IN PATIENT'S HOME
1395,0,2022-06-08,72,F,4,DIAGNOSTIC RADIOLOGY,PA,OFF CAMPUS-OUTPATIENT HOSPITAL
1811,0,2022-06-10,12,F,2,UNKNOWN,UNKNOWN,INDEPENDENT LABORATORY
2523,0,2022-06-23,37,F,5,UNKNOWN,UNKNOWN,URGENT CARE FACILITY
2557,0,2022-06-03,19,M,6,PEDIATRICS,VA,OFFICE
3845,0,2022-06-28,57,F,33,UNKNOWN,UNKNOWN,URGENT CARE FACILITY
1176,0,2022-06-28,49,F,62,UNKNOWN,UNKNOWN,OTHER PLACE OF SERVICE
2083,0,2022-06-20,29,F,1,FAMILY MEDICINE,MS,OFFICE
91,0,2022-07-09,1,F,1,PEDIATRICS,OH,OFFICE
2117,0,2022-06-12,55,M,3,UNKNOWN,UNKNOWN,OFFICE
767,0,2022-06-16,5,M,3,PEDIATRICS,NY,TELEHEALTH PROVIDED OTHER THAN IN PATIENT'S HOME
3383,0,2022-06-28,65,F,10,NURSE PRACTITIONER,GA,URGENT CARE FACILITY
2008,0,2022-06-22,74,M,24,NURSE PRACTITIONER,SC,OFFICE
864,0,2022-06-01,69,M,122,INTERNAL MEDICINE,PA,UNASSIGNED
1647,0,2022-06-13,27,F,4,NURSE PRACTITIONER,TN,EMERGENCY ROOM - HOSPITAL
3849,0,2022-06-16,30,F,4,EMERGENCY MEDICINE,OH,EMERGENCY ROOM - HOSPITAL
3441,0,2022-07-19,67,F,65,PHYSICAL THERAPY,TX,OFFICE
100,0,2022-06-08,0,M,1,PEDIATRICS,LA,OFFICE
1726,0,2022-06-30,74,M,90,UNKNOWN,UNKNOWN,URGENT CARE FACILITY
487,0,2022-06-16,64,F,2,EMERGENCY MEDICINE,OK,EMERGENCY ROOM - HOSPITAL
2615,0,2022-06-02,54,M,21,UNKNOWN,UNKNOWN,INDEPENDENT LABORATORY
3893,0,2022-06-20,21,F,2,FAMILY MEDICINE,CA,TELEHEALTH PROVIDED OTHER THAN IN PATIENT'S HOME
2742,0,2022-06-14,71,F,5,UNKNOWN,UNKNOWN,OFFICE
12,0,2022-06-22,2,M,1,PEDIATRIC EMERGENCY MEDICINE (PEDIATRICS),AL,EMERGENCY ROOM - HOSPITAL
2120,0,2022-06-07,43,M,1,FAMILY MEDICINE,CA,OFFICE
3544,0,2022-06-04,41,F,5,FAMILY MEDICINE,CA,OFFICE
3565,0,2022-07-07,66,F,60,UNKNOWN,UNKNOWN,INDEPENDENT LABORATORY
453,0,2022-07-21,24,F,5,UNKNOWN,UNKNOWN,INDEPENDENT LABORATORY
3926,0,2022-07-18,55,F,42,PHYSICIAN ASSISTANT,KY,OFFICE
3859,0,2022-07-08,67,F,29,NURSE PRACTITIONER,IN,UNASSIGNED
3157,0,2022-07-12,30,F,47,PSYCHIATRY,TX,TELEHEALTH PROVIDED OTHER THAN IN PATIENT'S HOME
1491,0,2022-06-09,36,F,4,EMERGENCY MEDICINE,TN,HOSPITAL OUTPATIENT
1166,0,2022-07-11,57,F,17,PULMONARY CRITICAL CARE MEDICINE,CA,ON CAMPUS-OUTPATIENT HOSPITAL
3716,0,2022-06-27,73,F,23,PHYSICIAN ASSISTANT,KY,CLINIC - RURAL HEALTH
892,0,2022-06-30,55,F,5,NURSE PRACTITIONER,KY,TELEHEALTH PROVIDED OTHER THAN IN PATIENT'S HOME
886,0,2022-07-18,74,M,28,FAMILY MEDICINE,VA,OFFICE
1875,0,2022-07-22,72,M,116,EMERGENCY MEDICINE,NC,EMERGENCY ROOM - HOSPITAL
1641,0,2022-07-12,34,F,2,FAMILY MEDICINE,LA,OFFICE
1137,0,2022-06-04,55,F,18,PHYSICIAN ASSISTANT,TX,URGENT CARE FACILITY
235,0,2022-06-05,35,M,1,FAMILY MEDICINE,VA,OFFICE
3807,0,2022-06-27,82,M,22,INTERNAL MEDICINE,NY,OFFICE
3090,0,2022-06-20,32,F,6,OBSTETRICS & GYNECOLOGY,CA,HOSPITAL INPATIENT (INCLUDING MEDICARE PART A)
1925,0,2022-06-20,36,F,1,UNKNOWN,UNKNOWN,TELEHEALTH PROVIDED OTHER THAN IN PATIENT'S HOME
1002,0,2022-06-21,12,M,1,UNKNOWN,UNKNOWN,INDEPENDENT LABORATORY
761,0,2022-06-27,7,M,1,PEDIATRICS,VA,OFFICE
600,0,2022-06-14,30,M,6,INTERNAL MEDICINE,FL,TELEHEALTH PROVIDED OTHER THAN IN PATIENT'S HOME
2882,0,2022-07-01,74,F,12,PULMONARY DISEASE,CA,HOSPITAL OUTPATIENT
724,0,2022-06-02,34,F,1,PEDIATRICS,VA,URGENT CARE FACILITY
1710,0,2022-07-22,85,M,38,INTERNAL MEDICINE,TX,UNASSIGNED
1142,0,2022-06-30,74,F,13,PULMONARY DISEASE,VA,INPATIENT HOSPITAL
652,0,2022-06-10,4,F,1,NURSE PRACTITIONER,OH,HOSPITAL OUTPATIENT
1368,0,2022-06-09,85,M,1,EMERGENCY MEDICINE,OH,EMERGENCY ROOM - HOSPITAL
1065,0,2022-06-09,8,F,1,PEDIATRICS,CA,ON CAMPUS-OUTPATIENT HOSPITAL
3514,0,2022-06-30,51,F,4,EMERGENCY MEDICINE,TX,EMERGENCY ROOM - HOSPITAL
1985,0,2022-06-29,69,M,1,NURSE PRACTITIONER,NY,URGENT CARE FACILITY
857,0,2022-06-30,6,F,1,PEDIATRICS,MN,OFFICE
2744,0,2022-06-21,85,M,19,UNKNOWN,UNKNOWN,INDEPENDENT LABORATORY
1835,0,2022-06-18,40,F,20,UNKNOWN,UNKNOWN,OFFICE
2056,0,2022-06-23,36,F,5,FAMILY MEDICINE,NJ,OFFICE
1247,0,2022-06-02,35,M,14,FAMILY MEDICINE,CA,OFFICE
3552,0,2022-06-09,33,M,14,FAMILY MEDICINE,CA,TELEHEALTH PROVIDED OTHER THAN IN PATIENT'S HOME
3096,0,2022-06-14,63,M,9,SPORTS MEDICINE (FAMILY MEDICINE),FL,OFFICE
845,0,2022-06-17,33,M,1,UNKNOWN,UNKNOWN,URGENT CARE FACILITY
3085,0,2022-06-27,39,M,1,NURSE PRACTITIONER,IL,URGENT CARE FACILITY
2230,0,2022-07-13,69,M,87,CARDIOVASCULAR DISEASE,IL,INPATIENT HOSPITAL
3987,0,2022-06-05,36,M,2,PHYSICIAN ASSISTANT,CA,URGENT CARE FACILITY
1275,0,2022-06-04,9,F,3,EMERGENCY MEDICINE,MN,URGENT CARE FACILITY
2347,0,2022-06-06,76,F,26,INTERNAL MEDICINE,CA,OFFICE
2957,0,2022-06-30,76,F,50,EMERGENCY MEDICINE,TX,URGENT CARE FACILITY
370,0,2022-06-28,32,F,2,NURSE PRACTITIONER,CA,TELEHEALTH PROVIDED OTHER THAN IN PATIENT'S HOME
3589,0,2022-06-06,77,F,24,INTERNAL MEDICINE,VA,OFFICE
1362,0,2022-06-13,46,F,5,FAMILY MEDICINE,MO,CLINIC - RURAL HEALTH
2664,0,2022-07-14,85,F,7,DERMATOLOGY,UT,OFFICE
720,0,2022-06-29,26,F,2,EMERGENCY MEDICINE,WA,HOSPITAL OUTPATIENT
2152,0,2022-06-22,46,F,24,"ENDOCRINOLOGY, DIABETES & METABOLISM",NY,OFFICE
584,0,2022-06-27,43,F,1,NURSE PRACTITIONER,KS,OFFICE
786,0,2022-07-21,57,F,89,PSYCHIATRY,FL,OFFICE
1912,0,2022-07-21,81,F,30,FAMILY MEDICINE,VA,OFFICE
1192,0,2022-06-20,42,F,2,UNKNOWN,UNKNOWN,INDEPENDENT LABORATORY
2970,0,2022-06-09,22,M,3,UNKNOWN,UNKNOWN,OFFICE
1202,0,2022-06-02,14,F,1,PHYSICIAN ASSISTANT,VA,URGENT CARE FACILITY
1185,0,2022-06-14,23,M,4,UNKNOWN,UNKNOWN,INDEPENDENT LABORATORY
1454,0,2022-06-14,33,M,1,UNKNOWN,UNKNOWN,TELEHEALTH PROVIDED IN PATIENT'S HOME
1861,0,2022-06-10,30,M,1,FAMILY MEDICINE,PA,OFFICE
807,0,2022-06-17,52,F,1,PHYSICIAN ASSISTANT,NY,TELEHEALTH PROVIDED IN PATIENT'S HOME
2075,0,2022-06-30,54,F,27,NURSE PRACTITIONER,MD,OFFICE
68,0,2022-06-02,23,F,1,FAMILY MEDICINE,SC,URGENT CARE FACILITY
1035,0,2022-07-05,74,M,70,FAMILY MEDICINE,FL,HOSPITAL - LABORATORY SERVICES PROVIDED TO NON-PATIENTS
3442,0,2022-07-18,80,F,18,CARDIOVASCULAR DISEASE,TN,OFFICE
775,0,2022-06-07,29,F,5,EMERGENCY MEDICINE,CA,EMERGENCY ROOM - HOSPITAL
1818,0,2022-06-23,72,M,35,NURSE PRACTITIONER,NY,OFFICE
1140,0,2022-06-30,29,F,2,PHYSICIAN ASSISTANT,NY,OFFICE
916,0,2022-06-25,79,M,89,EMERGENCY MEDICINE,NC,EMERGENCY ROOM - HOSPITAL
1175,0,2022-06-18,39,M,1,UNKNOWN,UNKNOWN,INDEPENDENT LABORATORY
3832,0,2022-06-27,65,F,1,INTERNAL MEDICINE,MA,TELEHEALTH PROVIDED OTHER THAN IN PATIENT'S HOME
1196,0,2022-06-19,31,M,1,NURSE PRACTITIONER,SC,OFFICE
3751,0,2022-06-02,60,M,38,INTERNAL MEDICINE,PA,OFFICE
1919,0,2022-06-30,19,F,28,GENERAL SURGERY,NY,EMERGENCY ROOM - HOSPITAL
1452,0,2022-07-01,58,M,3,UNKNOWN,UNKNOWN,INDEPENDENT LABORATORY
3162,0,2022-06-08,54,F,6,ANATOMIC/CLINICAL PATHOLOGY,NJ,HOSPITAL OUTPATIENT
1571,0,2022-06-07,67,M,1,PHYSICIAN ASSISTANT,CA,URGENT CARE FACILITY
1339,0,2022-07-11,61,M,111,CARDIOVASCULAR DISEASE,NY,OFFICE
3622,0,2022-06-20,73,F,56,INTERNAL MEDICINE,CA,OFFICE
902,0,2022-06-18,52,M,93,EMERGENCY MEDICINE,WA,EMERGENCY ROOM - HOSPITAL
3635,0,2022-07-01,85,M,123,INTERNAL MEDICINE,MA,UNASSIGNED
1111,0,2022-06-22,33,F,2,UNKNOWN,UNKNOWN,URGENT CARE FACILITY
79,0,2022-06-23,1,M,3,NURSE PRACTITIONER,IN,FEDERALLY QUALIFIED HEALTH CENTER
674,0,2022-06-21,30,F,1,PHYSICIAN ASSISTANT,NC,URGENT CARE FACILITY
438,0,2022-06-08,39,M,1,FAMILY MEDICINE,CA,OFFICE
2312,0,2022-07-01,85,F,58,UNKNOWN,UNKNOWN,OFFICE
2397,0,2022-06-04,51,F,27,UNKNOWN,UNKNOWN,INDEPENDENT LABORATORY
2338,0,2022-06-14,85,F,82,NURSE PRACTITIONER,MD,OTHER PLACE OF SERVICE
380,0,2022-06-10,2,M,1,PHYSICIAN ASSISTANT,NC,OFFICE
482,0,2022-06-02,6,M,2,ANATOMIC/CLINICAL PATHOLOGY,CA,EMERGENCY ROOM - HOSPITAL
1276,0,2022-06-30,77,M,27,INTERVENTIONAL CARDIOLOGY,CA,OFFICE
3434,0,2022-07-19,47,M,55,PSYCHIATRY,FL,TELEHEALTH PROVIDED OTHER THAN IN PATIENT'S HOME
1373,0,2022-06-06,24,F,1,EMERGENCY MEDICINE,NY,URGENT CARE FACILITY
3600,0,2022-07-15,77,F,35,UNKNOWN,UNKNOWN,OTHER PLACE OF SERVICE
2487,0,2022-06-27,15,M,1,PEDIATRICS,MI,OFFICE
2542,0,2022-06-23,30,F,1,UNKNOWN,UNKNOWN,URGENT CARE FACILITY
1331,0,2022-06-27,71,M,11,INTERNAL MEDICINE,NY,OFFICE
3075,0,2022-06-30,43,M,1,FAMILY MEDICINE,FL,OFFICE
419,0,2022-06-23,30,M,2,EMERGENCY MEDICINE,MS,HOSPITAL OUTPATIENT
2814,0,2022-07-07,30,M,3,FAMILY MEDICINE,MN,OFFICE
2261,0,2022-07-21,70,M,11,INTERNAL MEDICINE,AZ,OFFICE
86,0,2022-07-19,85,F,10,UNKNOWN,UNKNOWN,INDEPENDENT LABORATORY
843,0,2022-06-06,52,F,9,INTERNAL MEDICINE,NY,OFFICE
2980,0,2022-06-01,49,F,12,FAMILY MEDICINE,CO,TELEHEALTH PROVIDED OTHER THAN IN PATIENT'S HOME
1216,0,2022-06-23,24,F,3,UNKNOWN,UNKNOWN,URGENT CARE FACILITY
870,0,2022-06-27,68,M,115,PSYCHIATRY,NH,COMMUNITY MENTAL HEALTH CENTER
656,0,2022-06-28,4,F,1,FAMILY MEDICINE,FL,OFFICE
3315,0,2022-06-21,60,F,1,INFECTIOUS DISEASE,NY,HOSPITAL OUTPATIENT
2173,0,2022-06-29,60,F,6,INTERNAL MEDICINE,NY,OFFICE
956,0,2022-06-21,37,F,1,UNKNOWN,UNKNOWN,URGENT CARE FACILITY
769,0,2022-06-05,12,F,9,UNKNOWN,UNKNOWN,URGENT CARE FACILITY
3521,0,2022-06-07,31,F,4,INTERNAL MEDICINE,VA,TELEHEALTH PROVIDED OTHER THAN IN PATIENT'S HOME
3008,0,2022-06-30,56,F,20,INTERNAL MEDICINE,CT,HOSPITAL OUTPATIENT
3438,0,2022-06-15,77,F,13,INTERNAL MEDICINE,AL,OFFICE
2624,0,2022-07-07,77,M,32,HEMATOLOGY/ONCOLOGY,CA,OFFICE
181,0,2022-06-25,1,M,1,EMERGENCY MEDICINE,CA,EMERGENCY ROOM - HOSPITAL
3816,0,2022-07-14,66,F,18,FAMILY MEDICINE,VA,OFFICE
3758,0,2022-06-20,74,M,26,OPHTHALMOLOGY,RI,OFFICE
2463,0,2022-07-18,68,F,58,NURSE PRACTITIONER,TX,OFFICE
89,0,2022-06-09,6,M,1,ANATOMIC/CLINICAL PATHOLOGY,FL,EMERGENCY ROOM - HOSPITAL
2269,0,2022-06-01,63,M,5,UNKNOWN,UNKNOWN,URGENT CARE FACILITY
669,0,2022-06-25,35,F,3,GENERAL PRACTICE,FL,OFFICE
1250,0,2022-07-01,78,M,3,INTERNAL MEDICINE,NV,UNASSIGNED
62,0,2022-06-13,52,F,1,UNKNOWN,UNKNOWN,URGENT CARE FACILITY
3168,0,2022-06-23,16,F,1,EMERGENCY MEDICINE,TX,EMERGENCY ROOM - HOSPITAL
1684,0,2022-07-06,41,M,62,UNKNOWN,UNKNOWN,INDEPENDENT LABORATORY
2662,0,2022-06-09,62,M,4,UNKNOWN,UNKNOWN,INDEPENDENT LABORATORY
568,0,2022-06-22,4,M,1,PEDIATRICS,MI,OFFICE
1576,0,2022-07-20,22,F,2,GASTROENTEROLOGY,MA,OFFICE
1735,0,2022-06-23,46,F,4,FAMILY MEDICINE,MI,TELEHEALTH PROVIDED IN PATIENT'S HOME
1909,0,2022-06-26,10,F,1,FAMILY MEDICINE,NY,URGENT CARE FACILITY
586,0,2022-06-22,30,M,1,CARDIOVASCULAR DISEASE,NC,URGENT CARE FACILITY
173,0,2022-06-28,1,M,2,PEDIATRICS,GA,EMERGENCY ROOM - HOSPITAL
2055,0,2022-06-26,20,F,1,EMERGENCY MEDICINE,OR,HOSPITAL OUTPATIENT
3095,0,2022-06-16,51,F,12,HEMATOLOGY/ONCOLOGY,VA,UNASSIGNED
3531,0,2022-06-10,85,M,37,DIAGNOSTIC RADIOLOGY,OK,INPATIENT HOSPITAL
2830,0,2022-07-18,70,F,101,"ENDOCRINOLOGY, DIABETES & METABOLISM",MO,OFFICE
3872,0,2022-07-20,76,M,131,UROLOGY,MI,ON CAMPUS-OUTPATIENT HOSPITAL
399,0,2022-07-01,50,M,12,GENERAL PRACTICE,FL,TELEHEALTH PROVIDED OTHER THAN IN PATIENT'S HOME
2783,0,2022-06-23,59,F,1,UNKNOWN,UNKNOWN,INDEPENDENT LABORATORY
665,0,2022-06-07,47,M,3,PHYSICIAN ASSISTANT,NC,OFFICE
638,0,2022-07-14,74,F,62,UNKNOWN,UNKNOWN,INDEPENDENT LABORATORY
300,0,2022-06-04,1,M,1,NURSE PRACTITIONER,OH,OFFICE
687,0,2022-06-22,64,F,1,UNKNOWN,UNKNOWN,URGENT CARE FACILITY
2764,0,2022-07-08,71,M,92,UROLOGY,IL,OFFICE
3196,0,2022-06-01,26,F,3,FAMILY MEDICINE,CA,OFFICE
798,0,2022-06-02,33,F,2,INTERNAL MEDICINE,VA,TELEHEALTH PROVIDED OTHER THAN IN PATIENT'S HOME
3706,0,2022-06-30,75,M,6,INTERNAL MEDICINE,NJ,OFFICE
2675,0,2022-06-07,43,F,1,FAMILY MEDICINE,TX,OFFICE
3350,0,2022-06-02,24,M,19,DIAGNOSTIC RADIOLOGY,WI,INPATIENT HOSPITAL
842,0,2022-07-22,34,M,19,NURSE PRACTITIONER,KY,TELEHEALTH PROVIDED OTHER THAN IN PATIENT'S HOME
78,0,2022-06-05,1,M,5,FAMILY MEDICINE,CA,INPATIENT HOSPITAL
1968,0,2022-07-11,14,F,45,NURSE PRACTITIONER,TX,OFFICE
180,0,2022-06-08,34,F,1,SPORTS MEDICINE (FAMILY MEDICINE),CA,OFFICE
451,0,2022-06-10,3,M,1,EMERGENCY MEDICINE,FL,EMERGENCY ROOM - HOSPITAL
1084,0,2022-06-13,34,F,1,PHYSICIAN ASSISTANT,VA,OFFICE
594,0,2022-06-20,74,M,17,REGISTERED DIETICIAN,NC,OFFICE
3286,0,2022-06-22,73,F,2,UNKNOWN,UNKNOWN,INDEPENDENT LABORATORY
444,0,2022-06-05,7,M,1,EMERGENCY MEDICINE,NY,EMERGENCY ROOM - HOSPITAL
3444,0,2022-07-15,52,F,19,FAMILY MEDICINE,FL,OFFICE
2073,0,2022-06-23,71,F,45,NURSE PRACTITIONER,FL,OFFICE
2622,0,2022-06-18,39,M,1,UNKNOWN,UNKNOWN,URGENT CARE FACILITY
148,0,2022-06-27,0,F,2,PEDIATRICS,NC,OFFICE
1040,0,2022-06-30,59,F,13,INTERNAL MEDICINE,TX,TELEHEALTH PROVIDED OTHER THAN IN PATIENT'S HOME
596,0,2022-06-09,35,M,5,PHYSICIAN ASSISTANT,CO,TELEHEALTH PROVIDED OTHER THAN IN PATIENT'S HOME
1292,0,2022-06-10,28,F,6,INFECTIOUS DISEASE,NY,TELEHEALTH PROVIDED OTHER THAN IN PATIENT'S HOME
3962,0,2022-07-20,72,F,28,NURSE PRACTITIONER,OH,HOSPITAL OUTPATIENT
592,0,2022-06-25,10,F,1,PHYSICIAN ASSISTANT,MT,WALK-IN RETAIL HEALTH CLINIC
1161,0,2022-06-16,40,M,1,FAMILY MEDICINE,MA,OFFICE
2733,0,2022-06-29,61,F,14,INTERNAL MEDICINE,CA,TELEHEALTH PROVIDED OTHER THAN IN PATIENT'S HOME
165,0,2022-06-17,1,M,1,FAMILY MEDICINE,CA,CLINIC - RURAL HEALTH
1341,0,2022-06-29,27,F,1,NURSE PRACTITIONER,TX,URGENT CARE FACILITY
523,0,2022-06-15,3,M,1,NURSE PRACTITIONER,TX,URGENT CARE FACILITY
2284,0,2022-06-07,34,F,4,FAMILY MEDICINE,TX,TELEHEALTH PROVIDED IN PATIENT'S HOME
1067,0,2022-06-07,36,F,1,NURSE PRACTITIONER,IL,OFFICE
722,0,2022-06-14,36,F,1,UNKNOWN,UNKNOWN,INDEPENDENT LABORATORY
2310,0,2022-06-23,79,F,33,PHYSICIAN ASSISTANT,MI,OTHER PLACE OF SERVICE
1218,0,2022-06-07,69,F,2,FAMILY MEDICINE,MI,TELEHEALTH PROVIDED IN PATIENT'S HOME
2915,0,2022-06-15,85,F,36,MEDICAL ONCOLOGY,TX,INPATIENT HOSPITAL
3451,0,2022-06-22,27,F,2,PHYSICIAN ASSISTANT,IL,URGENT CARE FACILITY
1588,0,2022-07-14,79,F,8,NURSE PRACTITIONER,MS,CLINIC - RURAL HEALTH
293,0,2022-06-05,80,M,1,EMERGENCY MEDICINE,CA,EMERGENCY ROOM - HOSPITAL
557,0,2022-06-06,16,M,1,EMERGENCY MEDICINE,CA,HOSPITAL - LABORATORY SERVICES PROVIDED TO NON-PATIENTS
1967,0,2022-07-14,85,M,155,CARDIOVASCULAR DISEASE,IA,OFFICE
70,0,2022-06-01,22,F,1,FAMILY MEDICINE,FL,HOSPITAL OUTPATIENT
900,0,2022-06-21,61,M,1,PHYSICIAN ASSISTANT,CA,URGENT CARE FACILITY
3176,0,2022-06-24,65,F,6,UNKNOWN,UNKNOWN,URGENT CARE FACILITY
607,0,2022-06-13,4,F,1,PEDIATRICS,TX,OFFICE
830,0,2022-06-16,21,F,5,PHYSICIAN ASSISTANT,WA,OFFICE
121,0,2022-06-08,0,F,3,UNKNOWN,UNKNOWN,OTHER PLACE OF SERVICE
3128,0,2022-07-11,83,F,154,INTERNAL MEDICINE,TX,OFFICE
2953,0,2022-06-14,52,F,3,INTERNAL MEDICINE,CA,TELEHEALTH PROVIDED OTHER THAN IN PATIENT'S HOME
2142,0,2022-06-21,41,M,1,FAMILY MEDICINE,CA,TELEHEALTH PROVIDED OTHER THAN IN PATIENT'S HOME
347,0,2022-06-23,2,F,1,PEDIATRICS,NY,OFFICE
3580,0,2022-07-21,53,F,8,CARDIOVASCULAR DISEASE,MD,INPATIENT HOSPITAL
1589,0,2022-07-21,85,F,50,NURSE PRACTITIONER,IL,TELEHEALTH PROVIDED OTHER THAN IN PATIENT'S HOME
1951,0,2022-07-13,21,F,20,PSYCHOLOGY,IL,OFFICE
1789,0,2022-06-23,29,F,1,UNKNOWN,UNKNOWN,INDEPENDENT LABORATORY
271,0,2022-06-24,1,M,1,PEDIATRICS,IL,OFFICE
2380,0,2022-06-11,38,F,1,PHYSICIAN ASSISTANT,CO,URGENT CARE FACILITY
2292,0,2022-06-28,39,M,3,NURSE PRACTITIONER,OK,OFFICE
3704,0,2022-07-21,31,F,91,BEHAVIORAL HEALTH & SOCIAL SERVICES,MI,TELEHEALTH PROVIDED OTHER THAN IN PATIENT'S HOME
1601,0,2022-06-04,70,M,30,INTERNAL MEDICINE,NY,TELEHEALTH PROVIDED OTHER THAN IN PATIENT'S HOME
3686,0,2022-06-30,60,M,9,UNKNOWN,UNKNOWN,URGENT CARE FACILITY
467,0,2022-06-07,32,F,2,OBSTETRICS & GYNECOLOGY,TX,HOSPITAL OUTPATIENT
1765,0,2022-06-29,70,F,4,NURSE PRACTITIONER,SC,OFFICE
3605,0,2022-06-30,72,M,19,FAMILY MEDICINE,CA,TELEHEALTH PROVIDED IN PATIENT'S HOME
1969,0,2022-06-16,33,M,12,EMERGENCY MEDICINE,LA,HOSPITAL OUTPATIENT
4011,0,2022-06-21,69,M,4,UNKNOWN,UNKNOWN,INDEPENDENT LABORATORY
1482,0,2022-06-01,85,F,118,ADVANCED REGISTERED NURSE,CT,UNASSIGNED
569,0,2022-06-06,31,F,7,UNKNOWN,UNKNOWN,TELEHEALTH PROVIDED OTHER THAN IN PATIENT'S HOME
1207,0,2022-06-07,66,M,14,EMERGENCY MEDICINE,FL,EMERGENCY ROOM - HOSPITAL
3843,0,2022-06-14,57,M,8,UNKNOWN,UNKNOWN,URGENT CARE FACILITY
1991,0,2022-06-27,26,F,11,ANATOMIC/CLINICAL PATHOLOGY,TX,ON CAMPUS-OUTPATIENT HOSPITAL
689,0,2022-06-23,5,M,2,PEDIATRICS,NY,CLINIC - FREESTANDING
3651,0,2022-06-30,47,F,32,INTERNAL MEDICINE,PA,OFFICE
2339,0,2022-06-21,38,M,1,UNKNOWN,UNKNOWN,TELEHEALTH PROVIDED IN PATIENT'S HOME
3803,0,2022-06-15,80,M,4,UNKNOWN,UNKNOWN,URGENT CARE FACILITY
2398,0,2022-06-13,36,M,1,GENERAL PRACTICE,AZ,HOSPITAL OUTPATIENT
360,0,2022-06-15,44,M,1,EMERGENCY MEDICINE,KY,EMERGENCY ROOM - HOSPITAL
1228,0,2022-06-20,52,F,2,FAMILY MEDICINE,GA,OFFICE
844,0,2022-06-27,6,M,1,NURSE PRACTITIONER,KY,OFFICE
2384,0,2022-06-09,31,F,1,INTERNAL MEDICINE,CA,TELEHEALTH PROVIDED OTHER THAN IN PATIENT'S HOME
852,0,2022-06-04,6,F,7,PEDIATRICS,NY,OFFICE
3077,0,2022-06-24,69,F,85,NURSE PRACTITIONER,MD,OFFICE
2491,0,2022-06-26,28,M,6,EMERGENCY MEDICINE,PA,HOSPITAL OUTPATIENT
912,0,2022-06-19,37,M,2,PHYSICIAN ASSISTANT,NY,INDEPENDENT LABORATORY
1307,0,2022-06-29,31,F,1,OBSTETRICS & GYNECOLOGY,MN,HOSPITAL INPATIENT (INCLUDING MEDICARE PART A)
502,0,2022-06-28,80,M,10,PHYSICIAN ASSISTANT,MA,HOSPITAL OUTPATIENT
3459,0,2022-07-05,51,F,25,PSYCHIATRY,CT,TELEHEALTH PROVIDED IN PATIENT'S HOME
341,0,2022-07-13,27,F,2,OBSTETRICS & GYNECOLOGY,VA,OFFICE
328,0,2022-06-05,23,F,1,PHYSICIAN ASSISTANT,CT,OFFICE
2093,0,2022-06-02,48,F,3,INTERNAL MEDICINE,MD,OFFICE
2315,0,2022-06-01,26,F,1,NURSE PRACTITIONER,CA,CLINIC - FREESTANDING
2110,0,2022-06-16,12,M,2,PEDIATRICS,TX,HOSPITAL OUTPATIENT
2293,0,2022-06-17,44,F,2,PHYSICIAN ASSISTANT,NJ,OFFICE
3264,0,2022-07-05,61,F,6,FAMILY MEDICINE,FL,OFFICE
540,0,2022-07-02,31,F,3,UNKNOWN,UNKNOWN,TELEHEALTH PROVIDED IN PATIENT'S HOME
3219,0,2022-07-14,72,M,54,HEMATOLOGY/ONCOLOGY,AZ,OFFICE
3362,0,2022-06-28,65,M,23,NEPHROLOGY,LA,OFFICE
2148,0,2022-07-21,52,F,19,PSYCHIATRY,OH,OFFICE
3571,0,2022-06-17,44,F,1,UNKNOWN,UNKNOWN,URGENT CARE FACILITY
2247,0,2022-06-21,32,F,1,UNKNOWN,UNKNOWN,URGENT CARE FACILITY
2969,0,2022-07-11,60,M,36,FAMILY MEDICINE,OH,OFFICE
3376,0,2022-07-07,29,F,10,DIAGNOSTIC RADIOLOGY,CA,OFFICE
1997,0,2022-06-03,40,F,24,UNKNOWN,UNKNOWN,URGENT CARE FACILITY
107,0,2022-06-07,24,F,1,NURSE PRACTITIONER,TX,OFFICE
3869,0,2022-06-17,85,F,30,FAMILY MEDICINE,OH,OFFICE
3191,0,2022-06-11,46,M,1,EMERGENCY MEDICINE,NJ,EMERGENCY ROOM - HOSPITAL
416,0,2022-06-21,33,M,1,INTERNAL MEDICINE,NY,OFFICE
455,0,2022-06-20,8,F,1,NURSE PRACTITIONER,CO,EMERGENCY ROOM - HOSPITAL
3640,0,2022-07-07,85,F,83,FAMILY MEDICINE,MI,UNASSIGNED
61,0,2022-07-10,85,M,3,UNKNOWN,UNKNOWN,OTHER PLACE OF SERVICE
808,0,2022-07-15,74,M,111,CARDIOVASCULAR DISEASE,FL,OFFICE
521,0,2022-06-29,11,F,1,PHYSICIAN ASSISTANT,NC,URGENT CARE FACILITY
3503,0,2022-06-25,21,F,8,UNKNOWN,UNKNOWN,INDEPENDENT LABORATORY
1442,0,2022-07-08,63,F,34,FAMILY MEDICINE,CA,OFFICE
2489,0,2022-06-03,29,F,2,FAMILY MEDICINE,GA,URGENT CARE FACILITY
1195,0,2022-06-27,41,F,11,PHYSICIAN ASSISTANT,OR,URGENT CARE FACILITY
936,0,2022-06-08,6,M,5,PEDIATRICS,NY,OFFICE
2205,0,2022-06-24,57,F,2,UNKNOWN,UNKNOWN,URGENT CARE FACILITY
2280,0,2022-06-23,42,F,2,UNKNOWN,UNKNOWN,INDEPENDENT LABORATORY
1607,0,2022-06-27,13,M,1,PEDIATRICS,NV,ON CAMPUS-OUTPATIENT HOSPITAL
2563,0,2022-06-02,53,F,1,PHYSICIAN ASSISTANT,NC,URGENT CARE FACILITY
815,0,2022-06-21,76,M,7,UNKNOWN,UNKNOWN,OTHER PLACE OF SERVICE
1104,0,2022-06-25,36,M,1,EMERGENCY MEDICINE,MN,EMERGENCY ROOM - HOSPITAL
484,0,2022-06-13,52,M,3,NURSE PRACTITIONER,WA,URGENT CARE FACILITY
3927,0,2022-06-05,51,F,1,UNKNOWN,UNKNOWN,URGENT CARE FACILITY
2754,0,2022-06-10,66,M,4,FAMILY MEDICINE,CA,CLINIC  - FEDERALLY QUALIFIED HEALTH CENTER (FQHC)
635,0,2022-06-15,4,F,1,PEDIATRICS,TX,OFFICE
3353,0,2022-06-02,42,M,1,NURSE PRACTITIONER,NJ,INPATIENT HOSPITAL
3051,0,2022-07-20,57,F,30,FAMILY MEDICINE,TN,OFFICE
302,0,2022-06-08,59,M,4,EMERGENCY MEDICINE,UT,HOSPITAL OUTPATIENT
1709,0,2022-06-21,27,F,14,NURSE PRACTITIONER,TX,URGENT CARE FACILITY
1405,0,2022-07-22,62,M,14,INTERNAL MEDICINE,WA,INPATIENT HOSPITAL
3546,0,2022-07-20,85,F,36,UNKNOWN,UNKNOWN,INDEPENDENT LABORATORY
1746,0,2022-06-24,47,M,1,NURSE PRACTITIONER,CA,OFFICE
1496,0,2022-06-20,33,M,1,NURSE PRACTITIONER,CA,CLINIC - FREESTANDING
3053,0,2022-06-20,48,F,15,FAMILY MEDICINE,PA,TELEHEALTH PROVIDED OTHER THAN IN PATIENT'S HOME
562,0,2022-06-20,33,F,3,FAMILY MEDICINE,CO,TELEHEALTH PROVIDED OTHER THAN IN PATIENT'S HOME
931,0,2022-06-03,68,F,2,NURSE PRACTITIONER,FL,EMERGENCY ROOM - HOSPITAL
3060,0,2022-07-18,75,F,43,NURSE PRACTITIONER,NC,OFFICE
2090,0,2022-06-30,15,F,2,FAMILY MEDICINE,TX,OFFICE
3477,0,2022-06-22,68,F,3,INTERNAL MEDICINE,VA,OFFICE
904,0,2022-07-05,59,F,9,PHYSICIAN ASSISTANT,CA,OFFICE
688,0,2022-06-01,32,M,4,UNKNOWN,UNKNOWN,URGENT CARE FACILITY
1259,0,2022-07-05,43,M,93,FAMILY MEDICINE,PA,HOSPITAL OUTPATIENT
1409,0,2022-06-17,36,M,1,FAMILY MEDICINE,MN,TELEHEALTH PROVIDED OTHER THAN IN PATIENT'S HOME
2374,0,2022-07-01,65,F,3,DIAGNOSTIC RADIOLOGY,CA,EMERGENCY ROOM - HOSPITAL
258,0,2022-06-09,37,M,1,NURSE PRACTITIONER,NJ,WALK-IN RETAIL HEALTH CLINIC
1155,0,2022-06-28,46,M,8,FAMILY MEDICINE,FL,TELEHEALTH PROVIDED IN PATIENT'S HOME
1631,0,2022-06-30,9,M,1,INTERNAL MEDICINE,TX,OFFICE
1,0,2022-06-11,34,M,1,FAMILY MEDICINE,TX,EMERGENCY ROOM - HOSPITAL
1320,0,2022-06-22,84,M,10,FAMILY MEDICINE,CO,INPATIENT HOSPITAL
214,0,2022-06-09,1,M,1,PEDIATRICS,NC,OFFICE
1181,0,2022-06-14,85,F,21,INTERNAL MEDICINE,NY,OFFICE
3676,0,2022-06-03,75,M,1,NEURORADIOLOGY,OR,EMERGENCY ROOM - HOSPITAL
1314,0,2022-06-12,20,F,1,EMERGENCY MEDICINE,NV,HOSPITAL OUTPATIENT
3610,0,2022-07-07,59,F,2,FAMILY MEDICINE,CA,OFFICE
475,0,2022-06-07,13,F,1,UNKNOWN,UNKNOWN,TELEHEALTH PROVIDED OTHER THAN IN PATIENT'S HOME
3572,0,2022-06-14,30,M,2,UNKNOWN,UNKNOWN,URGENT CARE FACILITY
2824,0,2022-06-10,15,M,1,PHYSICIAN ASSISTANT,NC,URGENT CARE FACILITY
3628,0,2022-06-07,59,M,6,FAMILY MEDICINE,TX,OFFICE
2608,0,2022-06-18,33,F,1,FAMILY MEDICINE,TX,TELEHEALTH PROVIDED OTHER THAN IN PATIENT'S HOME
1790,0,2022-06-20,79,M,132,CARDIOVASCULAR DISEASE,CA,INPATIENT HOSPITAL
2701,0,2022-07-15,20,F,9,INTERVENTIONAL CARDIOLOGY,AZ,OFFICE
3413,0,2022-06-05,45,F,11,NURSE PRACTITIONER,TX,URGENT CARE FACILITY
3426,0,2022-06-24,27,F,1,NURSE PRACTITIONER,MS,OFFICE
2976,0,2022-06-22,71,M,3,FAMILY MEDICINE,MO,OFFICE
421,0,2022-06-27,2,F,1,PEDIATRICS,NJ,OFFICE
1262,0,2022-06-10,37,F,1,UNKNOWN,UNKNOWN,TELEHEALTH PROVIDED IN PATIENT'S HOME
1720,0,2022-06-16,85,M,49,FAMILY MEDICINE,LA,OFFICE
279,0,2022-07-15,85,M,28,GERIATRIC MEDICINE (INTERNAL MEDICINE),UT,ON CAMPUS-OUTPATIENT HOSPITAL
954,0,2022-06-09,7,M,2,PEDIATRICS,CA,TELEHEALTH PROVIDED OTHER THAN IN PATIENT'S HOME
352,0,2022-06-15,40,F,1,PHYSICIAN ASSISTANT,NJ,URGENT CARE FACILITY
3695,0,2022-06-04,74,M,6,UNKNOWN,UNKNOWN,URGENT CARE FACILITY
1933,0,2022-06-01,38,M,2,UNKNOWN,UNKNOWN,INDEPENDENT LABORATORY
3238,0,2022-06-30,40,F,3,PHYSICIAN ASSISTANT,TX,OFFICE
2041,0,2022-06-27,36,F,5,UNKNOWN,UNKNOWN,URGENT CARE FACILITY
863,0,2022-07-20,58,F,109,EMERGENCY MEDICINE,MS,HOSPITAL OUTPATIENT
1285,0,2022-07-19,63,F,30,GASTROENTEROLOGY,MA,HOSPITAL OUTPATIENT
2598,0,2022-06-15,44,M,1,EMERGENCY MEDICINE,WI,EMERGENCY ROOM - HOSPITAL
2229,0,2022-06-07,45,M,1,FAMILY MEDICINE,IL,URGENT CARE FACILITY
3468,0,2022-06-09,54,F,8,EMERGENCY MEDICINE,FL,HOSPITAL OUTPATIENT
1646,0,2022-06-22,30,F,1,UNKNOWN,UNKNOWN,INDEPENDENT LABORATORY
2144,0,2022-06-29,13,M,4,PHYSICIAN ASSISTANT,CA,OFFICE
1556,0,2022-06-08,19,M,1,UNKNOWN,UNKNOWN,OFFICE
2620,0,2022-06-30,28,F,2,EMERGENCY MEDICINE,MD,EMERGENCY ROOM - HOSPITAL
543,0,2022-06-29,4,F,25,EMERGENCY MEDICINE,CA,EMERGENCY ROOM - HOSPITAL
1088,0,2022-06-26,34,M,1,EMERGENCY MEDICINE,CA,URGENT CARE FACILITY
1048,0,2022-06-23,37,F,1,PHYSICIAN ASSISTANT,NY,URGENT CARE FACILITY
1130,0,2022-06-17,8,F,2,PHYSICIAN ASSISTANT,NY,URGENT CARE FACILITY
3855,0,2022-07-19,71,M,94,PHYSICIAN ASSISTANT,GA,OFFICE
1958,0,2022-06-16,40,M,6,NURSE PRACTITIONER,DE,TELEHEALTH PROVIDED IN PATIENT'S HOME
59,0,2022-06-06,0,M,4,FAMILY MEDICINE,OR,HOSPITAL - LABORATORY SERVICES PROVIDED TO NON-PATIENTS
3129,0,2022-07-18,42,F,15,INTERNAL MEDICINE,SC,OFFICE
3274,0,2022-07-06,68,M,16,FAMILY MEDICINE,NC,OFFICE
1399,0,2022-06-02,59,M,2,UNKNOWN,UNKNOWN,URGENT CARE FACILITY
3525,0,2022-07-12,63,F,34,UNKNOWN,UNKNOWN,INDEPENDENT LABORATORY
994,0,2022-06-22,7,M,1,FAMILY MEDICINE,KY,URGENT CARE FACILITY
270,0,2022-06-02,1,F,2,FAMILY MEDICINE,MD,OFFICE
174,0,2022-06-20,24,F,2,OBSTETRICS & GYNECOLOGY,CA,INPATIENT HOSPITAL
3022,0,2022-07-20,67,M,5,UNKNOWN,UNKNOWN,OTHER PLACE OF SERVICE
3071,0,2022-06-14,44,F,1,INTERNAL MEDICINE,CT,HOSPITAL OUTPATIENT
705,0,2022-06-30,35,M,1,SPORTS MEDICINE (FAMILY MEDICINE),NY,OFFICE
2072,0,2022-06-01,16,M,22,PEDIATRICS,WA,HOSPITAL OUTPATIENT
974,0,2022-06-28,7,F,4,NURSE PRACTITIONER,FL,OFFICE
2614,0,2022-06-06,71,F,22,INTERNAL MEDICINE/PEDIATRICS,CA,URGENT CARE FACILITY
2492,0,2022-07-19,67,F,59,FAMILY MEDICINE,NY,HOSPITAL OUTPATIENT
853,0,2022-06-21,32,F,3,INTERNAL MEDICINE/PEDIATRICS,NY,TELEHEALTH PROVIDED OTHER THAN IN PATIENT'S HOME
2447,0,2022-06-16,27,F,7,INFECTIOUS DISEASE,FL,INPATIENT HOSPITAL
3851,0,2022-06-17,51,F,6,UNKNOWN,UNKNOWN,URGENT CARE FACILITY
1772,0,2022-06-05,43,F,2,EMERGENCY MEDICINE,CA,HOSPITAL OUTPATIENT
2673,0,2022-06-24,25,M,2,INTERNAL MEDICINE,NY,OFFICE
256,0,2022-06-24,26,M,2,NURSE PRACTITIONER,AZ,TELEHEALTH PROVIDED OTHER THAN IN PATIENT'S HOME
1354,0,2022-06-18,32,M,1,UNKNOWN,UNKNOWN,URGENT CARE FACILITY
1722,0,2022-06-20,85,M,44,DIAGNOSTIC RADIOLOGY,FL,ON CAMPUS-OUTPATIENT HOSPITAL
456,0,2022-06-12,34,M,2,PHYSICIAN ASSISTANT,TX,HOSPITAL OUTPATIENT
3679,0,2022-06-28,63,F,9,UNKNOWN,UNKNOWN,INDEPENDENT LABORATORY
2031,0,2022-06-22,39,M,8,UNKNOWN,UNKNOWN,INDEPENDENT LABORATORY
2162,0,2022-07-16,69,F,78,DIAGNOSTIC RADIOLOGY,KS,EMERGENCY ROOM - HOSPITAL
753,0,2022-06-20,5,M,1,PEDIATRICS,NC,OFFICE
1615,0,2022-06-16,26,M,3,FAMILY MEDICINE,NY,TELEHEALTH PROVIDED OTHER THAN IN PATIENT'S HOME
2483,0,2022-06-07,32,F,2,UNKNOWN,UNKNOWN,TELEHEALTH PROVIDED OTHER THAN IN PATIENT'S HOME
2212,0,2022-06-14,80,M,7,EMERGENCY MEDICINE,TX,EMERGENCY ROOM - HOSPITAL
1829,0,2022-06-15,72,F,5,NURSE PRACTITIONER,KY,TELEHEALTH PROVIDED OTHER THAN IN PATIENT'S HOME
6,0,2022-06-17,71,M,1,UNKNOWN,UNKNOWN,INDEPENDENT LABORATORY
1680,0,2022-06-06,10,M,2,PEDIATRICS,VA,OFFICE
2087,0,2022-06-02,12,M,1,UNKNOWN,UNKNOWN,URGENT CARE FACILITY
1908,0,2022-07-07,76,F,41,NURSE PRACTITIONER,NY,CLINIC  - FEDERALLY QUALIFIED HEALTH CENTER (FQHC)
480,0,2022-06-28,84,F,1,UNKNOWN,UNKNOWN,OTHER PLACE OF SERVICE
2668,0,2022-07-21,85,F,84,CLINICAL CARDIAC ELECTROPHYSIOLOGY,NC,ON CAMPUS-OUTPATIENT HOSPITAL
3822,0,2022-06-16,80,M,137,INTERNAL MEDICINE,NY,INPATIENT HOSPITAL
1214,0,2022-06-27,83,M,51,UNKNOWN,UNKNOWN,OTHER PLACE OF SERVICE
1054,0,2022-06-21,22,M,1,EMERGENCY MEDICINE,CA,TELEHEALTH PROVIDED OTHER THAN IN PATIENT'S HOME
3607,0,2022-06-30,51,M,40,FAMILY MEDICINE,GA,OFFICE
491,0,2022-06-03,27,M,1,UNKNOWN,UNKNOWN,TELEHEALTH PROVIDED IN PATIENT'S HOME
232,0,2022-06-22,1,M,4,EMERGENCY MEDICINE,MI,EMERGENCY ROOM - HOSPITAL
837,0,2022-06-20,6,M,1,PEDIATRIC EMERGENCY MEDICINE,NY,HOSPITAL OUTPATIENT
2967,0,2022-06-25,42,F,107,EMERGENCY MEDICINE,FL,EMERGENCY ROOM - HOSPITAL
3440,0,2022-07-22,45,F,6,FAMILY MEDICINE,TX,OFFICE
2786,0,2022-06-23,45,M,2,INTERNAL MEDICINE,MN,OFFICE
2224,0,2022-06-06,63,F,11,FAMILY MEDICINE,IL,EMERGENCY ROOM - HOSPITAL
2708,0,2022-06-16,52,F,1,FAMILY MEDICINE,PR,TELEHEALTH PROVIDED IN PATIENT'S HOME
2133,0,2022-06-16,81,M,7,NUCLEAR RADIOLOGY,KS,EMERGENCY ROOM - HOSPITAL
2288,0,2022-06-24,32,M,2,INTERNAL MEDICINE,IL,OFFICE
3402,0,2022-06-08,43,M,10,EMERGENCY MEDICINE,IN,HOSPITAL OUTPATIENT
3870,0,2022-07-19,79,M,48,FAMILY MEDICINE,MI,OFFICE
1425,0,2022-06-27,57,F,3,NURSE PRACTITIONER,TX,OFFICE
834,0,2022-06-29,6,M,1,PEDIATRICS,CT,OFFICE
683,0,2022-07-01,70,M,61,INTERNAL MEDICINE,IL,UNASSIGNED
1733,0,2022-06-30,68,M,13,FAMILY MEDICINE,SC,CLINIC  - FEDERALLY QUALIFIED HEALTH CENTER (FQHC)
3160,0,2022-06-27,77,F,3,EMERGENCY MEDICINE,NY,HOSPITAL OUTPATIENT
283,0,2022-06-02,76,F,18,NURSE PRACTITIONER,LA,TELEHEALTH PROVIDED OTHER THAN IN PATIENT'S HOME
19,0,2022-06-24,51,M,1,UNKNOWN,UNKNOWN,OFFICE
1700,0,2022-06-14,59,M,43,FAMILY MEDICINE,NY,OFF CAMPUS-OUTPATIENT HOSPITAL
3782,0,2022-07-22,63,F,4,PHYSICAL THERAPY,TN,OFFICE
3616,0,2022-06-09,69,F,2,FAMILY MEDICINE,CA,OFFICE
2136,0,2022-06-09,12,M,2,PEDIATRICS,MA,OFFICE
3981,0,2022-06-05,52,F,6,UNKNOWN,UNKNOWN,URGENT CARE FACILITY
2304,0,2022-06-08,76,M,61,CARDIOVASCULAR DISEASE,TX,HOSPITAL OUTPATIENT
787,0,2022-06-20,10,F,1,UNKNOWN,UNKNOWN,INDEPENDENT LABORATORY
346,0,2022-06-28,85,M,1,UNKNOWN,UNKNOWN,AMBULANCE - LAND
3838,0,2022-06-23,34,F,1,FAMILY MEDICINE,PA,OFFICE
3068,0,2022-06-04,16,M,1,EMERGENCY MEDICINE,SC,OFFICE
3295,0,2022-07-14,61,F,16,PSYCHIATRY,GA,ON CAMPUS-OUTPATIENT HOSPITAL
383,0,2022-06-13,53,M,1,FAMILY MEDICINE,PA,OFFICE
1089,0,2022-07-08,34,F,2,OBSTETRICS & GYNECOLOGY,VA,OFFICE
507,0,2022-06-09,12,M,1,UNKNOWN,UNKNOWN,OFFICE
2450,0,2022-07-19,58,F,35,RHEUMATOLOGY,TX,OFFICE
73,0,2022-07-13,63,F,4,INTERNAL MEDICINE,FL,OFFICE
1516,0,2022-06-23,58,F,1,ANATOMIC/CLINICAL PATHOLOGY,IL,ON CAMPUS-OUTPATIENT HOSPITAL
3312,0,2022-06-29,64,F,10,FAMILY MEDICINE,CA,TELEHEALTH PROVIDED OTHER THAN IN PATIENT'S HOME
3700,0,2022-06-08,50,F,16,EMERGENCY MEDICINE,MI,URGENT CARE FACILITY
3480,0,2022-07-19,47,F,1,UNKNOWN,UNKNOWN,AMBULANCE - LAND
2405,0,2022-06-30,53,F,22,FAMILY MEDICINE,CO,OFFICE
1644,0,2022-07-18,55,M,2,EMERGENCY MEDICINE,GA,OFFICE
3141,0,2022-06-04,16,M,1,UNKNOWN,UNKNOWN,URGENT CARE FACILITY
691,0,2022-06-29,51,F,2,FAMILY MEDICINE,MI,OFFICE
1264,0,2022-06-30,64,M,13,INTERNAL MEDICINE,MA,OFFICE
3399,0,2022-06-02,24,F,3,UNKNOWN,UNKNOWN,URGENT CARE FACILITY
3271,0,2022-06-29,42,F,1,NURSE PRACTITIONER,OH,URGENT CARE FACILITY
2223,0,2022-06-09,62,F,6,FAMILY MEDICINE,FL,TELEHEALTH PROVIDED IN PATIENT'S HOME
3076,0,2022-06-22,40,M,1,NURSE PRACTITIONER,CT,URGENT CARE FACILITY
2710,0,2022-07-06,66,M,3,FAMILY MEDICINE,RI,OFFICE
3533,0,2022-07-19,69,M,65,UROLOGY,OK,OFFICE
2462,0,2022-06-09,24,F,1,FAMILY MEDICINE,NY,TELEHEALTH PROVIDED OTHER THAN IN PATIENT'S HOME
497,0,2022-06-09,3,M,1,UNKNOWN,UNKNOWN,INDEPENDENT LABORATORY
40,0,2022-06-18,0,F,1,PEDIATRICS,IL,OFFICE
1116,0,2022-06-12,8,F,1,PHYSICIAN ASSISTANT,PA,URGENT CARE FACILITY
1160,0,2022-06-02,43,F,4,SPORTS MEDICINE (EMERGENCY MEDICINE),OH,HOSPITAL OUTPATIENT
3660,0,2022-06-08,45,F,3,INTERNAL MEDICINE,IL,OFFICE
110,0,2022-06-13,11,F,2,INTERNAL MEDICINE,AL,EMERGENCY ROOM - HOSPITAL
2617,0,2022-06-23,56,F,10,EMERGENCY MEDICINE,FL,URGENT CARE FACILITY
3908,0,2022-06-19,42,F,1,EMERGENCY MEDICINE,MD,URGENT CARE FACILITY
3563,0,2022-06-22,85,F,71,NURSE PRACTITIONER,WA,OTHER PLACE OF SERVICE
2952,0,2022-06-21,52,F,9,FAMILY MEDICINE,TX,URGENT CARE FACILITY
846,0,2022-06-24,55,M,3,PHYSICIAN ASSISTANT,MA,URGENT CARE FACILITY
3189,0,2022-06-03,85,F,21,NURSE PRACTITIONER,AZ,URGENT CARE FACILITY
3902,0,2022-07-01,77,F,179,NEPHROLOGY,AL,OTHER PLACE OF SERVICE
3620,0,2022-06-10,78,F,39,NURSE PRACTITIONER,GA,OFFICE
779,0,2022-07-05,62,F,178,UNKNOWN,UNKNOWN,INDEPENDENT LABORATORY
737,0,2022-06-10,52,F,10,NURSE PRACTITIONER,FL,OFFICE
2408,0,2022-06-08,57,M,1,PHYSICIAN ASSISTANT,FL,HOSPITAL OUTPATIENT
443,0,2022-06-02,60,F,7,UNKNOWN,UNKNOWN,TELEHEALTH PROVIDED IN PATIENT'S HOME
2527,0,2022-06-27,51,M,7,NURSE PRACTITIONER,ID,OFFICE
2911,0,2022-06-24,56,F,2,FAMILY MEDICINE,TX,OFFICE
1533,0,2022-06-28,79,F,81,INTERNAL MEDICINE,CT,OFFICE
3207,0,2022-07-22,85,M,77,CARDIOVASCULAR DISEASE,FL,OFFICE
3974,0,2022-06-14,40,F,17,GASTROENTEROLOGY,NY,OFFICE
2826,0,2022-06-02,60,M,32,PHYSICIAN ASSISTANT,CO,OFFICE
3497,0,2022-07-12,77,F,35,INTERVENTIONAL CARDIOLOGY,ID,HOSPITAL OUTPATIENT
2591,0,2022-06-20,15,M,2,PHYSICIAN ASSISTANT,CA,EMERGENCY ROOM - HOSPITAL
2623,0,2022-06-28,31,F,18,PHYSICIAN ASSISTANT,LA,OFF CAMPUS-OUTPATIENT HOSPITAL
626,0,2022-06-24,34,F,1,UNKNOWN,UNKNOWN,URGENT CARE FACILITY
1850,0,2022-06-28,29,M,4,UNKNOWN,UNKNOWN,URGENT CARE FACILITY
3063,0,2022-07-21,71,M,186,NEPHROLOGY,NJ,INPATIENT HOSPITAL
3016,0,2022-06-22,51,F,21,UNKNOWN,UNKNOWN,OFFICE
1449,0,2022-06-29,54,F,10,EMERGENCY MEDICINE,TX,HOSPITAL OUTPATIENT
1732,0,2022-07-13,50,M,19,NURSE PRACTITIONER,NY,OFFICE
2556,0,2022-06-01,58,F,10,INTERNAL MEDICINE,NC,OFFICE
726,0,2022-07-21,70,M,77,FAMILY MEDICINE,SC,OFFICE
2084,0,2022-06-08,35,M,1,FAMILY MEDICINE,IL,URGENT CARE FACILITY
1738,0,2022-06-10,23,F,1,FAMILY MEDICINE,CO,OFFICE
2965,0,2022-06-26,56,M,1,NURSE PRACTITIONER,IL,OFFICE
3500,0,2022-06-14,34,M,1,NURSE PRACTITIONER,CT,URGENT CARE FACILITY
2897,0,2022-06-03,33,F,7,NURSE PRACTITIONER,TN,URGENT CARE FACILITY
1675,0,2022-06-24,30,F,1,FAMILY MEDICINE,NV,RURAL HEALTH CLINIC
2155,0,2022-06-27,44,F,2,ANATOMIC/CLINICAL PATHOLOGY,SC,OFFICE
1260,0,2022-06-07,44,M,10,INTERNAL MEDICINE,FL,TELEHEALTH PROVIDED IN PATIENT'S HOME
3340,0,2022-06-08,39,F,2,UNKNOWN,UNKNOWN,URGENT CARE FACILITY
694,0,2022-06-09,39,F,8,UNKNOWN,UNKNOWN,URGENT CARE FACILITY
7,0,2022-06-06,1,M,1,PEDIATRICS,CA,INPATIENT HOSPITAL
1097,0,2022-06-28,65,M,17,INTERNAL MEDICINE,NJ,OFFICE
3045,0,2022-06-07,58,F,1,FAMILY MEDICINE,PA,TELEHEALTH PROVIDED OTHER THAN IN PATIENT'S HOME
2912,0,2022-06-20,22,M,1,PHYSICIAN ASSISTANT,CA,HOSPITAL OUTPATIENT
2864,0,2022-06-22,43,F,1,UNKNOWN,UNKNOWN,URGENT CARE FACILITY
440,0,2022-06-20,4,F,1,UNKNOWN,UNKNOWN,FEDERALLY QUALIFIED HEALTH CENTER
2741,0,2022-06-28,58,M,2,UNKNOWN,UNKNOWN,URGENT CARE FACILITY
2860,0,2022-06-05,60,F,10,UNKNOWN,UNKNOWN,INDEPENDENT LABORATORY
2895,0,2022-07-04,64,F,4,EMERGENCY MEDICINE,NC,URGENT CARE FACILITY
2437,0,2022-06-16,44,M,6,INTERNAL MEDICINE/PEDIATRICS,MA,INPATIENT HOSPITAL
310,0,2022-06-30,11,M,1,PHYSICIAN ASSISTANT,FL,URGENT CARE FACILITY
858,0,2022-06-28,54,M,3,UNKNOWN,UNKNOWN,INDEPENDENT LABORATORY
580,0,2022-06-08,33,M,1,PHYSICIAN ASSISTANT,IL,TELEHEALTH PROVIDED OTHER THAN IN PATIENT'S HOME
2951,0,2022-06-02,65,F,1,NURSE PRACTITIONER,MO,URGENT CARE FACILITY
1242,0,2022-06-07,52,F,1,UNKNOWN,UNKNOWN,URGENT CARE FACILITY
269,0,2022-06-15,28,F,3,PHYSICIAN ASSISTANT,AZ,URGENT CARE FACILITY
2678,0,2022-06-20,22,M,6,NURSE PRACTITIONER,CA,OFFICE
1800,0,2022-06-29,33,F,42,FAMILY MEDICINE,KY,TELEHEALTH PROVIDED OTHER THAN IN PATIENT'S HOME
3564,0,2022-06-27,51,F,10,INTERNAL MEDICINE,TX,OFFICE
3400,0,2022-07-07,82,M,156,PODIATRIST,SC,OFFICE
2746,0,2022-06-20,24,M,2,NURSE PRACTITIONER,IL,URGENT CARE FACILITY
63,0,2022-06-09,42,M,1,FAMILY MEDICINE,MI,OFFICE
535,0,2022-07-06,49,F,52,GERIATRIC PSYCHIATRY,FL,INPATIENT HOSPITAL
1358,0,2022-06-17,55,M,7,PHYSICIAN ASSISTANT,NY,URGENT CARE FACILITY
3074,0,2022-06-25,75,M,15,UNKNOWN,UNKNOWN,INDEPENDENT LABORATORY
501,0,2022-07-14,22,F,51,INTERNAL MEDICINE,CA,OFFICE
2834,0,2022-06-04,46,F,11,NURSE PRACTITIONER,GA,EMERGENCY ROOM - HOSPITAL
2185,0,2022-06-03,52,M,3,UNKNOWN,UNKNOWN,URGENT CARE FACILITY
866,0,2022-07-11,71,F,56,CARDIOVASCULAR DISEASE,TX,OFFICE
2401,0,2022-07-11,28,M,30,INFECTIOUS DISEASE,NJ,INPATIENT HOSPITAL
3103,0,2022-07-01,63,M,5,UNKNOWN,UNKNOWN,URGENT CARE FACILITY
1993,0,2022-07-20,60,M,47,FAMILY MEDICINE,MI,CRITICAL ACCESS HOSPITAL
1374,0,2022-06-29,21,M,1,UNKNOWN,UNKNOWN,INDEPENDENT LABORATORY
2648,0,2022-06-24,85,F,56,FAMILY MEDICINE,MI,CRITICAL ACCESS HOSPITAL
2469,0,2022-06-15,44,F,20,ALLERGY & IMMUNOLOGY,OH,OFFICE
2680,0,2022-06-03,47,F,4,PHYSICIAN ASSISTANT,CA,HOSPITAL OUTPATIENT
418,0,2022-07-18,2,M,4,PEDIATRICS,TX,OFFICE
1060,0,2022-06-22,53,F,46,FAMILY MEDICINE,FL,OFFICE
434,0,2022-06-22,70,F,1,FAMILY MEDICINE,FL,OFFICE
141,0,2022-06-02,2,F,1,PEDIATRICS,VA,OFFICE
188,0,2022-06-12,68,M,1,EMERGENCY MEDICINE,NY,URGENT CARE FACILITY
2526,0,2022-06-02,67,F,5,FAMILY MEDICINE,CT,URGENT CARE FACILITY
997,0,2022-07-03,42,F,18,FAMILY MEDICINE,WA,OFFICE
1764,0,2022-06-26,56,F,6,UNKNOWN,UNKNOWN,OFFICE
3982,0,2022-06-29,55,F,1,PHYSICIAN ASSISTANT,NC,URGENT CARE FACILITY
53,0,2022-06-12,24,M,1,NURSE PRACTITIONER,CO,URGENT CARE FACILITY
390,0,2022-06-29,50,F,9,INTERNAL MEDICINE,CA,OFFICE
2628,0,2022-07-06,36,F,3,ALLERGY & IMMUNOLOGY,MA,OFFICE
2494,0,2022-06-09,21,F,1,UNKNOWN,UNKNOWN,URGENT CARE FACILITY
1768,0,2022-06-08,67,F,30,FAMILY MEDICINE,TX,URGENT CARE FACILITY
3884,0,2022-06-01,63,F,1,PHYSICIAN ASSISTANT,LA,URGENT CARE FACILITY
1493,0,2022-07-22,12,M,4,PEDIATRIC HEMATOLOGY/ONCOLOGY,CA,HOSPITAL OUTPATIENT
1954,0,2022-06-28,52,F,14,PHYSICIAN ASSISTANT,KS,URGENT CARE FACILITY
377,0,2022-06-16,51,F,10,UNKNOWN,UNKNOWN,INDEPENDENT LABORATORY
2451,0,2022-06-27,57,F,16,INTERNAL MEDICINE,VA,OFFICE
1848,0,2022-06-30,11,M,31,UNKNOWN,UNKNOWN,INDEPENDENT LABORATORY
3458,0,2022-06-23,44,M,10,UNKNOWN,UNKNOWN,URGENT CARE FACILITY
873,0,2022-06-26,70,F,31,NEURORADIOLOGY,CA,EMERGENCY ROOM - HOSPITAL
1378,0,2022-06-08,45,M,2,NURSE PRACTITIONER,OR,OFFICE
1145,0,2022-06-22,9,M,2,PEDIATRICS,CA,TELEHEALTH PROVIDED OTHER THAN IN PATIENT'S HOME
379,0,2022-06-02,32,M,9,INTERNAL MEDICINE,NJ,TELEHEALTH PROVIDED OTHER THAN IN PATIENT'S HOME
784,0,2022-06-13,6,M,1,PEDIATRICS,CO,OFFICE
474,0,2022-06-08,10,M,1,UNKNOWN,UNKNOWN,INDEPENDENT LABORATORY
2362,0,2022-06-30,67,F,9,PHYSICIAN ASSISTANT,NC,TELEHEALTH PROVIDED OTHER THAN IN PATIENT'S HOME
138,0,2022-06-22,10,F,1,UNKNOWN,UNKNOWN,INDEPENDENT LABORATORY
645,0,2022-06-28,4,F,1,PEDIATRICS,CA,OFFICE
664,0,2022-06-08,6,F,1,UNKNOWN,UNKNOWN,INDEPENDENT LABORATORY
1327,0,2022-06-30,39,F,3,INTERNAL MEDICINE,LA,URGENT CARE FACILITY
3453,0,2022-06-02,25,M,5,FAMILY MEDICINE,MI,TELEHEALTH PROVIDED IN PATIENT'S HOME
644,0,2022-06-29,4,M,1,PHYSICIAN ASSISTANT,MO,URGENT CARE FACILITY
2346,0,2022-07-21,71,M,75,CARDIOVASCULAR DISEASE,NJ,OFFICE
2945,0,2022-07-20,70,M,12,OTOLARYNGOLOGY,TX,HOSPITAL OUTPATIENT
3658,0,2022-06-14,80,F,38,NURSE PRACTITIONER,VA,OFFICE
3746,0,2022-07-08,46,F,6,FAMILY MEDICINE,NY,OFFICE
3111,0,2022-06-23,67,F,9,INTERNAL MEDICINE,MD,OFFICE
299,0,2022-07-04,1,M,1,FAMILY MEDICINE,OH,EMERGENCY ROOM - HOSPITAL
1012,0,2022-06-02,18,F,2,PEDIATRICS,NY,OFFICE
306,0,2022-06-25,1,M,1,FAMILY MEDICINE,WI,OFFICE
3733,0,2022-06-18,59,M,11,NURSE PRACTITIONER,NJ,TELEHEALTH PROVIDED OTHER THAN IN PATIENT'S HOME
1713,0,2022-07-20,76,F,69,FAMILY MEDICINE,WI,CRITICAL ACCESS HOSPITAL
2987,0,2022-06-06,67,M,19,UNKNOWN,UNKNOWN,URGENT CARE FACILITY
2903,0,2022-06-15,25,F,4,EMERGENCY MEDICINE,SC,HOSPITAL OUTPATIENT
1582,0,2022-07-02,51,F,9,NURSE PRACTITIONER,IN,INDEPENDENT LABORATORY
1026,0,2022-06-04,22,M,1,UNKNOWN,UNKNOWN,INDEPENDENT LABORATORY
51,0,2022-06-12,31,F,1,UNKNOWN,UNKNOWN,TELEHEALTH PROVIDED IN PATIENT'S HOME
3879,0,2022-06-16,66,F,3,PHYSICIAN ASSISTANT,NM,OFFICE
1845,0,2022-06-27,10,F,1,GERIATRIC MEDICINE (INTERNAL MEDICINE),TX,OFFICE
3766,0,2022-06-17,24,M,1,PEDIATRICS,VA,OFFICE
197,0,2022-06-04,69,F,1,EMERGENCY MEDICINE,GA,URGENT CARE FACILITY
1586,0,2022-06-07,69,M,29,PHYSICIAN ASSISTANT,MA,OFFICE
2232,0,2022-06-28,37,F,1,UNKNOWN,UNKNOWN,INDEPENDENT LABORATORY
1308,0,2022-06-17,35,F,3,FAMILY MEDICINE,TX,URGENT CARE FACILITY
2845,0,2022-06-23,24,M,2,PHYSICIAN ASSISTANT,VA,TELEHEALTH PROVIDED OTHER THAN IN PATIENT'S HOME
2600,0,2022-06-28,54,F,7,UNKNOWN,UNKNOWN,OFFICE
160,0,2022-06-13,1,M,2,PEDIATRICS,CO,OFFICE
3078,0,2022-06-17,52,F,1,NURSE PRACTITIONER,NJ,TELEHEALTH PROVIDED OTHER THAN IN PATIENT'S HOME
394,0,2022-06-14,2,F,1,INTERNAL MEDICINE/PEDIATRICS,SC,OFFICE
1555,0,2022-07-18,85,M,22,PHYSICAL THERAPY,SD,OFFICE
624,0,2022-06-19,7,F,1,UNKNOWN,UNKNOWN,URGENT CARE FACILITY
1351,0,2022-06-22,69,F,1,UNKNOWN,UNKNOWN,URGENT CARE FACILITY
738,0,2022-06-30,44,F,1,INTERNAL MEDICINE,CA,OFFICE
1622,0,2022-06-08,34,F,3,FAMILY MEDICINE,CA,OFFICE
3456,0,2022-07-18,66,F,52,INTERNAL MEDICINE,FL,OFFICE
2508,1,2022-06-24,42,M,3,FAMILY MEDICINE,CA,Unknown
1300,0,2022-06-21,69,F,11,INTERNAL MEDICINE,OK,OFFICE
3321,1,2022-06-16,71,F,26,FAMILY MEDICINE,TN,Unknown
2135,0,2022-06-29,39,M,4,NURSE PRACTITIONER,CO,Unknown
1803,0,2022-06-29,20,M,1,UNKNOWN,UNKNOWN,INDEPENDENT LABORATORY
3913,0,2022-06-29,33,M,7,FAMILY MEDICINE,WA,TELEHEALTH PROVIDED IN PATIENT'S HOME
603,0,2022-06-13,75,F,9,FAMILY MEDICINE,IL,OFFICE
3334,0,2022-07-17,68,M,12,INTERNAL MEDICINE,TX,UNASSIGNED
3643,0,2022-06-06,63,M,5,UNKNOWN,UNKNOWN,URGENT CARE FACILITY
1506,0,2022-06-02,10,M,1,UNKNOWN,UNKNOWN,INDEPENDENT LABORATORY
1781,0,2022-06-04,33,M,6,NURSE PRACTITIONER,TN,OFFICE
1199,0,2022-06-28,57,M,120,UNKNOWN,UNKNOWN,INDEPENDENT LABORATORY
585,0,2022-06-28,64,F,1,FAMILY MEDICINE,FL,TELEHEALTH PROVIDED OTHER THAN IN PATIENT'S HOME
1559,0,2022-06-24,40,F,16,NURSE PRACTITIONER,AK,TELEHEALTH PROVIDED IN PATIENT'S HOME
3015,0,2022-06-13,57,F,9,UNKNOWN,UNKNOWN,URGENT CARE FACILITY
2373,0,2022-06-13,44,F,1,FAMILY MEDICINE,CA,TELEHEALTH PROVIDED OTHER THAN IN PATIENT'S HOME
1413,0,2022-07-18,63,F,55,NURSE PRACTITIONER,FL,OFFICE
1072,0,2022-07-01,8,M,1,PEDIATRICS,GA,OFFICE
3112,0,2022-06-29,32,F,2,PHYSICIAN ASSISTANT,CA,URGENT CARE FACILITY
2170,0,2022-06-24,56,M,3,PHYSICIAN ASSISTANT,MN,EMERGENCY ROOM - HOSPITAL
3583,0,2022-07-14,85,F,104,FAMILY MEDICINE,HI,Unknown
2926,0,2022-07-11,51,M,3,FAMILY MEDICINE,MO,Unknown
940,1,2022-06-06,69,F,35,INTERNAL MEDICINE,WA,Unknown
1719,0,2022-07-14,70,F,20,CARDIOVASCULAR DISEASE,IA,Unknown
1512,0,2022-06-02,82,F,36,GENERAL PRACTICE,PR,TELEHEALTH PROVIDED OTHER THAN IN PATIENT'S HOME
1159,0,2022-06-05,43,M,1,FAMILY MEDICINE,AL,OFFICE
2642,0,2022-06-01,49,F,3,FAMILY MEDICINE,TX,OFFICE
2795,0,2022-07-04,64,F,5,INTERNAL MEDICINE,CA,Unknown
3390,1,2022-06-23,76,F,15,FAMILY MEDICINE,AR,Unknown
2204,1,2022-06-07,73,F,30,FAMILY MEDICINE,TX,Unknown
2667,0,2022-07-20,70,M,15,NURSE PRACTITIONER,WI,Unknown
3482,0,2022-07-22,85,F,76,PHYSICIAN ASSISTANT,NC,Unknown
1691,0,2022-06-22,50,F,78,FAMILY MEDICINE,TX,OFFICE
1184,0,2022-06-08,47,F,6,NURSE PRACTITIONER,OK,URGENT CARE FACILITY
1971,0,2022-06-22,73,M,5,DERMATOLOGY,NY,OFFICE
3800,0,2022-06-23,43,F,86,DIAGNOSTIC RADIOLOGY,RI,ON CAMPUS-OUTPATIENT HOSPITAL
2015,0,2022-06-14,28,F,2,FAMILY MEDICINE,AL,HOSPITAL OUTPATIENT
3158,0,2022-06-13,20,M,5,UNKNOWN,UNKNOWN,OFFICE
3983,0,2022-07-07,85,M,42,INTERNAL MEDICINE,CA,OFFICE
1562,0,2022-06-11,20,M,2,NURSE PRACTITIONER,AL,OFFICE
10,0,2022-06-01,74,F,1,NURSE PRACTITIONER,FL,EMERGENCY ROOM - HOSPITAL
1802,0,2022-07-18,77,M,80,FAMILY MEDICINE,SC,Unknown
2785,0,2022-07-14,51,M,19,NURSE PRACTITIONER,IL,Unknown
1549,1,2022-07-01,78,M,3,FAMILY MEDICINE,CA,Unknown
3502,1,2022-06-27,43,F,16,FAMILY MEDICINE,OH,Unknown
3591,0,2022-06-29,65,M,50,INTERNAL MEDICINE,HI,Unknown
2132,0,2022-06-20,37,F,1,NURSE PRACTITIONER,FL,Unknown
3817,0,2022-06-20,53,F,1,FAMILY MEDICINE,IN,Unknown
2172,0,2022-06-29,73,M,4,FAMILY MEDICINE,MN,Unknown
2519,1,2022-06-27,33,M,1,FAMILY MEDICINE,TX,Unknown
2471,0,2022-06-24,15,M,1,EMERGENCY MEDICINE,FL,EMERGENCY ROOM - HOSPITAL
3121,0,2022-06-26,65,M,39,FAMILY MEDICINE,CA,TELEHEALTH PROVIDED IN PATIENT'S HOME
729,0,2022-06-17,5,M,1,NURSE PRACTITIONER,FL,EMERGENCY ROOM - HOSPITAL
52,0,2022-06-13,80,F,1,PHYSICIAN ASSISTANT,FL,URGENT CARE FACILITY
3154,0,2022-06-06,32,F,1,OBSTETRICS & GYNECOLOGY,MS,EMERGENCY ROOM - HOSPITAL
4,0,2022-06-30,0,M,1,PEDIATRICS,PA,EMERGENCY ROOM - HOSPITAL
2331,0,2022-07-18,75,M,32,UNKNOWN,UNKNOWN,OTHER PLACE OF SERVICE
3510,0,2022-06-19,38,M,1,UNKNOWN,UNKNOWN,INDEPENDENT LABORATORY
3487,0,2022-07-19,81,M,54,CARDIOVASCULAR DISEASE,FL,Unknown
2364,0,2022-06-26,69,M,10,NURSE PRACTITIONER,MI,Unknown
2560,0,2022-07-20,71,M,1,INTERNAL MEDICINE,NC,Unknown
3945,0,2022-07-13,76,M,1,FAMILY MEDICINE,CA,Unknown
2260,0,2022-07-15,32,F,3,INTERNAL MEDICINE/PEDIATRICS,OH,Unknown
2243,0,2022-07-01,38,M,20,EMERGENCY MEDICINE,NY,Unknown
639,0,2022-06-27,7,F,1,DIAGNOSTIC RADIOLOGY,TX,EMERGENCY ROOM - HOSPITAL
3461,0,2022-07-05,35,M,10,FAMILY MEDICINE,MI,OFFICE
2898,0,2022-07-19,60,F,2,FAMILY MEDICINE,TX,Unknown
2262,0,2022-06-28,71,M,1,PHYSICIAN ASSISTANT,MT,Unknown
3224,0,2022-06-22,43,F,24,UNKNOWN,UNKNOWN,INDEPENDENT LABORATORY
1624,0,2022-06-28,36,F,1,UNKNOWN,UNKNOWN,OFFICE
1770,0,2022-06-24,85,F,40,UNKNOWN,UNKNOWN,INDEPENDENT LABORATORY
537,0,2022-06-29,34,F,10,PHYSICIAN ASSISTANT,CA,HOSPITAL OUTPATIENT
1266,0,2022-06-03,37,F,1,FAMILY MEDICINE,NH,OFFICE
1935,0,2022-07-08,64,M,19,FAMILY MEDICINE,KS,Unknown
3756,0,2022-07-05,83,F,25,INTERNAL MEDICINE,IL,Unknown
3642,0,2022-06-18,76,M,67,NURSE PRACTITIONER,NH,Unknown
673,0,2022-06-15,29,M,2,FAMILY MEDICINE,OK,EMERGENCY ROOM - HOSPITAL
3618,0,2022-06-09,85,F,6,INTERNAL MEDICINE,WI,INPATIENT HOSPITAL
3917,0,2022-06-07,67,F,6,FAMILY MEDICINE,MD,URGENT CARE FACILITY
3028,0,2022-06-28,70,F,12,FAMILY MEDICINE,TX,OFFICE
460,0,2022-06-01,41,F,2,PHYSICIAN ASSISTANT,VA,TELEHEALTH PROVIDED OTHER THAN IN PATIENT'S HOME
2736,0,2022-06-29,71,F,9,INTERNAL MEDICINE,CO,OFFICE
374,0,2022-06-17,2,F,1,EMERGENCY MEDICINE,IL,EMERGENCY ROOM - HOSPITAL
806,0,2022-07-18,80,M,87,INTERNAL MEDICINE,FL,OFFICE
1747,0,2022-06-24,77,F,47,INTERNAL MEDICINE,AZ,OTHER PLACE OF SERVICE
530,0,2022-07-22,31,F,7,EMERGENCY MEDICINE,NC,EMERGENCY ROOM - HOSPITAL
1254,0,2022-06-24,26,M,16,EMERGENCY MEDICINE,VA,TELEHEALTH PROVIDED IN PATIENT'S HOME
3194,0,2022-06-02,43,F,1,INTERNAL MEDICINE,CT,OFFICE
3316,0,2022-06-15,67,F,148,PULMONARY CRITICAL CARE MEDICINE,WV,HOSPITAL OUTPATIENT
1488,0,2022-06-17,34,M,1,UNKNOWN,UNKNOWN,INDEPENDENT LABORATORY
1273,0,2022-06-22,13,M,1,FAMILY MEDICINE,GA,OFFICE
307,0,2022-06-26,29,M,1,PEDIATRIC EMERGENCY MEDICINE (PEDIATRICS),LA,EMERGENCY ROOM - HOSPITAL
1222,0,2022-06-27,71,M,8,FAMILY MEDICINE,TX,Unknown
1651,0,2022-06-28,40,F,11,NEUROLOGY,IL,OFFICE
1387,0,2022-06-27,63,M,1,INTERNAL MEDICINE,ME,OFFICE
2618,0,2022-06-17,21,F,1,FAMILY MEDICINE,SC,EMERGENCY ROOM - HOSPITAL
1209,0,2022-06-20,68,F,1,EMERGENCY MEDICINE,NY,HOSPITAL OUTPATIENT
2409,0,2022-06-21,14,M,3,UNKNOWN,UNKNOWN,RURAL HEALTH CLINIC
2265,0,2022-06-17,55,F,41,UNKNOWN,UNKNOWN,INDEPENDENT LABORATORY
3999,0,2022-06-13,75,F,16,FAMILY MEDICINE,NJ,OFFICE
2574,0,2022-06-19,51,F,2,FAMILY MEDICINE,WA,OFFICE
1682,0,2022-06-27,42,M,3,NURSE PRACTITIONER,FL,WALK-IN RETAIL HEALTH CLINIC
986,0,2022-06-09,85,M,51,NURSE PRACTITIONER,KY,OFFICE
2123,0,2022-06-23,65,F,7,"ENDOCRINOLOGY, DIABETES & METABOLISM",MA,OFFICE
2757,0,2022-06-17,24,M,1,UNKNOWN,UNKNOWN,INDEPENDENT LABORATORY
851,0,2022-06-25,6,F,1,PEDIATRICS,FL,URGENT CARE FACILITY
1744,0,2022-07-13,85,F,15,NURSE PRACTITIONER,MS,Unknown
2423,1,2022-06-30,64,F,7,FAMILY MEDICINE,MN,Unknown
1718,0,2022-07-15,55,M,22,INTERNAL MEDICINE,LA,Unknown
3599,0,2022-07-01,28,M,2,FAMILY MEDICINE,CA,Unknown
2572,0,2022-07-08,59,F,50,FAMILY MEDICINE,NY,Unknown
287,0,2022-06-13,1,F,1,PEDIATRICS,NY,TELEHEALTH PROVIDED OTHER THAN IN PATIENT'S HOME
3527,0,2022-07-15,67,M,128,UNKNOWN,UNKNOWN,INDEPENDENT LABORATORY
1225,0,2022-06-16,59,M,12,NURSE PRACTITIONER,LA,OFFICE
1856,0,2022-07-21,73,F,18,FAMILY MEDICINE,CA,HOSPITAL - LABORATORY SERVICES PROVIDED TO NON-PATIENTS
3125,1,2022-06-23,25,M,2,NURSE PRACTITIONER,OH,Unknown
2961,0,2022-07-22,73,F,140,PHYSICAL MEDICINE & REHABILITATION,TX,Unknown
3446,0,2022-07-14,73,F,4,DERMATOLOGY,AZ,OFFICE
3875,0,2022-06-24,68,F,29,UNKNOWN,UNKNOWN,INDEPENDENT LABORATORY
1529,0,2022-06-23,43,F,2,NURSE PRACTITIONER,AR,TELEHEALTH PROVIDED OTHER THAN IN PATIENT'S HOME
3568,0,2022-06-27,79,F,34,INFECTIOUS DISEASE,PA,INPATIENT HOSPITAL
3023,0,2022-06-01,25,F,1,FAMILY MEDICINE,MD,TELEHEALTH PROVIDED OTHER THAN IN PATIENT'S HOME
1082,0,2022-06-15,8,F,1,PEDIATRICS,CT,OFFICE
3218,0,2022-06-28,66,F,3,FAMILY MEDICINE,TN,OFFICE
2007,0,2022-06-02,35,F,4,INTERNAL MEDICINE,CT,HOSPITAL OUTPATIENT
860,0,2022-06-10,60,M,79,ANATOMIC/CLINICAL PATHOLOGY,FL,INPATIENT HOSPITAL
2694,0,2022-07-08,74,F,31,UNKNOWN,UNKNOWN,AMBULANCE - LAND
1964,0,2022-06-17,36,M,1,UNKNOWN,UNKNOWN,TELEHEALTH PROVIDED IN PATIENT'S HOME
2271,0,2022-06-29,13,F,1,PEDIATRICS,NY,TELEHEALTH PROVIDED OTHER THAN IN PATIENT'S HOME
3417,0,2022-06-28,23,F,1,CARDIOVASCULAR DISEASE,FL,ON CAMPUS-OUTPATIENT HOSPITAL
3919,0,2022-07-21,68,M,16,PULMONARY CRITICAL CARE MEDICINE,CA,OFFICE
2923,0,2022-06-05,63,M,26,UNKNOWN,UNKNOWN,URGENT CARE FACILITY
1438,1,2022-06-13,42,F,4,FAMILY MEDICINE,AZ,Unknown
2321,0,2022-06-11,68,F,1,UNKNOWN,UNKNOWN,Unknown
3730,0,2022-07-15,85,F,18,NURSE PRACTITIONER,OH,Unknown
3280,0,2022-07-11,80,F,20,INTERNAL MEDICINE,UT,Unknown
3041,0,2022-06-24,67,F,39,NURSE PRACTITIONER,TX,Unknown
928,0,2022-06-10,47,F,5,FAMILY MEDICINE,CA,TELEHEALTH PROVIDED OTHER THAN IN PATIENT'S HOME
2333,0,2022-06-11,76,F,5,FAMILY MEDICINE,FL,CLINIC - RURAL HEALTH
993,0,2022-06-21,54,M,3,FAMILY MEDICINE,TX,OFFICE
3653,0,2022-06-27,55,F,49,EMERGENCY MEDICINE,NJ,HOSPITAL OUTPATIENT
265,0,2022-07-21,74,M,14,FAMILY MEDICINE,FL,OFFICE
1932,0,2022-06-12,11,F,2,EMERGENCY MEDICINE,CA,URGENT CARE FACILITY
3064,0,2022-06-22,50,M,5,INTERNAL MEDICINE,AZ,OFFICE
2815,0,2022-06-15,28,M,4,FAMILY MEDICINE,NY,URGENT CARE FACILITY
2475,0,2022-06-14,53,M,3,INTERNAL MEDICINE,CA,TELEHEALTH PROVIDED OTHER THAN IN PATIENT'S HOME
559,0,2022-06-01,4,F,1,EMERGENCY MEDICINE,MI,EMERGENCY ROOM - HOSPITAL
3123,0,2022-06-13,18,M,1,FAMILY MEDICINE,CA,TELEHEALTH PROVIDED OTHER THAN IN PATIENT'S HOME
2301,0,2022-07-07,67,F,7,INTERNAL MEDICINE,FL,UNASSIGNED
2558,0,2022-06-27,56,F,14,INTERNAL MEDICINE,VA,Unknown
1240,0,2022-07-22,66,F,36,PHYSICIAN ASSISTANT,VA,Unknown
2314,0,2022-06-30,64,M,59,FAMILY MEDICINE,MI,Unknown
756,0,2022-06-12,30,F,2,UNKNOWN,UNKNOWN,TELEHEALTH PROVIDED OTHER THAN IN PATIENT'S HOME
267,0,2022-06-21,26,M,3,FAMILY MEDICINE,MA,TELEHEALTH PROVIDED OTHER THAN IN PATIENT'S HOME
2038,0,2022-06-07,27,F,2,EMERGENCY MEDICINE,VA,EMERGENCY ROOM - HOSPITAL
2037,0,2022-06-13,23,M,12,NURSE PRACTITIONER,IN,OFFICE
2011,0,2022-06-08,67,M,26,NURSE PRACTITIONER,FL,URGENT CARE FACILITY
875,0,2022-07-11,59,M,22,INTERNAL MEDICINE,FL,Unknown
3026,0,2022-07-01,71,M,84,INTERNAL MEDICINE,HI,Unknown
3942,0,2022-07-06,55,M,17,NURSE PRACTITIONER,OH,Unknown
2768,0,2022-07-10,85,M,15,CARDIOVASCULAR DISEASE,IN,Unknown
896,0,2022-06-22,6,F,1,PHYSICIAN ASSISTANT,LA,URGENT CARE FACILITY
3574,0,2022-06-06,31,M,2,NURSE PRACTITIONER,MS,HOSPITAL OUTPATIENT
3791,0,2022-06-28,26,M,1,UNKNOWN,UNKNOWN,OFFICE
3720,0,2022-06-01,19,M,1,PHYSICIAN ASSISTANT,MD,HOSPITAL OUTPATIENT
3288,0,2022-06-03,18,F,1,INTERNAL MEDICINE,TN,OFFICE
627,0,2022-06-01,36,F,7,INTERNAL MEDICINE,PA,URGENT CARE FACILITY
97,0,2022-06-18,33,F,1,PHYSICIAN ASSISTANT,OH,URGENT CARE FACILITY
1330,0,2022-06-23,12,M,2,GENERAL PRACTICE,NY,URGENT CARE FACILITY
221,0,2022-06-25,1,F,2,FAMILY MEDICINE,NH,OFFICE
2696,0,2022-07-03,72,M,1,UROLOGY,NY,Unknown
2687,1,2022-07-02,76,M,66,PULMONARY CRITICAL CARE MEDICINE,NV,Unknown
3944,0,2022-06-02,75,M,17,INTERNAL MEDICINE,TN,Unknown
2367,0,2022-06-27,84,M,5,UNKNOWN,UNKNOWN,INDEPENDENT LABORATORY
3792,0,2022-07-22,80,F,55,FAMILY MEDICINE,AL,UNASSIGNED
2847,0,2022-06-29,31,F,1,OBSTETRICS & GYNECOLOGY,WA,OFFICE
3873,0,2022-07-22,52,F,13,GASTROENTEROLOGY,MA,ON CAMPUS-OUTPATIENT HOSPITAL
1814,0,2022-06-03,33,F,2,UNKNOWN,UNKNOWN,INDEPENDENT LABORATORY
2956,0,2022-06-12,69,F,7,UNKNOWN,UNKNOWN,URGENT CARE FACILITY
1787,0,2022-06-06,26,M,10,NURSE PRACTITIONER,MS,HOSPITAL OUTPATIENT
2282,0,2022-06-28,53,M,12,FAMILY MEDICINE,IL,EMERGENCY ROOM - HOSPITAL
492,0,2022-06-20,3,F,1,NURSE PRACTITIONER,NC,OFFICE
1649,0,2022-06-25,26,F,10,EMERGENCY MEDICINE,CA,TELEHEALTH PROVIDED OTHER THAN IN PATIENT'S HOME
3379,0,2022-06-29,58,F,1,UNKNOWN,UNKNOWN,INDEPENDENT LABORATORY
225,0,2022-06-28,1,M,1,PEDIATRICS,NY,OFFICE
55,0,2022-06-13,66,F,1,UNKNOWN,UNKNOWN,URGENT CARE FACILITY
2920,0,2022-06-27,79,M,122,PULMONARY DISEASE,NJ,Unknown
1782,0,2022-07-20,81,F,25,NURSE PRACTITIONER,FL,Unknown
2986,0,2022-06-15,70,F,22,INTERNAL MEDICINE,CA,Unknown
2584,0,2022-07-09,71,M,25,"ENDOCRINOLOGY, DIABETES & METABOLISM",PA,Unknown
1031,0,2022-06-18,40,F,1,PHYSICIAN ASSISTANT,CA,URGENT CARE FACILITY
343,0,2022-06-21,1,F,4,PEDIATRICS,TX,OFFICE
3247,0,2022-06-07,42,F,8,PHYSICIAN ASSISTANT,FL,FEDERALLY QUALIFIED HEALTH CENTER
3601,0,2022-06-04,25,F,1,EMERGENCY MEDICINE,CO,EMERGENCY ROOM - HOSPITAL
1168,0,2022-06-13,59,M,75,PHYSICIAN ASSISTANT,FL,OTHER PLACE OF SERVICE
3394,0,2022-06-15,47,M,12,NURSE PRACTITIONER,TX,OFFICE
320,0,2022-06-20,6,F,1,EMERGENCY MEDICINE,CA,EMERGENCY ROOM - HOSPITAL
1105,0,2022-06-17,28,F,2,NURSE PRACTITIONER,TX,OFFICE
2767,0,2022-06-13,50,M,1,INTERNAL MEDICINE,NV,OFFICE
3606,0,2022-06-01,70,F,2,EMERGENCY MEDICINE,NY,HOSPITAL OUTPATIENT
3469,0,2022-06-06,46,F,8,NURSE PRACTITIONER,OH,HOSPITAL OUTPATIENT
3991,0,2022-06-12,47,M,5,INTERNAL MEDICINE,VA,Unknown
797,0,2022-07-10,63,F,12,GENERAL PRACTICE,NV,Unknown
1348,0,2022-07-17,81,M,11,UNKNOWN,UNKNOWN,OTHER PLACE OF SERVICE
3627,0,2022-06-10,30,F,1,UNKNOWN,UNKNOWN,INDEPENDENT LABORATORY
2599,0,2022-07-12,65,F,83,INTERNAL MEDICINE,AZ,OFFICE
2690,0,2022-06-10,45,F,1,FAMILY MEDICINE,IN,OFFICE
236,0,2022-06-22,62,F,1,NURSE PRACTITIONER,WA,URGENT CARE FACILITY
1938,0,2022-06-21,11,M,1,NURSE PRACTITIONER,AL,OFFICE
2859,0,2022-07-20,70,F,26,FAMILY MEDICINE,KS,Unknown
1440,0,2022-07-19,85,F,23,PHYSICIAN ASSISTANT,WI,Unknown
721,0,2022-07-12,29,F,3,UNKNOWN,UNKNOWN,Unknown
1110,0,2022-06-30,39,F,1,FAMILY MEDICINE,TX,OFFICE
2130,0,2022-06-27,40,M,1,GENERAL PRACTICE,TN,TELEHEALTH PROVIDED OTHER THAN IN PATIENT'S HOME
1662,0,2022-06-21,36,F,6,FAMILY MEDICINE,TX,TELEHEALTH PROVIDED OTHER THAN IN PATIENT'S HOME
2896,0,2022-06-03,33,F,5,UNKNOWN,UNKNOWN,INDEPENDENT LABORATORY
3639,0,2022-07-06,75,F,10,OTOLARYNGOLOGY,MA,OFFICE
643,0,2022-06-30,37,M,2,UNKNOWN,UNKNOWN,URGENT CARE FACILITY
1162,0,2022-07-20,45,M,56,GERIATRIC MEDICINE (FAMILY MEDICINE),KY,OFFICE
3298,0,2022-06-10,59,M,9,DERMATOLOGY,MI,OFFICE
3327,0,2022-06-11,17,M,1,PEDIATRICS,CT,OFFICE
425,0,2022-07-06,36,M,15,"ENDOCRINOLOGY, DIABETES & METABOLISM",MA,OFFICE
1783,0,2022-06-09,16,M,1,PHYSICIAN ASSISTANT,NY,URGENT CARE FACILITY
2285,0,2022-07-05,66,F,4,INTERNAL MEDICINE,CA,TELEHEALTH PROVIDED OTHER THAN IN PATIENT'S HOME
3183,0,2022-06-23,63,F,4,NEUROLOGY,MD,Unknown
1332,0,2022-07-15,66,M,12,NURSE PRACTITIONER,IN,Unknown
1761,0,2022-06-22,85,M,4,EMERGENCY MEDICINE,MN,EMERGENCY ROOM - HOSPITAL
1960,0,2022-06-03,30,F,5,UNKNOWN,UNKNOWN,URGENT CARE FACILITY
2592,0,2022-06-10,56,F,4,NURSE PRACTITIONER,CT,Unknown
1094,0,2022-06-01,50,F,59,UNKNOWN,UNKNOWN,URGENT CARE FACILITY
1000,0,2022-06-21,38,M,5,PSYCHOLOGY,NJ,TELEHEALTH PROVIDED IN PATIENT'S HOME
2910,0,2022-07-22,74,M,18,EMERGENCY MEDICINE,TX,HOSPITAL OUTPATIENT
1402,0,2022-06-07,34,M,2,NURSE PRACTITIONER,FL,URGENT CARE FACILITY
450,0,2022-06-21,48,F,1,PHYSICIAN ASSISTANT,IL,URGENT CARE FACILITY
3770,0,2022-06-23,67,M,50,EMERGENCY MEDICINE,MI,HOSPITAL OUTPATIENT
927,0,2022-06-13,66,M,26,INFECTIOUS DISEASE,AZ,INPATIENT HOSPITAL
2871,0,2022-06-04,64,M,9,UNKNOWN,UNKNOWN,URGENT CARE FACILITY
2389,0,2022-07-21,37,F,3,UNKNOWN,UNKNOWN,TELEHEALTH PROVIDED OTHER THAN IN PATIENT'S HOME
1390,0,2022-07-07,52,M,2,ALLERGY & IMMUNOLOGY,CA,OFFICE
408,0,2022-06-14,2,F,4,EMERGENCY MEDICINE,LA,EMERGENCY ROOM - HOSPITAL
