PHYSICIAN_ID,STATE,PHYSICIAN_TYPE,GENDER,BIRTH_YEAR
1,TX,PHYSICAL THERAPY,,
2,IN,PHYSICIAN ASSISTANT,,
3,CA,EMERGENCY MEDICINE,,
4,TX,NURSE PRACTITIONER,,
5,WA,EMERGENCY MEDICINE,,
6,OH,NURSE PRACTITIONER,,
7,MS,NURSE PRACTITIONER,,
8,CA,FAMILY MEDICINE,,
9,SC,PHYSICIAN ASSISTANT,,
10,NJ,NURSE PRACTITIONER,,
11,TX,NURSE PRACTITIONER,,
12,TX,NURSE PRACTITIONER,,
13,TN,NURSE PRACTITIONER,,
14,MO,NURSE PRACTITIONER,,
15,PA,NURSE PRACTITIONER,,
16,TN,NURSE PRACTITIONER,,
17,AK,CASE MANAGER / CARE COORDINATOR,,
18,TX,PHYSICIAN ASSISTANT,,
19,TX,NURSE PRACTITIONER,,
20,FL,NURSE PRACTITIONER,,
21,FL,PHYSICAL THERAPY,,
22,TX,PHYSICIAN ASSISTANT,,
23,CA,NURSE PRACTITIONER,,
24,CA,NURSE PRACTITIONER,,
25,MA,PHYSICIAN ASSISTANT,,
26,FL,NURSE PRACTITIONER,,
27,WA,NURSE PRACTITIONER,,
28,GA,NURSE PRACTITIONER,,
29,MD,PHYSICIAN ASSISTANT,,
30,KY,PHYSICIAN ASSISTANT,,
31,AZ,PHYSICIAN ASSISTANT,,
32,NY,PHYSICAL THERAPY,,
33,CO,PHYSICIAN ASSISTANT,,
34,NV,EMERGENCY MEDICINE,,
35,WA,NURSE PRACTITIONER,,
36,VA,NURSE PRACTITIONER,,
37,FL,PHYSICIAN ASSISTANT,,
38,WA,NURSE PRACTITIONER,,
39,NJ,CHIROPRACTIC,,
40,MD,CERTIFIED NURSE ANESTHETIST,,
41,MT,PHYSICIAN ASSISTANT,,
42,TX,PHYSICAL THERAPY,,
43,HI,PHYSICIAN ASSISTANT,,
44,MD,PHYSICIAN ASSISTANT,,
45,NC,PHYSICIAN ASSISTANT,,
46,PA,PHYSICAL THERAPY,,
47,NY,NURSE PRACTITIONER,,
48,CO,PHYSICIAN ASSISTANT,,
49,IL,OCCUPATIONAL THERAPY,,
50,TX,PHYSICIAN ASSISTANT,,
51,OH,PSYCHOLOGY,,
52,NJ,PHYSICIAN ASSISTANT,,
53,SC,NURSE PRACTITIONER,,
54,TX,PHYSICIAN ASSISTANT,,
55,AL,NURSE PRACTITIONER,,
56,PA,PHYSICIAN ASSISTANT,,
57,HI,PHYSICIAN ASSISTANT,,
58,FL,NURSE PRACTITIONER,,
59,MI,PHYSICIAN ASSISTANT,,
60,NJ,PHYSICIAN ASSISTANT,,
61,LA,PHYSICIAN ASSISTANT,,
62,CT,PHYSICIAN ASSISTANT,,
63,CA,DENTIST,,
64,FL,NURSE PRACTITIONER,,
65,TX,FAMILY MEDICINE,,
66,NE,NURSE PRACTITIONER,,
67,CO,PHYSICAL THERAPY,,
68,MI,FAMILY MEDICINE,,
69,WA,PHYSICIAN ASSISTANT,,
70,MI,PHYSICIAN ASSISTANT,,
71,CO,NURSE PRACTITIONER,,
72,IL,CLINICAL SOCIAL WORKER,,
73,IL,BEHAVIORAL HEALTH & SOCIAL SERVICES,,
74,FL,PHYSICAL THERAPY,,
75,GA,PHYSICAL THERAPY,,
76,DE,NURSE PRACTITIONER,,
77,IN,PHYSICIAN ASSISTANT,,
78,MA,PHYSICIAN ASSISTANT,,
79,GA,NURSE PRACTITIONER,,
80,MD,"STUDENT, HEALTH CARE",,
81,TX,NURSE PRACTITIONER,,
82,AK,BEHAVIORAL HEALTH & SOCIAL SERVICES,,
83,LA,NURSE PRACTITIONER,,
84,MA,INTERNAL MEDICINE,,
85,AR,NURSE PRACTITIONER,,
86,CT,NURSE PRACTITIONER,,
87,CA,PHYSICIAN ASSISTANT,,
88,TX,NURSE PRACTITIONER,,
89,TN,NURSE PRACTITIONER,,
90,AZ,NURSE PRACTITIONER,,
91,TX,OCCUPATIONAL THERAPY,,
92,IN,NURSE PRACTITIONER,,
93,GA,NURSE PRACTITIONER,,
94,FL,PHYSICIAN ASSISTANT,,
95,TN,NURSE PRACTITIONER,,
96,MI,PHYSICIAN ASSISTANT,,
97,TN,PHYSICIAN ASSISTANT,,
98,TN,NURSE PRACTITIONER,,
99,MD,NURSE PRACTITIONER,,
100,KY,NURSE PRACTITIONER,,
101,IN,NURSE PRACTITIONER,,
102,WA,PHYSICIAN ASSISTANT,,
103,GA,NURSE PRACTITIONER,,
104,CA,NURSE PRACTITIONER,,
105,IN,PHYSICAL THERAPY,,
106,TN,PHYSICIAN ASSISTANT,,
107,OR,PHYSICIAN ASSISTANT,,
108,NE,PHYSICIAN ASSISTANT,,
109,FL,PHYSICIAN ASSISTANT,,
110,OH,NURSE PRACTITIONER,,
111,CA,NURSE PRACTITIONER,,
112,NC,NURSE PRACTITIONER,,
113,OH,PHYSICIAN ASSISTANT,,
114,MT,PHYSICIAN ASSISTANT,,
115,OH,NURSE PRACTITIONER,,
116,NY,INTERNAL MEDICINE,,
117,MI,PHYSICIAN ASSISTANT,,
118,SC,NURSE PRACTITIONER,,
119,CT,PHYSICIAN ASSISTANT,,
120,TX,NURSE PRACTITIONER,,
121,CA,PHYSICIAN ASSISTANT,,
122,MD,PHYSICIAN ASSISTANT,,
123,OR,NURSE PRACTITIONER,,
124,CA,PHYSICIAN ASSISTANT,,
125,MD,NURSE PRACTITIONER,,
126,TX,PHYSICAL THERAPY,,
127,LA,NURSE PRACTITIONER,,
128,TN,PHYSICIAN ASSISTANT,,
129,MS,NURSE PRACTITIONER,,
130,OH,NURSE PRACTITIONER,,
131,CA,NURSE PRACTITIONER,,
132,MO,PHYSICIAN ASSISTANT,,
133,OH,INTERVENTIONAL CARDIOLOGY,,
134,TX,NURSE PRACTITIONER,,
135,WA,NURSE PRACTITIONER,,
136,OR,PHYSICIAN ASSISTANT,,
137,TN,NURSE PRACTITIONER,,
138,CA,PHYSICIAN ASSISTANT,,
139,NY,PHYSICAL THERAPY,,
140,AZ,BEHAVIORAL HEALTH & SOCIAL SERVICES,,
141,MS,NURSE PRACTITIONER,,
142,TX,NURSE PRACTITIONER,,
143,NE,NURSE PRACTITIONER,,
144,OK,PHYSICIAN ASSISTANT,,
145,TN,PHYSICIAN ASSISTANT,,
146,AZ,NURSE PRACTITIONER,,
147,WA,NURSE PRACTITIONER,,
148,MS,NURSE PRACTITIONER,,
149,FL,NURSE PRACTITIONER,,
150,AL,NURSE PRACTITIONER,,
151,LA,PHYSICIAN ASSISTANT,,
152,CA,PHYSICIAN ASSISTANT,,
153,IL,NURSE PRACTITIONER,,
154,PR,GENERAL PRACTICE,,
155,MN,PHYSICIAN ASSISTANT,,
156,MA,NURSE PRACTITIONER,,
157,NC,PHYSICIAN ASSISTANT,,
158,OK,PHYSICIAN ASSISTANT,,
159,NY,PHYSICIAN ASSISTANT,,
160,CA,NURSE PRACTITIONER,,
161,CA,PHYSICAL THERAPY,,
162,IN,PHYSICIAN ASSISTANT,,
163,GA,PHYSICAL THERAPY,,
164,LA,PHYSICIAN ASSISTANT,,
165,WA,NURSE PRACTITIONER,,
166,PA,PHYSICIAN ASSISTANT,,
167,MI,CERTIFIED NURSE ANESTHETIST,,
168,NH,NURSE PRACTITIONER,,
169,AZ,NURSE PRACTITIONER,,
170,LA,NURSE PRACTITIONER,,
171,CA,REGISTERED DIETICIAN,,
172,IA,NURSE PRACTITIONER,,
173,MI,INTERNAL MEDICINE,,
174,NH,PHYSICIAN ASSISTANT,,
175,OK,NURSE PRACTITIONER,,
176,CA,NURSE PRACTITIONER,,
177,AR,NURSE PRACTITIONER,,
178,TN,PHYSICIAN ASSISTANT,,
179,MS,NURSE PRACTITIONER,,
180,TX,NURSE PRACTITIONER,,
181,SD,PHYSICAL THERAPY,,
182,CA,OPTOMETRIST,,
183,VA,EMERGENCY MEDICINE,,
184,CO,NURSE PRACTITIONER,,
185,OH,OPTOMETRIST,,
186,NC,PHYSICIAN ASSISTANT,,
187,MO,PHYSICAL THERAPY,,
188,CO,PHYSICAL THERAPY,,
189,WI,PHYSICIAN ASSISTANT,,
190,MO,PHYSICIAN ASSISTANT,,
191,CA,PHYSICIAN ASSISTANT,,
192,UT,PHYSICIAN ASSISTANT,,
193,AR,NURSE PRACTITIONER,,
194,AZ,NURSE PRACTITIONER,,
195,IN,PHYSICAL THERAPY,,
196,IN,NURSE PRACTITIONER,,
197,MI,DIAGNOSTIC RADIOLOGY,,
198,AZ,OPTOMETRIST,,
199,NJ,PHYSICIAN ASSISTANT,,
200,FL,PHYSICIAN ASSISTANT,,
201,OH,PHYSICIAN ASSISTANT,,
202,IL,PHYSICIAN ASSISTANT,,
203,MA,PHYSICIAN ASSISTANT,,
204,MA,NEUROLOGY,,
205,MI,MOLECULAR GENETIC PATHOLOGY (PATHOLOGY),,
206,FL,PHYSICIAN ASSISTANT,,
207,GA,PHYSICIAN ASSISTANT,,
208,IL,"STUDENT, HEALTH CARE",,
209,CA,ANCILLARY SERVICES,,
210,NH,NURSE PRACTITIONER,,
211,MN,"STUDENT, HEALTH CARE",,
212,IL,PHYSICIAN ASSISTANT,,
213,FL,PHYSICIAN ASSISTANT,,
214,NY,NURSE PRACTITIONER,,
215,MA,PHYSICIAN ASSISTANT,,
216,NC,PHYSICIAN ASSISTANT,,
217,IL,INTERNAL MEDICINE,,
218,OH,EMERGENCY MEDICINE,,
219,IN,NURSE PRACTITIONER,,
220,SC,PHYSICIAN ASSISTANT,,
221,DC,BEHAVIORAL HEALTH & SOCIAL SERVICES,,
222,MN,INTERNAL MEDICINE,,
223,CA,PHYSICIAN ASSISTANT,,
224,TX,INTERNAL MEDICINE,,
225,MN,PHYSICIAN ASSISTANT,,
226,NY,INTERNAL MEDICINE,,
227,AZ,RADIATION ONCOLOGY,,
228,NY,PHYSICIAN ASSISTANT,,
229,CA,OPTOMETRIST,,
230,IL,NURSE PRACTITIONER,,
231,NE,NURSE PRACTITIONER,,
232,PA,PHYSICAL THERAPY,,
233,NY,NURSE PRACTITIONER,,
234,CO,PHYSICIAN ASSISTANT,,
235,NC,EMERGENCY MEDICINE,,
236,NY,PHYSICIAN ASSISTANT,,
237,NM,PHYSICIAN ASSISTANT,,
238,MI,PHYSICIAN ASSISTANT,,
239,VA,PHYSICIAN ASSISTANT,,
240,WI,PHYSICIAN ASSISTANT,,
241,ME,PHYSICIAN ASSISTANT,,
242,VA,PHYSICAL THERAPY,,
243,OH,CASE MANAGER / CARE COORDINATOR,,
244,AR,PHYSICIAN ASSISTANT,,
245,NY,EMERGENCY MEDICINE,,
246,IA,PHYSICIAN ASSISTANT,,
247,OH,NURSE PRACTITIONER,,
248,NY,DIAGNOSTIC RADIOLOGY,,
249,NY,THORACIC SURGERY,,
250,KS,NURSE PRACTITIONER,,
251,MD,NURSE PRACTITIONER,,
252,WA,NURSE PRACTITIONER,,
253,CA,PHYSICIAN ASSISTANT,,
254,ME,PHYSICIAN ASSISTANT,,
255,CA,NURSE PRACTITIONER,,
256,NY,PHYSICIAN ASSISTANT,,
257,LA,NURSE PRACTITIONER,,
258,NC,PHYSICIAN ASSISTANT,,
259,TN,NURSE PRACTITIONER,,
260,LA,NURSE PRACTITIONER,,
261,AL,NURSE PRACTITIONER,,
262,NC,PHYSICIAN ASSISTANT,,
263,VA,PHYSICIAN ASSISTANT,,
264,MD,NURSE PRACTITIONER,,
265,LA,NURSE PRACTITIONER,,
266,WA,NURSE PRACTITIONER,,
267,SC,EMERGENCY MEDICINE,,
268,AZ,NURSE PRACTITIONER,,
269,CA,PHYSICIAN ASSISTANT,,
270,IN,NURSE PRACTITIONER,,
271,TX,CERTIFIED NURSE ANESTHETIST,,
272,MS,NURSE PRACTITIONER,,
273,MD,NURSE PRACTITIONER,,
274,FL,NURSE PRACTITIONER,,
275,CO,PHYSICAL THERAPY,,
276,MD,BEHAVIORAL HEALTH & SOCIAL SERVICES,,
277,CT,PHYSICIAN ASSISTANT,,
278,CA,PHYSICIAN ASSISTANT,,
279,OH,CASE MANAGER / CARE COORDINATOR,,
280,NC,PHYSICIAN ASSISTANT,,
281,FL,NURSE PRACTITIONER,,
282,TX,PHYSICIAN ASSISTANT,,
283,MI,PHYSICIAN ASSISTANT,,
284,MO,PHYSICIAN ASSISTANT,,
285,FL,PHYSICIAN ASSISTANT,,
286,MD,PHYSICIAN ASSISTANT,,
287,TN,NURSE PRACTITIONER,,
288,HI,NURSE PRACTITIONER,,
289,HI,PSYCHOLOGY,,
290,WA,PHYSICIAN ASSISTANT,,
291,TN,PHYSICIAN ASSISTANT,,
292,DE,REGISTERED DIETICIAN,,
293,TN,CERTIFIED NURSE ANESTHETIST,,
294,NY,PHYSICIAN ASSISTANT,,
295,CA,NURSE PRACTITIONER,,
296,IN,PHYSICIAN ASSISTANT,,
297,IN,PHYSICIAN ASSISTANT,,
298,NJ,PHYSICIAN ASSISTANT,,
299,VA,NURSE PRACTITIONER,,
300,IN,PHYSICIAN ASSISTANT,,
301,PR,GENERAL PRACTICE,,
302,TN,NURSE PRACTITIONER,,
303,WA,NURSE PRACTITIONER,,
304,MI,PEDIATRICS,,
305,TX,NURSE PRACTITIONER,,
306,MI,NURSE PRACTITIONER,,
307,MN,PHYSICIAN ASSISTANT,,
308,TX,PHYSICIAN ASSISTANT,,
309,FL,PHYSICIAN ASSISTANT,,
310,CA,PHYSICIAN ASSISTANT,,
311,CA,PHYSICIAN ASSISTANT,,
312,NM,PHYSICIAN ASSISTANT,,
313,IA,NURSE PRACTITIONER,,
314,CA,FAMILY MEDICINE,,
315,FL,NURSE PRACTITIONER,,
316,TX,PERFUSIONIST,,
317,WA,PHYSICIAN ASSISTANT,,
318,PA,NURSE PRACTITIONER,,
319,FL,NURSE PRACTITIONER,,
320,MI,PHYSICIAN ASSISTANT,,
321,PA,PHYSICIAN ASSISTANT,,
322,CA,NURSE PRACTITIONER,,
323,AZ,PHYSICIAN ASSISTANT,,
324,WA,PHYSICIAN ASSISTANT,,
325,KY,PHYSICIAN ASSISTANT,,
326,GA,PHYSICIAN ASSISTANT,,
327,CA,PHYSICIAN ASSISTANT,,
328,CO,PHYSICIAN ASSISTANT,,
329,DE,NURSE PRACTITIONER,,
330,VA,PHYSICIAN ASSISTANT,,
331,GA,PHYSICIAN ASSISTANT,,
332,MI,PHYSICAL THERAPY,,
333,CA,REGISTERED DIETICIAN,,
334,KY,NURSE PRACTITIONER,,
335,NC,NURSE PRACTITIONER,,
336,FL,NURSE PRACTITIONER,,
337,MI,NURSE PRACTITIONER,,
338,NY,NURSE PRACTITIONER,,
339,NY,PHYSICIAN ASSISTANT,,
340,WA,PHYSICIAN ASSISTANT,,
341,CA,PHYSICIAN ASSISTANT,,
342,FL,PHYSICIAN ASSISTANT,,
343,MI,PHYSICIAN ASSISTANT,,
344,CO,PHYSICIAN ASSISTANT,,
345,RI,NURSE PRACTITIONER,,
346,NC,PHYSICIAN ASSISTANT,,
347,TX,NURSE PRACTITIONER,,
348,OH,NURSE PRACTITIONER,,
349,MI,PHYSICIAN ASSISTANT,,
350,IL,FAMILY MEDICINE,,
351,TX,PHYSICIAN ASSISTANT,,
352,AL,NURSE PRACTITIONER,,
353,VA,PHYSICAL THERAPY,,
354,SC,PHYSICIAN ASSISTANT,,
355,TX,PHYSICIAN ASSISTANT,,
356,CO,PHYSICIAN ASSISTANT,,
357,PA,PHYSICAL THERAPY,,
358,LA,PHYSICIAN ASSISTANT,,
359,CA,INTERNAL MEDICINE,,
360,DE,NURSE PRACTITIONER,,
361,VA,INTERNAL MEDICINE,,
362,LA,NURSE PRACTITIONER,,
363,NY,NURSE PRACTITIONER,,
364,NY,NURSE PRACTITIONER,,
365,VA,NURSE PRACTITIONER,,
366,NJ,PHYSICIAN ASSISTANT,,
367,FL,PHYSICIAN ASSISTANT,,
368,MI,PHYSICIAN ASSISTANT,,
369,NY,PHYSICIAN ASSISTANT,,
370,NY,PHYSICIAN ASSISTANT,,
371,TX,NURSE PRACTITIONER,,
372,LA,NURSE PRACTITIONER,,
373,NY,NURSE PRACTITIONER,,
374,DE,NURSE PRACTITIONER,,
375,VA,PHYSICIAN ASSISTANT,,
376,VA,PHYSICIAN ASSISTANT,,
377,TX,NURSE PRACTITIONER,,
378,AR,NURSE PRACTITIONER,,
379,SD,NURSE PRACTITIONER,,
380,NY,PHYSICIAN ASSISTANT,,
381,TN,NURSE PRACTITIONER,,
382,DE,NURSE PRACTITIONER,,
383,NY,NURSE PRACTITIONER,,
384,PR,GENERAL PRACTICE,,
385,CA,PHYSICIAN ASSISTANT,,
386,MN,PHYSICIAN ASSISTANT,,
387,NY,PHYSICIAN ASSISTANT,,
388,MA,FAMILY MEDICINE,,
389,MD,NURSE PRACTITIONER,,
390,NM,NURSE PRACTITIONER,,
391,MA,NURSE PRACTITIONER,,
392,CA,OPHTHALMOLOGY,,
393,IN,PHYSICIAN ASSISTANT,,
394,NY,NURSE PRACTITIONER,,
395,NV,CERTIFIED NURSE ANESTHETIST,,
396,TX,NURSE PRACTITIONER,,
397,NY,NURSE PRACTITIONER,,
398,OH,PHYSICIAN ASSISTANT,,
399,NY,NURSE PRACTITIONER,,
400,RI,NURSE PRACTITIONER,,
401,IL,PHYSICIAN ASSISTANT,,
402,MI,PHYSICIAN ASSISTANT,,
403,NJ,PHYSICIAN ASSISTANT,,
404,TX,PHYSICIAN ASSISTANT,,
405,NC,NURSE PRACTITIONER,,
406,WA,PHYSICAL THERAPY,,
407,LA,NURSE PRACTITIONER,,
408,CA,FAMILY MEDICINE,,
409,FL,EMERGENCY MEDICINE,,
410,TN,NURSE PRACTITIONER,,
411,NH,PHYSICIAN ASSISTANT,,
412,NY,PHYSICAL THERAPY,,
413,IN,NURSE PRACTITIONER,,
414,IN,CERTIFIED NURSE ANESTHETIST,,
415,NY,NURSE PRACTITIONER,,
416,LA,NURSE PRACTITIONER,,
417,PA,DENTIST,,
418,GA,NURSE PRACTITIONER,,
419,FL,PHYSICIAN ASSISTANT,,
420,KY,NURSE PRACTITIONER,,
421,AR,EMERGENCY MEDICINE,,
422,SD,OPTOMETRIST,,
423,NY,EMERGENCY MEDICINE,,
424,OH,NURSE PRACTITIONER,,
425,CA,PHYSICIAN ASSISTANT,,
426,PR,CERTIFIED NURSE ANESTHETIST,,
427,NV,FAMILY MEDICINE,,
428,NJ,"STUDENT, HEALTH CARE",,
429,NY,PHYSICIAN ASSISTANT,,
430,MI,PHYSICIAN ASSISTANT,,
431,NC,PHYSICIAN ASSISTANT,,
432,CA,NURSE PRACTITIONER,,
433,WA,NURSE PRACTITIONER,,
434,MI,PHYSICIAN ASSISTANT,,
435,KY,NURSE PRACTITIONER,,
436,NY,NURSE PRACTITIONER,,
437,MI,PHYSICIAN ASSISTANT,,
438,CA,FAMILY MEDICINE,,
439,MI,PSYCHIATRY,,
440,MN,INTERNAL MEDICINE,,
441,MN,PHYSICIAN ASSISTANT,,
442,CA,PHYSICIAN ASSISTANT,,
443,CA,NURSE PRACTITIONER,,
444,MS,NURSE PRACTITIONER,,
445,MS,NURSE PRACTITIONER,,
446,MS,NURSE PRACTITIONER,,
447,MS,NURSE PRACTITIONER,,
448,FL,NURSE PRACTITIONER,,
449,PR,EMERGENCY MEDICINE,,
450,TX,NURSE PRACTITIONER,,
451,IL,PLASTIC SURGERY,,
452,MA,PHYSICIAN ASSISTANT,,
453,WI,NURSE PRACTITIONER,,
454,NY,DENTIST,,
455,CA,PHYSICIAN ASSISTANT,,
456,CA,DERMATOLOGY,,
457,NE,PHYSICIAN ASSISTANT,,
458,NY,DERMATOLOGY,,
459,FL,GENERAL PRACTICE,,
460,NJ,OCCUPATIONAL THERAPY,,
461,FL,NURSE PRACTITIONER,,
462,OH,NURSE PRACTITIONER,,
463,CA,PHYSICIAN ASSISTANT,,
464,WA,NURSE PRACTITIONER,,
465,VA,INTERNAL MEDICINE,,
466,VA,PHYSICIAN ASSISTANT,,
467,NJ,"STUDENT, HEALTH CARE",,
468,MI,NURSE PRACTITIONER,,
469,MI,PHYSICIAN ASSISTANT,,
470,WA,NURSE PRACTITIONER,,
471,FL,NURSE PRACTITIONER,,
472,AZ,NURSE PRACTITIONER,,
473,NV,PHYSICIAN ASSISTANT,,
474,MN,PHYSICIAN ASSISTANT,,
475,IN,PHYSICIAN ASSISTANT,,
476,IN,NURSE PRACTITIONER,,
477,OH,EMERGENCY MEDICINE,,
478,OH,DIAGNOSTIC RADIOLOGY,,
479,LA,CERTIFIED NURSE ANESTHETIST,,
480,LA,INTERNAL MEDICINE,,
481,AL,NURSE PRACTITIONER,,
482,LA,FAMILY MEDICINE,,
483,MA,INTERNAL MEDICINE,,
484,MN,ORTHOPEDIC SURGERY,,
485,LA,ANCILLARY SERVICES,,
486,WA,PHYSICIAN ASSISTANT,,
487,CA,FAMILY MEDICINE,,
488,FL,EMERGENCY MEDICINE,,
489,IN,PHYSICIAN ASSISTANT,,
490,OH,PHYSICIAN ASSISTANT,,
491,MN,FAMILY MEDICINE,,
492,AL,NURSE PRACTITIONER,,
493,CA,NURSE PRACTITIONER,,
494,ID,NURSE PRACTITIONER,,
495,TX,INTERNAL MEDICINE,,
496,NC,NURSE PRACTITIONER,,
497,MI,PHYSICIAN ASSISTANT,,
498,IL,PHYSICIAN ASSISTANT,,
499,MN,PHYSICIAN ASSISTANT,,
500,FL,NURSE PRACTITIONER,,
501,AL,NURSE PRACTITIONER,,
502,MO,PHYSICIAN ASSISTANT,,
503,CA,FAMILY MEDICINE,,
504,NY,PHYSICIAN ASSISTANT,,
505,NY,PHYSICIAN ASSISTANT,,
506,IA,NURSE PRACTITIONER,,
507,VA,PHYSICIAN ASSISTANT,,
508,AL,NURSE PRACTITIONER,,
509,NM,PHYSICIAN ASSISTANT,,
510,AZ,CHIROPRACTIC,,
511,MO,PHYSICIAN ASSISTANT,,
512,MS,NURSE PRACTITIONER,,
513,IN,NURSE PRACTITIONER,,
514,AK,BEHAVIORAL HEALTH & SOCIAL SERVICES,,
515,IN,PHYSICIAN ASSISTANT,,
516,FL,CERTIFIED NURSE ANESTHETIST,,
517,CA,PHYSICAL THERAPY,,
518,MA,REGISTERED DIETICIAN,,
519,AZ,NURSE PRACTITIONER,,
520,CA,NURSE PRACTITIONER,,
521,FL,PHYSICIAN ASSISTANT,,
522,CA,NURSE PRACTITIONER,,
523,TX,NURSE PRACTITIONER,,
524,OH,FAMILY MEDICINE,,
525,OK,NURSE PRACTITIONER,,
526,TX,NURSE PRACTITIONER,,
527,IN,NURSE PRACTITIONER,,
528,GA,PHYSICIAN ASSISTANT,,
529,NV,NURSE PRACTITIONER,,
530,OR,PHYSICIAN ASSISTANT,,
531,IA,NURSE PRACTITIONER,,
532,AR,NURSE PRACTITIONER,,
533,AZ,PHYSICIAN ASSISTANT,,
534,FL,PHYSICIAN ASSISTANT,,
535,IN,PHYSICAL THERAPY,,
536,NY,PHYSICIAN ASSISTANT,,
537,NC,PHYSICIAN ASSISTANT,,
538,FL,NURSE PRACTITIONER,,
539,CA,NURSE PRACTITIONER,,
540,PA,EMERGENCY MEDICINE,,
541,TX,NURSE PRACTITIONER,,
542,AL,NURSE PRACTITIONER,,
543,LA,CLINICAL SOCIAL WORKER,,
544,UT,PHYSICIAN ASSISTANT,,
545,TN,NURSE PRACTITIONER,,
546,CT,FAMILY MEDICINE,,
547,AZ,NURSE PRACTITIONER,,
548,SC,NURSE PRACTITIONER,,
549,NJ,PHYSICIAN ASSISTANT,,
550,CA,NURSE PRACTITIONER,,
551,FL,NURSE PRACTITIONER,,
552,FL,NURSE PRACTITIONER,,
553,MD,PHYSICIAN ASSISTANT,,
554,TX,PHYSICIAN ASSISTANT,,
555,FL,NURSE PRACTITIONER,,
556,NJ,PHYSICIAN ASSISTANT,,
557,TX,NURSE PRACTITIONER,,
558,FL,NURSE PRACTITIONER,,
559,AL,NURSE PRACTITIONER,,
560,MD,NURSE PRACTITIONER,,
561,AZ,PHYSICAL THERAPY,,
562,CA,FAMILY MEDICINE,,
563,RI,BEHAVIORAL HEALTH & SOCIAL SERVICES,,
564,LA,NURSE PRACTITIONER,,
565,OH,NURSE PRACTITIONER,,
566,FL,NURSE PRACTITIONER,,
567,CA,PHYSICIAN ASSISTANT,,
568,MO,PHYSICIAN ASSISTANT,,
569,WI,EMERGENCY MEDICINE,,
570,HI,NURSE PRACTITIONER,,
571,TX,PHYSICIAN ASSISTANT,,
572,MI,PHYSICAL THERAPY,,
573,FL,PHYSICIAN ASSISTANT,,
574,NY,PHYSICIAN ASSISTANT,,
575,FL,NURSE PRACTITIONER,,
576,LA,PHYSICIAN ASSISTANT,,
577,SD,NURSE PRACTITIONER,,
578,CA,PHYSICIAN ASSISTANT,,
579,CA,PHYSICAL THERAPY,,
580,NV,PHYSICIAN ASSISTANT,,
581,CA,PHYSICIAN ASSISTANT,,
582,WA,PHYSICIAN ASSISTANT,,
583,MN,OPTOMETRIST,,
584,TX,CHIROPRACTIC,,
585,IN,PHYSICIAN ASSISTANT,,
586,OH,CHIROPRACTIC,,
587,FL,PHYSICIAN ASSISTANT,,
588,MA,PHYSICIAN ASSISTANT,,
589,MA,NURSE PRACTITIONER,,
590,TN,NURSE PRACTITIONER,,
591,FL,CERTIFIED NURSE ANESTHETIST,,
592,FL,NURSE PRACTITIONER,,
593,CO,PHYSICIAN ASSISTANT,,
594,IN,CERTIFIED NURSE ANESTHETIST,,
595,WI,PHYSICIAN ASSISTANT,,
596,CA,FAMILY MEDICINE,,
597,TX,PHYSICIAN ASSISTANT,,
598,GA,PHYSICIAN ASSISTANT,,
599,FL,PHYSICAL THERAPY,,
600,TX,NURSE PRACTITIONER,,
601,LA,NURSE PRACTITIONER,,
602,WA,PHYSICIAN ASSISTANT,,
603,TN,NURSE PRACTITIONER,,
604,MN,PHYSICIAN ASSISTANT,,
605,NJ,PHYSICIAN ASSISTANT,,
606,IN,NURSE PRACTITIONER,,
607,TN,NURSE PRACTITIONER,,
608,MI,FAMILY MEDICINE,,
609,MI,PHYSICIAN ASSISTANT,,
610,FL,PHYSICIAN ASSISTANT,,
611,FL,PHYSICIAN ASSISTANT,,
612,GA,PHYSICIAN ASSISTANT,,
613,MI,PHYSICIAN ASSISTANT,,
614,WA,NURSE PRACTITIONER,,
615,CO,PHYSICIAN ASSISTANT,,
616,OH,PHYSICIAN ASSISTANT,,
617,IN,NURSE PRACTITIONER,,
618,MD,NURSE PRACTITIONER,,
619,CA,NURSE PRACTITIONER,,
620,OH,NURSE PRACTITIONER,,
621,WI,PHYSICIAN ASSISTANT,,
622,CA,PHYSICIAN ASSISTANT,,
623,CA,NURSE PRACTITIONER,,
624,CA,PHYSICIAN ASSISTANT,,
625,MI,PHYSICIAN ASSISTANT,,
626,NC,GENERAL SURGERY,,
627,TX,NURSE PRACTITIONER,,
628,RI,NURSE PRACTITIONER,,
629,GA,PHYSICIAN ASSISTANT,,
630,NY,PHYSICIAN ASSISTANT,,
631,MD,PHYSICIAN ASSISTANT,,
632,WA,PHYSICIAN ASSISTANT,,
633,MS,PHYSICAL THERAPY,,
634,NY,CLINICAL CARDIAC ELECTROPHYSIOLOGY,,
635,NY,PHYSICAL THERAPY,,
636,NY,PHYSICIAN ASSISTANT,,
637,KS,PHYSICIAN ASSISTANT,,
638,MI,CERTIFIED NURSE ANESTHETIST,,
639,AR,NURSE PRACTITIONER,,
640,AZ,PHYSICIAN ASSISTANT,,
641,NY,PHYSICAL THERAPY,,
642,OK,NURSE PRACTITIONER,,
643,CA,NURSE PRACTITIONER,,
644,MI,EMERGENCY MEDICINE,,
645,MN,CARDIOVASCULAR DISEASE,,
646,AL,NURSE PRACTITIONER,,
647,TX,INTERNAL MEDICINE,,
648,KY,NURSE PRACTITIONER,,
649,FL,NURSE PRACTITIONER,,
650,AR,HOSPITALIST,,
651,FL,PHYSICIAN ASSISTANT,,
652,FL,PHYSICIAN ASSISTANT,,
653,CA,FAMILY MEDICINE,,
654,OH,NURSE PRACTITIONER,,
655,TN,OPTOMETRIST,,
656,NC,PHYSICAL THERAPY,,
657,LA,NURSE PRACTITIONER,,
658,NY,INTERNAL MEDICINE,,
659,CT,INTERNAL MEDICINE,,
660,NY,INTERNAL MEDICINE,,
661,FL,PHYSICIAN ASSISTANT,,
662,OH,NURSE PRACTITIONER,,
663,NY,REGISTERED DIETICIAN,,
664,KY,FAMILY MEDICINE,,
665,AZ,PHYSICIAN ASSISTANT,,
666,TN,NURSE PRACTITIONER,,
667,MA,NURSE PRACTITIONER,,
668,GA,NURSE PRACTITIONER,,
669,NV,NURSE PRACTITIONER,,
670,PA,PHYSICIAN ASSISTANT,,
671,CA,INTERNAL MEDICINE,,
672,TN,NURSE PRACTITIONER,,
673,NY,PHYSICAL THERAPY,,
674,GA,NURSE PRACTITIONER,,
675,CA,PEDIATRICS,,
676,OH,PHYSICIAN ASSISTANT,,
677,FL,EMERGENCY MEDICINE,,
678,NY,INTERNAL MEDICINE,,
679,FL,NURSE PRACTITIONER,,
680,OH,NURSE PRACTITIONER,,
681,NJ,PEDIATRIC CRITICAL CARE MEDICINE,,
682,NY,PEDIATRICS,,
683,KY,FAMILY MEDICINE,,
684,FL,NURSE PRACTITIONER,,
685,FL,NURSE PRACTITIONER,,
686,RI,PHYSICIAN ASSISTANT,,
687,FL,PHYSICIAN ASSISTANT,,
688,MI,OPTOMETRIST,,
689,KY,INTERNAL MEDICINE,,
690,OR,PHYSICIAN ASSISTANT,,
691,SC,PHYSICIAN ASSISTANT,,
692,AL,NURSE PRACTITIONER,,
693,TX,FAMILY MEDICINE,,
694,PA,FAMILY MEDICINE,,
695,CO,PHYSICIAN ASSISTANT,,
696,FL,NURSE PRACTITIONER,,
697,FL,NURSE PRACTITIONER,,
698,MA,PHYSICIAN ASSISTANT,,
699,TX,OPTOMETRIST,,
700,NY,NURSE PRACTITIONER,,
701,CA,OPTOMETRIST,,
702,ND,NURSE PRACTITIONER,,
703,CA,FAMILY MEDICINE,,
704,MO,PHYSICAL THERAPY,,
705,SC,NURSE PRACTITIONER,,
706,CA,FAMILY MEDICINE,,
707,PA,EMERGENCY MEDICINE,,
708,MN,EMERGENCY MEDICINE,,
709,NE,FAMILY MEDICINE,,
710,LA,INTERNAL MEDICINE,,
711,TX,PHYSICIAN ASSISTANT,,
712,NY,INTERNAL MEDICINE,,
713,NY,NURSE PRACTITIONER,,
714,OK,FAMILY MEDICINE,,
715,TX,PHYSICIAN ASSISTANT,,
716,OR,PHYSICIAN ASSISTANT,,
717,MI,PHYSICAL THERAPY,,
718,PA,EMERGENCY MEDICINE,,
719,TX,NURSE PRACTITIONER,,
720,VA,PHYSICIAN ASSISTANT,,
721,FL,INTERNAL MEDICINE,,
722,OH,PHYSICIAN ASSISTANT,,
723,CO,NURSE PRACTITIONER,,
724,NJ,PHYSICIAN ASSISTANT,,
725,MI,EMERGENCY MEDICINE,,
726,MI,"STUDENT, HEALTH CARE",,
727,RI,PHYSICIAN ASSISTANT,,
728,FL,CERTIFIED NURSE ANESTHETIST,,
729,SC,PHYSICAL THERAPY,,
730,OH,CLINICAL SOCIAL WORKER,,
731,SD,PHYSICAL THERAPY,,
732,CA,PHYSICIAN ASSISTANT,,
733,ME,CERTIFIED NURSE ANESTHETIST,,
734,NY,EMERGENCY MEDICINE,,
735,MO,PHYSICIAN ASSISTANT,,
736,KY,NURSE PRACTITIONER,,
737,LA,PHYSICAL THERAPY,,
738,OH,EMERGENCY MEDICINE,,
739,MI,EMERGENCY MEDICINE,,
740,NJ,INTERNAL MEDICINE,,
741,LA,NURSE PRACTITIONER,,
742,MI,EMERGENCY MEDICINE,,
743,CA,FAMILY MEDICINE,,
744,LA,PHYSICIAN ASSISTANT,,
745,OR,INTERNAL MEDICINE,,
746,CT,PHYSICIAN ASSISTANT,,
747,MI,INTERNAL MEDICINE,,
748,PR,EMERGENCY MEDICINE,,
749,NY,INTERNAL MEDICINE,,
750,OR,INTERNAL MEDICINE,,
751,TN,PHYSICAL THERAPY,,
752,AL,OPTOMETRIST,,
753,WA,NUCLEAR MEDICINE,,
754,RI,NURSE PRACTITIONER,,
755,NC,NURSE PRACTITIONER,,
756,TN,NURSE PRACTITIONER,,
757,IL,INTERNAL MEDICINE,,
758,TN,NURSE PRACTITIONER,,
759,CA,PEDIATRICS,,
760,AL,FAMILY MEDICINE,,
761,CA,FAMILY MEDICINE,,
762,CA,FAMILY MEDICINE,,
763,TN,FAMILY MEDICINE,,
764,CA,FAMILY MEDICINE,,
765,NJ,EMERGENCY MEDICINE,,
766,MI,EMERGENCY MEDICINE,,
767,MI,EMERGENCY MEDICINE,,
768,MI,PSYCHIATRY,,
769,RI,PEDIATRICS,,
770,IL,EMERGENCY MEDICINE,,
771,PA,EMERGENCY MEDICINE,,
772,NJ,EMERGENCY MEDICINE,,
773,DC,INTERNAL MEDICINE,,
774,TX,INTERNAL MEDICINE,,
775,KY,NURSE PRACTITIONER,,
776,MD,EMERGENCY MEDICINE,,
777,MI,NURSE PRACTITIONER,,
778,AZ,NURSE PRACTITIONER,,
779,WY,NURSE PRACTITIONER,,
780,AZ,NURSE PRACTITIONER,,
781,MI,NURSE PRACTITIONER,,
782,FL,NURSE PRACTITIONER,,
783,FL,NURSE PRACTITIONER,,
784,MD,NURSE PRACTITIONER,,
785,TX,EMERGENCY MEDICINE,,
786,NJ,INTERNAL MEDICINE,,
787,FL,NURSE PRACTITIONER,,
788,CT,TECHNOLOGIST - AUDIOLOGY/SPEECH/LANGUAGE,,
789,TX,NURSE PRACTITIONER,,
790,CA,EMERGENCY MEDICINE,,
791,CA,PHYSICIAN ASSISTANT,,
792,LA,NURSE PRACTITIONER,,
793,LA,NURSE PRACTITIONER,,
794,CA,INTERNAL MEDICINE,,
795,AL,NURSE PRACTITIONER,,
796,OH,NURSE PRACTITIONER,,
797,VA,FAMILY MEDICINE,,
798,MI,PSYCHIATRY,,
799,MI,FAMILY MEDICINE,,
800,CA,FAMILY MEDICINE,,
801,NJ,FAMILY MEDICINE,,
802,GA,EMERGENCY MEDICINE,,
803,NV,INTERNAL MEDICINE,,
804,AL,NURSE PRACTITIONER,,
805,IL,EMERGENCY MEDICINE,,
806,CA,INTERNAL MEDICINE,,
807,RI,FAMILY MEDICINE,,
808,FL,INTERNAL MEDICINE,,
809,NY,EMERGENCY MEDICINE,,
810,NJ,FAMILY MEDICINE,,
811,AL,EMERGENCY MEDICINE,,
812,NY,PODIATRIST,,
813,CA,NURSE PRACTITIONER,,
814,NY,EMERGENCY MEDICINE,,
815,GA,PHYSICAL THERAPY,,
816,NY,EMERGENCY MEDICINE,,
817,VA,EMERGENCY MEDICINE,,
818,FL,EMERGENCY MEDICINE,,
819,NY,INTERNAL MEDICINE,,
820,MD,FAMILY MEDICINE,,
821,VA,NURSE PRACTITIONER,,
822,CA,FAMILY MEDICINE,,
823,IL,EMERGENCY MEDICINE,,
824,WA,FAMILY MEDICINE,,
825,NJ,INTERNAL MEDICINE,,
826,NJ,EMERGENCY MEDICINE,,
827,OK,NURSE PRACTITIONER,,
828,TX,NURSE PRACTITIONER,,
829,NY,NURSE PRACTITIONER,,
830,NY,EMERGENCY MEDICINE,,
831,OH,NURSE PRACTITIONER,,
832,OR,NURSE PRACTITIONER,,
833,OK,PHYSICIAN ASSISTANT,,
834,NJ,INTERNAL MEDICINE,,
835,VA,DERMATOLOGY,,
836,TX,FAMILY MEDICINE,,
837,NJ,INTERNAL MEDICINE,,
838,KY,ANESTHESIOLOGY,,
839,FL,NURSE PRACTITIONER,,
840,TN,FAMILY MEDICINE,,
841,ME,EMERGENCY MEDICINE,,
842,FL,NURSE PRACTITIONER,,
843,MD,NURSE PRACTITIONER,,
844,OH,EMERGENCY MEDICINE,,
845,FL,NURSE PRACTITIONER,,
846,KY,PHYSICIAN ASSISTANT,,
847,TN,NURSE PRACTITIONER,,
848,TN,NURSE PRACTITIONER,,
849,SC,EMERGENCY MEDICINE,,
850,OH,PEDIATRIC OTOLARYNGOLOGY,,
851,IL,NURSE PRACTITIONER,,
852,TN,NURSE PRACTITIONER,,
853,CT,INTERNAL MEDICINE,,
854,NC,HOSPITALIST,,
855,IN,EMERGENCY MEDICINE,,
856,UT,INTERNAL MEDICINE,,
857,TX,OPHTHALMOLOGY,,
858,SC,EMERGENCY MEDICINE,,
859,UT,NURSE PRACTITIONER,,
860,FL,INTERNAL MEDICINE,,
861,TX,EMERGENCY MEDICINE,,
862,CA,FAMILY MEDICINE,,
863,CA,FAMILY MEDICINE,,
864,NH,FAMILY MEDICINE,,
865,CA,FAMILY MEDICINE,,
866,FL,INTERNAL MEDICINE,,
867,NY,EMERGENCY MEDICINE,,
868,NV,FAMILY MEDICINE,,
869,NY,PHYSICIAN ASSISTANT,,
870,AR,EMERGENCY MEDICINE,,
871,MN,INTERNAL MEDICINE,,
872,AZ,FAMILY MEDICINE,,
873,AZ,EMERGENCY MEDICINE,,
874,MN,FAMILY MEDICINE,,
875,WA,PEDIATRICS,,
876,CA,FAMILY MEDICINE,,
877,NJ,FAMILY MEDICINE,,
878,GA,EMERGENCY MEDICINE,,
879,PA,FAMILY MEDICINE,,
880,TX,EMERGENCY MEDICINE,,
881,CA,INTERNAL MEDICINE,,
882,FL,EMERGENCY MEDICINE,,
883,FL,GENERAL PRACTICE,,
884,FL,INTERNAL MEDICINE,,
885,DE,EMERGENCY MEDICINE,,
886,CA,FAMILY MEDICINE,,
887,MO,EMERGENCY MEDICINE,,
888,NV,INTERNAL MEDICINE,,
889,CA,PHYSICAL THERAPY,,
890,LA,EMERGENCY MEDICINE,,
891,CA,FAMILY MEDICINE,,
892,GA,INTERNAL MEDICINE,,
893,FL,NURSE PRACTITIONER,,
894,WI,NURSE PRACTITIONER,,
895,MA,NURSE PRACTITIONER,,
896,IN,NURSE PRACTITIONER,,
897,TN,NURSE PRACTITIONER,,
898,NC,EMERGENCY MEDICINE,,
899,CA,EMERGENCY MEDICINE,,
900,TX,PHYSICIAN ASSISTANT,,
901,AL,NURSE PRACTITIONER,,
902,KS,NURSE PRACTITIONER,,
903,AZ,NURSE PRACTITIONER,,
904,WA,NURSE PRACTITIONER,,
905,MI,NURSE PRACTITIONER,,
906,OH,PHYSICIAN ASSISTANT,,
907,CA,PHYSICIAN ASSISTANT,,
908,TN,NURSE PRACTITIONER,,
909,NJ,PHYSICAL THERAPY,,
910,MO,PHYSICIAN ASSISTANT,,
911,LA,NURSE PRACTITIONER,,
912,LA,NURSE PRACTITIONER,,
913,NM,PHARMACIST,,
914,NC,PHYSICIAN ASSISTANT,,
915,MO,NURSE PRACTITIONER,,
916,OH,PHYSICIAN ASSISTANT,,
917,KY,NURSE PRACTITIONER,,
918,NY,NURSE PRACTITIONER,,
919,MN,NURSE PRACTITIONER,,
920,LA,PHYSICIAN ASSISTANT,,
921,LA,NURSE PRACTITIONER,,
922,CA,FAMILY MEDICINE,,
923,WA,NURSE PRACTITIONER,,
924,LA,PHYSICAL THERAPY,,
925,NH,NURSE PRACTITIONER,,
926,FL,NURSE PRACTITIONER,,
927,WA,NURSE PRACTITIONER,,
928,FL,PHYSICIAN ASSISTANT,,
929,MS,CERTIFIED NURSE ANESTHETIST,,
930,AL,PHYSICIAN ASSISTANT,,
931,WA,PHYSICIAN ASSISTANT,,
932,MA,NURSE PRACTITIONER,,
933,CA,FAMILY MEDICINE,,
934,GA,NURSE PRACTITIONER,,
935,PA,FAMILY MEDICINE,,
936,NJ,HOSPITALIST,,
937,VA,NURSE PRACTITIONER,,
938,GA,OPTOMETRIST,,
939,MO,PSYCHOLOGY,,
940,MA,PHYSICIAN ASSISTANT,,
941,OH,NURSE PRACTITIONER,,
942,FL,PHYSICIAN ASSISTANT,,
943,NM,NURSE PRACTITIONER,,
944,NY,NEPHROLOGY,,
945,MN,PHYSICIAN ASSISTANT,,
946,UT,NURSE PRACTITIONER,,
947,AZ,NURSE PRACTITIONER,,
948,IL,NURSE PRACTITIONER,,
949,NJ,INTERNAL MEDICINE,,
950,OH,DENTIST,,
951,IN,NURSE PRACTITIONER,,
952,AR,NURSE PRACTITIONER,,
953,CA,PSYCHOLOGY,,
954,NM,NURSE PRACTITIONER,,
955,NC,PHYSICIAN ASSISTANT,,
956,CA,EMERGENCY MEDICINE,,
957,UT,PHYSICIAN ASSISTANT,,
958,IL,NURSE PRACTITIONER,,
959,IL,PHYSICIAN ASSISTANT,,
960,PA,EMERGENCY MEDICINE,,
961,CA,FAMILY MEDICINE,,
962,CA,NURSE PRACTITIONER,,
963,OH,INTERNAL MEDICINE,,
964,LA,NURSE PRACTITIONER,,
965,NY,EMERGENCY MEDICINE,,
966,PA,PHYSICIAN ASSISTANT,,
967,NJ,EMERGENCY MEDICINE,,
968,IN,REGISTERED DIETICIAN,,
969,NC,FAMILY MEDICINE,,
970,NY,"STUDENT, HEALTH CARE",,
971,FL,INTERNAL MEDICINE,,
972,MA,OBSTETRICS & GYNECOLOGY,,
973,TN,NURSE PRACTITIONER,,
974,NC,PHYSICIAN ASSISTANT,,
975,WY,NURSE PRACTITIONER,,
976,MD,NURSE PRACTITIONER,,
977,MD,CERTIFIED NURSE ANESTHETIST,,
978,MD,NURSE PRACTITIONER,,
979,VA,NURSE PRACTITIONER,,
980,MD,NURSE PRACTITIONER,,
981,MD,NURSE PRACTITIONER,,
982,MD,NURSE PRACTITIONER,,
983,NJ,NURSE PRACTITIONER,,
984,MD,NURSE PRACTITIONER,,
985,TX,PODIATRIST,,
986,NC,PHYSICAL THERAPY,,
987,MN,CERTIFIED NURSE ANESTHETIST,,
988,CA,PHYSICIAN ASSISTANT,,
989,CA,EMERGENCY MEDICINE,,
990,OH,PHYSICIAN ASSISTANT,,
991,WV,OPTOMETRIST,,
992,MO,NURSE PRACTITIONER,,
993,FL,PHYSICIAN ASSISTANT,,
994,NH,NURSE PRACTITIONER,,
995,CA,NEURORADIOLOGY,,
996,WI,PHYSICIAN ASSISTANT,,
997,OH,PHYSICIAN ASSISTANT,,
998,TN,NURSE PRACTITIONER,,
999,IA,NURSE PRACTITIONER,,
1000,OR,PHYSICIAN ASSISTANT,,
1001,TX,CERTIFIED NURSE ANESTHETIST,,
1002,TX,PHYSICAL THERAPY,,
1003,CA,PHYSICIAN ASSISTANT,,
1004,LA,PHYSICIAN ASSISTANT,,
1005,IL,PHYSICIAN ASSISTANT,,
1006,AZ,BEHAVIORAL HEALTH & SOCIAL SERVICES,,
1007,NY,PHYSICIAN ASSISTANT,,
1008,FL,SURGICAL CRITICAL CARE (SURGERY),,
1009,OH,CLINICAL SOCIAL WORKER,,
1010,CO,BEHAVIORAL HEALTH & SOCIAL SERVICES,,
1011,SC,PHYSICIAN ASSISTANT,,
1012,CA,PHYSICIAN ASSISTANT,,
1013,IN,NURSE PRACTITIONER,,
1014,CA,PEDIATRICS,,
1015,IN,PHYSICIAN ASSISTANT,,
1016,KY,NURSE PRACTITIONER,,
1017,KY,NURSE PRACTITIONER,,
1018,CT,NURSE PRACTITIONER,,
1019,VA,NURSE PRACTITIONER,,
1020,CA,PHYSICIAN ASSISTANT,,
1021,NY,PHYSICIAN ASSISTANT,,
1022,SD,NURSE PRACTITIONER,,
1023,OR,PHYSICIAN ASSISTANT,,
1024,NY,NURSE PRACTITIONER,,
1025,NJ,INTERNAL MEDICINE,,
1026,CA,FAMILY MEDICINE,,
1027,PR,EMERGENCY MEDICINE,,
1028,CA,PHYSICIAN ASSISTANT,,
1029,TN,NURSE PRACTITIONER,,
1030,MI,NURSE PRACTITIONER,,
1031,OK,NURSE PRACTITIONER,,
1032,OH,NURSE PRACTITIONER,,
1033,VA,PHYSICIAN ASSISTANT,,
1034,AK,NURSE PRACTITIONER,,
1035,MD,NURSE PRACTITIONER,,
1036,MI,PHYSICIAN ASSISTANT,,
1037,GA,PHYSICIAN ASSISTANT,,
1038,MD,NURSE PRACTITIONER,,
1039,MD,OPTOMETRIST,,
1040,MD,PHYSICIAN ASSISTANT,,
1041,CA,NURSE PRACTITIONER,,
1042,MD,HOSPITALIST,,
1043,MT,PHYSICIAN ASSISTANT,,
1044,MD,NURSE PRACTITIONER,,
1045,SC,PHYSICIAN ASSISTANT,,
1046,ME,INTERNAL MEDICINE,,
1047,FL,EMERGENCY MEDICINE,,
1048,MI,EMERGENCY MEDICINE,,
1049,FL,PHYSICIAN ASSISTANT,,
1050,CO,PHYSICIAN ASSISTANT,,
1051,NJ,PHYSICIAN ASSISTANT,,
1052,PA,OPTOMETRIST,,
1053,AZ,PHYSICIAN ASSISTANT,,
1054,NY,PHYSICIAN ASSISTANT,,
1055,TX,NURSE PRACTITIONER,,
1056,TX,PHYSICIAN ASSISTANT,,
1057,LA,NURSE PRACTITIONER,,
1058,MI,FAMILY MEDICINE,,
1059,MO,OPTOMETRIST,,
1060,KY,NURSE PRACTITIONER,,
1061,TX,FAMILY MEDICINE,,
1062,VA,PHYSICAL THERAPY,,
1063,MN,PHYSICIAN ASSISTANT,,
1064,CT,OCCUPATIONAL THERAPY,,
1065,TN,PHYSICAL THERAPY,,
1066,CA,INTERNAL MEDICINE,,
1067,LA,NURSE PRACTITIONER,,
1068,OR,INTERNAL MEDICINE,,
1069,MS,NURSE PRACTITIONER,,
1070,SC,EMERGENCY MEDICINE,,
1071,NM,CLINICAL SOCIAL WORKER,,
1072,ME,PHYSICIAN ASSISTANT,,
1073,NY,NURSE PRACTITIONER,,
1074,CA,EMERGENCY MEDICINE,,
1075,IN,PHYSICAL THERAPY,,
1076,IN,PHYSICAL THERAPY,,
1077,PR,INTERNAL MEDICINE,,
1078,TN,PHYSICAL THERAPY,,
1079,NY,PHYSICIAN ASSISTANT,,
1080,NY,PHYSICIAN ASSISTANT,,
1081,MI,EMERGENCY MEDICINE,,
1082,MA,REGISTERED DIETICIAN,F,
1083,IL,FAMILY MEDICINE,M,
1084,MD,NURSE PRACTITIONER,F,
1085,NY,NURSE PRACTITIONER,F,
1086,IA,FAMILY MEDICINE,F,1990
1087,MI,EMERGENCY MEDICINE,M,1989
1088,WI,NURSE PRACTITIONER,F,
1089,AZ,NURSE PRACTITIONER,F,
1090,MI,NURSE PRACTITIONER,F,
1091,MI,PHYSICIAN ASSISTANT,M,
1092,TX,NURSE PRACTITIONER,,
1093,SC,PHYSICAL THERAPY,M,
1094,NY,PHYSICIAN ASSISTANT,F,
1095,MO,PHYSICAL THERAPY,M,
1096,TX,NURSE PRACTITIONER,F,
1097,LA,NURSE PRACTITIONER,F,
1098,TX,NURSE PRACTITIONER,F,
1099,NY,NURSE PRACTITIONER,F,
1100,OH,NURSE PRACTITIONER,F,
1101,IA,NURSE PRACTITIONER,M,
1102,VA,PHYSICAL THERAPY,F,
1103,LA,PHYSICIAN ASSISTANT,F,
1104,TN,PHYSICAL THERAPY,F,
1105,FL,PHYSICIAN ASSISTANT,F,
1106,NV,PHYSICIAN ASSISTANT,M,
1107,UT,INTERNAL MEDICINE,M,
1108,HI,NURSE PRACTITIONER,M,
1109,IN,INTERNAL MEDICINE,M,
1110,TX,SPORTS MEDICINE (PHYSICAL MEDICINE & REHABILITATION),F,
1111,MD,NURSE PRACTITIONER,F,
1112,FL,PHYSICIAN ASSISTANT,F,
1113,TX,INTERNAL MEDICINE,M,
1114,TN,CLINICAL SOCIAL WORKER,F,
1115,CO,NURSE PRACTITIONER,F,
1116,NC,PHYSICIAN ASSISTANT,F,
1117,NY,OTOLARYNGOLOGY,F,
1118,AZ,NURSE PRACTITIONER,M,
1119,IN,PHYSICIAN ASSISTANT,F,
1120,MA,PHYSICIAN ASSISTANT,F,
1121,WI,PHYSICIAN ASSISTANT,F,
1122,IL,INTERNAL MEDICINE,M,
1123,PA,PHYSICIAN ASSISTANT,F,
1124,AR,NURSE PRACTITIONER,F,
1125,TX,NURSE PRACTITIONER,F,
1126,MD,FAMILY MEDICINE,F,
1127,NE,NURSE PRACTITIONER,F,
1128,SC,NURSE PRACTITIONER,F,
1129,DC,PHYSICIAN ASSISTANT,F,
1130,NY,NURSE PRACTITIONER,,
1131,TX,FAMILY MEDICINE,M,1991
1132,TX,CERTIFIED NURSE ANESTHETIST,M,
1133,TX,NURSE PRACTITIONER,M,
1134,PA,CERTIFIED NURSE ANESTHETIST,M,
1135,IL,INTERNAL MEDICINE,M,
1136,MS,NURSE PRACTITIONER,M,
1137,DE,INTERNAL MEDICINE,F,
1138,NY,FAMILY MEDICINE,F,
1139,MA,INTERNAL MEDICINE,M,
1140,LA,NURSE PRACTITIONER,F,
1141,MO,FAMILY MEDICINE,M,
1142,CA,PHYSICIAN ASSISTANT,F,
1143,IL,EMERGENCY MEDICINE,M,
1144,CA,PHYSICIAN ASSISTANT,F,
1145,OK,EMERGENCY MEDICINE,F,1990
1146,FL,INTERNAL MEDICINE,M,
1147,SC,PHYSICIAN ASSISTANT,F,
1148,VA,GENERAL SURGERY,M,
1149,MA,REGISTERED DIETICIAN,F,
1150,MI,FAMILY MEDICINE,M,
1151,FL,CERTIFIED NURSE ANESTHETIST,F,
1152,FL,PODIATRIST,M,
1153,KS,PHYSICIAN ASSISTANT,F,
1154,MN,PHYSICIAN ASSISTANT,F,1989
1155,AZ,NURSE PRACTITIONER,F,
1156,MS,NURSE PRACTITIONER,F,
1157,CA,DIAGNOSTIC RADIOLOGY,M,1990
1158,AZ,NURSE PRACTITIONER,,
1159,MA,PHYSICIAN ASSISTANT,F,
1160,TX,FAMILY MEDICINE,M,1988
1161,NC,PHYSICIAN ASSISTANT,F,
1162,NY,INTERNAL MEDICINE,,1984
1163,NE,CERTIFIED NURSE ANESTHETIST,F,
1164,PA,CERTIFIED NURSE ANESTHETIST,F,
1165,NY,NURSE PRACTITIONER,F,
1166,WA,PODIATRIST,M,
1167,IL,NURSE PRACTITIONER,F,
1168,HI,NURSE PRACTITIONER,M,
1169,FL,CERTIFIED NURSE ANESTHETIST,M,
1170,NY,PEDIATRICS,F,
1171,WA,INTERNAL MEDICINE,,
1172,MI,INTERNAL MEDICINE,F,
1173,AL,OPTOMETRIST,F,
1174,FL,NURSE PRACTITIONER,,
1175,KY,NURSE PRACTITIONER,F,
1176,CA,NURSE PRACTITIONER,M,
1177,FL,NURSE PRACTITIONER,M,
1178,TN,PHYSICIAN ASSISTANT,F,
1179,TX,INTERNAL MEDICINE,M,1992
1180,PA,EMERGENCY MEDICINE,F,
1181,NJ,INTERNAL MEDICINE,F,
1182,NY,CLINICAL SOCIAL WORKER,F,
1183,CA,PHYSICIAN ASSISTANT,F,
1184,PA,DENTIST,F,
1185,TX,OPTOMETRIST,F,
1186,MI,EMERGENCY MEDICINE,M,
1187,MA,OPHTHALMOLOGY,F,
1188,NY,PHYSICIAN ASSISTANT,F,
1189,PA,NURSE PRACTITIONER,F,
1190,NJ,PHYSICIAN ASSISTANT,F,
1191,CA,FAMILY MEDICINE,M,1988
1192,CA,FAMILY MEDICINE,F,
1193,FL,PHYSICIAN ASSISTANT,M,
1194,CA,PHYSICIAN ASSISTANT,F,
1195,NY,EMERGENCY MEDICINE,M,
1196,MN,PHYSICAL THERAPY,F,
1197,WA,NURSE PRACTITIONER,M,
1198,AL,OPTOMETRIST,F,
1199,MI,HOME HEALTH/PERSONAL CARE,F,
1200,MD,ACUPUNCTURIST,F,
1201,MS,NURSE PRACTITIONER,F,
1202,AL,NURSE PRACTITIONER,F,
1203,NE,NURSE PRACTITIONER,F,
1204,TN,NURSE PRACTITIONER,F,
1205,SC,FAMILY MEDICINE,M,
1206,NJ,OPTOMETRIST,,
1207,TX,PHYSICIAN ASSISTANT,M,
1208,NC,NEPHROLOGY,F,1974
1209,FL,EMERGENCY MEDICINE,M,1989
1210,CO,FAMILY MEDICINE,M,1986
1211,CA,DERMATOLOGY,M,1990
1212,VA,FAMILY MEDICINE,F,1991
1213,GA,EMERGENCY MEDICINE,M,1991
1214,CA,INTERNAL MEDICINE,M,1979
1215,IN,EMERGENCY MEDICINE,M,1988
1216,FL,INTERNAL MEDICINE,M,1990
1217,PA,FAMILY MEDICINE,M,1991
1218,CA,EMERGENCY MEDICINE,M,1990
1219,NJ,EMERGENCY MEDICINE,M,1989
1220,CA,INTERNAL MEDICINE/PEDIATRICS,F,1983
1221,OH,EMERGENCY MEDICINE,M,1986
1222,CA,FAMILY MEDICINE,F,1988
1223,DE,PEDIATRICS,M,1990
1224,IL,EMERGENCY MEDICINE,M,1991
1225,TX,PEDIATRICS,F,1991
1226,NY,EMERGENCY MEDICINE,M,1988
1227,NY,PEDIATRICS,F,1992
1228,NJ,INTERNAL MEDICINE,M,1990
1229,NJ,INTERNAL MEDICINE,M,1991
1230,NE,FAMILY MEDICINE,M,1990
1231,MO,INTERNAL MEDICINE,M,1990
1232,NY,EMERGENCY MEDICINE,M,1990
1233,MA,EMERGENCY MEDICINE,F,1990
1234,MI,EMERGENCY MEDICINE,M,1991
1235,CA,FAMILY MEDICINE,M,1986
1236,MI,DERMATOLOGY,M,1990
1237,MI,GENERAL SURGERY,M,1990
1238,KS,EMERGENCY MEDICINE,M,1991
1239,GA,EMERGENCY MEDICINE,F,1989
1240,IA,FAMILY MEDICINE,M,1989
1241,IL,EMERGENCY MEDICINE,M,1991
1242,IL,FAMILY MEDICINE,M,1979
1243,GA,INTERNAL MEDICINE,M,1990
1244,GA,INTERNAL MEDICINE,F,1988
1245,CA,INTERNAL MEDICINE,F,1991
1246,CA,EMERGENCY MEDICINE,M,1988
1247,TX,NURSE PRACTITIONER,F,
1248,OH,NURSE PRACTITIONER,F,
1249,CA,FAMILY MEDICINE,M,
1250,OH,EMERGENCY MEDICINE,M,1988
1251,FL,UROLOGY,M,
1252,AZ,NURSE PRACTITIONER,F,
1253,NY,PHYSICIAN ASSISTANT,M,
1254,CA,PHYSICIAN ASSISTANT,M,
1255,IL,NURSE PRACTITIONER,F,
1256,NY,NURSE PRACTITIONER,F,
1257,LA,PHYSICIAN ASSISTANT,F,
1258,MA,PHYSICIAN ASSISTANT,F,
1259,MD,PHYSICIAN ASSISTANT,M,
1260,MA,EMERGENCY MEDICINE,F,1987
1261,SD,FAMILY MEDICINE,M,1990
1262,MN,DENTIST,M,
1263,FL,INTERNAL MEDICINE,M,
1264,SD,FAMILY MEDICINE,M,
1265,CA,FAMILY MEDICINE,M,
1266,NC,PHYSICAL THERAPY,M,
1267,TN,PHYSICIAN ASSISTANT,M,
1268,HI,EMERGENCY MEDICINE,M,
1269,SC,NURSE PRACTITIONER,F,
1270,FL,EMERGENCY MEDICINE,F,1990
1271,TX,INTERNAL MEDICINE,M,1990
1272,MD,INTERNAL MEDICINE,M,
1273,NJ,EMERGENCY MEDICAL SERVICES,M,
1274,IL,FAMILY MEDICINE,M,
1275,FL,FAMILY MEDICINE,F,1990
1276,CA,PHYSICIAN ASSISTANT,F,
1277,NC,EMERGENCY MEDICINE,M,1989
1278,NJ,INTERNAL MEDICINE,M,
1279,CA,PHYSICIAN ASSISTANT,F,
1280,MN,RADIATION ONCOLOGY,M,
1281,FL,PEDIATRICS,F,
1282,CA,DERMATOLOGY,M,1991
1283,TX,FAMILY MEDICINE,F,1991
1284,IL,EMERGENCY MEDICINE,F,
1285,CA,FAMILY MEDICINE,M,1985
1286,CA,INTERNAL MEDICINE,M,
1287,NH,INTERNAL MEDICINE,F,
1288,PA,INTERNAL MEDICINE,M,
1289,AZ,EMERGENCY MEDICINE,F,
1290,TX,FAMILY MEDICINE,F,1989
1291,OH,PHYSICIAN ASSISTANT,F,
1292,NV,INTERNAL MEDICINE,M,
1293,CO,NURSE PRACTITIONER,M,
1294,OH,DENTIST,F,
1295,NY,NURSE PRACTITIONER,F,
1296,NY,NURSE PRACTITIONER,F,
1297,IL,PEDIATRICS,F,1986
1298,FL,NURSE PRACTITIONER,,
1299,TN,NURSE PRACTITIONER,M,
1300,TX,DENTIST,M,1983
1301,NJ,PHYSICIAN ASSISTANT,M,
1302,FL,CERTIFIED NURSE ANESTHETIST,M,
1303,TX,NURSE PRACTITIONER,F,
1304,TN,NURSE PRACTITIONER,F,
1305,SC,NURSE PRACTITIONER,F,
1306,OH,INTERNAL MEDICINE,M,
1307,FL,INTERNAL MEDICINE,M,
1308,CA,INTERNAL MEDICINE,F,
1309,FL,EMERGENCY MEDICINE,M,
1310,GA,INTERNAL MEDICINE,F,
1311,OH,FAMILY MEDICINE,M,
1312,FL,INTERNAL MEDICINE,M,
1313,MD,EMERGENCY MEDICINE,M,1991
1314,IA,NURSE PRACTITIONER,F,
1315,CA,INTERNAL MEDICINE,M,
1316,NC,EMERGENCY MEDICINE,M,1988
1317,GA,INTERNAL MEDICINE,M,1991
1318,OH,EMERGENCY MEDICINE,F,
1319,NJ,INTERNAL MEDICINE,M,
1320,DC,PHYSICIAN ASSISTANT,F,1990
1321,FL,EMERGENCY MEDICINE,M,
1322,TX,EMERGENCY MEDICINE,M,1991
1323,SC,INTERNAL MEDICINE,M,1990
1324,CO,FAMILY MEDICINE,M,1987
1325,FL,FAMILY MEDICINE,F,
1326,NY,EMERGENCY MEDICINE,M,
1327,TX,PEDIATRICS,F,1991
1328,NY,EMERGENCY MEDICINE,F,1983
1329,MD,PHYSICAL THERAPY,F,
1330,NY,EMERGENCY MEDICINE,M,
1331,FL,INTERNAL MEDICINE,F,
1332,AL,EMERGENCY MEDICINE,M,
1333,SC,PHYSICIAN ASSISTANT,F,
1334,NY,"STUDENT, HEALTH CARE",F,
1335,OH,EMERGENCY MEDICINE,F,
1336,TX,EMERGENCY MEDICINE,M,1990
1337,NC,PHYSICIAN ASSISTANT,M,
1338,WA,FAMILY MEDICINE,M,
1339,CA,ORTHOPEDIC SURGERY,M,
1340,CA,INTERNAL MEDICINE,M,
1341,CT,TECHNOLOGIST - AUDIOLOGY/SPEECH/LANGUAGE,F,
1342,NY,NURSE PRACTITIONER,F,
1343,MN,PULMONARY CRITICAL CARE MEDICINE,F,
1344,NY,FAMILY MEDICINE,M,
1345,FL,EMERGENCY MEDICINE,F,
1346,CA,EMERGENCY MEDICINE,M,
1347,CA,EMERGENCY MEDICINE,M,1988
1348,WA,FAMILY MEDICINE,F,1988
1349,CO,INTERNAL MEDICINE,M,1991
1350,NY,FAMILY MEDICINE,M,
1351,VA,PEDIATRICS,F,1989
1352,FL,EMERGENCY MEDICINE,M,1990
1353,NJ,EMERGENCY MEDICINE,M,
1354,CA,FAMILY MEDICINE,F,
1355,TN,EMERGENCY MEDICINE,M,1983
1356,FL,EMERGENCY MEDICINE,M,1991
1357,AL,EMERGENCY MEDICINE,M,1988
1358,DE,EMERGENCY MEDICINE,F,
1359,TX,PHYSICIAN ASSISTANT,M,1980
1360,MI,DIAGNOSTIC RADIOLOGY,F,
1361,CT,PHYSICIAN ASSISTANT,F,
1362,HI,FAMILY MEDICINE,F,
1363,MA,EMERGENCY MEDICINE,F,1990
1364,KY,EMERGENCY MEDICINE,M,
1365,IN,OCCUPATIONAL THERAPY,F,
1366,TN,EMERGENCY MEDICINE,M,1990
1367,NH,EMERGENCY MEDICINE,M,
1368,NC,EMERGENCY MEDICINE,F,
1369,MA,PEDIATRICS,M,
1370,TX,EMERGENCY MEDICINE,M,
1371,AR,INTERNAL MEDICINE,F,
1372,NC,PHYSICAL THERAPY,F,
1373,MO,EMERGENCY MEDICINE,M,1990
1374,NH,INTERNAL MEDICINE,M,1989
1375,CO,BEHAVIORAL HEALTH & SOCIAL SERVICES,F,
1376,CT,EMERGENCY MEDICINE,M,1988
1377,AZ,PHYSICIAN ASSISTANT,F,
1378,CO,NURSE PRACTITIONER,F,
1379,IL,RADIOLOGY,M,
1380,IL,NURSE PRACTITIONER,F,
1381,MN,NURSE PRACTITIONER,F,1988
1382,MI,NURSE PRACTITIONER,M,
1383,MD,NURSE PRACTITIONER,F,
1384,CA,PHYSICIAN ASSISTANT,F,
1385,AZ,FAMILY MEDICINE,M,1989
1386,GA,NURSE PRACTITIONER,F,
1387,NJ,MEDICAL TOXICOLOGY (EMERGENCY MEDICINE),M,1983
1388,MO,PHYSICIAN ASSISTANT,F,
1389,FL,NURSE PRACTITIONER,F,
1390,TN,NURSE PRACTITIONER,F,
1391,MA,NURSE PRACTITIONER,F,
1392,OH,NURSE PRACTITIONER,F,
1393,SC,NURSE PRACTITIONER,F,
1394,NY,INTERNAL MEDICINE,F,
1395,IL,NURSE PRACTITIONER,F,
1396,CA,FAMILY MEDICINE,F,
1397,TN,PHYSICIAN ASSISTANT,M,
1398,MI,PHYSICAL THERAPY,F,
1399,MO,PHYSICIAN ASSISTANT,F,1985
1400,SC,PHYSICIAN ASSISTANT,F,
1401,MO,PHYSICIAN ASSISTANT,M,
1402,CA,NURSE PRACTITIONER,F,
1403,CA,PHYSICIAN ASSISTANT,M,
1404,SC,NURSE PRACTITIONER,F,
1405,TX,NURSE PRACTITIONER,F,1963
1406,CA,CERTIFIED NURSE ANESTHETIST,F,
1407,AP,PHYSICIAN ASSISTANT,M,
1408,WA,NURSE PRACTITIONER,F,
1409,OH,NURSE PRACTITIONER,M,
1410,WA,NURSE PRACTITIONER,M,
1411,VA,NURSE PRACTITIONER,,
1412,VT,PHYSICIAN ASSISTANT,F,
1413,MI,CERTIFIED NURSE ANESTHETIST,M,
1414,FL,FAMILY MEDICINE,M,1988
1415,AZ,NURSE PRACTITIONER,F,
1416,NY,PHYSICIAN ASSISTANT,M,
1417,NC,PHYSICIAN ASSISTANT,F,
1418,CA,PHYSICIAN ASSISTANT,M,
1419,FL,NURSE PRACTITIONER,F,
1420,CT,CHIROPRACTIC,M,
1421,OH,NURSE PRACTITIONER,,
1422,VA,NURSE PRACTITIONER,F,
1423,TN,CARDIOVASCULAR DISEASE,M,1988
1424,GA,NURSE PRACTITIONER,F,
1425,NJ,NURSE PRACTITIONER,F,
1426,FL,NURSE PRACTITIONER,,
1427,LA,NURSE PRACTITIONER,F,
1428,AZ,CLINICAL SOCIAL WORKER,F,
1429,PA,PHYSICAL THERAPY,F,
1430,CA,PHYSICIAN ASSISTANT,F,
1431,WA,PHYSICIAN ASSISTANT,F,
1432,MN,PHYSICIAN ASSISTANT,M,
1433,VA,CLINICAL SOCIAL WORKER,F,
1434,FL,NURSE PRACTITIONER,F,
1435,SD,NURSE PRACTITIONER,F,
1436,NM,PHYSICIAN ASSISTANT,M,
1437,LA,BEHAVIORAL HEALTH & SOCIAL SERVICES,F,
1438,FL,PHYSICIAN ASSISTANT,M,
1439,AZ,PODIATRIST,F,
1440,ID,GENERAL PRACTICE,M,
1441,OH,EMERGENCY MEDICINE,F,
1442,LA,NURSE PRACTITIONER,F,1965
1443,SC,PHYSICIAN ASSISTANT,M,
1444,RI,PHYSICIAN ASSISTANT,F,
1445,MI,PHYSICIAN ASSISTANT,F,
1446,MI,NURSE PRACTITIONER,M,
1447,TN,NURSE PRACTITIONER,F,
1448,MI,INTERNAL MEDICINE,M,1985
1449,WA,PEDIATRICS,F,1986
1450,FL,PHYSICIAN ASSISTANT,F,
1451,AR,NURSE PRACTITIONER,F,
1452,FL,PHYSICIAN ASSISTANT,F,
1453,MN,PHYSICIAN ASSISTANT,M,1978
1454,IN,NURSE PRACTITIONER,F,
1455,ID,FAMILY MEDICINE,M,1986
1456,MD,EMERGENCY MEDICINE,M,1985
1457,FL,"STUDENT, HEALTH CARE",F,
1458,MD,NURSE PRACTITIONER,F,
1459,FL,INTERNAL MEDICINE,M,1967
1460,NC,NEURORADIOLOGY,M,1986
1461,NJ,PHYSICIAN ASSISTANT,F,
1462,PA,EMERGENCY MEDICINE,M,1989
1463,PA,PHYSICIAN ASSISTANT,M,1991
1464,NC,DERMATOLOGY,F,1986
1465,FL,INTERNAL MEDICINE,M,1986
1466,MS,NURSE PRACTITIONER,F,
1467,MD,PHYSICIAN ASSISTANT,F,
1468,UT,CLINICAL SOCIAL WORKER,M,
1469,HI,NURSE PRACTITIONER,F,
1470,TX,NURSE PRACTITIONER,F,1981
1471,OK,PHYSICIAN ASSISTANT,F,
1472,UT,NURSE PRACTITIONER,F,
1473,OH,NURSE PRACTITIONER,F,
1474,AL,NURSE PRACTITIONER,F,
1475,AL,NURSE PRACTITIONER,F,
1476,CA,NURSE PRACTITIONER,M,
1477,NM,NURSE PRACTITIONER,F,1957
1478,OH,EMERGENCY MEDICINE,F,1989
1479,MI,DIAGNOSTIC RADIOLOGY,M,1985
1480,TX,EMERGENCY MEDICINE,M,1988
1481,AR,CERTIFIED NURSE ANESTHETIST,F,
1482,NM,HOSPITALIST,M,1984
1483,TX,PSYCHOLOGY,M,
1484,OH,PSYCHOLOGY,F,1976
1485,OK,NURSE PRACTITIONER,F,1962
1486,IN,PHYSICIAN ASSISTANT,F,
1487,IN,CERTIFIED NURSE ANESTHETIST,F,
1488,AZ,NURSE PRACTITIONER,F,
1489,OR,REGISTERED DIETICIAN,F,
1490,NV,PHYSICIAN ASSISTANT,M,
1491,TX,PHYSICAL THERAPY,F,
1492,ID,NURSE PRACTITIONER,F,
1493,TX,PHYSICIAN ASSISTANT,F,1991
1494,PR,EMERGENCY MEDICINE,F,
1495,MN,DIAGNOSTIC RADIOLOGY,M,1983
1496,TX,EMERGENCY MEDICINE,M,1987
1497,CA,NURSE PRACTITIONER,,
1498,FL,EMERGENCY MEDICINE,M,1985
1499,WI,PHYSICIAN ASSISTANT,F,
1500,CA,DERMATOLOGY,M,1986
1501,NY,INTERNAL MEDICINE,F,1990
1502,FL,NURSE PRACTITIONER,M,1960
1503,WA,BEHAVIORAL HEALTH & SOCIAL SERVICES,F,
1504,MI,PHYSICIAN ASSISTANT,F,
1505,CO,PHYSICIAN ASSISTANT,M,
1506,MI,PHYSICIAN ASSISTANT,M,
1507,TX,PHYSICIAN ASSISTANT,F,1989
1508,TX,PHYSICIAN ASSISTANT,F,1990
1509,FL,NURSE PRACTITIONER,F,
1510,NY,PHYSICAL THERAPY,F,
1511,TN,NURSE PRACTITIONER,F,
1512,CA,CLINICAL SOCIAL WORKER,M,
1513,PA,PHYSICIAN ASSISTANT,F,
1514,MS,PHYSICIAN ASSISTANT,F,1989
1515,MA,PHYSICIAN ASSISTANT,M,
1516,WY,NURSE PRACTITIONER,M,
1517,CA,PHYSICIAN ASSISTANT,F,1992
1518,AZ,PHYSICIAN ASSISTANT,F,
1519,PA,PHYSICIAN ASSISTANT,F,
1520,FL,EMERGENCY MEDICINE,F,
1521,CA,FAMILY MEDICINE,M,1984
1522,FL,CLINICAL SOCIAL WORKER,F,
1523,TN,NURSE PRACTITIONER,F,
1524,TN,NURSE PRACTITIONER,F,
1525,NV,PHYSICIAN ASSISTANT,F,
1526,FL,PHYSICIAN ASSISTANT,M,1986
1527,OK,REGISTERED DIETICIAN,F,
1528,CA,NURSE PRACTITIONER,F,
1529,NY,PHYSICIAN ASSISTANT,F,
1530,PA,FAMILY MEDICINE,F,1989
1531,MI,ANATOMIC/CLINICAL PATHOLOGY,F,1975
1532,NJ,PHYSICAL THERAPY,F,
1533,AZ,NURSE PRACTITIONER,M,
1534,MA,PHYSICIAN ASSISTANT,M,
1535,MD,NURSE PRACTITIONER,F,
1536,WA,PHYSICIAN ASSISTANT,F,
1537,AL,PHARMACIST,F,
1538,WA,NURSE PRACTITIONER,M,
1539,AL,PULMONARY DISEASE,F,1971
1540,NJ,OCCUPATIONAL THERAPY,M,
1541,NY,PHYSICIAN ASSISTANT,F,
1542,NY,CLINICAL SOCIAL WORKER,F,
1543,OH,PHYSICIAN ASSISTANT,M,1988
1544,AZ,PHYSICIAN ASSISTANT,M,1978
1545,FL,PHYSICIAN ASSISTANT,M,
1546,AL,NURSE PRACTITIONER,,
1547,PA,PHYSICIAN ASSISTANT,F,1992
1548,OH,HOSPITALIST,F,1987
1549,LA,NURSE PRACTITIONER,F,
1550,NY,ORTHOPEDIC SURGERY,M,1987
1551,PA,NURSE PRACTITIONER,F,
1552,SC,NURSE PRACTITIONER,F,
1553,WY,REGISTERED DIETICIAN,F,
1554,PA,FAMILY MEDICINE,F,1990
1555,TX,NURSE PRACTITIONER,F,1968
1556,NJ,HOSPITALIST,F,1974
1557,NV,PHYSICIAN ASSISTANT,F,
1558,MD,NURSE PRACTITIONER,F,
1559,GA,PSYCHIATRY,M,
1560,TN,CERTIFIED NURSE ANESTHETIST,M,1977
1561,WA,EMERGENCY MEDICINE,M,1982
1562,GA,INTERNAL MEDICINE,F,1986
1563,NJ,INTERNAL MEDICINE,F,1983
1564,MD,ORTHOPEDIC SURGERY,M,1987
1565,AZ,PHYSICIAN ASSISTANT,M,
1566,TX,NURSE PRACTITIONER,F,1989
1567,OK,NURSE PRACTITIONER,,1989
1568,NY,BEHAVIORAL HEALTH & SOCIAL SERVICES,F,
1569,ID,PHYSICIAN ASSISTANT,F,
1570,MO,PHYSICIAN ASSISTANT,F,
1571,FL,INTERNAL MEDICINE,M,
1572,CA,EMERGENCY MEDICINE,M,1978
1573,TX,PEDIATRICS,F,1989
1574,NJ,PHYSICAL THERAPY,M,
1575,FL,NEUROLOGY,F,1990
1576,NY,INTERNAL MEDICINE,F,1991
1577,OH,NURSE PRACTITIONER,F,
1578,TX,PHYSICIAN ASSISTANT,F,1989
1579,MN,CLINICAL SOCIAL WORKER,F,
1580,PA,EMERGENCY MEDICINE,M,
1581,VA,PHYSICAL THERAPY,F,
1582,UT,PHYSICAL THERAPY,F,
1583,FL,ANESTHESIA ASSISTANT,M,
1584,CA,HOSPITALIST,M,
1585,FL,FAMILY MEDICINE,M,1973
1586,SC,EMERGENCY MEDICINE,M,1986
1587,MO,RADIATION ONCOLOGY,M,
1588,LA,NURSE PRACTITIONER,F,
1589,TX,PHYSICIAN ASSISTANT,F,1979
1590,GA,EMERGENCY MEDICINE,M,1980
1591,MD,INTERNAL MEDICINE,M,1986
1592,FL,NURSE PRACTITIONER,F,
1593,NY,NURSE PRACTITIONER,F,
1594,FL,PHYSICIAN ASSISTANT,F,
1595,TX,PHYSICAL THERAPY,F,
1596,FL,CLINICAL SOCIAL WORKER,F,
1597,MI,PHYSICAL THERAPY,F,
1598,TN,GENERAL SURGERY,F,1986
1599,RI,NURSE PRACTITIONER,F,
1600,HI,NURSE PRACTITIONER,F,
1601,DE,NURSE PRACTITIONER,F,
1602,MN,INTERNAL MEDICINE,M,
1603,FL,PHYSICIAN ASSISTANT,F,
1604,MA,NURSE PRACTITIONER,M,
1605,OH,PHYSICIAN ASSISTANT,F,
1606,HI,PEDIATRIC HEMATOLOGY/ONCOLOGY,F,
1607,NC,CARDIOVASCULAR DISEASE,M,1985
1608,CA,INTERNAL MEDICINE,F,
1609,CA,PHYSICAL THERAPY,F,
1610,FL,PHYSICAL THERAPY,F,
1611,OH,PHYSICIAN ASSISTANT,M,1986
1612,PA,FAMILY MEDICINE,F,1990
1613,MI,PHYSICIAN ASSISTANT,M,
1614,NM,CLINICAL SOCIAL WORKER,M,
1615,UT,PHYSICIAN ASSISTANT,F,
1616,NY,NURSE PRACTITIONER,F,
1617,OR,ANCILLARY SERVICES,F,
1618,TN,NURSE PRACTITIONER,F,
1619,GA,NURSE PRACTITIONER,F,
1620,CT,PHYSICIAN ASSISTANT,M,
1621,DC,PHYSICIAN ASSISTANT,F,
1622,CA,DIAGNOSTIC RADIOLOGY,M,
1623,FL,EMERGENCY MEDICINE,M,1987
1624,TX,PHYSICIAN ASSISTANT,F,1970
1625,OH,NURSE PRACTITIONER,F,
1626,MI,NURSE PRACTITIONER,F,
1627,NY,INTERNAL MEDICINE,F,1987
1628,MA,INTERNAL MEDICINE,M,1983
1629,ME,NURSE PRACTITIONER,F,
1630,LA,NURSE PRACTITIONER,F,
1631,PA,INTERNAL MEDICINE,M,1988
1632,MD,NURSE PRACTITIONER,,
1633,DE,NURSE PRACTITIONER,,
1634,CA,EMERGENCY MEDICINE,F,1986
1635,LA,NURSE PRACTITIONER,F,
1636,FL,PHYSICAL THERAPY,M,
1637,MS,PHYSICAL THERAPY,M,
1638,CT,NURSE PRACTITIONER,F,
1639,CA,FAMILY MEDICINE,F,
1640,FL,HOSPICE & PALLIATIVE MEDICINE,F,1990
1641,OH,NURSE PRACTITIONER,F,1988
1642,PA,NEPHROLOGY,M,1986
1643,FL,PHYSICAL THERAPY,F,
1644,KS,PHYSICIAN ASSISTANT,F,1990
1645,CA,INTERNAL MEDICINE,M,
1646,KY,INTERNAL MEDICINE,F,1990
1647,LA,NURSE PRACTITIONER,F,
1648,MD,INTERNAL MEDICINE,F,1980
1649,PA,OBSTETRICS & GYNECOLOGY,F,1986
1650,MD,CERTIFIED NURSE ANESTHETIST,F,
1651,TX,PHYSICAL THERAPY,M,
1652,MD,INTERNAL MEDICINE,F,1987
1653,NV,PHYSICIAN ASSISTANT,F,
1654,IL,PHYSICIAN ASSISTANT,F,
1655,MI,NURSE PRACTITIONER,M,
1656,TN,NURSE PRACTITIONER,F,
1657,SC,NURSE PRACTITIONER,F,
1658,MN,NURSE PRACTITIONER,F,1990
1659,OH,NURSE PRACTITIONER,F,
1660,NE,NURSE PRACTITIONER,M,
1661,WI,PHYSICIAN ASSISTANT,F,
1662,OH,INTERNAL MEDICINE,M,1987
1663,MI,ANESTHESIOLOGY,M,
1664,TX,CARDIOVASCULAR DISEASE,F,1979
1665,WI,NURSE PRACTITIONER,F,
1666,WA,NURSE PRACTITIONER,F,
1667,FL,PHYSICIAN ASSISTANT,F,
1668,NY,PHYSICIAN ASSISTANT,F,
1669,MD,NURSE PRACTITIONER,F,
1670,UT,NURSE PRACTITIONER,F,
1671,LA,OTOLARYNGOLOGY,M,1985
1672,NJ,EMERGENCY MEDICINE,F,1987
1673,NM,NURSE PRACTITIONER,F,
1674,GA,NURSE PRACTITIONER,F,
1675,TX,NEUROLOGY,M,
1676,MO,NURSE PRACTITIONER,F,
1677,MA,NURSE PRACTITIONER,,
1678,NM,NURSE PRACTITIONER,F,1986
1679,FL,CERTIFIED NURSE ANESTHETIST,M,
1680,NM,CERTIFIED NURSE ANESTHETIST,M,
1681,TX,NURSE PRACTITIONER,F,
1682,NE,NURSE PRACTITIONER,F,
1683,VA,PHYSICIAN ASSISTANT,F,
1684,RI,NURSE PRACTITIONER,F,
1685,WA,NURSE PRACTITIONER,F,
1686,NJ,HEMATOLOGY/ONCOLOGY,F,1988
1687,GA,PODIATRIST,M,
1688,CA,FAMILY MEDICINE,M,
1689,MI,FAMILY MEDICINE,F,1987
1690,MI,FAMILY MEDICINE,F,1989
1691,WA,PHYSICIAN ASSISTANT,M,
1692,MN,PHYSICIAN ASSISTANT,F,1990
1693,CO,PHYSICAL THERAPY,M,
1694,TX,FAMILY MEDICINE,F,1985
1695,NY,PODIATRIST,M,
1696,TX,OPTOMETRIST,F,1989
1697,MI,EMERGENCY MEDICINE,M,1987
1698,TN,NURSE PRACTITIONER,F,
1699,MN,PHYSICIAN ASSISTANT,M,1987
1700,PA,FAMILY MEDICINE,M,1988
1701,WI,SPORTS MEDICINE (FAMILY MEDICINE),M,1989
1702,MO,FAMILY MEDICINE,M,1986
1703,OK,EMERGENCY MEDICINE,F,1989
1704,MS,NURSE PRACTITIONER,F,
1705,SC,NURSE PRACTITIONER,F,
1706,NY,EMERGENCY MEDICINE,F,1989
1707,MI,NURSE PRACTITIONER,F,
1708,FL,EMERGENCY MEDICINE,M,
1709,AZ,NURSE PRACTITIONER,F,
1710,AZ,NURSE PRACTITIONER,F,
1711,AZ,NURSE PRACTITIONER,M,
1712,MI,HOSPITALIST,F,1985
1713,TX,FAMILY MEDICINE,M,1984
1714,SC,NURSE PRACTITIONER,,
1715,AZ,DIAGNOSTIC RADIOLOGY,M,1987
1716,MO,INTERNAL MEDICINE,F,1990
1717,MA,NURSE PRACTITIONER,F,
1718,NV,HEMATOLOGY (PATHOLOGY),M,1982
1719,MO,NURSE PRACTITIONER,F,
1720,MO,CERTIFIED NURSE ANESTHETIST,F,
1721,FL,PHYSICIAN ASSISTANT,F,
1722,FL,INTERNAL MEDICINE,M,1987
1723,FL,GENERAL PRACTICE,M,1987
1724,FL,FAMILY MEDICINE,,
1725,MA,NURSE PRACTITIONER,F,
1726,TX,NURSE PRACTITIONER,F,1989
1727,FL,DIAGNOSTIC RADIOLOGY,F,
1728,MS,GASTROENTEROLOGY,F,1984
1729,NC,NURSE PRACTITIONER,,
1730,NC,NURSE PRACTITIONER,F,
1731,RI,NURSE PRACTITIONER,F,
1732,MS,OBSTETRICS & GYNECOLOGY,F,1987
1733,NC,PHYSICIAN ASSISTANT,M,
1734,NY,EMERGENCY MEDICINE,M,1982
1735,PA,INTERNAL MEDICINE,M,1985
1736,MD,NURSE PRACTITIONER,F,
1737,IN,PHYSICIAN ASSISTANT,F,
1738,IL,INTERNAL MEDICINE,F,1980
1739,IL,FAMILY MEDICINE,M,
1740,IL,HEMATOLOGY/ONCOLOGY,F,1986
1741,WA,NURSE PRACTITIONER,M,
1742,FL,EMERGENCY MEDICINE,M,1984
1743,MI,PHYSICIAN ASSISTANT,F,1987
1744,MI,PHYSICAL THERAPY,M,
1745,ME,PHYSICAL THERAPY,M,
1746,NC,PHYSICIAN ASSISTANT,M,
1747,TX,EMERGENCY MEDICINE,M,
1748,OH,CLINICAL SOCIAL WORKER,F,
1749,TX,INTERNAL MEDICINE,F,
1750,NV,FAMILY MEDICINE,M,1983
1751,NJ,EMERGENCY MEDICINE,M,1989
1752,CA,"STUDENT, HEALTH CARE",F,1980
1753,WV,UNSPECIFIED,M,
1754,NY,PHYSICIAN ASSISTANT,F,1991
1755,MI,OBSTETRICS & GYNECOLOGY,M,1981
1756,AK,FAMILY MEDICINE,F,1984
1757,NV,NURSE PRACTITIONER,M,
1758,OH,PHYSICIAN ASSISTANT,F,1991
1759,NY,NURSE PRACTITIONER,F,
1760,NV,BEHAVIORAL HEALTH & SOCIAL SERVICES,F,
1761,FL,INTERNAL MEDICINE,M,1989
1762,MI,PHYSICIAN ASSISTANT,F,
1763,CA,PHYSICIAN ASSISTANT,F,
1764,IN,NURSE PRACTITIONER,F,
1765,CA,EMERGENCY MEDICINE,,
1766,SC,PHYSICIAN ASSISTANT,M,
1767,VA,NURSE PRACTITIONER,,
1768,WV,PHYSICIAN ASSISTANT,M,1991
1769,WI,FAMILY MEDICINE,F,1989
1770,CA,FAMILY MEDICINE,M,1987
1771,TX,EMERGENCY MEDICINE,M,1985
1772,NV,EMERGENCY MEDICINE,M,1990
1773,OH,EMERGENCY MEDICINE,M,1982
1774,TN,ANATOMIC/CLINICAL PATHOLOGY,F,1988
1775,MA,ANATOMIC/CLINICAL PATHOLOGY,F,1988
1776,MI,EMERGENCY MEDICINE,F,1989
1777,FL,EMERGENCY MEDICINE,F,1987
1778,PA,DERMATOLOGY,M,1989
1779,PA,FAMILY MEDICINE,M,1990
1780,FL,PEDIATRICS,F,1989
1781,OH,EMERGENCY MEDICINE,F,1990
1782,MI,EMERGENCY MEDICINE,M,1989
1783,IL,EMERGENCY MEDICINE,F,1988
1784,CA,EMERGENCY MEDICINE,F,1989
1785,NC,EMERGENCY MEDICINE,M,1977
1786,MA,ALLERGY & IMMUNOLOGY,F,1989
1787,FL,EMERGENCY MEDICINE,F,1990
1788,MD,INTERNAL MEDICINE,F,1990
1789,NY,DERMATOLOGY,F,1986
1790,NY,EMERGENCY MEDICINE,M,1989
1791,NJ,INTERNAL MEDICINE,M,1989
1792,ID,FAMILY MEDICINE,M,1986
1793,WA,INTERNAL MEDICINE,M,1988
1794,MS,FAMILY MEDICINE,F,1987
1795,TN,EMERGENCY MEDICINE,F,1990
1796,MN,EMERGENCY MEDICINE,F,1987
1797,MI,EMERGENCY MEDICINE,F,1989
1798,MI,EMERGENCY MEDICINE,M,1978
1799,MI,ANESTHESIOLOGY,M,1990
1800,IL,EMERGENCY MEDICINE,M,1988
1801,LA,GENERAL SURGERY,M,1989
1802,CA,FAMILY MEDICINE,M,1986
1803,TX,FAMILY MEDICINE,F,1979
1804,IN,INTERNAL MEDICINE,M,1988
1805,IN,EMERGENCY MEDICINE,M,1990
1806,IL,PEDIATRICS,M,1987
1807,MN,EMERGENCY MEDICINE,F,1989
1808,IL,INTERNAL MEDICINE,M,1990
1809,CO,GENERAL PREVENTIVE MEDICINE,F,1989
1810,FL,EMERGENCY MEDICINE,F,1989
1811,TX,EMERGENCY MEDICINE,M,1983
1812,MI,EMERGENCY MEDICINE,M,1985
1813,FL,EMERGENCY MEDICINE,F,1989
1814,FL,EMERGENCY MEDICINE,F,1990
1815,FL,FAMILY MEDICINE,M,1990
1816,NY,ANESTHESIOLOGY,M,1985
1817,MD,FAMILY MEDICINE,M,1964
1818,GA,EMERGENCY MEDICINE,M,1989
1819,CA,FAMILY MEDICINE,F,1991
1820,PA,EMERGENCY MEDICAL SERVICES,M,1989
1821,CA,EMERGENCY MEDICINE,F,1988
1822,AZ,EMERGENCY MEDICINE,F,1990
1823,AZ,INTERNAL MEDICINE,F,1989
1824,KY,NURSE PRACTITIONER,F,
1825,NJ,NURSE PRACTITIONER,F,
1826,NC,EMERGENCY MEDICINE,M,1989
1827,TN,PHYSICIAN ASSISTANT,F,1986
1828,NJ,NURSE PRACTITIONER,F,
1829,MD,PHYSICIAN ASSISTANT,F,
1830,GA,FAMILY MEDICINE,F,
1831,WA,PODIATRIST,F,
1832,IL,EMERGENCY MEDICINE,F,1989
1833,KY,EMERGENCY MEDICINE,M,1989
1834,NJ,PEDIATRICS,F,1990
1835,GA,FAMILY MEDICINE,F,1990
1836,FL,DERMATOLOGY,F,1988
1837,OH,"STUDENT, HEALTH CARE",F,
1838,CA,EMERGENCY MEDICINE,F,1976
1839,MI,ANATOMIC/CLINICAL PATHOLOGY,F,1988
1840,FL,FAMILY MEDICINE,M,1984
1841,IN,GENERAL SURGERY,M,1989
1842,LA,INTERNAL MEDICINE,M,1988
1843,TX,PEDIATRICS/PSYCHIATRY/CHILD & ADOLESCENT PSYCHIATRY,F,
1844,OH,PEDIATRIC EMERGENCY MEDICINE (PEDIATRICS),M,1989
1845,FL,INTERNAL MEDICINE,F,1986
1846,IL,HOSPITALIST,M,1985
1847,NY,INTERNAL MEDICINE,M,
1848,TX,EMERGENCY MEDICINE,F,
1849,MN,INTERNAL MEDICINE,M,
1850,IL,FAMILY MEDICINE,M,
1851,DC,EMERGENCY MEDICINE,F,
1852,KY,NURSE PRACTITIONER,F,
1853,TX,FAMILY MEDICINE,M,1986
1854,GA,EMERGENCY MEDICINE,M,1985
1855,FL,INTERNAL MEDICINE,M,1987
1856,MI,PHYSICIAN ASSISTANT,M,1990
1857,FL,FAMILY MEDICINE,M,1979
1858,TX,INTERNAL MEDICINE,M,1985
1859,FL,INTERNAL MEDICINE,M,1988
1860,CA,INTERNAL MEDICINE,M,1986
1861,FL,EMERGENCY MEDICINE,F,1986
1862,TX,EMERGENCY MEDICINE,M,1989
1863,AZ,NURSE PRACTITIONER,M,
1864,TX,PHYSICIAN ASSISTANT,M,1987
1865,NV,PHYSICIAN ASSISTANT,M,
1866,OH,DENTIST,M,
1867,MN,FAMILY MEDICINE,F,1983
1868,LA,NURSE PRACTITIONER,F,
1869,TX,OBSTETRICS & GYNECOLOGY,F,1986
1870,NC,FAMILY MEDICINE,M,1987
1871,FL,FAMILY MEDICINE,M,1982
1872,LA,DERMATOPATHOLOGY,M,1979
1873,KY,CYTOPATHOLOGY,F,1985
1874,IA,NURSE PRACTITIONER,F,
1875,AZ,INTERNAL MEDICINE,M,1980
1876,AL,NURSE PRACTITIONER,F,
1877,TX,NURSE PRACTITIONER,F,1979
1878,WA,NURSE PRACTITIONER,F,
1879,GA,NURSE PRACTITIONER,F,
1880,MN,PHYSICIAN ASSISTANT,F,1991
1881,TX,FAMILY MEDICINE,F,1983
1882,MN,INTERNAL MEDICINE,F,1989
1883,MD,EMERGENCY MEDICINE,M,1983
1884,MN,INTERNAL MEDICINE,F,1990
1885,MO,EMERGENCY MEDICINE,M,
1886,FL,INTERNAL MEDICINE,M,1969
1887,NM,EMERGENCY MEDICINE,F,1982
1888,DC,FAMILY MEDICINE,M,1984
1889,GA,HOSPITALIST,M,
1890,LA,INTERNAL MEDICINE,F,
1891,TN,HEMATOLOGY/ONCOLOGY,F,1988
1892,NY,INTERNAL MEDICINE,M,
1893,TX,FAMILY MEDICINE,M,1971
1894,NY,DERMATOLOGY,F,
1895,FL,INTERNAL MEDICINE,M,1988
1896,NY,INTERNAL MEDICINE,F,1984
1897,KY,INTERNAL MEDICINE,F,
1898,GA,INTERNAL MEDICINE,M,1990
1899,NY,EMERGENCY MEDICINE,M,
1900,GA,INTERNAL MEDICINE,F,1987
1901,TX,INTERNAL MEDICINE,F,1989
1902,MI,DERMATOLOGY,F,1989
1903,CA,EMERGENCY MEDICINE,M,
1904,MD,PODIATRIST,M,
1905,MA,INTERNAL MEDICINE,F,1990
1906,CT,HOSPITALIST,M,1986
1907,AZ,EMERGENCY MEDICINE,M,
1908,MO,FAMILY MEDICINE,M,1987
1909,TN,FAMILY MEDICINE,F,1986
1910,TX,EMERGENCY MEDICINE,M,1989
1911,CA,EMERGENCY MEDICINE,F,
1912,CA,GENERAL SURGERY,M,1989
1913,OH,EMERGENCY MEDICINE,M,1989
1914,CA,EMERGENCY MEDICINE,M,1989
1915,LA,EMERGENCY MEDICINE,F,1989
1916,MA,EMERGENCY MEDICINE,F,1987
1917,IL,PEDIATRICS,F,1990
1918,LA,INTERNAL MEDICINE,F,
1919,AZ,PHYSICAL THERAPY,F,
1920,CA,EMERGENCY MEDICINE,M,
1921,VA,INTERNAL MEDICINE,F,1988
1922,NY,PEDIATRICS,F,1990
1923,FL,PEDIATRICS,M,1991
1924,IL,ANESTHESIOLOGY,F,
1925,TX,OBSTETRICS & GYNECOLOGY,M,1989
1926,NY,GENERAL SURGERY,M,1989
1927,OH,INTERNAL MEDICINE,M,1983
1928,NJ,INTERNAL MEDICINE,F,1989
1929,HI,EMERGENCY MEDICINE,M,1984
1930,IL,INTERNAL MEDICINE,F,
1931,FL,EMERGENCY MEDICINE,M,
1932,AZ,DIAGNOSTIC RADIOLOGY,F,1989
1933,TX,FAMILY MEDICINE,F,1990
1934,IL,EMERGENCY MEDICINE,M,
1935,FL,INTERNAL MEDICINE,F,1983
1936,FL,EMERGENCY MEDICINE,F,1980
1937,CA,DIAGNOSTIC RADIOLOGY,F,1989
1938,KY,INTERNAL MEDICINE,M,1988
1939,TX,EMERGENCY MEDICINE,F,1990
1940,FL,INTERNAL MEDICINE,F,1989
1941,KY,PEDIATRICS,F,
1942,OH,PHYSICAL THERAPY,M,
1943,NV,ANESTHESIOLOGY,M,1991
1944,FL,EMERGENCY MEDICINE,M,1989
1945,CO,FAMILY MEDICINE,F,1984
1946,LA,NURSE PRACTITIONER,F,
1947,LA,EMERGENCY MEDICINE,M,
1948,LA,PEDIATRICS,F,1990
1949,MI,EMERGENCY MEDICINE,F,
1950,MD,EMERGENCY MEDICINE,F,
1951,CA,EMERGENCY MEDICINE,F,
1952,TN,FAMILY MEDICINE,F,1984
1953,KY,INTERNAL MEDICINE,M,1979
1954,CA,FAMILY MEDICINE,M,1981
1955,MA,NURSE PRACTITIONER,F,
1956,MN,NURSE PRACTITIONER,F,1986
1957,NJ,PHYSICIAN ASSISTANT,,
1958,OH,NURSE PRACTITIONER,F,1965
1959,AZ,PHYSICIAN ASSISTANT,F,1978
1960,GA,NURSE PRACTITIONER,F,
1961,CA,PHYSICIAN ASSISTANT,F,1989
1962,NV,INTERNAL MEDICINE,F,1986
1963,CA,FAMILY MEDICINE,F,1986
1964,NJ,INTERNAL MEDICINE,F,1987
1965,ME,OTOLARYNGOLOGY,M,1977
1966,SC,PHYSICIAN ASSISTANT,F,
1967,TX,DIAGNOSTIC RADIOLOGY,M,1982
1968,GA,NURSE PRACTITIONER,F,
1969,CA,NURSE PRACTITIONER,F,
1970,CA,NURSE PRACTITIONER,F,
1971,CA,NURSE PRACTITIONER,F,
1972,CA,NURSE PRACTITIONER,F,
1973,MI,EMERGENCY MEDICINE,M,
1974,CA,PHYSICIAN ASSISTANT,F,1985
1975,NJ,PHYSICIAN ASSISTANT,F,1990
1976,MI,PHYSICIAN ASSISTANT,M,
1977,NY,NURSE PRACTITIONER,F,
1978,OH,CLINICAL SOCIAL WORKER,F,
1979,RI,PSYCHOLOGY,F,
1980,MD,NURSE PRACTITIONER,M,
1981,VA,EMERGENCY MEDICINE,M,1988
1982,PA,PHYSICAL THERAPY,M,
1983,IL,NURSE PRACTITIONER,F,
1984,TN,PHYSICAL THERAPY,F,
1985,NY,NURSE PRACTITIONER,F,
1986,CT,NURSE PRACTITIONER,F,
1987,OK,NURSE PRACTITIONER,F,1986
1988,MI,EMERGENCY MEDICINE,M,1988
1989,MA,EMERGENCY MEDICINE,M,1986
1990,MA,PHYSICIAN ASSISTANT,M,
1991,NY,NURSE PRACTITIONER,,
1992,AZ,NURSE PRACTITIONER,F,
1993,CA,PEDIATRIC EMERGENCY MEDICINE (PEDIATRICS),M,1985
1994,MN,NURSE PRACTITIONER,,1978
1995,NC,NURSE PRACTITIONER,F,
1996,VA,PHYSICIAN ASSISTANT,F,
1997,LA,BEHAVIORAL HEALTH & SOCIAL SERVICES,F,
1998,MA,NURSE PRACTITIONER,F,
1999,OH,CLINICAL SOCIAL WORKER,F,
2000,FL,PHYSICIAN ASSISTANT,F,
2001,VA,PHYSICIAN ASSISTANT,F,
2002,OH,PHYSICIAN ASSISTANT,M,
2003,FL,PHYSICIAN ASSISTANT,F,1990
2004,FL,GERIATRIC MEDICINE (INTERNAL MEDICINE),F,1982
2005,WA,FAMILY MEDICINE,F,
2006,OH,PHYSICIAN ASSISTANT,M,
2007,VA,PHYSICIAN ASSISTANT,M,
2008,CA,INTERNAL MEDICINE,M,1988
2009,CA,FAMILY MEDICINE,M,1986
2010,AZ,NURSE PRACTITIONER,F,
2011,MO,NURSE PRACTITIONER,F,
2012,AZ,NURSE PRACTITIONER,,
2013,TX,NURSE PRACTITIONER,M,1985
2014,CA,DIAGNOSTIC RADIOLOGY,M,1981
2015,CA,DIAGNOSTIC RADIOLOGY,M,1983
2016,ID,NURSE PRACTITIONER,F,
2017,OK,NURSE PRACTITIONER,F,1980
2018,PA,NURSE PRACTITIONER,F,
2019,OK,NURSE PRACTITIONER,F,1985
2020,FL,NEUROPATHOLOGY,M,1960
2021,NY,INTERNAL MEDICINE,F,1980
2022,CA,FAMILY MEDICINE,M,1985
2023,MO,NURSE PRACTITIONER,M,
2024,TX,FAMILY MEDICINE,M,1985
2025,TX,HEMATOLOGY (PATHOLOGY),F,1982
2026,MO,NURSE PRACTITIONER,F,
2027,MA,INTERNAL MEDICINE,M,1989
2028,IN,NURSE PRACTITIONER,F,
2029,LA,PHYSICIAN ASSISTANT,F,
2030,TX,EMERGENCY MEDICINE,M,1986
2031,TX,PHYSICIAN ASSISTANT,F,
2032,FL,PHYSICIAN ASSISTANT,F,
2033,MD,CERTIFIED NURSE ANESTHETIST,M,
2034,HI,NURSE PRACTITIONER,F,
2035,MI,PHYSICIAN ASSISTANT,M,
2036,NC,PHYSICIAN ASSISTANT,F,1988
2037,TX,FAMILY MEDICINE,F,1985
2038,AR,NURSE PRACTITIONER,F,
2039,TN,NURSE PRACTITIONER,F,
2040,TX,NURSE PRACTITIONER,F,1986
2041,WA,PHYSICIAN ASSISTANT,M,1984
2042,NJ,EMERGENCY MEDICINE,F,1987
2043,AZ,PEDIATRICS,M,1986
2044,NV,NURSE PRACTITIONER,M,
2045,AR,NURSE PRACTITIONER,F,
2046,AR,NURSE PRACTITIONER,F,
2047,AR,NURSE PRACTITIONER,F,
2048,AR,NURSE PRACTITIONER,F,
2049,AR,NURSE PRACTITIONER,,
2050,AR,NURSE PRACTITIONER,F,
2051,TX,NURSE PRACTITIONER,F,1970
2052,CA,PHYSICIAN ASSISTANT,F,
2053,DC,OPTOMETRIST,F,
2054,PA,ANESTHESIOLOGY,F,1968
2055,TN,NURSE PRACTITIONER,F,
2056,RI,NURSE PRACTITIONER,F,
2057,MS,NURSE PRACTITIONER,F,
2058,WA,NURSE PRACTITIONER,F,1982
2059,TX,DENTIST,F,1989
2060,FL,NURSE PRACTITIONER,F,
2061,CO,PHYSICIAN ASSISTANT,F,1987
2062,CA,NURSE PRACTITIONER,F,
2063,TX,NURSE PRACTITIONER,F,1975
2064,OH,EMERGENCY MEDICINE,M,1984
2065,TX,PHYSICIAN ASSISTANT,F,1987
2066,TX,PEDIATRICS,F,1987
2067,MN,DIAGNOSTIC RADIOLOGY,M,1981
2068,CA,PODIATRIST,M,
2069,OH,NURSE PRACTITIONER,F,
2070,CA,NURSE PRACTITIONER,F,
2071,IL,NURSE PRACTITIONER,F,
2072,PA,PHYSICAL THERAPY,M,
2073,NY,PHYSICIAN ASSISTANT,F,
2074,NY,NURSE PRACTITIONER,F,
2075,FL,PHYSICIAN ASSISTANT,M,
2076,IL,INTERNAL MEDICINE,F,
2077,CA,PHYSICIAN ASSISTANT,M,
2078,IN,NURSE PRACTITIONER,M,
2079,KY,NURSE PRACTITIONER,F,
2080,TX,NURSE PRACTITIONER,F,1987
2081,CA,NURSE PRACTITIONER,F,
2082,MI,EMERGENCY MEDICINE,M,1983
2083,MA,PHYSICIAN ASSISTANT,M,
2084,VA,NURSE PRACTITIONER,F,
2085,GA,NURSE PRACTITIONER,M,
2086,TN,PHYSICIAN ASSISTANT,M,
2087,GA,NURSE PRACTITIONER,F,
2088,GA,NURSE PRACTITIONER,F,
2089,GA,PHYSICIAN ASSISTANT,F,
2090,GA,NURSE PRACTITIONER,F,
2091,CA,NURSE PRACTITIONER,F,
2092,SC,PHYSICIAN ASSISTANT,M,
2093,SC,PHYSICIAN ASSISTANT,F,
2094,NY,NURSE PRACTITIONER,F,
2095,CO,NURSE PRACTITIONER,F,
2096,WA,PHYSICIAN ASSISTANT,F,
2097,FL,PHYSICIAN ASSISTANT,M,
2098,CA,PHYSICIAN ASSISTANT,M,
2099,AZ,PHYSICIAN ASSISTANT,F,
2100,MI,PHYSICAL THERAPY,F,
2101,MI,PHYSICIAN ASSISTANT,M,
2102,AL,NURSE PRACTITIONER,M,
2103,NY,NURSE PRACTITIONER,F,
2104,IL,CHIROPRACTIC,M,
2105,AZ,PHYSICIAN ASSISTANT,F,
2106,PA,PHYSICIAN ASSISTANT,F,1992
2107,WI,NURSE PRACTITIONER,M,
2108,FL,ANESTHESIA ASSISTANT,F,
2109,MI,PHYSICAL THERAPY,F,
2110,FL,ANESTHESIA ASSISTANT,F,
2111,NC,REGISTERED DIETICIAN,F,
2112,VA,PHYSICIAN ASSISTANT,F,1988
2113,CT,PHYSICIAN ASSISTANT,F,
2114,MI,PHYSICIAN ASSISTANT,F,1989
2115,MI,NURSE PRACTITIONER,F,
2116,MI,NURSE PRACTITIONER,F,
2117,MD,NURSE PRACTITIONER,F,
2118,DC,PHYSICIAN ASSISTANT,F,
2119,MD,NURSE PRACTITIONER,,
2120,MD,NURSE PRACTITIONER,F,
2121,MD,NURSE PRACTITIONER,,
2122,OR,NURSE PRACTITIONER,,
2123,CA,NURSE PRACTITIONER,,
2124,SC,NURSE PRACTITIONER,F,
2125,TN,NURSE PRACTITIONER,F,
2126,CA,PHYSICIAN ASSISTANT,F,
2127,SC,INTERNAL MEDICINE,M,1985
2128,CA,NURSE PRACTITIONER,F,
2129,PA,CARDIOVASCULAR DISEASE,M,1985
2130,CO,HOSPITALIST,M,1982
2131,WA,NURSE PRACTITIONER,M,
2132,KY,DENTIST,M,1989
2133,NC,OPHTHALMOLOGY,M,1988
2134,CA,PHYSICIAN ASSISTANT,M,
2135,MD,NURSE PRACTITIONER,M,
2136,KS,PHYSICIAN ASSISTANT,F,1991
2137,AZ,PHYSICIAN ASSISTANT,M,
2138,IA,NURSE PRACTITIONER,F,
2139,FL,NURSE PRACTITIONER,F,
2140,KY,PHYSICIAN ASSISTANT,F,
2141,TN,PHYSICIAN ASSISTANT,F,1991
2142,WA,NURSE PRACTITIONER,F,1987
2143,NJ,PHYSICAL THERAPY,F,
2144,VA,PHYSICAL THERAPY,M,
2145,GA,PHYSICAL THERAPY,M,
2146,CA,PHYSICIAN ASSISTANT,F,
2147,CA,PHYSICIAN ASSISTANT,F,1986
2148,AZ,INTERNAL MEDICINE,M,1984
2149,CA,PHYSICIAN ASSISTANT,F,
2150,KS,PHYSICAL THERAPY - ASSISTANT,M,
2151,MD,NURSE PRACTITIONER,F,
2152,OK,NURSE PRACTITIONER,F,1976
2153,AZ,PHYSICIAN ASSISTANT,F,
2154,CA,PHYSICIAN ASSISTANT,F,1983
2155,UT,PHYSICIAN ASSISTANT,M,
2156,NC,NURSE PRACTITIONER,F,
2157,TX,PSYCHOLOGY,F,
2158,NY,CARDIOVASCULAR DISEASE,F,1987
2159,WI,PHYSICIAN ASSISTANT,M,1977
2160,AZ,NURSE PRACTITIONER,F,
2161,KY,NURSE PRACTITIONER,M,
2162,OK,NURSE PRACTITIONER,F,1992
2163,OH,NURSE PRACTITIONER,F,
2164,OH,NURSE PRACTITIONER,F,
2165,OH,NURSE PRACTITIONER,F,
2166,MA,NURSE PRACTITIONER,,
2167,OH,NURSE PRACTITIONER,F,
2168,CO,CLINICAL SOCIAL WORKER,F,
2169,CA,NURSE PRACTITIONER,F,1986
2170,FL,NURSE PRACTITIONER,,
2171,FL,NURSE PRACTITIONER,,
2172,FL,NURSE PRACTITIONER,M,
2173,FL,NURSE PRACTITIONER,,
2174,MO,PHYSICAL THERAPY,F,
2175,NC,PHYSICAL THERAPY,F,
2176,VA,PHYSICIAN ASSISTANT,F,
2177,NY,EMERGENCY MEDICINE,M,1985
2178,AR,NURSE PRACTITIONER,F,
2179,PA,INTERNAL MEDICINE,M,1982
2180,FL,DIAGNOSTIC RADIOLOGY,M,1987
2181,NC,PHYSICIAN ASSISTANT,F,1986
2182,CA,PHYSICIAN ASSISTANT,M,1975
2183,MI,NURSE PRACTITIONER,F,
2184,NC,NURSE PRACTITIONER,F,
2185,PA,NURSE PRACTITIONER,,
2186,AK,NURSE PRACTITIONER,F,
2187,ME,NURSE PRACTITIONER,,
2188,IN,NURSE PRACTITIONER,F,
2189,CO,NURSE PRACTITIONER,F,
2190,CA,SPORTS MEDICINE (FAMILY MEDICINE),F,1986
2191,DC,PHYSICIAN ASSISTANT,M,1978
2192,PA,PHYSICIAN ASSISTANT,F,
2193,CA,FAMILY MEDICINE,M,
2194,FL,DENTIST,F,
2195,AL,FAMILY MEDICINE,F,1988
2196,CA,PHYSICAL THERAPY,F,
2197,SD,CARDIOVASCULAR DISEASE,M,1987
2198,PA,INTERNAL MEDICINE,F,1989
2199,MA,INTERNAL MEDICINE,M,1987
2200,NY,FAMILY MEDICINE,M,1985
2201,NV,PHYSICIAN ASSISTANT,M,1982
2202,TX,NURSE PRACTITIONER,F,1984
2203,TX,PHYSICAL THERAPY,F,
2204,NY,NURSE PRACTITIONER,M,
2205,OH,PHYSICIAN ASSISTANT,F,1990
2206,GA,NURSE PRACTITIONER,F,
2207,SC,PHYSICIAN ASSISTANT,M,1983
2208,AR,NURSE PRACTITIONER,F,
2209,NY,NURSE PRACTITIONER,F,1984
2210,SC,NURSE PRACTITIONER,M,
2211,MO,NURSE PRACTITIONER,,
2212,CO,NURSE PRACTITIONER,F,
2213,KY,NURSE PRACTITIONER,F,
2214,KY,NURSE PRACTITIONER,F,
2215,KY,NURSE PRACTITIONER,F,
2216,MD,NURSE PRACTITIONER,F,1970
2217,TX,NURSE PRACTITIONER,,1990
2218,TX,NURSE PRACTITIONER,F,1981
2219,TX,NURSE PRACTITIONER,F,1992
2220,WI,PHYSICIAN ASSISTANT,F,1976
2221,SC,PHYSICIAN ASSISTANT,M,
2222,AZ,NURSE PRACTITIONER,M,
2223,MD,NURSE PRACTITIONER,F,
2224,TN,NURSE PRACTITIONER,F,
2225,TN,NURSE PRACTITIONER,M,
2226,NV,FAMILY MEDICINE,M,1988
2227,FL,INTERNAL MEDICINE,F,1979
2228,IL,EMERGENCY MEDICINE,M,1988
2229,OR,FAMILY MEDICINE,F,
2230,MI,PHYSICIAN ASSISTANT,M,
2231,MI,VASCULAR & INTERVENTIONAL RADIOLOGY,M,1986
2232,GA,CLINICAL SOCIAL WORKER,F,
2233,PA,OPTOMETRIST,M,
2234,CA,PODIATRIST,,
2235,CT,EMERGENCY MEDICINE,M,1986
2236,NY,PHYSICIAN ASSISTANT,M,
2237,MD,NURSE PRACTITIONER,F,
2238,MO,EMERGENCY MEDICINE,F,1985
2239,MI,FAMILY MEDICINE,F,1988
2240,WA,BEHAVIORAL HEALTH & SOCIAL SERVICES,F,
2241,CA,INTERNAL MEDICINE,M,1984
2242,TX,PEDIATRIC EMERGENCY MEDICINE,F,
2243,CA,FAMILY MEDICINE,F,
2244,NY,NURSE PRACTITIONER,F,
2245,NY,INFECTIOUS DISEASE,F,1987
2246,IA,ORTHOPEDIC SURGERY,F,1982
2247,MI,FAMILY MEDICINE,F,1988
2248,SC,EMERGENCY MEDICINE,M,1988
2249,NJ,EMERGENCY MEDICAL SERVICES,M,1987
2250,CO,DIAGNOSTIC RADIOLOGY,M,1986
2251,CO,NURSE PRACTITIONER,F,
2252,OH,INTERNAL MEDICINE,M,1991
2253,NY,PHYSICIAN ASSISTANT,F,
2254,IN,CYTOPATHOLOGY,M,1986
2255,WA,NURSE PRACTITIONER,M,1975
2256,IL,INTERNAL MEDICINE,M,1988
2257,NJ,PHYSICIAN ASSISTANT,F,
2258,KY,NURSE PRACTITIONER,F,
2259,PA,OPTOMETRIST,M,
2260,SC,PHYSICIAN ASSISTANT,F,
2261,NY,NURSE PRACTITIONER,F,
2262,TX,BEHAVIORAL HEALTH & SOCIAL SERVICES,F,
2263,MN,CARDIOVASCULAR DISEASE,F,1979
2264,TX,NURSE PRACTITIONER,M,1984
2265,CA,NURSE PRACTITIONER,F,
2266,OR,NURSE PRACTITIONER,F,
2267,MA,"ENDOCRINOLOGY, DIABETES & METABOLISM",F,1984
2268,GA,DERMATOPATHOLOGY,M,1986
2269,FL,INTERNAL MEDICINE,F,1985
2270,FL,HOSPITALIST,M,1987
2271,NY,PHYSICIAN ASSISTANT,F,1986
2272,MN,NURSE PRACTITIONER,F,1988
2273,CA,EMERGENCY MEDICINE,F,1988
2274,NY,INTERNAL MEDICINE,M,1975
2275,MI,INTERNAL MEDICINE,M,1989
2276,MD,FAMILY MEDICINE,F,1987
2277,SC,HOSPITALIST,M,1989
2278,TX,FAMILY MEDICINE,M,1984
2279,MI,FAMILY MEDICINE,M,1989
2280,MN,PHYSICIAN ASSISTANT,F,
2281,GA,PSYCHOLOGY,F,
2282,RI,EMERGENCY MEDICINE,F,1990
2283,CA,INTERNAL MEDICINE,M,1983
2284,WA,NURSE PRACTITIONER,M,
2285,GA,CLINICAL SOCIAL WORKER,M,
2286,OH,EMERGENCY MEDICAL SERVICES,M,1986
2287,MS,NURSE PRACTITIONER,F,
2288,LA,NURSE PRACTITIONER,M,
2289,TX,NURSE PRACTITIONER,F,1981
2290,OH,CHIROPRACTIC,M,
2291,OH,EMERGENCY MEDICINE,F,1986
2292,AL,NURSE PRACTITIONER,F,
2293,TX,OBSTETRICS & GYNECOLOGY,M,1984
2294,NJ,PHYSICAL THERAPY,F,
2295,MA,PHYSICIAN ASSISTANT,F,
2296,CA,PHYSICIAN ASSISTANT,F,
2297,NY,NURSE PRACTITIONER,F,
2298,KS,FAMILY MEDICINE,M,1989
2299,KY,EMERGENCY MEDICINE,M,1987
2300,GA,INTERNAL MEDICINE,M,1989
2301,MI,INTERNAL MEDICINE,F,1987
2302,TX,EMERGENCY MEDICINE,M,1988
2303,CA,PHYSICIAN ASSISTANT,M,1988
2304,ME,PHYSICIAN ASSISTANT,F,1988
2305,NY,INTERNAL MEDICINE,M,
2306,WA,FAMILY MEDICINE,M,1989
2307,NY,EMERGENCY MEDICINE,F,1988
2308,PA,INTERNAL MEDICINE,F,1985
2309,NJ,PHYSICIAN ASSISTANT,F,1983
2310,NJ,CLINICAL SOCIAL WORKER,F,
2311,CA,NURSE PRACTITIONER,F,
2312,CA,NURSE PRACTITIONER,F,
2313,FL,FAMILY MEDICINE,M,1988
2314,MN,ANESTHESIOLOGY,M,
2315,MN,PHYSICIAN ASSISTANT,F,1990
2316,MI,CERTIFIED NURSE ANESTHETIST,M,
2317,MN,PHYSICIAN ASSISTANT,F,1991
2318,GA,HOSPITALIST,F,
2319,CA,CLINICAL SOCIAL WORKER,F,
2320,FL,FAMILY MEDICINE,M,1987
2321,WA,FAMILY MEDICINE,M,
2322,OH,NURSE PRACTITIONER,F,
2323,AZ,BEHAVIORAL HEALTH & SOCIAL SERVICES,F,
2324,NY,INTERNAL MEDICINE,M,1979
2325,GA,PHYSICIAN ASSISTANT,M,1988
2326,FL,NURSE PRACTITIONER,F,
2327,MD,PHYSICAL THERAPY,M,
2328,CO,FAMILY MEDICINE,M,1985
2329,NY,FAMILY MEDICINE,M,
2330,KY,FAMILY MEDICINE,M,1985
2331,SC,PEDIATRICS,F,
2332,AZ,INTERNAL MEDICINE/EMERGENCY MEDICINE,M,1985
2333,FL,INTERNAL MEDICINE,M,1988
2334,TN,NURSE PRACTITIONER,F,
2335,MO,NURSE PRACTITIONER,F,
2336,NY,NURSE PRACTITIONER,F,
2337,MD,PHYSICIAN ASSISTANT,F,
2338,OH,PHYSICIAN ASSISTANT,M,1975
2339,MO,NURSE PRACTITIONER,M,
2340,IN,INTERNAL MEDICINE,M,
2341,TX,CRITICAL CARE MEDICINE (ANESTHESIOLOGY),F,1989
2342,CA,FAMILY MEDICINE,F,1988
2343,MN,EMERGENCY MEDICINE,M,1988
2344,OH,NURSE PRACTITIONER,F,
2345,MD,NURSE PRACTITIONER,F,
2346,MA,NURSE PRACTITIONER,F,
2347,PA,PHYSICAL MEDICINE & REHABILITATION,M,1975
2348,MI,OBSTETRICS & GYNECOLOGY,F,1990
2349,MO,DIAGNOSTIC RADIOLOGY,M,1986
2350,FL,EMERGENCY MEDICINE,M,1988
2351,OR,OPHTHALMOLOGY,F,1987
2352,HI,DIAGNOSTIC RADIOLOGY,F,1987
2353,WA,FAMILY MEDICINE,F,1984
2354,OH,FAMILY MEDICINE,F,1987
2355,DC,PEDIATRICS,F,1989
2356,TX,EMERGENCY MEDICINE,M,1985
2357,TX,PSYCHIATRY,F,1984
2358,TX,OBSTETRICS & GYNECOLOGY,F,1989
2359,TX,FAMILY MEDICINE,F,1989
2360,TX,ALLERGY & IMMUNOLOGY,F,1988
2361,TX,INTERNAL MEDICINE,M,1989
2362,TX,GENERAL SURGERY,F,1988
2363,NY,INTERNAL MEDICINE,M,1983
2364,TX,EMERGENCY MEDICINE,M,1990
2365,FL,FAMILY MEDICINE,M,1989
2366,SC,INTERNAL MEDICINE,M,1989
2367,NY,HEMATOLOGY/ONCOLOGY,M,1981
2368,MD,OTOLARYNGOLOGY,M,1987
2369,TX,INTERNAL MEDICINE,F,1985
2370,MD,EMERGENCY MEDICINE,F,1987
2371,LA,EMERGENCY MEDICINE,M,1985
2372,OH,PEDIATRIC RADIOLOGY,M,1988
2373,NY,EMERGENCY MEDICINE,F,1989
2374,NV,FAMILY MEDICINE,F,1990
2375,OH,INTERNAL MEDICINE,M,1988
2376,TX,EMERGENCY MEDICINE,F,1989
2377,MD,PSYCHIATRY,F,1987
2378,NC,PEDIATRICS,F,1989
2379,CA,INTERNAL MEDICINE,M,1986
2380,NJ,FAMILY MEDICINE,M,1988
2381,OH,EMERGENCY MEDICINE,M,1981
2382,RI,EMERGENCY MEDICINE,F,1990
2383,RI,EMERGENCY MEDICINE,F,1989
2384,NY,PEDIATRIC EMERGENCY MEDICINE,F,1989
2385,MI,SELECTIVE PATHOLOGY,M,1989
2386,NY,DERMATOLOGY,F,1982
2387,NM,INTERNAL MEDICINE,M,1981
2388,NY,EMERGENCY MEDICINE,M,1988
2389,NJ,EMERGENCY MEDICINE,M,1988
2390,AZ,HOSPITALIST,F,1987
2391,IN,EMERGENCY MEDICINE,M,1989
2392,TX,EMERGENCY MEDICINE,M,1973
2393,CO,DIAGNOSTIC RADIOLOGY,M,1992
2394,WI,FAMILY MEDICINE,M,1988
2395,WI,EMERGENCY MEDICINE,M,1988
2396,SD,EMERGENCY MEDICINE,M,1987
2397,IN,GASTROENTEROLOGY,F,1987
2398,MI,ANESTHESIOLOGY,F,1989
2399,OH,EMERGENCY MEDICINE,M,1985
2400,NV,EMERGENCY MEDICINE,F,1984
2401,MI,ANATOMIC/CLINICAL PATHOLOGY,F,1989
2402,LA,INTERNAL MEDICINE,F,1988
2403,NY,EMERGENCY MEDICINE,F,1987
2404,KY,ANESTHESIOLOGY,M,1989
2405,KY,FAMILY MEDICINE,M,1988
2406,SC,EMERGENCY MEDICINE,M,1989
2407,IN,UROLOGY,F,1988
2408,IN,DIAGNOSTIC RADIOLOGY,M,1987
2409,MI,EMERGENCY MEDICINE,M,1986
2410,SD,DIAGNOSTIC RADIOLOGY,M,1986
2411,NV,INTERNAL MEDICINE,M,1987
2412,WA,EMERGENCY MEDICINE,M,1987
2413,IL,EMERGENCY MEDICINE,F,1988
2414,GA,EMERGENCY MEDICINE,M,1988
2415,FL,PEDIATRICS,M,1988
2416,FL,PEDIATRICS,F,1988
2417,FL,UROLOGY,M,1989
2418,MI,ANESTHESIOLOGY,M,1988
2419,MA,DIAGNOSTIC RADIOLOGY,F,1986
2420,MD,FAMILY MEDICINE,F,1984
2421,MA,FAMILY MEDICINE,F,1987
2422,MA,EMERGENCY MEDICINE,M,1985
2423,DC,EMERGENCY MEDICINE,M,1988
2424,OR,FAMILY MEDICINE,F,1987
2425,CA,FAMILY MEDICINE,M,1973
2426,CA,HOSPITALIST,M,1989
2427,CA,PEDIATRICS,M,1987
2428,WA,CARDIOVASCULAR DISEASE,F,1989
2429,CA,EMERGENCY MEDICINE,F,1986
2430,CA,FAMILY MEDICINE,M,1984
2431,CA,ALLERGY & IMMUNOLOGY,F,1983
2432,ME,FAMILY MEDICINE,F,1990
2433,CA,FAMILY MEDICINE,F,1984
2434,CA,SPORTS MEDICINE (FAMILY MEDICINE),F,1985
2435,CA,INTERNAL MEDICINE/PEDIATRICS,F,1987
2436,OK,FAMILY MEDICINE,M,1983
2437,CA,EMERGENCY MEDICINE,M,1980
2438,CT,NURSE PRACTITIONER,F,
2439,IL,NURSE PRACTITIONER,F,
2440,MN,NURSE PRACTITIONER,F,1987
2441,MN,DENTIST,F,
2442,OH,DENTIST,,
2443,NJ,GERIATRIC MEDICINE (INTERNAL MEDICINE),M,
2444,OH,EMERGENCY MEDICINE,M,1987
2445,TX,DERMATOLOGY,M,1983
2446,CT,EMERGENCY MEDICINE,M,1985
2447,CA,EMERGENCY MEDICINE,F,1978
2448,NH,INTERNAL MEDICINE,M,1987
2449,NY,SPORTS MEDICINE (EMERGENCY MEDICINE),M,1989
2450,NY,DERMATOLOGY,F,1988
2451,LA,FAMILY MEDICINE,F,1988
2452,MD,DIAGNOSTIC RADIOLOGY,F,
2453,MD,DERMATOLOGY,F,1988
2454,TX,EMERGENCY MEDICINE,M,1987
2455,MI,"STUDENT, HEALTH CARE",M,
2456,CA,FAMILY MEDICINE,F,1985
2457,TN,EMERGENCY MEDICINE,M,
2458,NY,EMERGENCY MEDICINE,F,1988
2459,TX,NEUROLOGY,M,1987
2460,TX,OTOLARYNGOLOGY,M,1988
2461,RI,FAMILY MEDICINE,M,1989
2462,TN,CRITICAL CARE MEDICINE (ANESTHESIOLOGY),M,1989
2463,LA,CERTIFIED NURSE ANESTHETIST,F,
2464,MN,NURSE PRACTITIONER,M,
2465,OH,DERMATOLOGY,F,
2466,FL,EMERGENCY MEDICINE,M,1987
2467,AZ,FAMILY MEDICINE,M,1981
2468,CA,DIAGNOSTIC RADIOLOGY,M,1988
2469,CT,EMERGENCY MEDICINE,M,1979
2470,DE,FAMILY MEDICINE,F,
2471,CA,EMERGENCY MEDICINE,M,1988
2472,SC,EMERGENCY MEDICINE,F,1988
2473,GA,FAMILY MEDICINE,F,1989
2474,OH,HOSPITALIST,F,1988
2475,LA,EMERGENCY MEDICINE,M,1988
2476,IL,PHYSICIAN ASSISTANT,M,
2477,CA,PODIATRIST,M,
2478,NY,NURSE PRACTITIONER,F,
2479,WA,FAMILY MEDICINE,F,1985
2480,NY,EMERGENCY MEDICINE,F,
2481,PA,INTERNAL MEDICINE,M,1988
2482,CA,FAMILY MEDICINE,F,1988
2483,AZ,INTERNAL MEDICINE,M,
2484,MN,RADIATION ONCOLOGY,M,1988
2485,FL,OPHTHALMOLOGY,M,1988
2486,OH,INTERNAL MEDICINE,M,1987
2487,HI,EMERGENCY MEDICINE,F,
2488,TN,PEDIATRICS,F,1989
2489,LA,PSYCHIATRY,F,1981
2490,WI,NEUROLOGY,M,1981
2491,CA,EMERGENCY MEDICINE,M,1987
2492,MO,FAMILY MEDICINE,F,
2493,OK,GERIATRIC MEDICINE (INTERNAL MEDICINE),M,1986
2494,NY,FAMILY MEDICINE,F,1989
2495,TX,UNSPECIFIED,M,1986
2496,NY,EMERGENCY MEDICINE,M,1988
2497,OH,HOSPITALIST,F,1987
2498,CO,NURSE PRACTITIONER,F,
2499,LA,EMERGENCY MEDICINE,F,1984
2500,OH,EMERGENCY MEDICINE,M,1984
2501,NY,PHYSICIAN ASSISTANT,F,
2502,CA,OPTOMETRIST,F,
2503,CA,NURSE MIDWIFE,F,
2504,CO,NURSE PRACTITIONER,F,
2505,TN,CERTIFIED NURSE ANESTHETIST,M,
2506,MD,NURSE PRACTITIONER,M,
2507,TX,NURSE PRACTITIONER,F,1985
2508,FL,CERTIFIED NURSE ANESTHETIST,M,
2509,CA,NURSE PRACTITIONER,M,
2510,FL,NURSE PRACTITIONER,F,
2511,FL,NURSE PRACTITIONER,M,
2512,FL,NURSE PRACTITIONER,,
2513,FL,NURSE PRACTITIONER,F,
2514,FL,NURSE PRACTITIONER,,
2515,FL,NURSE PRACTITIONER,,1986
2516,FL,NURSE PRACTITIONER,M,
2517,FL,NURSE PRACTITIONER,,
2518,FL,NURSE PRACTITIONER,F,
2519,FL,NURSE PRACTITIONER,F,
2520,FL,NURSE PRACTITIONER,F,
2521,FL,NURSE PRACTITIONER,,
2522,FL,NURSE PRACTITIONER,F,
2523,FL,NURSE PRACTITIONER,F,
2524,FL,NURSE PRACTITIONER,,
2525,FL,NURSE PRACTITIONER,F,
2526,FL,NURSE PRACTITIONER,,
2527,FL,PHYSICIAN ASSISTANT,,
2528,AZ,NURSE PRACTITIONER,F,
2529,FL,NURSE PRACTITIONER,F,
2530,FL,NURSE PRACTITIONER,F,
2531,FL,NURSE PRACTITIONER,F,
2532,FL,CERTIFIED NURSE ANESTHETIST,M,
2533,FL,NURSE PRACTITIONER,F,
2534,FL,NURSE PRACTITIONER,F,
2535,FL,NURSE PRACTITIONER,F,
2536,FL,NURSE PRACTITIONER,F,
2537,FL,NURSE PRACTITIONER,,
2538,FL,NURSE PRACTITIONER,,
2539,FL,NURSE PRACTITIONER,F,
2540,FL,NURSE PRACTITIONER,,
2541,FL,NURSE PRACTITIONER,F,
2542,FL,NURSE PRACTITIONER,,
2543,FL,NURSE PRACTITIONER,F,
2544,FL,CERTIFIED NURSE ANESTHETIST,F,
2545,FL,NURSE PRACTITIONER,F,
2546,FL,NURSE PRACTITIONER,F,
2547,FL,NURSE PRACTITIONER,F,
2548,FL,NURSE PRACTITIONER,F,
2549,FL,NURSE PRACTITIONER,,
2550,FL,NURSE PRACTITIONER,,
2551,FL,NURSE PRACTITIONER,F,
2552,FL,NURSE PRACTITIONER,F,
2553,FL,NURSE PRACTITIONER,F,
2554,FL,NURSE PRACTITIONER,F,
2555,FL,NURSE PRACTITIONER,F,
2556,CT,NURSE PRACTITIONER,F,
2557,TX,PEDIATRICS,M,1984
2558,AZ,EMERGENCY MEDICINE,M,1984
2559,IL,DIAGNOSTIC RADIOLOGY,M,1983
2560,CA,INTERNAL MEDICINE,M,
2561,NV,CARDIOVASCULAR DISEASE,M,1984
2562,CA,INTERNAL MEDICINE,M,1983
2563,PA,ANESTHESIOLOGY,M,1975
2564,IL,NURSE PRACTITIONER,F,
2565,MI,FAMILY MEDICINE,F,1983
2566,GA,CERTIFIED NURSE ANESTHETIST,F,
2567,AZ,PHYSICIAN ASSISTANT,M,1982
2568,NJ,NURSE PRACTITIONER,F,
2569,CA,PHYSICIAN ASSISTANT,F,1984
2570,IL,NURSE PRACTITIONER,F,
2571,CO,PHYSICIAN ASSISTANT,M,1957
2572,FL,INTERNAL MEDICINE/FAMILY MEDICINE,M,1983
2573,TX,EMERGENCY MEDICINE,M,1986
2574,OH,PHYSICIAN ASSISTANT,M,1980
2575,WI,NURSE PRACTITIONER,F,
2576,DC,NURSE PRACTITIONER,F,
2577,FL,ANESTHESIOLOGY,F,1984
2578,CT,PEDIATRIC HEMATOLOGY/ONCOLOGY,M,
2579,FL,INTERNAL MEDICINE,F,1989
2580,LA,DERMATOLOGY,M,1988
2581,CO,FAMILY MEDICINE,M,1988
2582,WI,EMERGENCY MEDICINE,F,1983
2583,IL,INTERNAL MEDICINE,F,1988
2584,FL,INTERNAL MEDICINE,M,1986
2585,MS,ANESTHESIOLOGY,M,1988
2586,NJ,EMERGENCY MEDICINE,F,1983
2587,CA,EMERGENCY MEDICINE,M,1988
2588,TN,EMERGENCY MEDICINE,F,1988
2589,OH,INTERNAL MEDICINE,M,1984
2590,MO,EMERGENCY MEDICINE,M,1987
2591,NV,EMERGENCY MEDICINE,M,1988
2592,NY,EMERGENCY MEDICINE,M,1989
2593,IL,NEPHROLOGY,M,1989
2594,MO,EMERGENCY MEDICINE,F,1989
2595,PA,EMERGENCY MEDICINE,F,
2596,IN,EMERGENCY MEDICINE,M,1988
2597,NJ,PEDIATRICS,M,1962
2598,CA,FAMILY MEDICINE,F,
2599,UT,"ENDOCRINOLOGY, DIABETES & METABOLISM",F,
2600,TX,EMERGENCY MEDICINE,M,1984
2601,WV,EMERGENCY MEDICINE,M,1989
2602,MO,EMERGENCY MEDICINE,M,1990
2603,NJ,PEDIATRICS,F,
2604,CA,FAMILY MEDICINE,F,1989
2605,GA,GENERAL SURGERY,F,1976
2606,CA,PULMONARY CRITICAL CARE MEDICINE,F,1984
2607,OR,FAMILY MEDICINE,F,1983
2608,NJ,EMERGENCY MEDICINE,F,1987
2609,TX,EMERGENCY MEDICINE,M,1988
2610,FL,FAMILY MEDICINE,F,1980
2611,DC,INTERNAL MEDICINE,M,1989
2612,WA,INTERNAL MEDICINE,M,1985
2613,PA,INTERNAL MEDICINE,M,1989
2614,LA,PEDIATRICS,F,1989
2615,VA,FAMILY MEDICINE,F,1986
2616,NY,PEDIATRICS,F,
2617,WA,PHYSICIAN ASSISTANT,M,1976
2618,CT,NEURORADIOLOGY,M,1988
2619,CA,EMERGENCY MEDICINE,F,1987
2620,TX,ANESTHESIOLOGY,F,1989
2621,AR,FAMILY MEDICINE,M,1986
2622,NV,ANESTHESIOLOGY,M,1986
2623,CA,INTERNAL MEDICINE,F,1970
2624,CA,INTERNAL MEDICINE,F,1986
2625,MA,PSYCHIATRY,F,
2626,NY,EMERGENCY MEDICINE,M,
2627,NY,ALLERGY & IMMUNOLOGY,F,
2628,OH,EMERGENCY MEDICINE,M,1988
2629,PA,INFECTIOUS DISEASE,F,1984
2630,IL,FAMILY MEDICINE,F,1984
2631,NJ,INTERNAL MEDICINE,M,1986
2632,MA,INTERNAL MEDICINE,M,1989
2633,OH,SPORTS MEDICINE (PEDIATRICS),F,1989
2634,NY,EMERGENCY MEDICINE,M,1989
2635,VA,EMERGENCY MEDICINE,M,1985
2636,CA,FAMILY MEDICINE,F,1988
2637,MN,RADIATION ONCOLOGY,M,1982
2638,TX,INTERNAL MEDICINE,M,1986
2639,MA,EMERGENCY MEDICINE,M,
2640,NV,RADIOLOGY,M,1976
2641,PA,NURSE PRACTITIONER,F,
2642,CA,PHYSICIAN ASSISTANT,M,1983
2643,TN,NURSE PRACTITIONER,F,
2644,NY,NURSE PRACTITIONER,F,
2645,TX,NURSE PRACTITIONER,M,1968
2646,NM,FAMILY MEDICINE,M,1980
2647,TX,NURSE PRACTITIONER,F,1987
2648,TX,NURSE PRACTITIONER,F,1985
2649,IN,NURSE PRACTITIONER,F,
2650,TX,INTERNAL MEDICINE,F,1978
2651,SC,FAMILY MEDICINE,M,1985
2652,WA,PHYSICIAN ASSISTANT,M,
2653,WA,CLINICAL SOCIAL WORKER,F,
2654,GA,CERTIFIED NURSE ANESTHETIST,F,1982
2655,MS,NURSE PRACTITIONER,F,
2656,DE,NURSE PRACTITIONER,F,
2657,AZ,REGISTERED DIETICIAN,F,
2658,NH,NURSE PRACTITIONER,F,1977
2659,OH,PHYSICIAN ASSISTANT,F,1989
2660,OH,PHYSICIAN ASSISTANT,M,1981
2661,MD,PHYSICIAN ASSISTANT,F,1986
2662,WA,BEHAVIORAL HEALTH & SOCIAL SERVICES,F,
2663,NJ,FAMILY MEDICINE,M,1978
2664,TX,PHYSICIAN ASSISTANT,M,1986
2665,WA,PHYSICIAN ASSISTANT,F,
2666,CA,EMERGENCY MEDICINE,M,1977
2667,WY,PHYSICIAN ASSISTANT,F,
2668,AL,NURSE PRACTITIONER,F,
2669,TX,PHYSICIAN ASSISTANT,F,1986
2670,CA,NURSE PRACTITIONER,F,
2671,OR,NURSE PRACTITIONER,F,
2672,MO,CERTIFIED NURSE ANESTHETIST,M,
2673,MO,NURSE PRACTITIONER,M,
2674,MO,NURSE PRACTITIONER,F,
2675,MO,NURSE PRACTITIONER,F,
2676,MN,NURSE PRACTITIONER,F,1989
2677,NY,PHYSICIAN ASSISTANT,M,
2678,NY,PEDIATRICS,F,1987
2679,AZ,PHYSICIAN ASSISTANT,F,1980
2680,AK,BEHAVIORAL HEALTH & SOCIAL SERVICES,F,
2681,CA,PSYCHIATRY,M,1977
2682,NM,NURSE PRACTITIONER,F,1987
2683,CA,NURSE PRACTITIONER,,
2684,MO,CERTIFIED NURSE ANESTHETIST,F,
2685,MO,NURSE PRACTITIONER,F,
2686,LA,PHYSICIAN ASSISTANT,F,
2687,WV,NURSE PRACTITIONER,F,
2688,CA,PHYSICAL THERAPY,F,
2689,CA,CLINICAL SOCIAL WORKER,F,
2690,OK,PHYSICIAN ASSISTANT,M,
2691,NY,INTERNAL MEDICINE,F,
2692,CA,PEDIATRICS,F,1986
2693,NC,PHYSICIAN ASSISTANT,F,
2694,NY,FAMILY MEDICINE,F,1984
2695,CO,EMERGENCY MEDICINE,M,1988
2696,WA,PHYSICIAN ASSISTANT,M,
2697,TX,CERTIFIED NURSE ANESTHETIST,F,
2698,IL,INTERNAL MEDICINE,M,1986
2699,NJ,NURSE PRACTITIONER,F,
2700,FL,PEDIATRICS,F,1987
2701,AL,NURSE PRACTITIONER,F,
2702,WI,EMERGENCY MEDICINE,M,
2703,LA,NURSE PRACTITIONER,F,
2704,LA,NURSE PRACTITIONER,F,
2705,PA,NURSE PRACTITIONER,F,
2706,VA,PHYSICIAN ASSISTANT,F,
2707,CA,PHYSICIAN ASSISTANT,F,
2708,TX,CERTIFIED NURSE ANESTHETIST,M,
2709,TX,NURSE PRACTITIONER,F,1985
2710,TX,NURSE PRACTITIONER,M,1978
2711,WI,PHYSICIAN ASSISTANT,F,1984
2712,FL,PHYSICIAN ASSISTANT,F,1987
2713,GA,NURSE PRACTITIONER,F,
2714,CT,NURSE PRACTITIONER,F,
2715,CT,NURSE PRACTITIONER,F,
2716,PA,NURSE PRACTITIONER,F,
2717,CT,ADVANCED REGISTERED NURSE,F,
2718,CT,NURSE PRACTITIONER,F,
2719,CT,NURSE PRACTITIONER,,
2720,CT,NURSE PRACTITIONER,M,
2721,CT,NURSE PRACTITIONER,M,
2722,CT,NURSE PRACTITIONER,F,
2723,CA,PHYSICIAN ASSISTANT,F,1985
2724,CA,FAMILY MEDICINE,F,1985
2725,IL,PHYSICIAN ASSISTANT,F,
2726,MI,PHYSICIAN ASSISTANT,F,
2727,NY,PHYSICIAN ASSISTANT,F,1985
2728,OH,NURSE PRACTITIONER,F,1986
2729,WI,NURSE PRACTITIONER,F,1987
2730,KS,NURSE PRACTITIONER,F,
2731,WI,DENTIST,M,
2732,IN,NURSE PRACTITIONER,F,
2733,FL,NURSE PRACTITIONER,M,
2734,VA,PHYSICAL THERAPY,F,
2735,KS,PHYSICAL THERAPY,F,
2736,NY,PHYSICIAN ASSISTANT,F,
2737,FL,PHYSICAL THERAPY,M,
2738,FL,PSYCHOLOGY,F,
2739,WA,PHYSICIAN ASSISTANT,M,1982
2740,OH,PHYSICIAN ASSISTANT,F,1989
2741,CA,FAMILY MEDICINE,M,
2742,MI,NURSE PRACTITIONER,M,
2743,CA,CLINICAL SOCIAL WORKER,M,
2744,FL,PHYSICIAN ASSISTANT,M,
2745,FL,PHYSICIAN ASSISTANT,F,1985
2746,TX,NURSE PRACTITIONER,F,1981
2747,PA,GENERAL PREVENTIVE MEDICINE,F,1988
2748,NY,PEDIATRICS,M,1949
2749,MI,PHYSICIAN ASSISTANT,M,1984
2750,OR,PHYSICIAN ASSISTANT,F,1984
2751,CA,DIAGNOSTIC RADIOLOGY,M,1979
2752,VA,CLINICAL SOCIAL WORKER,F,
2753,CA,OPTOMETRIST,M,
2754,CA,PHYSICIAN ASSISTANT,F,
2755,AZ,NURSE PRACTITIONER,F,
2756,AZ,NURSE PRACTITIONER,,
2757,AZ,NURSE PRACTITIONER,F,
2758,AZ,NURSE PRACTITIONER,F,
2759,AZ,NURSE PRACTITIONER,M,1977
2760,AZ,NURSE PRACTITIONER,F,
2761,AZ,NURSE PRACTITIONER,F,
2762,AZ,NURSE PRACTITIONER,F,
2763,WI,NURSE PRACTITIONER,F,
2764,NV,PHYSICIAN ASSISTANT,M,1988
2765,OH,FAMILY MEDICINE,F,1985
2766,MA,NURSE PRACTITIONER,F,
2767,NY,PHYSICAL THERAPY,F,
2768,WA,NURSE PRACTITIONER,F,1979
2769,TX,PHYSICIAN ASSISTANT,F,1986
2770,KY,PHYSICIAN ASSISTANT,M,
2771,FL,GENERAL PRACTICE,M,1975
2772,FL,NURSE PRACTITIONER,F,
2773,FL,NURSE PRACTITIONER,F,
2774,FL,INTERNAL MEDICINE,M,1987
2775,WA,HEMATOLOGY/ONCOLOGY,M,
2776,FL,NURSE PRACTITIONER,F,
2777,CA,REGISTERED DIETICIAN,F,
2778,CA,PHARMACIST,F,
2779,NV,NURSE PRACTITIONER,F,
2780,NV,NURSE PRACTITIONER,F,
2781,CA,EMERGENCY MEDICINE,M,1978
2782,KY,EMERGENCY MEDICINE,M,1978
2783,IA,FAMILY MEDICINE,F,1986
2784,NC,EMERGENCY MEDICINE,M,1993
2785,NY,EMERGENCY MEDICINE,M,1989
2786,WY,DIAGNOSTIC RADIOLOGY,M,1981
2787,CT,NURSE PRACTITIONER,F,
2788,NV,NURSE PRACTITIONER,F,
2789,NH,NURSE PRACTITIONER,F,
2790,IL,PHYSICIAN ASSISTANT,F,
2791,CA,PHYSICIAN ASSISTANT,F,1985
2792,FL,HEMATOLOGY (INTERNAL MEDICINE),M,1947
2793,FL,NURSE PRACTITIONER,M,
2794,LA,NURSE PRACTITIONER,M,
2795,FL,NURSE PRACTITIONER,F,
2796,MD,NURSE PRACTITIONER,F,
2797,MI,PHYSICAL THERAPY,F,
2798,CT,OCCUPATIONAL THERAPY,F,
2799,PA,PHYSICIAN ASSISTANT,F,1990
2800,NC,INTERNAL MEDICINE,F,1983
2801,NJ,PHYSICIAN ASSISTANT,M,1988
2802,MA,REGISTERED DIETICIAN,F,
2803,WV,PHYSICIAN ASSISTANT,M,
2804,CO,PHYSICIAN ASSISTANT,F,
2805,SC,EMERGENCY MEDICINE,F,1984
2806,CA,PHYSICAL THERAPY,M,
2807,PA,NURSE PRACTITIONER,F,
2808,NJ,NURSE PRACTITIONER,F,
2809,NJ,NURSE PRACTITIONER,F,
2810,NJ,NURSE PRACTITIONER,M,
2811,NJ,NURSE PRACTITIONER,F,
2812,NJ,NURSE PRACTITIONER,F,
2813,NJ,NURSE PRACTITIONER,F,
2814,KY,NURSE PRACTITIONER,F,
2815,OH,NURSE PRACTITIONER,F,
2816,FL,NURSE PRACTITIONER,F,
2817,AL,NURSE PRACTITIONER,F,1972
2818,NJ,NURSE PRACTITIONER,F,1976
2819,SC,PHYSICIAN ASSISTANT,F,1989
2820,NC,NURSE PRACTITIONER,F,
2821,FL,HEMATOLOGY (PATHOLOGY),M,1986
2822,TX,INTERNAL MEDICINE,M,1986
2823,AZ,INTERNAL MEDICINE,M,1980
2824,IL,INTERNAL MEDICINE,M,1983
2825,TX,PEDIATRIC EMERGENCY MEDICINE,M,1985
2826,FL,PEDIATRIC EMERGENCY MEDICINE,M,1979
2827,OR,INTERNAL MEDICINE,M,1986
2828,GA,INTERNAL MEDICINE,M,1986
2829,CA,FAMILY MEDICINE,M,1981
2830,NY,EMERGENCY MEDICINE,M,1981
2831,FL,INTERNAL MEDICINE,F,1970
2832,SC,CERTIFIED NURSE ANESTHETIST,F,
2833,OH,INTERNAL MEDICINE,M,1981
2834,TN,NURSE PRACTITIONER,F,
2835,NY,PHYSICIAN ASSISTANT,F,1981
2836,OH,EMERGENCY MEDICINE,F,1991
2837,FL,NURSE PRACTITIONER,F,
2838,TX,NURSE PRACTITIONER,,1990
2839,TX,NURSE PRACTITIONER,F,1987
2840,TX,NURSE PRACTITIONER,F,1990
2841,TX,PHYSICIAN ASSISTANT,F,1986
2842,TX,NURSE PRACTITIONER,F,1986
2843,TX,NURSE PRACTITIONER,F,1984
2844,TX,NURSE PRACTITIONER,F,1972
2845,TX,NURSE PRACTITIONER,F,1990
2846,TX,NURSE PRACTITIONER,M,1986
2847,OK,NURSE PRACTITIONER,F,1974
2848,TX,NURSE PRACTITIONER,F,1974
2849,TX,NURSE PRACTITIONER,F,1972
2850,WA,NURSE PRACTITIONER,F,1980
2851,TX,NURSE PRACTITIONER,,1971
2852,TX,NURSE PRACTITIONER,F,1983
2853,TX,NURSE PRACTITIONER,F,1984
2854,TX,NURSE PRACTITIONER,F,1987
2855,TX,NURSE PRACTITIONER,M,1970
2856,TX,NURSE PRACTITIONER,F,1973
2857,TX,NURSE PRACTITIONER,F,1965
2858,TX,NURSE PRACTITIONER,F,1990
2859,TX,NURSE PRACTITIONER,,1979
2860,TX,NURSE PRACTITIONER,F,1964
2861,TX,NURSE PRACTITIONER,,1988
2862,TX,NURSE PRACTITIONER,,1988
2863,TX,NURSE PRACTITIONER,F,1986
2864,TX,NURSE PRACTITIONER,M,1974
2865,TX,NURSE PRACTITIONER,,1990
2866,GA,CERTIFIED NURSE ANESTHETIST,M,1987
2867,TX,NURSE PRACTITIONER,F,1990
2868,TX,NURSE PRACTITIONER,F,1990
2869,TX,NURSE PRACTITIONER,F,1978
2870,TX,NURSE PRACTITIONER,M,1987
2871,TX,NURSE PRACTITIONER,F,1987
2872,TX,NURSE PRACTITIONER,F,1988
2873,TX,NURSE PRACTITIONER,M,1980
2874,TX,NURSE PRACTITIONER,F,1988
2875,TX,NURSE PRACTITIONER,F,1986
2876,TX,NURSE PRACTITIONER,F,1990
2877,AR,NURSE PRACTITIONER,F,1972
2878,TX,NURSE PRACTITIONER,F,1990
2879,OK,NURSE PRACTITIONER,F,1962
2880,OK,NURSE PRACTITIONER,F,1982
2881,OK,NURSE PRACTITIONER,F,1989
2882,OK,NURSE PRACTITIONER,M,1992
2883,OK,NURSE PRACTITIONER,F,1985
2884,OK,NURSE PRACTITIONER,F,1989
2885,OK,NURSE PRACTITIONER,F,1982
2886,OK,NURSE PRACTITIONER,F,1990
2887,OK,NURSE PRACTITIONER,M,1973
2888,OK,NURSE PRACTITIONER,F,1987
2889,TX,NURSE PRACTITIONER,F,1985
2890,TX,NURSE PRACTITIONER,F,1989
2891,FL,NURSE PRACTITIONER,,
2892,FL,NURSE PRACTITIONER,F,
2893,GA,NURSE PRACTITIONER,F,
2894,NJ,NURSE PRACTITIONER,,
2895,NH,NURSE PRACTITIONER,F,
2896,TX,PHYSICIAN ASSISTANT,F,1987
2897,NY,NURSE PRACTITIONER,F,
2898,CA,INTERNAL MEDICINE,M,1984
2899,MI,CHIROPRACTIC,M,
2900,NY,NURSE PRACTITIONER,F,
2901,MD,PHYSICAL THERAPY,M,
2902,IA,NURSE PRACTITIONER,F,
2903,CA,PHYSICAL THERAPY,F,
2904,GA,PEDIATRIC EMERGENCY MEDICINE,M,1985
2905,NY,PHYSICIAN ASSISTANT,F,
2906,FL,PHYSICIAN ASSISTANT,M,
2907,WA,PHYSICIAN ASSISTANT,M,
2908,IL,PHYSICIAN ASSISTANT,F,
2909,HI,EMERGENCY MEDICINE,M,1988
2910,WY,PHYSICIAN ASSISTANT,F,1982
2911,AZ,PHYSICIAN ASSISTANT,F,1988
2912,CA,FAMILY MEDICINE,F,1983
2913,FL,CERTIFIED NURSE ANESTHETIST,M,
2914,CO,PHYSICIAN ASSISTANT,M,
2915,DE,NURSE PRACTITIONER,F,
2916,MA,INTERNAL MEDICINE,M,1985
2917,OR,NATUROPATHIC DOCTOR,M,
2918,TX,CARDIOVASCULAR DISEASE,M,1984
2919,FL,PHYSICIAN ASSISTANT,F,1989
2920,ME,REGISTERED DIETICIAN,F,
2921,MI,PHYSICIAN ASSISTANT,F,1988
2922,CA,PODIATRIST,M,
2923,NC,PHYSICIAN ASSISTANT,F,
2924,TX,PHYSICIAN ASSISTANT,F,1988
2925,TX,PHYSICIAN ASSISTANT,F,1988
2926,MI,NURSE PRACTITIONER,F,
2927,CA,PHYSICIAN ASSISTANT,F,
2928,IN,NURSE PRACTITIONER,M,
2929,IN,NURSE PRACTITIONER,F,
2930,KY,NURSE PRACTITIONER,F,
2931,IN,NURSE PRACTITIONER,F,
2932,IN,NURSE PRACTITIONER,M,
2933,IN,NURSE PRACTITIONER,F,
2934,IN,NURSE PRACTITIONER,F,
2935,IN,NURSE PRACTITIONER,F,
2936,IN,NURSE PRACTITIONER,F,
2937,IN,NURSE PRACTITIONER,M,
2938,IN,NURSE PRACTITIONER,F,
2939,VA,NURSE PRACTITIONER,F,
2940,AZ,PHYSICIAN ASSISTANT,M,1981
2941,PA,PHYSICIAN ASSISTANT,F,
2942,PA,PHYSICIAN ASSISTANT,F,
2943,TN,NURSE PRACTITIONER,F,
2944,NJ,PHYSICIAN ASSISTANT,M,1984
2945,MD,HOSPITALIST,M,1989
2946,TX,FAMILY MEDICINE,F,1987
2947,TX,EMERGENCY MEDICINE,M,1987
2948,CA,VASCULAR & INTERVENTIONAL RADIOLOGY,M,1987
2949,TN,NURSE PRACTITIONER,F,
2950,NC,PHYSICIAN ASSISTANT,F,
2951,CA,INTERNAL MEDICINE,M,1982
2952,MI,PHYSICIAN ASSISTANT,M,1992
2953,FL,FAMILY MEDICINE,M,1986
2954,IN,FAMILY MEDICINE,F,1992
2955,KY,INTERNAL MEDICINE,M,1988
2956,WI,NURSE PRACTITIONER,F,
2957,WI,NURSE PRACTITIONER,F,
2958,TX,CERTIFIED NURSE ANESTHETIST,F,
2959,CO,PHYSICIAN ASSISTANT,F,1987
2960,FL,PHYSICIAN ASSISTANT,F,1989
2961,AZ,NURSE PRACTITIONER,F,1981
2962,CO,EMERGENCY MEDICINE,M,1978
2963,TN,PHYSICAL THERAPY,M,
2964,FL,CARDIOVASCULAR DISEASE,M,1967
2965,NM,PHYSICIAN ASSISTANT,F,
2966,AL,INTERNAL MEDICINE,M,1985
2967,FL,PHYSICIAN ASSISTANT,M,1982
2968,TN,PSYCHOLOGY,M,
2969,NY,PHYSICAL THERAPY,M,
2970,CO,PHYSICIAN ASSISTANT,F,1989
2971,WA,PHYSICIAN ASSISTANT,M,1984
2972,FL,NURSE PRACTITIONER,F,
2973,CO,PHYSICIAN ASSISTANT,F,
2974,MI,GERIATRIC PSYCHIATRY,F,1982
2975,SC,SPECIALIST/TECHNOLOGIST/TECHNICIAN-OTHER,F,
2976,FL,NURSE PRACTITIONER,F,
2977,OH,CLINICAL SOCIAL WORKER,F,
2978,MA,INTERNAL MEDICINE,M,1986
2979,OK,NURSE PRACTITIONER,F,1968
2980,LA,BEHAVIORAL HEALTH & SOCIAL SERVICES,M,
2981,CA,PEDIATRICS,F,
2982,CA,NURSE PRACTITIONER,F,
2983,IL,NURSE PRACTITIONER,F,
2984,GA,NURSE PRACTITIONER,F,
2985,TX,PHYSICIAN ASSISTANT,M,1990
2986,TN,NURSE PRACTITIONER,F,
2987,AR,NURSE PRACTITIONER,F,
2988,CA,PHYSICAL THERAPY,F,
2989,OH,CARDIOVASCULAR DISEASE,M,1977
2990,IN,NURSE PRACTITIONER,F,
2991,TN,NURSE PRACTITIONER,F,
2992,FL,GENERAL PRACTICE,M,1962
2993,OH,FAMILY MEDICINE,F,1988
2994,TX,EMERGENCY MEDICINE,M,1986
2995,AZ,PHYSICIAN ASSISTANT,F,1976
2996,MN,PHYSICIAN ASSISTANT,F,1986
2997,NY,PHYSICIAN ASSISTANT,F,1992
2998,IL,NURSE PRACTITIONER,F,
2999,IL,CLINICAL SOCIAL WORKER,F,
3000,IL,NURSE PRACTITIONER,F,
3001,OH,NURSE PRACTITIONER,M,
3002,OH,NURSE PRACTITIONER,F,1985
3003,KY,CLINICAL SOCIAL WORKER,F,
3004,NE,OPTOMETRIST,F,
3005,NC,NURSE PRACTITIONER,F,
3006,NC,NURSE PRACTITIONER,F,
3007,CO,NURSE PRACTITIONER,F,
3008,FL,NURSE PRACTITIONER,M,
3009,NC,NURSE PRACTITIONER,M,
3010,AL,FAMILY MEDICINE,M,1983
3011,CA,PHYSICIAN ASSISTANT,F,1985
3012,VA,PHYSICAL THERAPY,M,
3013,DC,PHYSICIAN ASSISTANT,F,1992
3014,OH,ANESTHESIA ASSISTANT,M,1983
3015,DC,NURSE PRACTITIONER,F,
3016,GA,OPTOMETRIST,M,
3017,MS,NURSE PRACTITIONER,F,
3018,KY,NURSE PRACTITIONER,M,1989
3019,OH,DENTIST,M,
3020,MA,PULMONARY CRITICAL CARE MEDICINE,M,1978
3021,TN,PHYSICAL THERAPY,M,
3022,CA,OPHTHALMOLOGY,M,1987
3023,MI,PHYSICAL THERAPY,M,
3024,WI,NURSE PRACTITIONER,F,
3025,NY,NURSE PRACTITIONER,M,
3026,VA,PHYSICIAN ASSISTANT,F,
3027,NY,INTERNAL MEDICINE,M,1988
3028,LA,NURSE PRACTITIONER,F,
3029,SC,PHYSICIAN ASSISTANT,F,1988
3030,TX,PHYSICIAN ASSISTANT,M,1984
3031,MA,NURSE PRACTITIONER,F,
3032,AK,NURSE PRACTITIONER,F,
3033,CA,NURSE PRACTITIONER,F,
3034,GA,NURSE PRACTITIONER,F,
3035,GA,NURSE PRACTITIONER,F,
3036,MT,DENTIST,F,
3037,FL,NURSE PRACTITIONER,F,
3038,CA,NURSE PRACTITIONER,F,
3039,FL,NURSE PRACTITIONER,F,
3040,FL,NURSE PRACTITIONER,M,
3041,FL,NURSE PRACTITIONER,F,
3042,FL,NURSE PRACTITIONER,F,
3043,FL,NURSE PRACTITIONER,,
3044,FL,NURSE PRACTITIONER,M,
3045,FL,NURSE PRACTITIONER,M,
3046,FL,NURSE PRACTITIONER,F,
3047,FL,NURSE PRACTITIONER,,
3048,FL,NURSE PRACTITIONER,F,
3049,GA,NURSE PRACTITIONER,M,
3050,GA,NURSE PRACTITIONER,F,
3051,GA,NURSE PRACTITIONER,,
3052,GA,NURSE PRACTITIONER,M,
3053,GA,NURSE PRACTITIONER,M,
3054,GA,NURSE PRACTITIONER,F,
3055,FL,NURSE PRACTITIONER,F,
3056,GA,NURSE PRACTITIONER,F,
3057,GA,CERTIFIED NURSE ANESTHETIST,M,
3058,GA,NURSE PRACTITIONER,F,
3059,GA,NURSE PRACTITIONER,F,
3060,NY,NURSE PRACTITIONER,F,
3061,GA,NURSE PRACTITIONER,F,
3062,SC,NURSE PRACTITIONER,F,
3063,NC,CERTIFIED NURSE ANESTHETIST,F,
3064,SC,NURSE PRACTITIONER,M,
3065,SC,NURSE PRACTITIONER,M,
3066,SC,NURSE PRACTITIONER,F,
3067,SC,PHYSICIAN ASSISTANT,F,1988
3068,SC,NURSE PRACTITIONER,F,
3069,SC,NURSE PRACTITIONER,F,
3070,SC,NURSE PRACTITIONER,,
3071,CA,PEDIATRIC HEMATOLOGY/ONCOLOGY,F,1985
3072,MD,HOSPITALIST,F,1981
3073,FL,INTERNAL MEDICINE,M,1980
3074,MA,DIAGNOSTIC RADIOLOGY,M,1987
3075,CA,INTERNAL MEDICINE,F,1985
3076,PA,PHYSICIAN ASSISTANT,F,1986
3077,VA,OPTOMETRIST,F,
3078,GA,NURSE PRACTITIONER,F,
3079,VA,PEDIATRICS,F,
3080,FL,DERMATOLOGY,F,1986
3081,MI,EMERGENCY MEDICINE,M,1985
3082,WY,NURSE PRACTITIONER,F,
3083,MN,NURSE PRACTITIONER,,1992
3084,KY,NURSE PRACTITIONER,F,
3085,KY,NURSE PRACTITIONER,F,
3086,KY,NURSE PRACTITIONER,F,
3087,OH,NURSE PRACTITIONER,M,
3088,KY,NURSE PRACTITIONER,F,
3089,KY,NURSE PRACTITIONER,F,
3090,KY,NURSE PRACTITIONER,,
3091,KY,NURSE PRACTITIONER,F,
3092,KY,NURSE PRACTITIONER,M,
3093,KY,NURSE PRACTITIONER,F,
3094,FL,NURSE PRACTITIONER,F,
3095,FL,NURSE PRACTITIONER,F,
3096,VA,NURSE PRACTITIONER,F,
3097,VA,NURSE PRACTITIONER,F,
3098,VA,NURSE PRACTITIONER,F,
3099,VA,NURSE PRACTITIONER,F,
3100,VA,NURSE PRACTITIONER,F,
3101,VA,NURSE PRACTITIONER,F,
3102,VA,NURSE PRACTITIONER,,
3103,SC,NURSE PRACTITIONER,F,
3104,NY,NURSE PRACTITIONER,F,
3105,PA,NURSE PRACTITIONER,F,
3106,PA,NURSE PRACTITIONER,F,
3107,PA,CERTIFIED NURSE ANESTHETIST,F,
3108,NY,DIAGNOSTIC RADIOLOGY,M,1987
3109,PA,NURSE PRACTITIONER,F,
3110,PA,NURSE PRACTITIONER,F,
3111,PA,NURSE PRACTITIONER,F,
3112,PA,CERTIFIED NURSE ANESTHETIST,F,
3113,NY,NURSE PRACTITIONER,M,
3114,NY,NURSE PRACTITIONER,F,
3115,OH,INTERNAL MEDICINE,F,1973
3116,OH,INTERNAL MEDICINE,M,1978
3117,MN,PHYSICIAN ASSISTANT,F,1987
3118,GA,PHYSICIAN ASSISTANT,M,1976
3119,UT,PHYSICAL THERAPY,M,
3120,MI,PEDIATRIC EMERGENCY MEDICINE,M,1980
3121,OR,CLINICAL SOCIAL WORKER,F,
3122,OR,FAMILY MEDICINE,F,1981
3123,NJ,EMERGENCY MEDICINE,M,1991
3124,NY,INTERNAL MEDICINE,M,1982
3125,FL,PODIATRIST,M,
3126,GA,PHYSICAL THERAPY,M,
3127,MA,INTERNAL MEDICINE,F,1981
3128,DE,NURSE PRACTITIONER,F,
3129,TX,NURSE PRACTITIONER,M,1979
3130,FL,SPORTS MEDICINE (FAMILY MEDICINE),M,1984
3131,AL,EMERGENCY MEDICINE,M,1967
3132,NY,INTERNAL MEDICINE,M,1975
3133,CA,INTERNAL MEDICINE,M,1988
3134,FL,GENERAL PRACTICE,F,
3135,FL,PHYSICIAN ASSISTANT,M,1989
3136,SC,PHYSICIAN ASSISTANT,F,
3137,GA,PHYSICIAN ASSISTANT,F,1988
3138,FL,INTERNAL MEDICINE,M,1982
3139,NY,INTERNAL MEDICINE,M,1988
3140,TX,CHIROPRACTIC,M,
3141,CA,INTERNAL MEDICINE,F,1984
3142,TX,DENTIST,M,
3143,NJ,DIAGNOSTIC RADIOLOGY,M,1988
3144,SC,PHYSICIAN ASSISTANT,F,1989
3145,MI,OBSTETRICS & GYNECOLOGY,F,1981
3146,NY,INTERNAL MEDICINE,F,1980
3147,SD,GASTROENTEROLOGY,M,1988
3148,OR,CERTIFIED NURSE ANESTHETIST,M,
3149,NH,INTERNAL MEDICINE,M,1981
3150,MS,EMERGENCY MEDICINE,F,1988
3151,MA,INTERNAL MEDICINE,M,1963
3152,NY,INTERNAL MEDICINE,M,1985
3153,NY,PULMONARY CRITICAL CARE MEDICINE,M,1988
3154,CA,OPTOMETRIST,F,
3155,NY,FAMILY MEDICINE,M,1984
3156,GA,UROLOGY,M,
3157,FL,INTERNAL MEDICINE,M,1971
3158,MI,FAMILY MEDICINE,M,1986
3159,WA,FAMILY MEDICINE,F,1984
3160,NJ,NURSE PRACTITIONER,F,
3161,CA,OPTOMETRIST,M,
3162,PA,FAMILY MEDICINE,M,1986
3163,CA,EMERGENCY MEDICINE,M,
3164,OK,NURSE PRACTITIONER,F,1975
3165,PA,PODIATRIST,M,
3166,SD,INTERNAL MEDICINE,F,1988
3167,WI,INTERNAL MEDICINE,M,1984
3168,CA,DERMATOLOGY,M,1986
3169,NC,NURSE PRACTITIONER,F,
3170,SD,NURSE PRACTITIONER,F,
3171,NY,NURSE PRACTITIONER,F,
3172,WA,CARDIOVASCULAR DISEASE,M,1975
3173,NC,NURSE PRACTITIONER,F,
3174,MN,NURSE PRACTITIONER,F,1970
3175,MN,NURSE PRACTITIONER,F,1988
3176,MN,NURSE PRACTITIONER,,1986
3177,TX,NURSE PRACTITIONER,F,
3178,AL,NURSE PRACTITIONER,F,
3179,TN,NURSE PRACTITIONER,F,
3180,TN,NURSE PRACTITIONER,F,
3181,TN,NURSE PRACTITIONER,F,
3182,TN,NURSE PRACTITIONER,F,
3183,TN,NURSE PRACTITIONER,F,
3184,AL,NURSE PRACTITIONER,,
3185,AL,NURSE PRACTITIONER,F,
3186,NC,NURSE PRACTITIONER,F,
3187,AL,NURSE PRACTITIONER,F,
3188,AL,NURSE PRACTITIONER,F,
3189,AL,NURSE PRACTITIONER,,1966
3190,AL,NURSE PRACTITIONER,M,
3191,AL,NURSE PRACTITIONER,F,
3192,AL,NURSE PRACTITIONER,F,
3193,AL,NURSE PRACTITIONER,F,
3194,AL,NURSE PRACTITIONER,F,
3195,AL,NURSE PRACTITIONER,F,
3196,AL,NURSE PRACTITIONER,F,
3197,AL,NURSE PRACTITIONER,M,
3198,AL,CERTIFIED NURSE ANESTHETIST,M,
3199,AL,CERTIFIED NURSE ANESTHETIST,M,1988
3200,AL,NURSE PRACTITIONER,F,
3201,AL,NURSE PRACTITIONER,F,
3202,AL,NURSE PRACTITIONER,,
3203,AL,CERTIFIED NURSE ANESTHETIST,M,
3204,AL,NURSE PRACTITIONER,F,
3205,AL,NURSE PRACTITIONER,F,
3206,WA,NURSE PRACTITIONER,F,
3207,FL,INTERNAL MEDICINE,M,1985
3208,FL,INTERNAL MEDICINE,M,1987
3209,MI,ANATOMIC/CLINICAL PATHOLOGY,F,1984
3210,FL,FAMILY MEDICINE,M,1984
3211,FL,PEDIATRICS,M,1987
3212,NH,CERTIFIED NURSE ANESTHETIST,F,
3213,MA,NURSE PRACTITIONER,F,
3214,MA,NURSE PRACTITIONER,M,
3215,MA,NURSE PRACTITIONER,F,
3216,MN,NURSE PRACTITIONER,M,
3217,MA,NURSE PRACTITIONER,F,
3218,MD,NURSE PRACTITIONER,F,
3219,MA,NURSE PRACTITIONER,F,
3220,TN,NURSE PRACTITIONER,M,
3221,CA,PHYSICIAN ASSISTANT,F,1988
3222,CA,NURSE PRACTITIONER,F,
3223,KS,PEDIATRIC HEMATOLOGY/ONCOLOGY,M,1986
3224,MI,ANATOMIC/CLINICAL PATHOLOGY,M,1984
3225,MA,CARDIOVASCULAR DISEASE,M,1989
3226,OK,FAMILY MEDICINE,F,1983
3227,CA,INTERNAL MEDICINE,F,1985
3228,WI,NURSE PRACTITIONER,F,
3229,CA,PHYSICIAN ASSISTANT,F,1986
3230,VA,PHYSICIAN ASSISTANT,F,1989
3231,CT,GENERAL SURGERY,F,1982
3232,GA,NURSE PRACTITIONER,F,
3233,OR,NURSE PRACTITIONER,F,
3234,CA,NURSE PRACTITIONER,F,
3235,CA,NURSE PRACTITIONER,,
3236,CA,NURSE PRACTITIONER,F,
3237,CA,NURSE PRACTITIONER,F,
3238,CO,NURSE PRACTITIONER,,
3239,CO,NURSE PRACTITIONER,M,
3240,CO,CLINICAL NURSE SPECIALIST,,
3241,CO,NURSE PRACTITIONER,F,
3242,WY,NURSE PRACTITIONER,F,
3243,CO,NURSE PRACTITIONER,F,
3244,CO,NURSE PRACTITIONER,F,
3245,CO,NURSE PRACTITIONER,F,
3246,CO,NURSE PRACTITIONER,F,
3247,TX,NURSE PRACTITIONER,F,
3248,OK,DENTIST,M,
3249,OR,NURSE PRACTITIONER,F,1984
3250,CA,NURSE PRACTITIONER,,
3251,CO,NURSE PRACTITIONER,F,
3252,OH,NURSE PRACTITIONER,M,
3253,NE,NURSE PRACTITIONER,F,
3254,NE,NURSE PRACTITIONER,F,
3255,NE,NURSE PRACTITIONER,M,
3256,AL,CERTIFIED NURSE ANESTHETIST,M,
3257,KS,NURSE PRACTITIONER,F,
3258,MO,NURSE PRACTITIONER,F,
3259,WI,NURSE PRACTITIONER,F,
3260,MI,NURSE PRACTITIONER,M,
3261,MI,NURSE PRACTITIONER,M,
3262,MI,NURSE PRACTITIONER,F,
3263,MI,CERTIFIED NURSE ANESTHETIST,M,
3264,MI,NURSE PRACTITIONER,F,
3265,MI,NURSE PRACTITIONER,F,
3266,MI,NURSE PRACTITIONER,F,
3267,MI,FAMILY MEDICINE,F,1988
3268,MI,NURSE PRACTITIONER,F,
3269,MI,CERTIFIED NURSE ANESTHETIST,F,
3270,FL,NURSE PRACTITIONER,F,
3271,MI,CERTIFIED NURSE ANESTHETIST,M,
3272,MI,NURSE PRACTITIONER,M,
3273,MI,NURSE PRACTITIONER,F,
3274,MI,"ENDOCRINOLOGY, DIABETES & METABOLISM",,
3275,MI,NURSE PRACTITIONER,F,
3276,MI,NURSE PRACTITIONER,F,
3277,MI,NURSE PRACTITIONER,F,
3278,MI,NURSE PRACTITIONER,F,
3279,MI,NURSE PRACTITIONER,F,
3280,MI,NURSE PRACTITIONER,F,
3281,CA,NURSE PRACTITIONER,F,
3282,IN,NURSE PRACTITIONER,F,
3283,MT,NURSE PRACTITIONER,F,
3284,FL,NURSE PRACTITIONER,F,
3285,FL,NURSE PRACTITIONER,F,
3286,FL,PODIATRIST,M,
3287,NC,NURSE PRACTITIONER,F,
3288,GA,PHYSICIAN ASSISTANT,M,
3289,NY,NURSE PRACTITIONER,F,
3290,MA,NURSE PRACTITIONER,F,
3291,LA,NURSE PRACTITIONER,M,
3292,IL,PHYSICIAN ASSISTANT,M,1984
3293,NY,INTERNAL MEDICINE,M,1982
3294,OH,EMERGENCY MEDICINE,F,1980
3295,FL,NURSE PRACTITIONER,M,1969
3296,TX,FAMILY MEDICINE,F,1984
3297,CA,PODIATRIST,F,
3298,NJ,INTERNAL MEDICINE,M,1986
3299,CT,OPHTHALMOLOGY,M,1989
3300,TN,PHYSICIAN ASSISTANT,F,1988
3301,WI,FAMILY MEDICINE,F,1986
3302,MI,EMERGENCY MEDICINE,F,
3303,AL,NURSE PRACTITIONER,F,
3304,NC,NURSE PRACTITIONER,M,
3305,WI,INTERNAL MEDICINE,F,
3306,MS,DIAGNOSTIC RADIOLOGY,M,1987
3307,CA,FAMILY MEDICINE,F,1985
3308,LA,PEDIATRIC EMERGENCY MEDICINE,M,1984
3309,TX,PHYSICIAN ASSISTANT,M,1989
3310,NY,EMERGENCY MEDICINE,M,1985
3311,NH,PHYSICIAN ASSISTANT,F,1989
3312,FL,INTERNAL MEDICINE,F,1985
3313,FL,OPTOMETRIST,F,
3314,MD,INTERNAL MEDICINE/PEDIATRICS,F,1986
3315,FL,RADIOLOGY,M,1986
3316,CA,FAMILY MEDICINE,F,1985
3317,GA,FAMILY MEDICINE,F,1983
3318,MA,ADOLESCENT MEDICINE (PEDIATRICS),F,1985
3319,AL,INTERNAL MEDICINE,M,1986
3320,FL,INTERNAL MEDICINE,M,1984
3321,AL,VASCULAR & INTERVENTIONAL RADIOLOGY,M,1986
3322,CA,RHEUMATOLOGY,M,1984
3323,MI,PHYSICIAN ASSISTANT,F,1984
3324,WA,PSYCHIATRY,M,1977
3325,CA,INTERNAL MEDICINE,F,
3326,CA,BEHAVIORAL HEALTH & SOCIAL SERVICES,,
3327,WA,NURSE PRACTITIONER,F,
3328,OR,NURSE PRACTITIONER,M,
3329,ID,NURSE PRACTITIONER,M,
3330,ID,NURSE PRACTITIONER,F,
3331,RI,NURSE PRACTITIONER,F,1970
3332,MA,PHARMACIST,F,
3333,IL,PEDIATRICS,F,1987
3334,WI,FAMILY MEDICINE,M,1985
3335,TN,EMERGENCY MEDICINE,M,1988
3336,CA,DIAGNOSTIC RADIOLOGY,F,1985
3337,MA,OBSTETRICS & GYNECOLOGY,F,1986
3338,CA,CYTOPATHOLOGY,M,1982
3339,RI,VASCULAR & INTERVENTIONAL RADIOLOGY,M,1986
3340,TX,PEDIATRICS,M,1987
3341,WA,FAMILY MEDICINE,F,1984
3342,WA,FAMILY MEDICINE,F,1985
3343,CA,FAMILY MEDICINE,M,1983
3344,TX,FAMILY MEDICINE,F,1986
3345,TX,EMERGENCY MEDICINE,M,1988
3346,IL,CARDIOVASCULAR DISEASE,M,1987
3347,IN,PEDIATRICS,F,1987
3348,IA,FAMILY MEDICINE,F,1987
3349,MN,UROLOGY,M,1985
3350,SC,EMERGENCY MEDICINE,M,1982
3351,CA,DERMATOLOGY,F,1988
3352,CA,EMERGENCY MEDICINE,M,1987
3353,MA,DIAGNOSTIC RADIOLOGY,F,1988
3354,NJ,INTERNAL MEDICINE,M,1988
3355,CA,PEDIATRICS,F,1986
3356,NY,FAMILY MEDICINE,F,1987
3357,MS,DERMATOLOGY,F,1988
3358,PA,PEDIATRIC ANESTHESIOLOGY,M,1988
3359,NY,EMERGENCY MEDICINE,M,1987
3360,NY,FAMILY MEDICINE,F,1983
3361,DE,FAMILY MEDICINE,F,1988
3362,PA,OPHTHALMOLOGY,F,1984
3363,OH,EMERGENCY MEDICINE,M,1987
3364,MA,EMERGENCY MEDICINE,M,1985
3365,CA,PEDIATRICS,F,1987
3366,MI,INTERNAL MEDICINE,M,1987
3367,OH,INTERNAL MEDICINE,M,1984
3368,KY,EMERGENCY MEDICINE,M,1988
3369,OH,EMERGENCY MEDICINE,F,1986
3370,OH,INTERNAL MEDICINE,M,1988
3371,KY,INTERNAL MEDICINE,F,1987
3372,OH,FAMILY MEDICINE,F,1988
3373,FL,EMERGENCY MEDICINE,M,1983
3374,PA,EMERGENCY MEDICINE,M,1984
3375,WA,EMERGENCY MEDICINE,M,1987
3376,CO,HAND SURGERY (ORTHOPEDICS),F,1982
3377,OR,DERMATOLOGY,F,1988
3378,NC,OPHTHALMOLOGY,M,1988
3379,NC,EMERGENCY MEDICINE,M,1988
3380,NC,FAMILY MEDICINE,M,1985
3381,NY,EMERGENCY MEDICINE,F,1988
3382,NY,HOSPITALIST,F,1986
3383,CT,MUSCULOSKELETAL RADIOLOGY,F,1985
3384,CA,FAMILY MEDICINE,M,1984
3385,NY,OTOLARYNGOLOGY,M,1988
3386,NY,EMERGENCY MEDICINE,M,1985
3387,TX,INTERNAL MEDICINE,M,1986
3388,NJ,PEDIATRICS,M,1988
3389,CO,DIAGNOSTIC RADIOLOGY,M,1990
3390,CA,INTERNAL MEDICINE,M,1987
3391,CA,HEMATOLOGY/ONCOLOGY,M,1988
3392,MI,ANATOMIC/CLINICAL PATHOLOGY,F,1987
3393,MO,ALLERGY & IMMUNOLOGY,M,1984
3394,MS,EMERGENCY MEDICINE,M,1978
3395,MN,INTERNAL MEDICINE,M,1987
3396,MN,EMERGENCY MEDICINE,M,1987
3397,MN,EMERGENCY MEDICINE,M,1987
3398,MN,EMERGENCY MEDICINE,M,1984
3399,CA,PEDIATRICS,F,1987
3400,MI,PSYCHIATRY,F,1987
3401,MI,EMERGENCY MEDICINE,M,1988
3402,CA,PAIN MEDICINE,M,1985
3403,CA,INTERNAL MEDICINE,M,1987
3404,RI,EMERGENCY MEDICINE,F,1980
3405,MD,FAMILY MEDICINE,F,1987
3406,MD,INTERNAL MEDICINE,M,1984
3407,LA,INTERNAL MEDICINE,M,1986
3408,CA,INTERNAL MEDICINE,M,1984
3409,HI,EMERGENCY MEDICINE,F,1983
3410,OH,INTERNAL MEDICINE,M,1980
3411,MD,HEMATOLOGY (PATHOLOGY),M,1987
3412,MN,OTOLARYNGOLOGY,F,1987
3413,WI,EMERGENCY MEDICINE,F,1985
3414,CO,EMERGENCY MEDICINE,F,1987
3415,AZ,GASTROENTEROLOGY,F,1988
3416,IL,EMERGENCY MEDICINE,F,1988
3417,IA,EMERGENCY MEDICINE,F,1987
3418,IL,EMERGENCY MEDICINE,M,1985
3419,CA,EMERGENCY MEDICINE,M,1985
3420,HI,FAMILY MEDICINE,M,1988
3421,GA,HEMATOLOGY/ONCOLOGY,M,1988
3422,FL,HOSPICE & PALLIATIVE MEDICINE,F,1988
3423,FL,RHEUMATOLOGY,M,1987
3424,NY,EMERGENCY MEDICINE,M,1983
3425,FL,INTERNAL MEDICINE,M,1988
3426,FL,EMERGENCY MEDICINE,M,1987
3427,FL,EMERGENCY MEDICINE,M,1987
3428,CT,ANESTHESIOLOGY,F,1988
3429,MI,DIAGNOSTIC RADIOLOGY,M,1989
3430,IN,DIAGNOSTIC RADIOLOGY,F,1988
3431,AZ,CARDIOVASCULAR DISEASE,M,1986
3432,MD,PEDIATRICS,F,1987
3433,NY,PEDIATRICS,F,1988
3434,NH,EMERGENCY MEDICINE,M,1986
3435,MA,CARDIOVASCULAR DISEASE,M,1987
3436,ID,INTERNAL MEDICINE,F,1987
3437,CA,FAMILY MEDICINE,F,1983
3438,CA,INTERNAL MEDICINE,M,1984
3439,CA,EMERGENCY MEDICINE,F,1988
3440,CA,SPORTS MEDICINE (FAMILY MEDICINE),M,1987
3441,CA,DERMATOLOGY,F,1979
3442,CA,PEDIATRICS,F,1985
3443,CA,INTERNAL MEDICINE,M,1974
3444,TX,FAMILY MEDICINE,M,1987
3445,AZ,INTERNAL MEDICINE,M,1988
3446,TX,NURSE PRACTITIONER,F,1949
3447,NC,EMERGENCY MEDICINE,M,1988
3448,FL,PHYSICIAN ASSISTANT,F,1987
3449,NV,NURSE PRACTITIONER,F,
3450,FL,NURSE PRACTITIONER,F,
3451,CA,NURSE PRACTITIONER,M,
3452,CA,NURSE PRACTITIONER,F,
3453,CA,NURSE PRACTITIONER,F,
3454,CA,NURSE PRACTITIONER,F,
3455,CA,NURSE PRACTITIONER,F,
3456,CA,NURSE PRACTITIONER,M,
3457,CA,NURSE PRACTITIONER,F,
3458,CA,NURSE PRACTITIONER,F,
3459,CA,CLINICAL SOCIAL WORKER,M,
3460,CA,CLINICAL SOCIAL WORKER,F,
3461,CA,NURSE PRACTITIONER,F,
3462,CA,NURSE PRACTITIONER,F,
3463,CA,NURSE PRACTITIONER,M,
3464,CA,NURSE PRACTITIONER,M,
3465,CA,NURSE PRACTITIONER,M,
3466,CA,NURSE PRACTITIONER,F,
3467,CA,NURSE PRACTITIONER,,
3468,CA,NURSE PRACTITIONER,F,
3469,NV,NURSE PRACTITIONER,F,
3470,CA,NURSE PRACTITIONER,F,
3471,CA,NURSE PRACTITIONER,F,
3472,CA,NURSE PRACTITIONER,M,
3473,NV,NURSE PRACTITIONER,F,
3474,NV,NURSE PRACTITIONER,F,1975
3475,CA,NURSE PRACTITIONER,F,
3476,AZ,NURSE PRACTITIONER,F,
3477,TX,NURSE PRACTITIONER,M,1991
3478,LA,NURSE PRACTITIONER,M,
3479,CA,NURSE PRACTITIONER,F,
3480,SC,NURSE PRACTITIONER,F,
3481,IL,NURSE PRACTITIONER,F,
3482,IL,NURSE PRACTITIONER,F,
3483,IL,NURSE PRACTITIONER,F,
3484,IL,NURSE PRACTITIONER,,
3485,IL,NURSE PRACTITIONER,M,
3486,TX,NURSE PRACTITIONER,F,1992
3487,IA,NURSE PRACTITIONER,F,
3488,IL,NURSE PRACTITIONER,F,
3489,CO,NURSE PRACTITIONER,F,
3490,MN,NURSE PRACTITIONER,,
3491,IL,NURSE PRACTITIONER,F,
3492,OH,NURSE PRACTITIONER,,
3493,MN,CLINICAL SOCIAL WORKER,F,
3494,WA,NURSE PRACTITIONER,M,
3495,CO,NURSE PRACTITIONER,M,
3496,OH,NURSE PRACTITIONER,F,1971
3497,OH,NURSE PRACTITIONER,F,
3498,OH,NURSE PRACTITIONER,M,
3499,OH,NURSE PRACTITIONER,F,1989
3500,OH,NURSE PRACTITIONER,F,
3501,OH,NURSE PRACTITIONER,F,
3502,OH,NURSE PRACTITIONER,F,
3503,OH,NURSE PRACTITIONER,F,
3504,OH,NURSE PRACTITIONER,F,
3505,OH,NURSE PRACTITIONER,F,1984
3506,OH,NURSE PRACTITIONER,M,
3507,OH,NURSE PRACTITIONER,F,
3508,OH,NURSE PRACTITIONER,F,
3509,OH,NURSE PRACTITIONER,F,
3510,OH,NURSE PRACTITIONER,F,
3511,OH,NURSE PRACTITIONER,F,
3512,OH,NURSE PRACTITIONER,F,
3513,MI,CERTIFIED NURSE ANESTHETIST,F,
3514,OH,NURSE PRACTITIONER,F,
3515,OH,NURSE PRACTITIONER,M,
3516,OH,NURSE PRACTITIONER,,
3517,OH,NURSE PRACTITIONER,F,
3518,OH,NURSE PRACTITIONER,M,1980
3519,FL,NURSE PRACTITIONER,M,
3520,OH,NURSE PRACTITIONER,F,
3521,OH,REGISTERED NURSE,F,
3522,KY,NURSE PRACTITIONER,,
3523,MO,NURSE PRACTITIONER,F,
3524,CA,NURSE PRACTITIONER,F,
3525,GA,NURSE PRACTITIONER,F,
3526,PA,NURSE PRACTITIONER,M,
3527,NY,NURSE PRACTITIONER,F,
3528,NJ,NURSE PRACTITIONER,,
3529,NJ,NURSE PRACTITIONER,,
3530,NJ,NURSE PRACTITIONER,F,
3531,TX,PHYSICIAN ASSISTANT,M,1988
3532,OH,DIAGNOSTIC RADIOLOGY,M,1986
3533,FL,PHYSICIAN ASSISTANT,M,1991
3534,LA,FAMILY MEDICINE,F,1982
3535,NJ,FAMILY MEDICINE,M,1987
3536,WA,INTERNAL MEDICINE,M,1985
3537,OH,DIAGNOSTIC RADIOLOGY,F,1986
3538,FL,DERMATOLOGY,M,1986
3539,MD,EMERGENCY MEDICINE,M,1987
3540,OH,FAMILY MEDICINE,F,
3541,CO,EMERGENCY MEDICINE,M,1982
3542,NY,ANESTHESIOLOGY,M,1988
3543,DC,PEDIATRICS,F,1986
3544,AR,FAMILY MEDICINE,F,1983
3545,MD,FAMILY MEDICINE,F,1970
3546,TX,EMERGENCY MEDICINE,M,1984
3547,NC,GASTROENTEROLOGY,M,1988
3548,TX,PEDIATRICS,F,1988
3549,FL,OBSTETRICS & GYNECOLOGY,F,1991
3550,DE,INTERNAL MEDICINE/PEDIATRICS,F,1986
3551,TX,EMERGENCY MEDICINE,M,1987
3552,NC,MUSCULOSKELETAL RADIOLOGY,M,1989
3553,MI,OPHTHALMOLOGY,F,1986
3554,CO,BEHAVIORAL HEALTH & SOCIAL SERVICES,F,
3555,NC,EMERGENCY MEDICINE,F,1985
3556,TX,OBSTETRICS & GYNECOLOGY,F,1987
3557,CA,EMERGENCY MEDICINE,F,
3558,MN,EMERGENCY MEDICINE,M,1980
3559,LA,PEDIATRICS,F,1988
3560,FL,EMERGENCY MEDICINE,F,1986
3561,IL,INTERNAL MEDICINE/EMERGENCY MEDICINE,F,
3562,MN,INTERNAL MEDICINE,M,1981
3563,TX,EMERGENCY MEDICINE,M,1984
3564,TX,INTERNAL MEDICINE,M,1984
3565,FL,FAMILY MEDICINE,M,1987
3566,FL,FAMILY MEDICINE,F,1985
3567,CA,HOSPITALIST,M,1987
3568,NY,FAMILY MEDICINE,M,1983
3569,GA,FAMILY MEDICINE,M,1984
3570,WA,FAMILY MEDICINE,M,1982
3571,TN,DERMATOLOGY,F,1987
3572,MD,NURSE PRACTITIONER,F,
3573,CA,PEDIATRICS,F,1987
3574,MD,EMERGENCY MEDICINE,F,1980
3575,WA,HEMATOLOGY/ONCOLOGY,F,1989
3576,PA,INTERNAL MEDICINE,F,1983
3577,CA,EMERGENCY MEDICINE,M,
3578,OH,EMERGENCY MEDICINE,F,1988
3579,SD,FAMILY MEDICINE,F,1987
3580,FL,PSYCHIATRY,M,1984
3581,NY,EMERGENCY MEDICINE,F,1987
3582,AZ,NEUROLOGY,M,1987
3583,AL,OBSTETRICS & GYNECOLOGY,F,1984
3584,PA,INTERNAL MEDICINE,M,1982
3585,MN,RADIATION ONCOLOGY,M,1987
3586,FL,PEDIATRICS,F,1986
3587,TN,NURSE PRACTITIONER,F,
3588,PA,ANATOMIC/CLINICAL PATHOLOGY,M,1987
3589,DC,NURSE PRACTITIONER,F,
3590,NV,PHYSICIAN ASSISTANT,F,1988
3591,TN,NURSE PRACTITIONER,F,
3592,WA,NURSE PRACTITIONER,F,
3593,CA,OBSTETRICS & GYNECOLOGY,F,1973
3594,TX,DIAGNOSTIC RADIOLOGY,M,1988
3595,SC,PHYSICIAN ASSISTANT,F,1987
3596,UT,EMERGENCY MEDICINE,M,1984
3597,NE,DERMATOLOGY,F,1988
3598,OH,EMERGENCY MEDICINE,F,1988
3599,OH,PEDIATRIC EMERGENCY MEDICINE (PEDIATRICS),M,1987
3600,CO,INTERNAL MEDICINE/PEDIATRICS,F,1987
3601,NJ,PEDIATRIC EMERGENCY MEDICINE (PEDIATRICS),M,1986
3602,FL,DERMATOLOGY,F,1991
3603,FL,EMERGENCY MEDICINE,M,1975
3604,DC,PEDIATRICS,F,1986
3605,TX,CHILD & ADOLESCENT PSYCHIATRY,F,1988
3606,FL,EMERGENCY MEDICINE,M,1987
3607,MD,FAMILY MEDICINE,F,1979
3608,IL,PEDIATRICS,M,1988
3609,IL,INTERNAL MEDICINE,F,1986
3610,TN,RADIOLOGY,M,1983
3611,AR,OBSTETRICS & GYNECOLOGY,F,1988
3612,OH,EMERGENCY MEDICINE,M,1987
3613,OH,FAMILY MEDICINE,F,1978
3614,AZ,CARDIOVASCULAR DISEASE,M,1988
3615,CA,PODIATRIST,F,
3616,IN,FAMILY MEDICINE,M,1985
3617,OH,HOSPITALIST,F,1983
3618,NV,INTERNAL MEDICINE,M,1990
3619,TN,PEDIATRICS,M,1988
3620,GA,CERTIFIED NURSE ANESTHETIST,F,
3621,FL,ANESTHESIOLOGY,M,1984
3622,TN,FAMILY MEDICINE,F,1986
3623,MI,DIAGNOSTIC RADIOLOGY,M,1987
3624,NJ,INTERNAL MEDICINE,M,1980
3625,CO,EMERGENCY MEDICINE,M,1988
3626,MD,NURSE PRACTITIONER,F,
3627,MI,EMERGENCY MEDICINE,M,1982
3628,OH,ANESTHESIOLOGY,M,1985
3629,VA,EMERGENCY MEDICINE,F,1974
3630,NJ,EMERGENCY MEDICINE,F,1987
3631,HI,EMERGENCY MEDICINE,F,1986
3632,NC,INTERNAL MEDICINE,F,1988
3633,WA,DIAGNOSTIC RADIOLOGY,M,1986
3634,TX,NEPHROLOGY,M,1984
3635,CA,DIAGNOSTIC RADIOLOGY,M,1986
3636,CA,EMERGENCY MEDICINE,M,1985
3637,IL,NURSE PRACTITIONER,M,
3638,NJ,PHYSICAL THERAPY,M,
3639,NY,INTERVENTIONAL CARDIOLOGY,M,1987
3640,NY,DERMATOLOGY,F,
3641,TX,PEDIATRIC EMERGENCY MEDICINE (PEDIATRICS),M,1988
3642,CA,EMERGENCY MEDICINE,F,1984
3643,OK,PODIATRIST,F,1983
3644,NV,INTERNAL MEDICINE,M,1987
3645,VA,EMERGENCY MEDICINE,F,1987
3646,MA,EMERGENCY MEDICINE,F,1987
3647,MA,DERMATOLOGY,F,
3648,CO,EMERGENCY MEDICINE,M,1977
3649,TN,EMERGENCY MEDICINE,F,1985
3650,LA,FAMILY MEDICINE,M,1979
3651,CA,FAMILY MEDICINE,M,1982
3652,FL,HOSPITALIST,M,1986
3653,MD,OBSTETRICS & GYNECOLOGY,F,1988
3654,VA,EMERGENCY MEDICINE,F,1987
3655,CA,EMERGENCY MEDICINE,M,1985
3656,MI,EMERGENCY MEDICINE,M,1988
3657,TX,EMERGENCY MEDICINE,M,1981
3658,MI,PULMONARY CRITICAL CARE MEDICINE,M,
3659,WI,ANESTHESIOLOGY,M,
3660,PA,EMERGENCY MEDICINE,M,1983
3661,MD,NURSE PRACTITIONER,F,
3662,TX,ANESTHESIOLOGY,F,1987
3663,CA,INTERNAL MEDICINE/PEDIATRICS,F,1987
3664,MN,INTERNAL MEDICINE,M,1986
3665,WA,ANESTHESIOLOGY,M,1989
3666,CA,CLINICAL SOCIAL WORKER,F,
3667,CO,NURSE PRACTITIONER,M,
3668,VA,PEDIATRICS,F,
3669,TN,INTERNAL MEDICINE,M,
3670,CA,BEHAVIORAL HEALTH & SOCIAL SERVICES,F,
3671,MD,EMERGENCY MEDICINE,M,1986
3672,TX,EMERGENCY MEDICINE,F,
3673,TX,GERIATRIC MEDICINE (FAMILY MEDICINE),M,1986
3674,GA,PEDIATRICS,F,1987
3675,NY,PHYSICIAN ASSISTANT,M,1990
3676,MO,DERMATOLOGY,M,1984
3677,OH,COLON & RECTAL SURGERY,M,1988
3678,IL,PSYCHIATRY,M,1988
3679,AZ,PULMONARY CRITICAL CARE MEDICINE,F,1988
3680,OH,GERIATRIC MEDICINE (FAMILY MEDICINE),M,1987
3681,GA,EMERGENCY MEDICINE,M,1986
3682,MS,NURSE PRACTITIONER,F,
3683,OH,FAMILY MEDICINE,M,1986
3684,DC,"STUDENT, HEALTH CARE",F,
3685,FL,CERTIFIED NURSE ANESTHETIST,F,
3686,CA,"ENDOCRINOLOGY, DIABETES & METABOLISM",F,1984
3687,NY,OPHTHALMOLOGY,F,1988
3688,PA,INTERNAL MEDICINE,F,1988
3689,NY,CARDIOVASCULAR DISEASE,M,1987
3690,CA,EMERGENCY MEDICINE,M,
3691,NC,PHYSICIAN ASSISTANT,F,
3692,CA,PHYSICIAN ASSISTANT,F,1987
3693,GA,GENERAL PRACTICE,F,
3694,FL,INTERNAL MEDICINE,M,1990
3695,MD,PHYSICIAN ASSISTANT,F,1979
3696,CA,INTERNAL MEDICINE,M,1975
3697,NY,NURSE PRACTITIONER,F,
3698,FL,DIAGNOSTIC RADIOLOGY,F,1980
3699,NH,INTERNAL MEDICINE,M,1987
3700,NC,ANESTHESIOLOGY,M,1986
3701,CA,INTERNAL MEDICINE,F,1983
3702,FL,NURSE PRACTITIONER,F,1976
3703,IA,PHYSICIAN ASSISTANT,F,1988
3704,WA,NURSE PRACTITIONER,M,
3705,TN,ANATOMIC/CLINICAL PATHOLOGY,M,1970
3706,MI,CERTIFIED NURSE ANESTHETIST,M,
3707,ME,CERTIFIED NURSE ANESTHETIST,F,
3708,GA,NURSE PRACTITIONER,F,
3709,LA,NURSE PRACTITIONER,F,
3710,OK,NURSE PRACTITIONER,F,1974
3711,TX,NURSE PRACTITIONER,F,1970
3712,CA,FAMILY MEDICINE,M,
3713,TX,PHYSICAL THERAPY,M,
3714,NY,NURSE PRACTITIONER,F,
3715,TX,NURSE PRACTITIONER,M,1982
3716,CA,PHYSICAL THERAPY,F,
3717,AL,NURSE PRACTITIONER,F,
3718,TX,PHYSICIAN ASSISTANT,F,1987
3719,CA,EMERGENCY MEDICINE,M,1976
3720,IL,ANATOMIC/CLINICAL PATHOLOGY,M,1973
3721,TN,NURSE PRACTITIONER,F,
3722,CO,PHYSICIAN ASSISTANT,F,1981
3723,NV,NURSE PRACTITIONER,F,
3724,NV,PHYSICIAN ASSISTANT,M,1982
3725,MI,PHYSICIAN ASSISTANT,F,1982
3726,TX,INTERNAL MEDICINE,M,1984
3727,WI,ANATOMIC/CLINICAL PATHOLOGY,M,1974
3728,TN,NURSE PRACTITIONER,F,
3729,MN,PHYSICIAN ASSISTANT,F,1989
3730,VA,PHYSICIAN ASSISTANT,F,1987
3731,PA,INTERNAL MEDICINE,M,1990
3732,DE,NURSE PRACTITIONER,F,
3733,CA,PHYSICIAN ASSISTANT,F,1986
3734,TN,NURSE PRACTITIONER,F,
3735,NC,NURSE PRACTITIONER,F,
3736,NY,INTERNAL MEDICINE,F,1981
3737,NC,CERTIFIED NURSE ANESTHETIST,F,
3738,NY,NURSE PRACTITIONER,F,
3739,NY,PHYSICAL THERAPY,M,
3740,NC,PHYSICIAN ASSISTANT,F,1985
3741,MD,PHYSICIAN ASSISTANT,F,1980
3742,KY,NURSE PRACTITIONER,F,
3743,MA,NEPHROLOGY,M,1985
3744,WA,PHYSICIAN ASSISTANT,F,1989
3745,CA,CLINICAL SOCIAL WORKER,M,
3746,SC,BEHAVIORAL HEALTH & SOCIAL SERVICES,F,
3747,NC,CERTIFIED NURSE ANESTHETIST,M,
3748,AL,NURSE PRACTITIONER,F,
3749,KS,NURSE PRACTITIONER,F,
3750,GA,CERTIFIED NURSE ANESTHETIST,M,
3751,NV,PHYSICIAN ASSISTANT,M,1973
3752,PA,PHYSICAL THERAPY,F,
3753,NC,PHYSICIAN ASSISTANT,F,1987
3754,RI,NURSE PRACTITIONER,F,
3755,TX,PHYSICIAN ASSISTANT,F,1988
3756,TX,PHYSICIAN ASSISTANT,F,1989
3757,TX,EMERGENCY MEDICINE,M,1986
3758,TX,NURSE PRACTITIONER,F,1975
3759,MO,NURSE PRACTITIONER,F,
3760,ME,FAMILY MEDICINE,M,1986
3761,OK,EMERGENCY MEDICINE,M,1985
3762,NY,EMERGENCY MEDICINE,M,1989
3763,FL,EMERGENCY MEDICINE,F,1989
3764,CA,INTERNAL MEDICINE,M,1989
3765,CA,FAMILY MEDICINE,M,1988
3766,NY,PHYSICIAN ASSISTANT,F,1986
3767,TX,PHYSICIAN ASSISTANT,F,1987
3768,NM,PHYSICIAN ASSISTANT,F,1986
3769,ID,NURSE PRACTITIONER,F,
3770,PA,RADIATION ONCOLOGY,F,1984
3771,CA,CLINICAL SOCIAL WORKER,F,
3772,FL,NURSE PRACTITIONER,F,
3773,NM,PHYSICIAN ASSISTANT,M,1955
3774,FL,NURSE PRACTITIONER,F,
3775,FL,PHYSICIAN ASSISTANT,F,1963
3776,TX,PHYSICIAN ASSISTANT,F,1988
3777,MN,NURSE PRACTITIONER,F,1986
3778,MA,BEHAVIORAL HEALTH & SOCIAL SERVICES,F,
3779,SD,CHIROPRACTIC,F,
3780,SC,PHYSICIAN ASSISTANT,M,1987
3781,WA,PHYSICIAN ASSISTANT,F,1977
3782,AZ,NURSE PRACTITIONER,M,
3783,FL,PEDIATRICS,F,1982
3784,MS,NURSE PRACTITIONER,F,
3785,MD,NURSE PRACTITIONER,M,
3786,CA,INTERNAL MEDICINE,F,1988
3787,CA,FAMILY MEDICINE,F,1984
3788,TX,INTERNAL MEDICINE,M,1984
3789,MI,CLINICAL SOCIAL WORKER,F,
3790,FL,EMERGENCY MEDICINE,M,1986
3791,AZ,FAMILY MEDICINE,F,1987
3792,MS,PHYSICAL THERAPY,M,
3793,OH,CHIROPRACTIC,F,
3794,NJ,PHYSICIAN ASSISTANT,F,1989
3795,IL,INTERVENTIONAL CARDIOLOGY,M,1987
3796,NY,PHYSICIAN ASSISTANT,F,1989
3797,NJ,PHYSICAL THERAPY,M,
3798,FL,PHYSICIAN ASSISTANT,M,1987
3799,IA,CHIROPRACTIC,M,
3800,OH,NURSE PRACTITIONER,F,1972
3801,CT,NURSE PRACTITIONER,F,
3802,RI,NURSE PRACTITIONER,F,1983
3803,OH,NURSE PRACTITIONER,F,1970
3804,CA,OBSTETRICS & GYNECOLOGY,F,1989
3805,KY,"STUDENT, HEALTH CARE",F,1987
3806,KY,INTERNAL MEDICINE,F,1977
3807,SC,RHEUMATOLOGY,M,1989
3808,FL,INTERNAL MEDICINE,M,1988
3809,MI,FAMILY MEDICINE,M,1990
3810,FL,INTERNAL MEDICINE,M,1989
3811,FL,PEDIATRICS,M,1989
3812,IL,EMERGENCY MEDICINE,M,1981
3813,GA,EMERGENCY MEDICINE,M,1988
3814,AL,EMERGENCY MEDICINE,M,1980
3815,MI,PHYSICIAN ASSISTANT,F,
3816,CA,PEDIATRICS,F,1976
3817,FL,NURSE PRACTITIONER,F,
3818,FL,NURSE PRACTITIONER,M,
3819,NY,DERMATOPATHOLOGY,F,1985
3820,MN,INTERNAL MEDICINE,M,1990
3821,NC,CLINICAL CARDIAC ELECTROPHYSIOLOGY,M,1983
3822,FL,INTERNAL MEDICINE,M,1981
3823,WI,SELECTIVE PATHOLOGY,F,1985
3824,CA,INTERNAL MEDICINE,M,1981
3825,CA,FAMILY MEDICINE,F,1985
3826,MA,INTERNAL MEDICINE,M,1987
3827,OH,FAMILY MEDICINE,M,1974
3828,FL,HOSPITALIST,F,1985
3829,NJ,INTERNAL MEDICINE,F,1986
3830,CA,FAMILY MEDICINE,M,1980
3831,GA,DIAGNOSTIC RADIOLOGY,M,1987
3832,NC,EMERGENCY MEDICINE,M,1983
3833,TX,HOSPITALIST,F,1970
3834,IL,PHYSICIAN ASSISTANT,F,1984
3835,HI,PHYSICIAN ASSISTANT,F,
3836,FL,INTERNAL MEDICINE,F,1986
3837,CT,PHYSICAL THERAPY,M,
3838,MA,INTERNAL MEDICINE/FAMILY MEDICINE,F,1981
3839,MI,PHYSICAL THERAPY,M,
3840,NY,PHYSICIAN ASSISTANT,F,1971
3841,RI,REGISTERED DIETICIAN,F,
3842,IL,PHYSICIAN ASSISTANT,F,1988
3843,AK,BEHAVIORAL HEALTH & SOCIAL SERVICES,M,
3844,PA,DIAGNOSTIC RADIOLOGY,M,1981
3845,MS,NURSE PRACTITIONER,F,
3846,PA,CARDIOVASCULAR DISEASE,M,1981
3847,FL,NURSE PRACTITIONER,M,
3848,FL,NURSE PRACTITIONER,F,
3849,MA,INTERNAL MEDICINE,M,1967
3850,MA,DERMATOLOGY,M,1981
3851,OH,PHYSICIAN ASSISTANT,F,1966
3852,IN,PHYSICAL THERAPY,F,
3853,IL,NURSE PRACTITIONER,F,
3854,OH,CARDIOVASCULAR DISEASE,M,1987
3855,NY,INTERNAL MEDICINE,M,1985
3856,MD,UROLOGY,M,
3857,CA,FAMILY MEDICINE,F,1975
3858,NC,PEDIATRICS,F,1980
3859,FL,NURSE PRACTITIONER,F,
3860,CA,NURSE PRACTITIONER,F,
3861,MD,SPORTS MEDICINE (FAMILY MEDICINE),M,1963
3862,MI,INTERNAL MEDICINE,M,1985
3863,NY,EMERGENCY MEDICINE,M,1982
3864,CA,OPTOMETRIST,F,
3865,NY,INTERNAL MEDICINE,M,1984
3866,MI,EMERGENCY MEDICINE,M,1981
3867,CO,PHYSICIAN ASSISTANT,F,1989
3868,TN,NURSE PRACTITIONER,F,
3869,SD,PHYSICIAN ASSISTANT,F,1989
3870,MA,PHYSICIAN ASSISTANT,M,1984
3871,CA,PHYSICIAN ASSISTANT,M,1977
3872,NJ,HOSPITALIST,M,1982
3873,NM,PHYSICIAN ASSISTANT,F,1986
3874,OH,INTERNAL MEDICINE,M,1978
3875,IN,NURSE PRACTITIONER,F,
3876,WI,NURSE PRACTITIONER,F,
3877,PA,PHYSICIAN ASSISTANT,F,1990
3878,IL,FAMILY MEDICINE,F,1990
3879,MI,EMERGENCY MEDICINE,M,1989
3880,VA,EMERGENCY MEDICINE,M,
3881,PA,EMERGENCY MEDICINE,F,1988
3882,FL,EMERGENCY MEDICINE,M,1982
3883,FL,EMERGENCY MEDICINE,M,1990
3884,IN,FAMILY MEDICINE,M,1987
3885,NY,EMERGENCY MEDICINE,F,1988
3886,WA,INTERNAL MEDICINE,F,1989
3887,MI,EMERGENCY MEDICINE,M,1988
3888,CA,FAMILY MEDICINE,M,1989
3889,NY,EMERGENCY MEDICINE,M,1987
3890,FL,EMERGENCY MEDICINE,F,1986
3891,CA,PHYSICIAN ASSISTANT,M,1985
3892,CA,PHYSICIAN ASSISTANT,M,1979
3893,WV,HOSPITALIST,F,1984
3894,AZ,PHYSICIAN ASSISTANT,M,1983
3895,CA,INTERNAL MEDICINE,M,1982
3896,NY,NURSE PRACTITIONER,F,
3897,LA,NURSE PRACTITIONER,F,
3898,CA,PHYSICIAN ASSISTANT,F,1982
3899,DE,PHYSICIAN ASSISTANT,F,1987
3900,FL,INFECTIOUS DISEASE,M,1986
3901,NJ,PHYSICIAN ASSISTANT,F,1990
3902,AZ,NURSE PRACTITIONER,F,
3903,MI,PHYSICIAN ASSISTANT,F,1989
3904,TN,PHYSICIAN ASSISTANT,F,1983
3905,MI,PHYSICAL THERAPY,F,
3906,NY,CARDIOVASCULAR DISEASE,M,1982
3907,WI,PHYSICIAN ASSISTANT,F,1986
3908,FL,PHYSICIAN ASSISTANT,F,1979
3909,TX,PHYSICIAN ASSISTANT,M,1976
3910,MD,PHYSICIAN ASSISTANT,F,1987
3911,LA,NURSE PRACTITIONER,F,1979
3912,HI,NURSE PRACTITIONER,F,
3913,NJ,REGISTERED DIETICIAN,F,
3914,WA,BEHAVIORAL HEALTH & SOCIAL SERVICES,M,
3915,OR,PHYSICIAN ASSISTANT,M,1982
3916,KS,NURSE PRACTITIONER,F,
3917,CA,PHYSICIAN ASSISTANT,M,1987
3918,RI,NURSE PRACTITIONER,F,
3919,MA,NURSE PRACTITIONER,F,
3920,VA,NURSE PRACTITIONER,F,
3921,IL,HEMATOLOGY/ONCOLOGY,M,1985
3922,MA,INTERNAL MEDICINE,M,1985
3923,CA,EMERGENCY MEDICINE,M,1982
3924,IN,PHYSICIAN ASSISTANT,M,1986
3925,OH,EMERGENCY MEDICINE,M,1990
3926,MI,EMERGENCY MEDICINE,M,1990
3927,PA,EMERGENCY MEDICINE,F,1989
3928,CA,FAMILY MEDICINE,F,1989
3929,CA,FAMILY MEDICINE,M,1987
3930,NY,EMERGENCY MEDICINE,M,1988
3931,NJ,INTERNAL MEDICINE,F,1990
3932,MO,NURSE PRACTITIONER,F,
3933,FL,INTERNAL MEDICINE,F,1985
3934,UT,PHYSICIAN ASSISTANT,F,
3935,OH,CLINICAL CARDIAC ELECTROPHYSIOLOGY,M,1982
3936,FL,PHYSICIAN ASSISTANT,F,1990
3937,MS,NURSE PRACTITIONER,F,
3938,TX,PHYSICIAN ASSISTANT,M,1970
3939,CA,PSYCHIATRY,F,1985
3940,CA,NURSE PRACTITIONER,F,
3941,MO,NURSE PRACTITIONER,F,
3942,CT,NURSE PRACTITIONER,F,
3943,MA,NURSE PRACTITIONER,F,
3944,DE,NURSE PRACTITIONER,F,
3945,IN,NURSE PRACTITIONER,F,
3946,NC,PHYSICIAN ASSISTANT,F,1983
3947,GU,PHYSICIAN ASSISTANT,M,1983
3948,CT,NURSE PRACTITIONER,F,
3949,MA,CHIROPRACTIC,M,
3950,CA,EMERGENCY MEDICINE,M,1985
3951,LA,NURSE PRACTITIONER,F,
3952,IA,NURSE PRACTITIONER,F,
3953,TX,PHYSICIAN ASSISTANT,F,1986
3954,AZ,NURSE PRACTITIONER,F,
3955,WA,NURSE PRACTITIONER,M,
3956,NM,BEHAVIORAL HEALTH & SOCIAL SERVICES,M,
3957,GA,PHYSICAL THERAPY,F,
3958,CA,FAMILY MEDICINE,F,
3959,LA,NURSE PRACTITIONER,F,
3960,IN,PHYSICIAN ASSISTANT,F,
3961,CA,PHYSICIAN ASSISTANT,M,1984
3962,NY,PULMONARY DISEASE,M,1985
3963,CA,INTERNAL MEDICINE,M,1985
3964,NJ,PSYCHIATRY,M,1981
3965,IL,INTERNAL MEDICINE,M,1982
3966,RI,INTERNAL MEDICINE,M,1985
3967,MD,EMERGENCY MEDICINE,F,1985
3968,ME,NEPHROLOGY,M,1979
3969,MD,HEMATOLOGY (PATHOLOGY),M,1981
3970,NJ,INTERVENTIONAL CARDIOLOGY,M,1987
3971,SC,GERIATRIC MEDICINE (INTERNAL MEDICINE),M,1987
3972,AK,HEMATOLOGY/ONCOLOGY,M,1987
3973,CA,INTERNAL MEDICINE,F,1985
3974,CA,FAMILY MEDICINE,M,1981
3975,MI,FAMILY MEDICINE,M,1980
3976,SC,EMERGENCY MEDICINE,F,1988
3977,OR,NEURORADIOLOGY,F,1983
3978,FL,PEDIATRICS,F,1983
3979,TX,DERMATOLOGY,M,1980
3980,GA,DERMATOLOGY,F,1985
3981,TX,NURSE PRACTITIONER,F,1952
3982,NJ,CARDIOVASCULAR DISEASE,M,1984
3983,SC,NURSE PRACTITIONER,M,
3984,FL,NURSE PRACTITIONER,F,
3985,CA,NURSE PRACTITIONER,F,
3986,WA,HEMATOLOGY/ONCOLOGY,M,
3987,MD,NURSE PRACTITIONER,F,
3988,MA,INTERNAL MEDICINE,M,1982
3989,TX,PHYSICIAN ASSISTANT,F,1984
3990,OR,INTERNAL MEDICINE,M,1984
3991,CA,OPTOMETRIST,M,
3992,FL,PHYSICIAN ASSISTANT,F,1983
3993,AZ,NURSE PRACTITIONER,F,
3994,IL,CLINICAL SOCIAL WORKER,F,
3995,TN,CERTIFIED NURSE ANESTHETIST,F,
3996,IN,FAMILY MEDICINE,M,1984
3997,OR,PHYSICIAN ASSISTANT,M,1987
3998,IN,HEMATOLOGY (PATHOLOGY),F,1971
3999,IL,DIAGNOSTIC RADIOLOGY,M,1986
4000,CT,CHILD & ADOLESCENT PSYCHIATRY,F,1985
4001,FL,NURSE PRACTITIONER,F,
4002,FL,EMERGENCY MEDICINE,M,1987
4003,FL,PHYSICIAN ASSISTANT,M,1983
4004,HI,PHYSICIAN ASSISTANT,F,1987
4005,NY,PHYSICIAN ASSISTANT,F,1984
4006,OH,NURSE PRACTITIONER,F,1956
4007,NH,INTERNAL MEDICINE,M,
4008,CA,CLINICAL SOCIAL WORKER,F,
4009,FL,CLINICAL SOCIAL WORKER,F,
4010,OH,DIAGNOSTIC RADIOLOGY,M,1985
4011,DE,PSYCHOLOGY,F,
4012,OH,PSYCHIATRY/NEUROLOGY,M,1979
4013,SC,PHYSICIAN ASSISTANT,F,1986
4014,IN,NEPHROLOGY,M,1988
4015,IN,FAMILY MEDICINE,F,1983
4016,PA,NURSE PRACTITIONER,F,
4017,NJ,PHYSICIAN ASSISTANT,F,1986
4018,CA,FAMILY MEDICINE,M,1984
4019,FL,REGISTERED DIETICIAN,F,
4020,NY,PHYSICIAN ASSISTANT,M,1969
4021,SC,PHYSICAL THERAPY,M,
4022,MN,INTERNAL MEDICINE,M,1989
4023,WI,NURSE PRACTITIONER,F,
4024,GA,NURSE PRACTITIONER,F,
4025,GA,INTERNAL MEDICINE,M,1983
4026,TX,FAMILY MEDICINE,M,1981
4027,MD,PHYSICIAN ASSISTANT,M,1981
4028,NY,EMERGENCY MEDICINE,F,
4029,MN,NURSE PRACTITIONER,F,
4030,AL,NURSE PRACTITIONER,F,
4031,LA,NURSE PRACTITIONER,F,
4032,FL,PHYSICIAN ASSISTANT,F,
4033,TX,ANESTHESIOLOGY,F,1986
4034,CA,PSYCHIATRY,M,
4035,CA,OBSTETRICS & GYNECOLOGY,F,1985
4036,IA,NURSE PRACTITIONER,F,
4037,CA,FAMILY MEDICINE,M,1978
4038,IL,NURSE PRACTITIONER,F,
4039,CO,FAMILY MEDICINE,F,1978
4040,KY,CERTIFIED NURSE ANESTHETIST,M,
4041,LA,CERTIFIED NURSE ANESTHETIST,M,
4042,WA,PHARMACIST,F,
4043,IL,EMERGENCY MEDICINE,M,1987
4044,FL,HEMATOLOGY/ONCOLOGY,M,1978
4045,OH,CERTIFIED NURSE ANESTHETIST,F,1974
4046,FL,INTERNAL MEDICINE,M,1985
4047,NJ,NURSE PRACTITIONER,F,
4048,SD,PHYSICAL THERAPY,M,
4049,CA,FAMILY MEDICINE,M,1977
4050,MI,NURSE PRACTITIONER,M,
4051,IN,CHIROPRACTIC,M,
4052,LA,PEDIATRIC EMERGENCY MEDICINE (PEDIATRICS),F,
4053,KY,NURSE PRACTITIONER,F,
4054,MI,INTERNAL MEDICINE,M,1990
4055,MS,FAMILY MEDICINE,F,1985
4056,NC,NURSE PRACTITIONER,M,
4057,MI,NURSE PRACTITIONER,F,
4058,AZ,NURSE PRACTITIONER,M,
4059,MI,INTERVENTIONAL CARDIOLOGY,M,1980
4060,CA,OPHTHALMOLOGY,F,
4061,OH,NURSE PRACTITIONER,F,1979
4062,SC,EMERGENCY MEDICINE,M,1985
4063,MA,TRANSPLANT HEPATOLOGY (INTERNAL MEDICINE),M,1983
4064,FL,PEDIATRICS,F,1987
4065,TX,PSYCHIATRY,M,1974
4066,MD,"ENDOCRINOLOGY, DIABETES & METABOLISM",F,1987
4067,TX,PEDIATRIC NEPHROLOGY,M,1982
4068,VA,INTERNAL MEDICINE,M,1977
4069,NY,INTERNAL MEDICINE,F,1984
4070,GA,ORTHOPEDIC SURGERY,M,1981
4071,PA,INTERNAL MEDICINE,M,1984
4072,WV,FAMILY MEDICINE,M,1978
4073,IL,INTERVENTIONAL CARDIOLOGY,M,1986
4074,WA,FAMILY MEDICINE,F,1982
4075,LA,PEDIATRIC EMERGENCY MEDICINE,M,1986
4076,AZ,INTERNAL MEDICINE,M,1983
4077,FL,RHEUMATOLOGY,M,1980
4078,MD,INTERNAL MEDICINE,M,1982
4079,CA,FAMILY MEDICINE,M,1976
4080,CA,ANATOMIC/CLINICAL PATHOLOGY,F,1966
4081,MO,INTERNAL MEDICINE,F,1977
4082,TX,PEDIATRICS,F,1979
4083,CA,VASCULAR SURGERY,M,1982
4084,WY,EMERGENCY MEDICINE,M,1980
4085,VA,GERIATRIC MEDICINE (INTERNAL MEDICINE),M,1979
4086,VA,INTERNAL MEDICINE,M,1979
4087,TX,FAMILY MEDICINE,F,1987
4088,CT,DIAGNOSTIC RADIOLOGY,F,1981
4089,TX,FAMILY MEDICINE,M,1983
4090,TX,DIAGNOSTIC RADIOLOGY,M,1985
4091,MI,EMERGENCY MEDICINE,M,1983
4092,NJ,EMERGENCY MEDICINE,F,1981
4093,MD,DIAGNOSTIC RADIOLOGY,M,1986
4094,WA,PEDIATRICS,M,1984
4095,MD,FAMILY MEDICINE,M,1986
4096,OH,DIAGNOSTIC RADIOLOGY,M,1987
4097,TX,INTERNAL MEDICINE,F,1987
4098,CO,CARDIOVASCULAR DISEASE,M,1983
4099,NC,PSYCHIATRY,F,1982
4100,NV,VASCULAR & INTERVENTIONAL RADIOLOGY,M,1987
4101,NY,FAMILY MEDICINE,M,1979
4102,NY,PEDIATRIC OTOLARYNGOLOGY,F,1986
4103,NY,EMERGENCY MEDICINE,M,1981
4104,MA,COLON & RECTAL SURGERY,M,1981
4105,TX,EMERGENCY MEDICINE,M,1983
4106,TX,EMERGENCY MEDICINE,M,1982
4107,CA,HEMATOLOGY (PATHOLOGY),M,1979
4108,MI,EMERGENCY MEDICINE,M,1984
4109,CA,FAMILY MEDICINE,F,1985
4110,CA,EMERGENCY MEDICINE,M,1982
4111,LA,EMERGENCY MEDICINE,M,1983
4112,MN,INTERNAL MEDICINE,M,1986
4113,GA,HOSPITALIST,M,1984
4114,FL,EMERGENCY MEDICINE,M,1987
4115,TX,NEURORADIOLOGY,M,1986
4116,TX,SELECTIVE PATHOLOGY,F,1979
4117,CA,VASCULAR & INTERVENTIONAL RADIOLOGY,F,1987
4118,MN,HEMATOLOGY/ONCOLOGY,F,1986
4119,CA,EMERGENCY MEDICINE,M,1986
4120,CA,EMERGENCY MEDICAL SERVICES,F,1985
4121,CA,PEDIATRICS,M,1983
4122,NE,HOSPITALIST,M,1980
4123,KY,NURSE PRACTITIONER,F,
4124,TX,NURSE PRACTITIONER,F,1983
4125,NV,OPTOMETRIST,M,
4126,FL,NURSE PRACTITIONER,F,
4127,MS,EMERGENCY MEDICINE,M,1978
4128,MI,FAMILY MEDICINE,F,1985
4129,TX,DIAGNOSTIC RADIOLOGY,M,1987
4130,WI,FAMILY MEDICINE,M,1987
4131,IL,FAMILY MEDICINE,M,1979
4132,OH,EMERGENCY MEDICINE,M,1986
4133,PA,CARDIOVASCULAR DISEASE,M,1985
4134,FL,FAMILY MEDICINE,M,1983
4135,IN,NURSE PRACTITIONER,F,
4136,TN,NURSE PRACTITIONER,F,
4137,FL,NURSE PRACTITIONER,F,
4138,MD,ANESTHESIOLOGY,M,1966
4139,AK,HEMATOLOGY/ONCOLOGY,F,1985
4140,CA,NEPHROLOGY,M,1985
4141,FL,EMERGENCY MEDICINE,F,
4142,MI,FAMILY MEDICINE,F,1988
4143,TX,INTERNAL MEDICINE,M,1987
4144,OH,EMERGENCY MEDICINE,M,1984
4145,CT,INTERNAL MEDICINE,M,1981
4146,PA,INTERNAL MEDICINE,F,1983
4147,KS,DERMATOLOGY,F,
4148,FL,FAMILY MEDICINE,M,1984
4149,CA,INTERNAL MEDICINE,F,1986
4150,MI,FAMILY MEDICINE,M,1983
4151,PR,PSYCHIATRY,F,1982
4152,NV,NEPHROLOGY,M,1986
4153,NC,FAMILY MEDICINE,M,1986
4154,OK,CARDIOVASCULAR DISEASE,M,1987
4155,OH,PSYCHOLOGY,F,
4156,IA,FAMILY MEDICINE,F,1985
4157,WA,NURSE PRACTITIONER,F,
4158,CA,PEDIATRICS,F,1985
4159,PA,FAMILY MEDICINE,F,1985
4160,AZ,CYTOPATHOLOGY,M,1985
4161,CA,PEDIATRICS,F,1982
4162,OR,INTERNAL MEDICINE,F,1982
4163,GA,INTERNAL MEDICINE/PEDIATRICS,F,1983
4164,TX,FAMILY MEDICINE,F,1962
4165,MI,INTERNAL MEDICINE,M,1987
4166,AR,DERMATOLOGY,F,1987
4167,PA,NURSE PRACTITIONER,F,
4168,PA,FAMILY MEDICINE,M,1984
4169,OH,NURSE PRACTITIONER,F,
4170,IN,HOSPITALIST,M,1984
4171,MI,FAMILY MEDICINE,M,1987
4172,MA,NURSE PRACTITIONER,F,
4173,WA,NURSE PRACTITIONER,F,
4174,MI,EMERGENCY MEDICINE,F,1987
4175,NC,PHYSICIAN ASSISTANT,F,
4176,MI,FAMILY MEDICINE,M,1974
4177,FL,GASTROENTEROLOGY,M,1987
4178,PA,EMERGENCY MEDICINE,M,1985
4179,IL,PEDIATRIC EMERGENCY MEDICINE (PEDIATRICS),F,1986
4180,PA,OPHTHALMOLOGY,M,1985
4181,TX,PEDIATRICS,F,1988
4182,CA,FAMILY MEDICINE,M,1983
4183,MI,ANESTHESIOLOGY,F,1987
4184,OR,FAMILY MEDICINE,M,1984
4185,NC,INTERNAL MEDICINE,F,1986
4186,OH,UROLOGY,F,1981
4187,TX,DERMATOPATHOLOGY,M,1980
4188,NE,EMERGENCY MEDICINE,M,1984
4189,SC,FAMILY MEDICINE,M,1985
4190,NC,EMERGENCY MEDICINE,M,1987
4191,MD,PHYSICIAN ASSISTANT,F,1986
4192,CA,EMERGENCY MEDICINE,F,1987
4193,CA,EMERGENCY MEDICINE,F,1987
4194,IN,HEMATOLOGY/ONCOLOGY,M,1985
4195,IN,FAMILY MEDICINE,M,1987
4196,NC,GASTROENTEROLOGY,F,1987
4197,FL,INTERNAL MEDICINE,F,1972
4198,CA,"ENDOCRINOLOGY, DIABETES & METABOLISM",M,1987
4199,MS,INTERNAL MEDICINE,M,1985
4200,CA,PULMONARY CRITICAL CARE MEDICINE,F,1985
4201,MI,EMERGENCY MEDICINE,F,1978
4202,FL,FAMILY MEDICINE,F,1983
4203,FL,EMERGENCY MEDICINE,F,1987
4204,FL,HOSPITALIST,M,1988
4205,NY,PHYSICIAN ASSISTANT,F,1985
4206,TX,EMERGENCY MEDICINE,F,1987
4207,CA,PHYSICIAN ASSISTANT,M,1982
4208,DC,EMERGENCY MEDICINE,M,1985
4209,GA,OBSTETRICS & GYNECOLOGY,F,1987
4210,IN,DIAGNOSTIC RADIOLOGY,M,1985
4211,FL,FAMILY MEDICINE,M,1969
4212,IL,EMERGENCY MEDICINE,M,1987
4213,FL,FAMILY MEDICINE,M,1982
4214,NY,NURSE PRACTITIONER,F,
4215,MD,RADIATION ONCOLOGY,F,1986
4216,AZ,DIAGNOSTIC RADIOLOGY,M,1980
4217,TN,PEDIATRICS,F,1987
4218,KY,OPHTHALMOLOGY,M,1986
4219,CA,FAMILY MEDICINE,M,1987
4220,CA,INTERNAL MEDICINE,F,1982
4221,NV,EMERGENCY MEDICINE,F,
4222,CA,DIAGNOSTIC RADIOLOGY,M,1987
4223,FL,FAMILY MEDICINE,M,1986
4224,KY,ORTHOPEDIC SURGERY,M,1980
4225,NV,NEPHROLOGY,M,1983
4226,CA,HOSPITALIST,M,1983
4227,MO,EMERGENCY MEDICINE,M,1985
4228,GA,GERIATRIC MEDICINE (INTERNAL MEDICINE),F,1984
4229,PA,EMERGENCY MEDICINE,M,1985
4230,OH,DIAGNOSTIC RADIOLOGY,M,1987
4231,MS,NURSE PRACTITIONER,F,
4232,WV,ANESTHESIOLOGY,M,1983
4233,WI,DERMATOLOGY,F,1985
4234,MN,EMERGENCY MEDICINE,M,1985
4235,TX,NEPHROLOGY,F,1985
4236,LA,CARDIOVASCULAR DISEASE,M,1987
4237,TX,ANESTHESIOLOGY,F,1985
4238,TX,FAMILY MEDICINE,M,1986
4239,MA,OPHTHALMOLOGY,M,1983
4240,MO,INTERNAL MEDICINE,F,1977
4241,NY,CARDIOVASCULAR DISEASE,F,1988
4242,FL,"ENDOCRINOLOGY, DIABETES & METABOLISM",M,1986
4243,KY,DERMATOLOGY,M,1987
4244,CA,EMERGENCY MEDICINE,M,1987
4245,FL,PSYCHIATRY,M,1980
4246,MI,FAMILY MEDICINE,M,1988
4247,GA,EMERGENCY MEDICINE,M,1982
4248,MD,NURSE PRACTITIONER,F,
4249,WA,NURSE PRACTITIONER,F,
4250,WI,FAMILY MEDICINE,F,1986
4251,LA,PHYSICIAN ASSISTANT,F,1987
4252,OH,HOSPITALIST,M,1987
4253,WI,PEDIATRICS,F,1987
4254,MD,INTERNAL MEDICINE,M,1986
4255,MT,EMERGENCY MEDICINE,F,1985
4256,GA,EMERGENCY MEDICINE,M,1986
4257,CA,EMERGENCY MEDICAL SERVICES,F,1986
4258,IN,PHYSICIAN ASSISTANT,F,
4259,PA,PHYSICIAN ASSISTANT,F,1987
4260,TX,PSYCHIATRY,F,1986
4261,NJ,EMERGENCY MEDICINE,F,1982
4262,DE,EMERGENCY MEDICINE,F,1988
4263,MO,OBSTETRICS & GYNECOLOGY,F,1986
4264,OH,HOSPITALIST,M,1986
4265,FL,FAMILY MEDICINE,M,1986
4266,NC,DIAGNOSTIC RADIOLOGY,M,1987
4267,MS,NURSE PRACTITIONER,F,
4268,WA,ADULT CARDIOTHORACIC ANESTHESIOLOGY,M,1985
4269,NY,PEDIATRICS,F,1987
4270,FL,NEUROLOGY,F,1986
4271,AK,FAMILY MEDICINE,F,1982
4272,CO,INTERNAL MEDICINE/EMERGENCY MEDICINE,M,1985
4273,SC,INTERNAL MEDICINE,M,1984
4274,NY,EMERGENCY MEDICINE,M,1987
4275,OR,EMERGENCY MEDICINE,M,1977
4276,AL,CARDIOVASCULAR DISEASE,F,
4277,TN,PHYSICIAN ASSISTANT,F,1987
4278,CA,DERMATOLOGY,F,1986
4279,OH,EMERGENCY MEDICINE,F,1986
4280,CA,PEDIATRICS,F,1986
4281,WA,NURSE PRACTITIONER,M,
4282,OH,CRITICAL CARE MEDICINE (ANESTHESIOLOGY),M,1983
4283,AL,FAMILY MEDICINE,F,1986
4284,CA,FAMILY MEDICINE,F,1978
4285,MN,EMERGENCY MEDICINE,M,1971
4286,OH,EMERGENCY MEDICINE,M,1987
4287,FL,EMERGENCY MEDICINE,F,
4288,AZ,DENTIST,M,
4289,KY,INTERNAL MEDICINE,M,1986
4290,CA,NURSE PRACTITIONER,F,
4291,WI,FAMILY MEDICINE,F,1986
4292,DE,EMERGENCY MEDICINE,M,1975
4293,CA,PEDIATRICS,F,1987
4294,CA,FAMILY MEDICINE,M,1986
4295,TX,FAMILY MEDICINE,F,1986
4296,CA,DERMATOLOGY,M,1988
4297,MD,INTERNAL MEDICINE,M,1986
4298,NJ,CARDIOVASCULAR DISEASE,F,1987
4299,CT,ORTHOPEDIC SURGERY,M,1987
4300,MI,EMERGENCY MEDICINE,F,1987
4301,FL,FAMILY MEDICINE,M,1984
4302,NY,EMERGENCY MEDICINE,M,1986
4303,CO,GASTROENTEROLOGY,M,1986
4304,NY,EMERGENCY MEDICINE,M,1984
4305,CA,EMERGENCY MEDICINE,M,1985
4306,CT,PHYSICIAN ASSISTANT,F,1985
4307,TX,PODIATRIST,F,1986
4308,GA,FAMILY MEDICINE,M,1985
4309,CA,DIAGNOSTIC RADIOLOGY,M,1986
4310,CA,EMERGENCY MEDICINE,M,1985
4311,NJ,FAMILY MEDICINE,F,1984
4312,MI,INTERNAL MEDICINE,M,1987
4313,SC,FAMILY MEDICINE,M,1984
4314,NY,"ENDOCRINOLOGY, DIABETES & METABOLISM",M,1987
4315,IL,INTERNAL MEDICINE/PEDIATRICS,F,1985
4316,OH,NURSE PRACTITIONER,F,1984
4317,RI,EMERGENCY MEDICAL SERVICES,F,1980
4318,MS,NURSE PRACTITIONER,F,
4319,NY,EMERGENCY MEDICINE,M,1979
4320,CA,DERMATOLOGY,M,1986
4321,TN,SELECTIVE PATHOLOGY,F,1981
4322,OH,PHYSICIAN ASSISTANT,M,1986
4323,WI,PEDIATRIC RADIOLOGY,M,1986
4324,CA,"ENDOCRINOLOGY, DIABETES & METABOLISM",F,1982
4325,KY,CLINICAL PATHOLOGY,M,1980
4326,IL,FAMILY MEDICINE,M,1987
4327,MD,EMERGENCY MEDICINE,M,1986
4328,IN,INTERNAL MEDICINE,M,1971
4329,CA,HOSPITALIST,M,1987
4330,SC,EMERGENCY MEDICINE,M,1986
4331,NY,EMERGENCY MEDICINE,F,1987
4332,LA,NURSE PRACTITIONER,M,
4333,FL,PAIN MEDICINE (ANESTHESIOLOGY),M,1985
4334,NC,PEDIATRICS,F,1987
4335,NY,EMERGENCY MEDICINE,F,1984
4336,LA,GENERAL SURGERY,M,1987
4337,NY,EMERGENCY MEDICINE,M,1986
4338,NY,NURSE PRACTITIONER,F,
4339,IN,INTERNAL MEDICINE,F,1985
4340,MD,ANATOMIC/CLINICAL PATHOLOGY,F,1987
4341,NY,OPHTHALMOLOGY,M,1987
4342,PA,DIAGNOSTIC RADIOLOGY,F,1987
4343,NY,OBSTETRICS & GYNECOLOGY,F,1984
4344,OH,EMERGENCY MEDICINE,M,1987
4345,FL,FAMILY MEDICINE,F,1985
4346,TX,MEDICAL ONCOLOGY,F,1979
4347,FL,OPHTHALMOLOGY,M,1985
4348,CA,PHYSICIAN ASSISTANT,M,1980
4349,CT,INTERNAL MEDICINE,M,1982
4350,FL,EMERGENCY MEDICINE,F,1986
4351,HI,MUSCULOSKELETAL ONCOLOGY,F,1986
4352,MD,FAMILY MEDICINE,F,1986
4353,CO,INTERNAL MEDICINE,M,1983
4354,CO,EMERGENCY MEDICINE,F,1987
4355,WI,INTERNAL MEDICINE,F,1987
4356,WI,EMERGENCY MEDICINE,F,1986
4357,IN,EMERGENCY MEDICINE,M,1987
4358,RI,PHYSICIAN ASSISTANT,F,1986
4359,MN,DERMATOLOGY,M,1986
4360,TN,NURSE PRACTITIONER,F,
4361,NJ,EMERGENCY MEDICINE,M,1986
4362,CA,UNDERSEAS MEDICINE (EMERGENCY MEDICINE),F,1985
4363,KY,PEDIATRICS,F,1986
4364,OH,PHYSICIAN ASSISTANT,F,
4365,TX,EMERGENCY MEDICINE,M,1986
4366,MI,PSYCHIATRY,M,1984
4367,MA,PODIATRIST,F,
4368,OH,EMERGENCY MEDICINE,M,1985
4369,DC,DERMATOLOGY,F,1987
4370,VA,FAMILY MEDICINE,F,1984
4371,OH,EMERGENCY MEDICINE,F,1985
4372,MA,PHYSICIAN ASSISTANT,F,1986
4373,IL,EMERGENCY MEDICINE,F,1985
4374,IA,INTERNAL MEDICINE,M,1977
4375,PA,CARDIOVASCULAR DISEASE,M,1985
4376,IL,CARDIOVASCULAR DISEASE,F,1987
4377,TX,INTERNAL MEDICINE,M,1985
4378,FL,NURSE PRACTITIONER,F,
4379,PA,DIAGNOSTIC RADIOLOGY,M,1983
4380,MO,INTERNAL MEDICINE,M,1984
4381,KY,CERTIFIED NURSE ANESTHETIST,M,1984
4382,DC,OPHTHALMOLOGY,M,1987
4383,WI,FAMILY MEDICINE,F,1984
4384,IA,CLINICAL SOCIAL WORKER,F,1973
4385,CA,INTERNAL MEDICINE,M,1983
4386,NY,EMERGENCY MEDICINE,M,1985
4387,TX,EMERGENCY MEDICINE,M,1986
4388,TX,EMERGENCY MEDICINE,M,1987
4389,OK,CARDIOVASCULAR DISEASE,M,1983
4390,CA,EMERGENCY MEDICINE,M,1987
4391,MD,HEMATOLOGY/ONCOLOGY,M,1984
4392,WA,DIAGNOSTIC RADIOLOGY,M,1978
4393,AR,PSYCHIATRY,M,1983
4394,LA,EMERGENCY MEDICINE,F,1982
4395,CO,PHYSICIAN ASSISTANT,M,1985
4396,WA,DIAGNOSTIC RADIOLOGY,M,1984
4397,PA,INTERNAL MEDICINE,M,1986
4398,MI,EMERGENCY MEDICINE,M,1981
4399,IA,NURSE PRACTITIONER,F,
4400,IN,PHYSICIAN ASSISTANT,F,1964
4401,CA,VASCULAR & INTERVENTIONAL RADIOLOGY,M,1985
4402,TX,EMERGENCY MEDICINE,M,1987
4403,CA,PHYSICAL MEDICINE & REHABILITATION,M,1986
4404,NC,EMERGENCY MEDICINE,M,1982
4405,IN,DIAGNOSTIC RADIOLOGY,M,1984
4406,SC,PHYSICIAN ASSISTANT,F,1986
4407,DC,INTERNAL MEDICINE,F,1984
4408,WI,VASCULAR & INTERVENTIONAL RADIOLOGY,M,1987
4409,MN,EMERGENCY MEDICINE,M,1981
4410,VA,PEDIATRICS,F,1981
4411,MI,UROLOGY,M,1987
4412,NC,FAMILY MEDICINE,M,1986
4413,DC,DIAGNOSTIC RADIOLOGY,F,1988
4414,AL,ANATOMIC PATHOLOGY,M,1987
4415,NC,RHEUMATOLOGY,M,1985
4416,NY,EMERGENCY MEDICINE,M,1988
4417,NY,PHYSICIAN ASSISTANT,F,1989
4418,NM,NURSE PRACTITIONER,M,1980
4419,NJ,EMERGENCY MEDICINE,F,1986
4420,NH,PHYSICIAN ASSISTANT,F,1984
4421,LA,FAMILY MEDICINE,F,1983
4422,FL,FAMILY MEDICINE,F,1985
4423,GA,PEDIATRICS,M,1983
4424,IL,NURSE PRACTITIONER,F,
4425,CA,PHYSICIAN ASSISTANT,F,1983
4426,SC,FAMILY MEDICINE,M,1984
4427,CA,FAMILY MEDICINE,F,1986
4428,CA,FAMILY MEDICINE,F,1984
4429,MN,EMERGENCY MEDICINE,M,1986
4430,MI,INTERNAL MEDICINE,F,1986
4431,GA,CERTIFIED NURSE ANESTHETIST,F,
4432,TX,INTERNAL MEDICINE,M,1986
4433,FL,ORTHOPEDIC SURGERY,M,1987
4434,MD,FAMILY MEDICINE,M,1985
4435,IL,INTERNAL MEDICINE,M,1984
4436,MD,EMERGENCY MEDICINE,M,1988
4437,PA,FAMILY MEDICINE,F,1983
4438,OK,PEDIATRICS,F,1987
4439,NY,EMERGENCY MEDICINE,M,1986
4440,OH,PSYCHIATRY,F,1969
4441,OH,FAMILY MEDICINE,M,1985
4442,GA,PEDIATRICS,F,1985
4443,GA,HEMATOLOGY/ONCOLOGY,F,1987
4444,TN,PHYSICIAN ASSISTANT,F,
4445,PA,FAMILY MEDICINE,F,1987
4446,FL,FAMILY MEDICINE,F,1978
4447,NY,MATERNAL & FETAL MEDICINE,F,1985
4448,FL,PEDIATRIC EMERGENCY MEDICINE (PEDIATRICS),F,1986
4449,AZ,ANESTHESIOLOGY,M,
4450,VA,FAMILY MEDICINE,M,1975
4451,MN,EMERGENCY MEDICINE,M,1975
4452,NY,EMERGENCY MEDICINE,M,1983
4453,PA,DERMATOLOGY,M,1986
4454,CA,OBSTETRICS & GYNECOLOGY,F,1984
4455,LA,DIAGNOSTIC RADIOLOGY,M,1987
4456,NY,FAMILY MEDICINE,M,1986
4457,NY,ALLERGY & IMMUNOLOGY,F,1987
4458,TX,NURSE PRACTITIONER,F,1975
4459,PA,EMERGENCY MEDICINE,M,1987
4460,PA,FAMILY MEDICINE,F,1987
4461,SC,FAMILY MEDICINE,M,1986
4462,CA,NEPHROLOGY,F,1983
4463,NC,NURSE PRACTITIONER,F,
4464,CA,MEDICAL TOXICOLOGY (EMERGENCY MEDICINE),M,1985
4465,OR,NURSE PRACTITIONER,M,
4466,NY,NEPHROLOGY,M,1986
4467,FL,CARDIOVASCULAR DISEASE,M,1984
4468,CA,INTERNAL MEDICINE,M,1986
4469,NJ,CRITICAL CARE MEDICINE (INTERNAL MEDICINE),F,1985
4470,PA,EMERGENCY MEDICINE,F,1986
4471,FL,INTERNAL MEDICINE,M,1975
4472,IL,FAMILY MEDICINE,F,1985
4473,CO,INTERVENTIONAL CARDIOLOGY,M,1986
4474,VA,DIAGNOSTIC RADIOLOGY,M,1986
4475,NY,INTERNAL MEDICINE,F,1986
4476,IL,ADULT CARDIOTHORACIC ANESTHESIOLOGY,M,1986
4477,PA,FAMILY MEDICINE,F,1984
4478,NJ,FAMILY MEDICINE,F,1981
4479,SC,OBSTETRICS & GYNECOLOGY,F,1987
4480,AR,VASCULAR & INTERVENTIONAL RADIOLOGY,M,1984
4481,IL,EMERGENCY MEDICINE,M,1986
4482,CA,VASCULAR & INTERVENTIONAL RADIOLOGY,M,1986
4483,TX,EMERGENCY MEDICINE,F,1984
4484,TX,OPHTHALMOLOGY,M,1987
4485,TX,EMERGENCY MEDICINE,M,1985
4486,MI,INTERNAL MEDICINE,M,1986
4487,MD,PEDIATRICS,F,1979
4488,IN,OPHTHALMOLOGY,M,1987
4489,MN,PHYSICIAN ASSISTANT,F,1973
4490,OH,COLON & RECTAL SURGERY,F,1985
4491,NY,FAMILY MEDICINE,F,1986
4492,ID,FAMILY MEDICINE,M,1987
4493,MN,FAMILY MEDICINE,F,1986
4494,IN,EMERGENCY MEDICINE,F,1986
4495,MO,DIAGNOSTIC RADIOLOGY,M,1983
4496,GA,EMERGENCY MEDICINE,M,1986
4497,WI,PSYCHIATRY,M,1984
4498,IL,DIAGNOSTIC RADIOLOGY,M,1981
4499,PA,PHYSICAL MEDICINE & REHABILITATION,M,1986
4500,TX,EMERGENCY MEDICINE,F,1985
4501,MN,INTERVENTIONAL CARDIOLOGY,F,1987
4502,TX,EMERGENCY MEDICINE,F,1986
4503,NY,PAIN MEDICINE,M,1975
4504,CT,NURSE PRACTITIONER,F,
4505,AZ,EMERGENCY MEDICINE,M,1974
4506,CA,FAMILY MEDICINE,F,1986
4507,NY,PEDIATRICS,F,1984
4508,MO,DIAGNOSTIC RADIOLOGY,M,1987
4509,NY,PHYSICIAN ASSISTANT,F,1980
4510,IA,PHYSICIAN ASSISTANT,F,1989
4511,NC,NURSE PRACTITIONER,F,
4512,GA,FAMILY MEDICINE,F,1986
4513,TX,VASCULAR & INTERVENTIONAL RADIOLOGY,M,1987
4514,HI,FAMILY MEDICINE,F,1975
4515,FL,EMERGENCY MEDICINE,F,1985
4516,MD,EMERGENCY MEDICINE,F,1984
4517,NY,NURSE PRACTITIONER,F,
4518,NJ,DIAGNOSTIC RADIOLOGY,F,1987
4519,SC,PEDIATRICS,F,1987
4520,TX,EMERGENCY MEDICINE,M,1984
4521,TN,DIAGNOSTIC RADIOLOGY,M,1985
4522,WI,EMERGENCY MEDICINE,M,1986
4523,TX,ANESTHESIOLOGY,F,1986
4524,CO,EMERGENCY MEDICINE,M,1984
4525,NY,ALLERGY & IMMUNOLOGY,F,1986
4526,CA,EMERGENCY MEDICINE,M,1986
4527,NC,EMERGENCY MEDICINE,M,1980
4528,OH,HEMATOLOGY/ONCOLOGY,F,1971
4529,PA,INFECTIOUS DISEASE,M,1986
4530,MN,GASTROENTEROLOGY,F,1987
4531,NY,FAMILY MEDICINE,F,1977
4532,TX,RHEUMATOLOGY,F,1986
4533,CA,GENERAL SURGERY,M,1986
4534,TX,INTERNAL MEDICINE,M,1984
4535,MO,HEMATOLOGY/ONCOLOGY,M,1982
4536,TX,DIAGNOSTIC RADIOLOGY,M,
4537,CA,EMERGENCY MEDICINE,M,1985
4538,VA,PHYSICAL MEDICINE & REHABILITATION,M,1978
4539,MA,INTERNAL MEDICINE,F,1980
4540,MA,"ENDOCRINOLOGY, DIABETES & METABOLISM",M,1987
4541,RI,GENERAL SURGERY,M,1984
4542,WA,EMERGENCY MEDICINE,M,1987
4543,NJ,PEDIATRICS,F,1981
4544,NJ,NURSE PRACTITIONER,F,
4545,MA,PHYSICIAN ASSISTANT,F,1984
4546,CA,PEDIATRICS,F,1985
4547,TX,FAMILY MEDICINE,F,1986
4548,FL,INTERNAL MEDICINE,M,1980
4549,NC,NURSE PRACTITIONER,F,
4550,VT,PHYSICIAN ASSISTANT,M,1977
4551,IL,INTERNAL MEDICINE,M,1986
4552,NY,NURSE PRACTITIONER,F,
4553,CA,DIAGNOSTIC RADIOLOGY,F,1985
4554,CA,SPORTS MEDICINE (EMERGENCY MEDICINE),M,1980
4555,WA,FAMILY MEDICINE,F,1984
4556,FL,GENERAL PRACTICE,M,1978
4557,MO,PHYSICIAN ASSISTANT,F,1985
4558,AL,NURSE PRACTITIONER,M,
4559,OH,PHYSICIAN ASSISTANT,F,1966
4560,FL,FAMILY MEDICINE,M,1974
4561,OH,HOSPITALIST,F,1985
4562,GA,FAMILY MEDICINE,F,1979
4563,MI,INTERNAL MEDICINE,M,1987
4564,MI,OTOLARYNGOLOGY,M,
4565,TN,NURSE PRACTITIONER,F,
4566,OK,FAMILY MEDICINE,F,1975
4567,CA,EMERGENCY MEDICINE,F,1989
4568,IL,EMERGENCY MEDICINE,M,1986
4569,MI,FAMILY MEDICINE,M,1987
4570,FL,FAMILY MEDICINE,F,1984
4571,OH,DENTIST,M,
4572,MA,ANESTHESIOLOGY,F,1983
4573,TX,PHYSICIAN ASSISTANT,F,1982
4574,CA,FAMILY MEDICINE,F,1987
4575,TX,EMERGENCY MEDICINE,M,1985
4576,SC,FAMILY MEDICINE,M,1985
4577,CT,EMERGENCY MEDICINE,M,1984
4578,NY,DIAGNOSTIC RADIOLOGY,M,1986
4579,OK,INTERNAL MEDICINE,F,1986
4580,NJ,EMERGENCY MEDICINE,M,1984
4581,DE,ADULT CARDIOTHORACIC ANESTHESIOLOGY,M,1987
4582,NH,PHYSICIAN ASSISTANT,M,
4583,AR,DIAGNOSTIC RADIOLOGY,M,1987
4584,FL,FAMILY MEDICINE,F,1985
4585,NE,OPHTHALMOLOGY,M,1985
4586,CA,EMERGENCY MEDICINE,M,1984
4587,SD,INTERNAL MEDICINE,M,1980
4588,FL,INTERNAL MEDICINE,M,1988
4589,CA,NURSE PRACTITIONER,F,
4590,SC,FAMILY MEDICINE,F,1983
4591,NJ,EMERGENCY MEDICINE,M,1986
4592,KY,NURSE PRACTITIONER,F,
4593,MO,INTERVENTIONAL CARDIOLOGY,M,1987
4594,NY,CARDIOVASCULAR DISEASE,M,1988
4595,AR,FAMILY MEDICINE,M,1981
4596,OK,PHYSICIAN ASSISTANT,F,1979
4597,OR,CHIROPRACTIC,M,
4598,TX,PHYSICAL THERAPY,F,
4599,FL,NURSE PRACTITIONER,F,
4600,CA,CLINICAL SOCIAL WORKER,F,
4601,MA,NURSE PRACTITIONER,F,
4602,TX,FAMILY MEDICINE,M,1975
4603,SC,NURSE PRACTITIONER,F,
4604,SD,NURSE PRACTITIONER,F,
4605,AR,PHYSICIAN ASSISTANT,F,1986
4606,PA,PHYSICIAN ASSISTANT,F,1987
4607,FL,INTERNAL MEDICINE,F,1978
4608,AZ,NURSE PRACTITIONER,F,
4609,FL,RHEUMATOLOGY,F,1980
4610,NY,PULMONARY CRITICAL CARE MEDICINE,M,1985
4611,IA,PHYSICIAN ASSISTANT,F,1987
4612,TX,NURSE PRACTITIONER,F,1977
4613,OR,NURSE PRACTITIONER,F,
4614,AZ,INTERNAL MEDICINE,F,1969
4615,CA,PHYSICIAN ASSISTANT,F,1986
4616,TX,BRAIN INJURY MEDICINE (PHYSICAL MEDICINE & REHABILITATION),M,1971
4617,MA,INTERNAL MEDICINE,F,1983
4618,FL,INTERNAL MEDICINE,F,1969
4619,TX,PHYSICIAN ASSISTANT,F,1947
4620,PA,PHYSICIAN ASSISTANT,F,1957
4621,TX,FAMILY MEDICINE,F,1983
4622,MI,PHYSICIAN ASSISTANT,F,1985
4623,OR,NURSE PRACTITIONER,F,
4624,NY,NURSE PRACTITIONER,F,
4625,OR,EMERGENCY MEDICINE,F,1981
4626,FL,NEPHROLOGY,M,1984
4627,GA,FAMILY MEDICINE,F,1985
4628,NJ,PSYCHOLOGY,F,
4629,NV,PHYSICIAN ASSISTANT,M,1977
4630,NY,PHYSICIAN ASSISTANT,F,1984
4631,SC,NURSE PRACTITIONER,F,
4632,KY,NURSE PRACTITIONER,F,
4633,WA,NURSE PRACTITIONER,F,
4634,FL,PHYSICIAN ASSISTANT,F,1984
4635,FL,GENERAL PRACTICE,M,1963
4636,SC,PHYSICIAN ASSISTANT,F,1967
4637,FL,PHYSICIAN ASSISTANT,F,1987
4638,MI,FAMILY MEDICINE,M,1970
4639,OR,PHYSICIAN ASSISTANT,F,1986
4640,AZ,ANESTHESIOLOGY,M,1980
4641,NH,NURSE PRACTITIONER,F,
4642,GA,PSYCHOLOGY,M,
4643,CA,FAMILY MEDICINE,F,1975
4644,CA,HOSPITALIST,F,1985
4645,WA,NURSE PRACTITIONER,M,
4646,NC,PHYSICIAN ASSISTANT,F,1987
4647,CA,EMERGENCY MEDICINE,M,1983
4648,IL,NURSE PRACTITIONER,F,
4649,TX,NURSE PRACTITIONER,M,1963
4650,NY,GENERAL PRACTICE,M,1974
4651,MN,FAMILY MEDICINE,M,1976
4652,CA,GERIATRIC MEDICINE (INTERNAL MEDICINE),M,1984
4653,TX,HEMATOLOGY/ONCOLOGY,M,1986
4654,IL,PHYSICIAN ASSISTANT,F,1981
4655,OR,FAMILY MEDICINE,M,1990
4656,CT,INTERNAL MEDICINE,M,1986
4657,KY,INTERNAL MEDICINE,M,1986
4658,IL,FAMILY MEDICINE,M,1975
4659,WA,PHYSICIAN ASSISTANT,F,1959
4660,NC,NURSE PRACTITIONER,F,
4661,IA,PHYSICIAN ASSISTANT,F,1987
4662,FL,PHYSICIAN ASSISTANT,F,1983
4663,MD,EMERGENCY MEDICINE,M,1986
4664,KY,PHYSICIAN ASSISTANT,F,1987
4665,TX,NURSE PRACTITIONER,F,1984
4666,TX,PHYSICAL MEDICINE & REHABILITATION,F,1984
4667,NY,ANESTHESIOLOGY,F,1986
4668,MI,PHYSICIAN ASSISTANT,F,1987
4669,HI,ADULT CARDIOTHORACIC ANESTHESIOLOGY,M,1980
4670,TX,NURSE PRACTITIONER,F,1983
4671,IL,EMERGENCY MEDICINE,F,1989
4672,OH,INTERNAL MEDICINE,M,1989
4673,FL,INTERNAL MEDICINE,F,1987
4674,MA,NURSE PRACTITIONER,F,
4675,WY,PHYSICIAN ASSISTANT,F,1982
4676,LA,PHYSICIAN ASSISTANT,F,1987
4677,OH,NURSE PRACTITIONER,F,1974
4678,TN,NURSE PRACTITIONER,M,
4679,DC,NURSE PRACTITIONER,F,
4680,AZ,PHYSICIAN ASSISTANT,M,1973
4681,CA,PEDIATRICS,F,1987
4682,MD,NURSE PRACTITIONER,F,
4683,MD,PHYSICIAN ASSISTANT,M,1988
4684,CA,PHYSICIAN ASSISTANT,F,1987
4685,NY,FAMILY MEDICINE,F,1978
4686,VA,FAMILY MEDICINE,F,1982
4687,MI,PHYSICIAN ASSISTANT,M,1986
4688,AK,NURSE PRACTITIONER,F,
4689,OH,NURSE PRACTITIONER,F,1982
4690,PA,HOSPITALIST,M,1979
4691,CA,NEUROLOGY,M,1969
4692,PR,EMERGENCY MEDICINE,M,1978
4693,MD,INTERNAL MEDICINE,F,1980
4694,NY,INTERNAL MEDICINE,F,1985
4695,OH,NURSE PRACTITIONER,F,1982
4696,GA,INTERNAL MEDICINE,M,1988
4697,FL,EMERGENCY MEDICINE,M,1987
4698,AL,NEPHROLOGY,F,1986
4699,SC,PHYSICIAN ASSISTANT,M,1987
4700,AZ,INTERNAL MEDICINE,M,1985
4701,FL,PHYSICIAN ASSISTANT,F,1988
4702,TX,PHYSICIAN ASSISTANT,F,1985
4703,IL,PHYSICIAN ASSISTANT,F,1985
4704,FL,PEDIATRICS,F,1979
4705,NY,CARDIOVASCULAR DISEASE,M,
4706,VA,DERMATOLOGY,F,1989
4707,MO,"STUDENT, HEALTH CARE",M,1988
4708,NC,PEDIATRICS,F,1990
4709,IL,INTERNAL MEDICINE,F,1982
4710,TX,FAMILY MEDICINE,M,1980
4711,MI,FAMILY MEDICINE,F,1990
4712,FL,FAMILY MEDICINE,M,1983
4713,FL,ORTHOPEDIC SURGERY,M,1985
4714,PA,FAMILY MEDICINE,M,1983
4715,KY,PHYSICIAN ASSISTANT,M,1985
4716,CA,FAMILY MEDICINE,F,1984
4717,AK,PHYSICIAN ASSISTANT,M,1972
4718,FL,INTERNAL MEDICINE,M,1978
4719,MD,NURSE PRACTITIONER,F,
4720,WI,INTERNAL MEDICINE,F,1985
4721,IN,PSYCHOLOGY,F,
4722,FL,GENERAL PRACTICE,M,1960
4723,FL,EMERGENCY MEDICINE,M,1985
4724,TX,PHYSICIAN ASSISTANT,F,1983
4725,CO,CARDIOVASCULAR DISEASE,M,1968
4726,MI,PHYSICIAN ASSISTANT,M,1976
4727,SC,NURSE PRACTITIONER,F,
4728,CA,FAMILY MEDICINE,M,1985
4729,CA,CARDIOVASCULAR DISEASE,F,1981
4730,CO,PHYSICIAN ASSISTANT,F,1978
4731,CA,INTERNAL MEDICINE,F,1984
4732,MI,NURSE PRACTITIONER,F,
4733,NY,PHYSICIAN ASSISTANT,M,1984
4734,MA,FAMILY MEDICINE,F,1987
4735,CO,DERMATOLOGY,F,1990
4736,FL,FAMILY MEDICINE,M,1984
4737,PA,FAMILY MEDICINE,F,1990
4738,OH,EMERGENCY MEDICINE,M,1984
4739,NY,EMERGENCY MEDICINE,M,1989
4740,AL,NURSE PRACTITIONER,F,
4741,MN,NURSE PRACTITIONER,F,
4742,MI,PHYSICIAN ASSISTANT,F,1983
4743,NJ,NURSE PRACTITIONER,F,
4744,FL,DERMATOLOGY,M,1988
4745,PA,FAMILY MEDICINE,M,1984
4746,CO,INTERNAL MEDICINE,M,1972
4747,MI,FAMILY MEDICINE,M,1985
4748,NY,INTERNAL MEDICINE,F,1984
4749,MO,NURSE PRACTITIONER,M,
4750,CA,PHYSICIAN ASSISTANT,M,1984
4751,CT,NURSE PRACTITIONER,F,
4752,FL,INTERNAL MEDICINE,F,1985
4753,FL,INTERNAL MEDICINE,M,1984
4754,NV,ANESTHESIOLOGY,M,1976
4755,MI,FAMILY MEDICINE,F,1984
4756,FL,NURSE PRACTITIONER,M,
4757,LA,PHYSICIAN ASSISTANT,F,1984
4758,MD,PHYSICIAN ASSISTANT,F,1985
4759,MI,PHYSICIAN ASSISTANT,F,1985
4760,NC,PHYSICIAN ASSISTANT,F,1986
4761,IL,ANATOMIC/CLINICAL PATHOLOGY,F,1970
4762,IL,UROLOGY,M,1976
4763,FL,FAMILY MEDICINE,M,1987
4764,MI,FAMILY MEDICINE,M,1985
4765,NC,INTERNAL MEDICINE,M,1961
4766,CA,FAMILY MEDICINE,M,1983
4767,FL,PHYSICIAN ASSISTANT,F,1970
4768,NV,PHYSICIAN ASSISTANT,M,1981
4769,MA,NURSE PRACTITIONER,F,
4770,NY,PHYSICIAN ASSISTANT,M,1987
4771,NV,OBSTETRICS & GYNECOLOGY,F,1982
4772,TX,FAMILY MEDICINE,M,1984
4773,FL,GENERAL SURGERY,F,1971
4774,WI,PHYSICIAN ASSISTANT,F,1986
4775,TX,PHYSICIAN ASSISTANT,F,1983
4776,MI,INTERNAL MEDICINE,M,1981
4777,FL,PHYSICIAN ASSISTANT,M,1970
4778,MO,EMERGENCY MEDICINE,M,1978
4779,RI,OPTOMETRIST,F,
4780,TX,INTERNAL MEDICINE,M,1984
4781,LA,NURSE PRACTITIONER,F,
4782,TX,PSYCHIATRY,F,1964
4783,AZ,PHYSICIAN ASSISTANT,M,1980
4784,TX,PEDIATRICS,F,1982
4785,CA,GENERAL SURGERY,M,1980
4786,FL,EMERGENCY MEDICINE,F,1988
4787,NY,FAMILY MEDICINE,M,1989
4788,CA,EMERGENCY MEDICINE,M,1984
4789,HI,NURSE PRACTITIONER,F,
4790,VI,PHYSICIAN ASSISTANT,M,
4791,PA,PODIATRIST,M,
4792,LA,INTERNAL MEDICINE,M,1981
4793,HI,INTERNAL MEDICINE,F,1985
4794,CA,INTERNAL MEDICINE/PEDIATRICS,M,1986
4795,CA,EMERGENCY MEDICINE,M,1989
4796,MI,EMERGENCY MEDICINE,M,1987
4797,IL,"ENDOCRINOLOGY, DIABETES & METABOLISM",F,1988
4798,NJ,EMERGENCY MEDICINE,M,1989
4799,MD,HOSPITALIST,F,1987
4800,AL,PHYSICIAN ASSISTANT,F,1984
4801,MA,DIAGNOSTIC RADIOLOGY,M,1985
4802,FL,HOSPITALIST,F,1984
4803,AL,NURSE PRACTITIONER,F,
4804,OK,PHYSICIAN ASSISTANT,M,
4805,NJ,FAMILY MEDICINE,F,1989
4806,MI,PEDIATRICS,F,1984
4807,MI,INTERNAL MEDICINE,M,1984
4808,FL,NURSE PRACTITIONER,F,
4809,OH,NURSE PRACTITIONER,F,1984
4810,NJ,PHYSICIAN ASSISTANT,F,1987
4811,MS,NURSE PRACTITIONER,F,
4812,NC,CERTIFIED NURSE ANESTHETIST,M,
4813,MN,OPTOMETRIST,F,1985
4814,FL,OPTOMETRIST,F,
4815,MN,DIAGNOSTIC RADIOLOGY,M,1975
4816,NJ,OPTOMETRIST,F,
4817,AZ,CARDIOVASCULAR DISEASE,M,1982
4818,OH,OPTOMETRIST,M,
4819,PA,NURSE PRACTITIONER,F,
4820,FL,OPHTHALMOLOGY,M,1974
4821,TX,DERMATOLOGY,M,1900
4822,LA,SPORTS MEDICINE (FAMILY MEDICINE),M,1981
4823,FL,PHYSICIAN ASSISTANT,F,1987
4824,NY,CARDIOVASCULAR DISEASE,M,1976
4825,MD,PHYSICIAN ASSISTANT,M,1985
4826,CO,INTERNAL MEDICINE,M,1983
4827,NY,PHYSICIAN ASSISTANT,M,1980
4828,MN,RADIATION ONCOLOGY,F,1978
4829,KY,CLINICAL NURSE SPECIALIST,F,
4830,LA,FAMILY MEDICINE,F,1984
4831,OH,FAMILY MEDICINE,F,1985
4832,CA,FAMILY MEDICINE,F,1980
4833,NY,PHYSICIAN ASSISTANT,M,1989
4834,TX,EMERGENCY MEDICINE,M,1985
4835,MS,PULMONARY CRITICAL CARE MEDICINE,M,1980
4836,MA,PEDIATRIC EMERGENCY MEDICINE (PEDIATRICS),M,1986
4837,WA,PEDIATRIC RADIOLOGY,M,1983
4838,MO,PHYSICAL MEDICINE & REHABILITATION,F,1990
4839,FL,HOSPITALIST,M,1988
4840,TX,NURSE PRACTITIONER,F,1969
4841,MI,NURSE PRACTITIONER,M,
4842,RI,PODIATRIST,M,
4843,WI,PSYCHIATRY,F,1976
4844,OH,EMERGENCY MEDICINE,F,1990
4845,MI,FAMILY MEDICINE,M,1989
4846,OK,GASTROENTEROLOGY,M,1982
4847,MO,HOSPITALIST,M,1984
4848,MN,EMERGENCY MEDICINE,M,1981
4849,WA,EMERGENCY MEDICINE,M,1980
4850,FL,FAMILY MEDICINE,M,1985
4851,TX,OBSTETRICS & GYNECOLOGY,F,1984
4852,VA,FAMILY MEDICINE,F,1987
4853,ME,NURSE PRACTITIONER,F,1975
4854,MS,NURSE PRACTITIONER,M,
4855,WI,FAMILY MEDICINE,M,1969
4856,FL,FAMILY MEDICINE,M,1980
4857,AZ,PODIATRIST,M,
4858,CA,EMERGENCY MEDICINE,F,1981
4859,CA,PEDIATRICS,F,1976
4860,MI,INTERNAL MEDICINE,F,1983
4861,MS,INTERNAL MEDICINE,F,1980
4862,TX,EMERGENCY MEDICINE,M,1982
4863,TX,CERTIFIED NURSE ANESTHETIST,M,1972
4864,NY,NURSE PRACTITIONER,F,
4865,TX,FAMILY MEDICINE,M,1983
4866,CA,PEDIATRIC CRITICAL CARE MEDICINE,F,1984
4867,OK,CARDIOVASCULAR DISEASE,M,1986
4868,TX,FAMILY MEDICINE,F,1983
4869,FL,PHYSICIAN ASSISTANT,F,1987
4870,IL,NURSE PRACTITIONER,F,
4871,VA,FAMILY MEDICINE,M,1974
4872,CA,PEDIATRICS,F,1984
4873,GA,PHYSICIAN ASSISTANT,F,
4874,KY,UROLOGY,M,1985
4875,MI,FAMILY MEDICINE,F,1976
4876,CA,FAMILY MEDICINE,F,
4877,NY,OTOLARYNGOLOGY,M,1981
4878,TX,INTERNAL MEDICINE,M,1984
4879,AZ,SPORTS MEDICINE (FAMILY MEDICINE),M,1979
4880,MD,INTERNAL MEDICINE,F,1983
4881,TX,OBSTETRICS & GYNECOLOGY,F,1983
4882,VA,PEDIATRICS,F,1981
4883,MD,HEMATOLOGY/ONCOLOGY,F,1976
4884,WA,DIAGNOSTIC RADIOLOGY,M,1985
4885,NJ,INTERNAL MEDICINE,M,1982
4886,TX,DIAGNOSTIC RADIOLOGY,F,1983
4887,GA,INTERNAL MEDICINE,M,1985
4888,WA,HOSPITALIST,M,1986
4889,MI,PODIATRIST,M,
4890,CA,INTERNAL MEDICINE,M,1975
4891,AR,FAMILY MEDICINE,M,1983
4892,MI,EMERGENCY MEDICINE,M,1975
4893,CO,NURSE PRACTITIONER,F,
4894,NJ,PHYSICIAN ASSISTANT,F,1985
4895,OH,EMERGENCY MEDICINE,M,1976
4896,MI,FAMILY MEDICINE,M,1985
4897,NY,DIAGNOSTIC RADIOLOGY,M,1986
4898,MA,PHYSICIAN ASSISTANT,M,1985
4899,TX,PHYSICIAN ASSISTANT,M,1983
4900,MD,INTERNAL MEDICINE,F,1985
4901,CT,OPTOMETRIST,F,
4902,TX,EMERGENCY MEDICINE,M,1979
4903,OH,VASCULAR SURGERY,M,1985
4904,KY,NURSE PRACTITIONER,F,
4905,KY,NURSE PRACTITIONER,M,
4906,TN,NURSE PRACTITIONER,F,
4907,CO,DENTIST,M,
4908,NC,NURSE PRACTITIONER,F,
4909,MI,PODIATRIST,M,
4910,CA,DIAGNOSTIC RADIOLOGY,F,1979
4911,WA,FAMILY MEDICINE,F,1983
4912,CO,EMERGENCY MEDICINE,M,1983
4913,IL,INTERNAL MEDICINE,F,1984
4914,FL,PEDIATRICS,F,1978
4915,NY,PHYSICIAN ASSISTANT,F,1985
4916,TN,NURSE PRACTITIONER,F,
4917,FL,INTERNAL MEDICINE,M,1981
4918,CA,DERMATOLOGY,M,1979
4919,FL,HOSPITALIST,M,1965
4920,IL,PEDIATRIC RADIOLOGY,F,1985
4921,IL,NUCLEAR MEDICINE,M,1979
4922,IL,EMERGENCY MEDICINE,F,1983
4923,TX,INTERNAL MEDICINE,M,1982
4924,UT,EMERGENCY MEDICINE,F,1984
4925,TX,OBSTETRICS & GYNECOLOGY,M,1978
4926,OH,PEDIATRIC EMERGENCY MEDICINE,M,1985
4927,LA,GENERAL SURGERY,F,1981
4928,NJ,FAMILY MEDICINE,M,1983
4929,CA,PEDIATRIC GASTROENTEROLOGY,F,1986
4930,GA,INTERNAL MEDICINE,F,1978
4931,GA,EMERGENCY MEDICINE,M,1985
4932,MA,PHYSICIAN ASSISTANT,F,1981
4933,NC,NEPHROLOGY,F,1986
4934,NE,VASCULAR & INTERVENTIONAL RADIOLOGY,M,1984
4935,CA,FAMILY MEDICINE,F,1983
4936,NC,HOSPITALIST,M,1982
4937,IL,PEDIATRICS,F,1986
4938,AZ,HEMATOLOGY (PATHOLOGY),F,1985
4939,GA,NURSE PRACTITIONER,F,
4940,IL,INTERNAL MEDICINE,M,1988
4941,NV,FAMILY MEDICINE,M,1977
4942,IL,HOSPITALIST,M,1980
4943,AZ,INTERNAL MEDICINE,M,1985
4944,PA,INTERNAL MEDICINE,F,1986
4945,CA,PEDIATRICS,F,1984
4946,FL,FAMILY MEDICINE,M,1987
4947,NY,INTERNAL MEDICINE,F,1972
4948,FL,EMERGENCY MEDICINE,F,1980
4949,CT,INTERNAL MEDICINE,M,1985
4950,CA,EMERGENCY MEDICINE,F,1984
4951,PA,DERMATOLOGY,M,1983
4952,PA,PHYSICIAN ASSISTANT,F,1987
4953,CA,OBSTETRICS & GYNECOLOGY,F,1986
4954,IL,VASCULAR & INTERVENTIONAL RADIOLOGY,M,1985
4955,CA,PHYSICIAN ASSISTANT,F,1985
4956,OH,EMERGENCY MEDICINE,M,1984
4957,PA,OPTOMETRIST,F,
4958,MO,"ENDOCRINOLOGY, DIABETES & METABOLISM",F,1983
4959,FL,NURSE PRACTITIONER,F,
4960,CT,GASTROENTEROLOGY,F,1982
4961,FL,INTERNAL MEDICINE,M,1972
4962,AZ,UROLOGY,M,1980
4963,AL,NURSE PRACTITIONER,M,
4964,TX,FAMILY MEDICINE,F,1984
4965,OH,HOSPICE & PALLIATIVE MEDICINE,F,1981
4966,CA,PEDIATRICS,M,1980
4967,SD,GERIATRIC MEDICINE (INTERNAL MEDICINE),F,1977
4968,NV,MEDICAL TOXICOLOGY (EMERGENCY MEDICINE),F,1984
4969,LA,INTERNAL MEDICINE,F,1982
4970,FL,ANATOMIC/CLINICAL PATHOLOGY,F,1976
4971,MA,ANESTHESIOLOGY,M,1979
4972,NY,NURSE PRACTITIONER,F,
4973,MN,DENTIST,M,
4974,NY,PHYSICIAN ASSISTANT,M,1985
4975,NY,NURSE PRACTITIONER,F,
4976,NY,INTERNAL MEDICINE,M,1986
4977,TX,FAMILY MEDICINE,F,1983
4978,MA,CARDIOVASCULAR DISEASE,F,1984
4979,MI,NEUROLOGY,M,1981
4980,WA,FAMILY MEDICINE,F,1979
4981,MN,RADIOLOGY,M,1980
4982,NV,NURSE PRACTITIONER,F,
4983,IA,HOSPITALIST,M,1978
4984,NY,NURSE PRACTITIONER,F,
4985,TX,FAMILY MEDICINE,F,1979
4986,TX,OTOLARYNGOLOGY,M,1986
4987,MN,FAMILY MEDICINE,M,1979
4988,NV,INTERNAL MEDICINE,F,1980
4989,IL,FAMILY MEDICINE,F,1980
4990,MI,EMERGENCY MEDICINE,F,1981
4991,PA,EMERGENCY MEDICINE,M,1979
4992,CO,INTERNAL MEDICINE,M,1985
4993,FL,INTERNAL MEDICINE,F,1988
4994,NJ,PHYSICIAN ASSISTANT,M,1980
4995,TX,NEURORADIOLOGY,M,1985
4996,MI,PEDIATRIC EMERGENCY MEDICINE,F,1981
4997,OH,PEDIATRIC EMERGENCY MEDICINE (PEDIATRICS),F,1986
4998,FL,EMERGENCY MEDICINE,F,1986
4999,MA,CYTOPATHOLOGY,F,1985
5000,KY,INTERNAL MEDICINE,F,1986
5001,AZ,EMERGENCY MEDICINE,M,1983
5002,TX,RADIOLOGY,M,1974
5003,WA,FAMILY MEDICINE,M,1969
5004,IL,DERMATOLOGY,F,1981
5005,MI,CARDIOVASCULAR DISEASE,M,1985
5006,NJ,HEPATOLOGY,F,1985
5007,NM,EMERGENCY MEDICINE,M,1983
5008,IN,FAMILY MEDICINE,F,1983
5009,CA,PSYCHIATRY,M,1983
5010,OH,EMERGENCY MEDICINE,F,1988
5011,OH,PEDIATRIC CARDIOLOGY,M,1983
5012,WA,EMERGENCY MEDICINE,M,1985
5013,TX,INTERNAL MEDICINE,F,1983
5014,CA,INTERNAL MEDICINE,M,1984
5015,OR,PEDIATRIC EMERGENCY MEDICINE (PEDIATRICS),M,1986
5016,CA,NEPHROLOGY,M,1987
5017,IA,ANESTHESIOLOGY,M,1973
5018,AR,CERTIFIED NURSE ANESTHETIST,F,
5019,FL,EMERGENCY MEDICINE,F,1986
5020,OH,EMERGENCY MEDICINE,M,1985
5021,MI,EMERGENCY MEDICINE,M,1984
5022,SC,NURSE PRACTITIONER,F,
5023,CT,PEDIATRICS,M,1986
5024,PA,EMERGENCY MEDICINE,M,1985
5025,TX,INTERNAL MEDICINE,M,1985
5026,CA,PEDIATRIC EMERGENCY MEDICINE (PEDIATRICS),M,1983
5027,UT,DIAGNOSTIC RADIOLOGY,F,1986
5028,OH,OBSTETRICS & GYNECOLOGY,F,1986
5029,CA,EMERGENCY MEDICINE,M,1983
5030,IL,DIAGNOSTIC RADIOLOGY,M,1985
5031,CA,EMERGENCY MEDICINE,M,1984
5032,CA,DIAGNOSTIC RADIOLOGY,M,1985
5033,IL,DIAGNOSTIC RADIOLOGY,M,1985
5034,DE,INTERNAL MEDICINE/EMERGENCY MEDICINE,M,1985
5035,OH,FAMILY MEDICINE,M,1983
5036,FL,FAMILY MEDICINE,M,1970
5037,TX,FAMILY MEDICINE,F,1983
5038,TX,OBSTETRICS & GYNECOLOGY,F,1984
5039,CA,EMERGENCY MEDICINE,F,1984
5040,CA,EMERGENCY MEDICINE,F,1984
5041,MN,EMERGENCY MEDICINE,M,1984
5042,UT,EMERGENCY MEDICINE,M,1979
5043,FL,GENERAL SURGERY,M,1985
5044,MD,EMERGENCY MEDICINE,M,1985
5045,NY,EMERGENCY MEDICINE,M,1984
5046,PA,DERMATOLOGY,M,1986
5047,CA,EMERGENCY MEDICINE,M,1977
5048,FL,UROLOGY,M,1985
5049,TX,FAMILY MEDICINE,F,1987
5050,CA,GASTROENTEROLOGY,M,1984
5051,NC,EMERGENCY MEDICINE,M,1984
5052,IN,OTOLARYNGOLOGY,M,1985
5053,IN,FAMILY MEDICINE,M,1986
5054,TX,EMERGENCY MEDICINE,M,1984
5055,CA,MEDICAL TOXICOLOGY (EMERGENCY MEDICINE),F,1979
5056,VA,RADIATION ONCOLOGY,M,1980
5057,CA,DIAGNOSTIC RADIOLOGY,M,1985
5058,CA,PEDIATRICS,F,1986
5059,FL,ANESTHESIOLOGY,M,1980
5060,AZ,PEDIATRICS,F,1985
5061,FL,RADIATION ONCOLOGY,M,1987
5062,GA,INTERNAL MEDICINE/EMERGENCY MEDICINE,M,1983
5063,GA,INTERNAL MEDICINE,F,1984
5064,FL,DIAGNOSTIC RADIOLOGY,F,1981
5065,CA,FAMILY MEDICINE,M,1985
5066,CO,EMERGENCY MEDICINE,M,1981
5067,TX,PEDIATRICS,F,1985
5068,PA,EMERGENCY MEDICINE,M,1984
5069,WA,EMERGENCY MEDICINE,M,1973
5070,GA,PEDIATRIC EMERGENCY MEDICINE (PEDIATRICS),F,1986
5071,TX,INTERNAL MEDICINE,F,1980
5072,AZ,GENERAL SURGERY,M,1983
5073,DE,EMERGENCY MEDICINE,F,1986
5074,MO,DIAGNOSTIC RADIOLOGY,F,1986
5075,SC,PEDIATRICS,F,1985
5076,FL,EMERGENCY MEDICINE,F,1985
5077,CA,PAIN MEDICINE,M,1982
5078,IL,NEURORADIOLOGY,M,1978
5079,SC,DIAGNOSTIC RADIOLOGY,M,1985
5080,CO,"ENDOCRINOLOGY, DIABETES & METABOLISM",F,1985
5081,MN,HEMATOLOGY/ONCOLOGY,M,1984
5082,WA,CARDIOVASCULAR DISEASE,M,1975
5083,CA,HEMATOLOGY/ONCOLOGY,F,1986
5084,TX,EMERGENCY MEDICINE,M,1985
5085,TN,PAIN MEDICINE,M,1986
5086,NC,CYTOPATHOLOGY,F,1975
5087,WA,DIAGNOSTIC RADIOLOGY,M,1983
5088,MA,GASTROENTEROLOGY,F,1985
5089,TX,CYTOPATHOLOGY,F,1986
5090,FL,EMERGENCY MEDICINE,F,1986
5091,DC,EMERGENCY MEDICINE,M,1985
5092,NY,PEDIATRIC EMERGENCY MEDICINE,M,1986
5093,TX,EMERGENCY MEDICINE,F,1986
5094,TX,EMERGENCY MEDICINE,F,1985
5095,NC,PHYSICAL MEDICINE & REHABILITATION,F,1985
5096,TX,EMERGENCY MEDICINE,M,1985
5097,NY,EMERGENCY MEDICINE,F,1976
5098,CA,ANESTHESIOLOGY,M,1986
5099,FL,EMERGENCY MEDICINE,M,1985
5100,TX,DIAGNOSTIC RADIOLOGY,F,1986
5101,VA,GASTROENTEROLOGY,M,1986
5102,MI,INTERNAL MEDICINE/PEDIATRICS,M,1982
5103,NC,PEDIATRICS,M,1984
5104,AZ,INTERNAL MEDICINE/PEDIATRICS,F,1985
5105,CA,PEDIATRICS,F,1985
5106,TX,ANESTHESIOLOGY,F,1985
5107,NC,FAMILY MEDICINE,F,1986
5108,MI,INTERNAL MEDICINE,F,1986
5109,IL,DIAGNOSTIC RADIOLOGY,M,1986
5110,NJ,NEURORADIOLOGY,M,1983
5111,WA,PEDIATRICS,F,1983
5112,NY,EMERGENCY MEDICINE,F,1985
5113,MN,DIAGNOSTIC RADIOLOGY,F,1987
5114,OH,SPORTS MEDICINE (EMERGENCY MEDICINE),M,1982
5115,AZ,EMERGENCY MEDICINE,F,1980
5116,NH,OPHTHALMOLOGY,F,1985
5117,HI,EMERGENCY MEDICINE,F,1985
5118,HI,EMERGENCY MEDICINE,M,1983
5119,FL,SPORTS MEDICINE (EMERGENCY MEDICINE),M,1984
5120,GA,EMERGENCY MEDICINE,M,1986
5121,OH,PEDIATRIC EMERGENCY MEDICINE (PEDIATRICS),M,1985
5122,GA,ORTHOPEDIC SURGERY,M,1986
5123,DE,CARDIOVASCULAR DISEASE,M,1984
5124,MI,INTERNAL MEDICINE,F,1985
5125,CA,EMERGENCY MEDICINE,F,1982
5126,CA,DIAGNOSTIC RADIOLOGY,F,1983
5127,OH,INTERNAL MEDICINE,F,1988
5128,NY,EMERGENCY MEDICINE,F,1986
5129,NC,PEDIATRIC RADIOLOGY,F,1984
5130,SC,PEDIATRICS,F,1986
5131,PA,EMERGENCY MEDICINE,F,1984
5132,SC,EMERGENCY MEDICINE,F,1985
5133,SC,NUCLEAR MEDICINE,M,1976
5134,TX,OBSTETRICS & GYNECOLOGY,F,1985
5135,FL,ANESTHESIOLOGY,F,1985
5136,TX,EMERGENCY MEDICINE,M,1983
5137,AZ,FAMILY MEDICINE,M,1984
5138,CO,NEUROLOGY,M,1983
5139,TN,EMERGENCY MEDICINE,M,1983
5140,IN,FAMILY MEDICINE,M,1982
5141,NJ,EMERGENCY MEDICINE,M,1983
5142,CA,EMERGENCY MEDICINE,M,1979
5143,PA,VASCULAR & INTERVENTIONAL RADIOLOGY,F,1983
5144,NY,INTERVENTIONAL CARDIOLOGY,M,1985
5145,PA,NEURORADIOLOGY,M,1985
5146,FL,INTERNAL MEDICINE/PEDIATRICS,M,1985
5147,MD,EMERGENCY MEDICINE,M,1982
5148,TX,OPHTHALMOLOGY,M,1983
5149,NY,FAMILY MEDICINE,F,1986
5150,TX,EMERGENCY MEDICINE,M,1976
5151,CA,FAMILY MEDICINE,M,1979
5152,MN,SPORTS MEDICINE (FAMILY MEDICINE),F,1985
5153,OH,PEDIATRICS,F,1986
5154,MI,ANESTHESIOLOGY,F,1986
5155,NJ,PEDIATRIC RADIOLOGY,M,1982
5156,OH,EMERGENCY MEDICINE,M,1984
5157,IL,INTERNAL MEDICINE,F,1985
5158,NY,CHILD & ADOLESCENT PSYCHIATRY,F,1985
5159,NJ,INTERNAL MEDICINE,M,1979
5160,PA,FAMILY MEDICINE,M,1986
5161,AL,INTERNAL MEDICINE,M,1983
5162,MI,DIAGNOSTIC RADIOLOGY,M,1984
5163,CA,PEDIATRICS,F,1982
5164,TX,INTERNAL MEDICINE,F,1981
5165,PA,INTERNAL MEDICINE,F,1986
5166,CA,OBSTETRICS & GYNECOLOGY,F,1979
5167,CA,OBSTETRICS & GYNECOLOGY,F,1984
5168,MI,CYTOPATHOLOGY,F,1984
5169,CA,PEDIATRICS,F,1986
5170,NY,EMERGENCY MEDICINE,F,1986
5171,OR,PHYSICIAN ASSISTANT,M,1980
5172,OK,INTERNAL MEDICINE,M,1985
5173,CA,DIAGNOSTIC RADIOLOGY,F,1977
5174,MN,FAMILY MEDICINE,F,1981
5175,TX,EMERGENCY MEDICINE,M,1983
5176,TN,UROLOGY,M,1985
5177,IA,EMERGENCY MEDICINE,F,1981
5178,AL,INTERNAL MEDICINE,M,1970
5179,TX,CARDIOVASCULAR DISEASE,M,1987
5180,WA,FAMILY MEDICINE,F,1983
5181,FL,INTERVENTIONAL CARDIOLOGY,M,1986
5182,MI,VASCULAR & INTERVENTIONAL RADIOLOGY,F,1983
5183,CA,GENERAL SURGERY,F,1985
5184,CA,OBSTETRICS & GYNECOLOGY,F,1983
5185,RI,EMERGENCY MEDICINE,F,1983
5186,GA,GENERAL SURGERY,F,1985
5187,TX,EMERGENCY MEDICINE,M,1985
5188,DE,GENERAL SURGERY,M,1983
5189,CA,EMERGENCY MEDICAL SERVICES,M,1983
5190,MA,PULMONARY CRITICAL CARE MEDICINE,M,1982
5191,HI,EMERGENCY MEDICINE,M,1985
5192,PA,INTERNAL MEDICINE/EMERGENCY MEDICINE,F,1983
5193,NY,EMERGENCY MEDICINE,M,1986
5194,FL,EMERGENCY MEDICAL SERVICES,M,1985
5195,CO,EMERGENCY MEDICINE,M,1984
5196,AZ,FAMILY MEDICINE,F,1985
5197,OR,FAMILY MEDICINE,F,1979
5198,MA,FAMILY MEDICINE,F,1981
5199,MO,CYTOPATHOLOGY,F,1984
5200,NY,FAMILY MEDICINE,M,1978
5201,CA,PEDIATRICS,M,1982
5202,PA,DIAGNOSTIC RADIOLOGY,M,1978
5203,AZ,ORTHOPEDIC SURGERY,M,1983
5204,LA,INTERNAL MEDICINE,M,1986
5205,CO,FAMILY MEDICINE,M,1987
5206,OH,GASTROENTEROLOGY,M,1982
5207,MI,PHYSICIAN ASSISTANT,M,
5208,TX,EMERGENCY MEDICINE,M,1984
5209,MI,INTERNAL MEDICINE,M,1985
5210,TX,EMERGENCY MEDICINE,M,1985
5211,FL,GASTROENTEROLOGY,F,1982
5212,AL,PHYSICIAN ASSISTANT,M,1986
5213,FL,MUSCULOSKELETAL RADIOLOGY,M,1985
5214,WA,VASCULAR & INTERVENTIONAL RADIOLOGY,M,1985
5215,NV,EMERGENCY MEDICINE,M,1983
5216,UT,FAMILY MEDICINE,M,1983
5217,HI,PAIN MEDICINE,M,1982
5218,PA,EMERGENCY MEDICINE,M,1979
5219,LA,HEMATOLOGY/ONCOLOGY,F,1985
5220,AZ,INTERVENTIONAL CARDIOLOGY,M,1985
5221,CO,NEUROLOGY,M,1980
5222,FL,EMERGENCY MEDICINE,M,1986
5223,MD,EMERGENCY MEDICINE,F,1982
5224,TX,FAMILY MEDICINE,M,1983
5225,FL,EMERGENCY MEDICINE,M,1981
5226,MI,FAMILY MEDICINE,M,1984
5227,OR,HEMATOLOGY/ONCOLOGY,F,1983
5228,GA,EMERGENCY MEDICINE,F,1987
5229,NC,PHYSICIAN ASSISTANT,F,1987
5230,CO,GASTROENTEROLOGY,M,1985
5231,MN,HOSPITALIST,M,1987
5232,MI,ANESTHESIOLOGY,M,1985
5233,PA,EMERGENCY MEDICINE,M,1985
5234,GA,DIAGNOSTIC RADIOLOGY,F,1988
5235,AL,DERMATOPATHOLOGY,F,1984
5236,NY,"FOOT & ANKLE, ORTHOPEDICS",F,1985
5237,CO,DIAGNOSTIC RADIOLOGY,F,1980
5238,TX,EMERGENCY MEDICINE,M,1985
5239,MO,VASCULAR NEUROLOGY,M,1985
5240,AZ,FAMILY MEDICINE,M,1978
5241,NY,EMERGENCY MEDICINE,F,1986
5242,IL,NEPHROLOGY,M,1983
5243,WI,PROCEDURAL DERMATOLOGY,F,1986
5244,FL,OPHTHALMOLOGY,M,1987
5245,AK,PEDIATRICS,M,1985
5246,MN,EMERGENCY MEDICINE,M,1984
5247,MN,EMERGENCY MEDICINE,M,1985
5248,GA,NEPHROLOGY,M,1981
5249,MO,DIAGNOSTIC RADIOLOGY,F,1981
5250,MA,PAIN MEDICINE,M,1983
5251,CA,FAMILY MEDICINE,F,1986
5252,FL,EMERGENCY MEDICINE,M,1984
5253,MN,EMERGENCY MEDICINE,M,1979
5254,CA,PEDIATRICS,F,1985
5255,CA,FAMILY MEDICINE,F,1982
5256,CT,GASTROENTEROLOGY,M,1986
5257,IL,DIAGNOSTIC RADIOLOGY,M,1979
5258,NY,ADULT RECONSTRUCTIVE ORTHOPEDICS,M,1982
5259,PA,EMERGENCY MEDICINE,F,1986
5260,FL,ORTHOPEDIC SURGERY,M,1985
5261,GA,FAMILY MEDICINE,F,1983
5262,NV,EMERGENCY MEDICINE,F,1984
5263,KY,PSYCHIATRY,F,1984
5264,CA,CARDIOVASCULAR DISEASE,M,1980
5265,TN,RADIOLOGY,M,1969
5266,TN,EMERGENCY MEDICINE,M,1985
5267,CA,GENERAL SURGERY,F,1985
5268,CA,EMERGENCY MEDICINE,M,1975
5269,NC,SPORTS MEDICINE (FAMILY MEDICINE),M,1979
5270,TX,DERMATOLOGY,M,1984
5271,VA,FAMILY MEDICINE,F,1982
5272,CT,DERMATOLOGY,M,1986
5273,NY,PEDIATRIC EMERGENCY MEDICINE (PEDIATRICS),M,1978
5274,NY,EMERGENCY MEDICINE,M,1983
5275,CT,CARDIOVASCULAR DISEASE,M,1979
5276,VA,DIAGNOSTIC RADIOLOGY,M,1986
5277,GA,FAMILY MEDICINE,M,1979
5278,FL,CERTIFIED NURSE ANESTHETIST,F,
5279,NE,CERTIFIED NURSE ANESTHETIST,F,
5280,MD,NURSE PRACTITIONER,M,
5281,MO,EMERGENCY MEDICINE,F,1984
5282,NV,INTERNAL MEDICINE,M,1982
5283,CA,FAMILY MEDICINE,F,1986
5284,TX,GASTROENTEROLOGY,M,1987
5285,NJ,CARDIOVASCULAR DISEASE,M,1982
5286,TX,FAMILY MEDICINE,M,1974
5287,PA,RADIOLOGY,M,1988
5288,AZ,INTERNAL MEDICINE,F,1983
5289,KY,DERMATOLOGY,M,1985
5290,TN,NURSE PRACTITIONER,M,
5291,GA,FAMILY MEDICINE,M,1977
5292,OH,ANATOMIC/CLINICAL PATHOLOGY,M,1986
5293,NY,GENERAL SURGERY,F,1980
5294,OR,EMERGENCY MEDICINE,M,1984
5295,AL,GASTROENTEROLOGY,M,1986
5296,MI,OPHTHALMOLOGY,F,1985
5297,HI,EMERGENCY MEDICINE,M,1986
5298,NY,ANESTHESIOLOGY,M,1983
5299,IN,EMERGENCY MEDICINE,M,1986
5300,NJ,VASCULAR & INTERVENTIONAL RADIOLOGY,M,1977
5301,FL,PHYSICAL MEDICINE & REHABILITATION,M,1980
5302,CT,INTERNAL MEDICINE,F,1980
5303,AL,EMERGENCY MEDICINE,M,1987
5304,AK,DIAGNOSTIC RADIOLOGY,M,1976
5305,MD,FAMILY MEDICINE,F,1984
5306,TX,OBSTETRICS & GYNECOLOGY,F,1986
5307,TX,INTERNAL MEDICINE/PEDIATRICS,F,1984
5308,MD,"ENDOCRINOLOGY, DIABETES & METABOLISM",M,1986
5309,AZ,DIAGNOSTIC RADIOLOGY,F,1983
5310,DC,EMERGENCY MEDICINE,F,1986
5311,CA,MATERNAL & FETAL MEDICINE,F,1986
5312,FL,DERMATOLOGY,F,1987
5313,MN,EMERGENCY MEDICINE,F,1986
5314,MN,INTERVENTIONAL CARDIOLOGY,M,1986
5315,WI,DIAGNOSTIC RADIOLOGY,M,1985
5316,PA,INTERNAL MEDICINE,F,1985
5317,GA,FAMILY MEDICINE,F,1986
5318,DC,PEDIATRICS,F,1983
5319,MO,CARDIOVASCULAR DISEASE,M,1986
5320,MI,EMERGENCY MEDICINE,M,1971
5321,NY,PSYCHOLOGY,F,
5322,MO,PHYSICIAN ASSISTANT,M,1975
5323,WI,NURSE PRACTITIONER,F,
5324,MA,SELECTIVE PATHOLOGY,M,1984
5325,NJ,EMERGENCY MEDICINE,M,1977
5326,WA,GASTROENTEROLOGY,M,1985
5327,FL,INTERNAL MEDICINE,M,1977
5328,MA,EMERGENCY MEDICINE,M,1979
5329,MI,EMERGENCY MEDICINE,M,1980
5330,CA,PULMONARY CRITICAL CARE MEDICINE,F,1985
5331,OH,EMERGENCY MEDICINE,M,1973
5332,LA,ANATOMIC/CLINICAL PATHOLOGY,M,1982
5333,AZ,INTERNAL MEDICINE,M,1975
5334,LA,EMERGENCY MEDICINE,F,1981
5335,NC,ANESTHESIOLOGY,M,1984
5336,TX,FAMILY MEDICINE,M,1984
5337,AZ,INTERNAL MEDICINE,M,1977
5338,OH,CARDIOVASCULAR DISEASE,M,1983
5339,MO,NURSE PRACTITIONER,F,
5340,FL,EMERGENCY MEDICINE,M,1983
5341,PA,FAMILY MEDICINE,M,1985
5342,IL,PEDIATRIC EMERGENCY MEDICINE (PEDIATRICS),M,1984
5343,CA,MEDICAL GENETICS,F,1981
5344,TX,UROLOGY,M,1985
5345,CA,OPTOMETRIST,F,
5346,MD,NURSE PRACTITIONER,F,
5347,MI,PHYSICIAN ASSISTANT,F,1983
5348,MD,NURSE PRACTITIONER,F,
5349,NY,PEDIATRICS,F,1982
5350,PA,CERTIFIED NURSE ANESTHETIST,F,
5351,PA,FAMILY MEDICINE,M,1981
5352,NV,GENERAL SURGERY,F,1981
5353,IL,PEDIATRICS,F,1983
5354,PA,FAMILY MEDICINE,M,1980
5355,LA,EMERGENCY MEDICINE,F,
5356,OH,EMERGENCY MEDICINE,M,1984
5357,NY,EMERGENCY MEDICINE,F,1983
5358,TX,CYTOPATHOLOGY,F,1985
5359,HI,EMERGENCY MEDICINE,F,1984
5360,PA,INTERNAL MEDICINE,M,1973
5361,CO,NURSE PRACTITIONER,F,
5362,SC,GASTROENTEROLOGY,M,1983
5363,CA,FAMILY MEDICINE,F,1984
5364,NJ,CRITICAL CARE MEDICINE (INTERNAL MEDICINE),M,1983
5365,FL,CARDIOVASCULAR DISEASE,M,1981
5366,PA,OBSTETRICS & GYNECOLOGY,F,1982
5367,SC,EMERGENCY MEDICINE,M,1984
5368,MD,DIAGNOSTIC RADIOLOGY,F,1985
5369,OH,SELECTIVE PATHOLOGY,M,1972
5370,SD,INTERNAL MEDICINE,M,1974
5371,OH,NURSE PRACTITIONER,F,1965
5372,MO,NURSE PRACTITIONER,F,
5373,TN,CERTIFIED NURSE ANESTHETIST,M,
5374,SC,NURSE PRACTITIONER,F,
5375,NC,PHYSICIAN ASSISTANT,M,
5376,MD,PHYSICIAN ASSISTANT,F,1984
5377,PA,NEPHROLOGY,M,1978
5378,WI,CARDIOVASCULAR DISEASE,F,
5379,CA,GENERAL PRACTICE,M,1973
5380,FL,OBSTETRICS & GYNECOLOGY,F,1982
5381,FL,PAIN MEDICINE,M,1985
5382,GA,NURSE PRACTITIONER,F,
5383,CA,MATERNAL & FETAL MEDICINE,F,
5384,VA,CARDIOVASCULAR DISEASE,M,1978
5385,MN,PHYSICIAN ASSISTANT,M,1977
5386,NY,PHYSICIAN ASSISTANT,F,
5387,OH,EMERGENCY MEDICINE,F,1982
5388,CA,FAMILY MEDICINE,M,1978
5389,MI,INTERNAL MEDICINE,M,1972
5390,OH,PSYCHIATRY,F,1976
5391,NC,CARDIOVASCULAR DISEASE,M,1984
5392,TX,INTERNAL MEDICINE,M,1977
5393,OH,CARDIOVASCULAR DISEASE,M,1984
5394,WA,DERMATOPATHOLOGY,M,1981
5395,MO,EMERGENCY MEDICINE,F,1980
5396,NY,PHYSICIAN ASSISTANT,F,1985
5397,OH,PHYSICIAN ASSISTANT,F,1986
5398,MD,NURSE PRACTITIONER,F,
5399,TX,GASTROENTEROLOGY,M,1981
5400,DC,INTERNAL MEDICINE,F,1981
5401,IL,CYTOPATHOLOGY,F,1983
5402,TX,EMERGENCY MEDICINE,F,1985
5403,IN,DERMATOLOGY,F,1982
5404,FL,FAMILY MEDICINE,F,1989
5405,OK,PHYSICIAN ASSISTANT,M,1978
5406,NV,CERTIFIED NURSE ANESTHETIST,F,
5407,MA,CARDIOVASCULAR DISEASE,M,1977
5408,IA,DERMATOLOGY,M,1984
5409,NY,ANESTHESIOLOGY,F,1984
5410,NY,ANATOMIC/CLINICAL PATHOLOGY,M,1967
5411,OR,FAMILY MEDICINE,M,1983
5412,MD,INTERNAL MEDICINE,M,1981
5413,CA,HOSPICE & PALLIATIVE MEDICINE,M,1984
5414,FL,INTERNAL MEDICINE,F,1983
5415,MA,CERTIFIED NURSE ANESTHETIST,F,
5416,NC,PHYSICIAN ASSISTANT,F,1984
5417,AR,PHYSICIAN ASSISTANT,F,1977
5418,IL,CARDIOVASCULAR DISEASE,M,1986
5419,CA,INTERNAL MEDICINE,M,1982
5420,GA,PHYSICIAN ASSISTANT,M,1979
5421,UT,EMERGENCY MEDICINE,M,
5422,WI,INTERNAL MEDICINE,F,1985
5423,NY,EMERGENCY MEDICINE,M,1982
5424,OR,NURSE PRACTITIONER,F,
5425,TN,NURSE PRACTITIONER,F,1979
5426,WI,ANESTHESIOLOGY,F,1981
5427,CA,PHYSICIAN ASSISTANT,M,1983
5428,NJ,SURGICAL ONCOLOGY,M,1981
5429,TN,NURSE PRACTITIONER,F,
5430,NY,DIAGNOSTIC RADIOLOGY,M,1978
5431,KY,PHYSICIAN ASSISTANT,F,1985
5432,AL,OBSTETRICS & GYNECOLOGY,F,1984
5433,TX,INTERNAL MEDICINE,M,1982
5434,CT,NURSE PRACTITIONER,F,
5435,NY,PEDIATRICS,M,1980
5436,WI,OBSTETRICS & GYNECOLOGY,M,1970
5437,GA,CRITICAL CARE MEDICINE (INTERNAL MEDICINE),M,1986
5438,FL,INTERNAL MEDICINE,F,1979
5439,OK,NURSE PRACTITIONER,F,1982
5440,IA,HOSPITALIST,M,1981
5441,LA,ANESTHESIOLOGY,M,1978
5442,FL,NURSE PRACTITIONER,F,1962
5443,MI,PHYSICIAN ASSISTANT,M,
5444,TN,NURSE PRACTITIONER,F,
5445,TN,NURSE PRACTITIONER,F,
5446,MD,PEDIATRICS,F,1974
5447,VA,HOSPITALIST,M,1982
5448,NJ,DIAGNOSTIC RADIOLOGY,M,1981
5449,FL,NURSE PRACTITIONER,F,
5450,CA,DIAGNOSTIC RADIOLOGY,M,1982
5451,NY,PSYCHIATRY,F,1980
5452,TX,FAMILY MEDICINE,F,1975
5453,NY,FAMILY MEDICINE,M,1976
5454,NC,NEURORADIOLOGY,M,1984
5455,MA,NEURORADIOLOGY,F,1985
5456,TX,NURSE PRACTITIONER,F,1974
5457,WI,INTERVENTIONAL CARDIOLOGY,M,1981
5458,ID,PHYSICIAN ASSISTANT,F,1986
5459,TN,NURSE PRACTITIONER,F,1958
5460,RI,INTERNAL MEDICINE,M,1982
5461,FL,NURSE PRACTITIONER,F,
5462,TX,CERTIFIED NURSE ANESTHETIST,F,1983
5463,AL,NURSE PRACTITIONER,F,
5464,NY,FAMILY MEDICINE,F,1981
5465,PA,FAMILY MEDICINE,F,1983
5466,MA,INTERNAL MEDICINE,M,1979
5467,TN,PHYSICIAN ASSISTANT,F,1986
5468,AL,NURSE PRACTITIONER,F,
5469,TN,NURSE PRACTITIONER,F,
5470,NJ,INTERNAL MEDICINE,M,1983
5471,MA,INTERNAL MEDICINE,M,1984
5472,NJ,HOSPITALIST,M,1984
5473,OR,INTERNAL MEDICINE,F,1982
5474,OH,UROLOGY,M,1977
5475,IL,EMERGENCY MEDICINE,F,1984
5476,NY,FAMILY MEDICINE,F,1980
5477,NY,FAMILY MEDICINE,F,1968
5478,CA,PSYCHIATRY,M,1981
5479,GA,HOSPITALIST,M,1982
5480,CA,FAMILY MEDICINE,M,1970
5481,CA,INTERNAL MEDICINE,F,1985
5482,NC,CARDIOVASCULAR DISEASE,M,1983
5483,FL,HOSPITALIST,M,1978
5484,TX,FAMILY MEDICINE,M,1980
5485,TN,PHYSICIAN ASSISTANT,F,
5486,NV,NURSE PRACTITIONER,F,
5487,FL,EMERGENCY MEDICINE,M,1982
5488,FL,INTERNAL MEDICINE,M,1981
5489,NJ,CARDIOVASCULAR DISEASE,M,1983
5490,OH,PHYSICIAN ASSISTANT,M,1958
5491,CA,PHYSICIAN ASSISTANT,F,1986
5492,NY,NURSE PRACTITIONER,F,
5493,FL,PSYCHOLOGY,F,
5494,LA,NURSE PRACTITIONER,F,
5495,GA,HOSPITALIST,M,1985
5496,RI,FAMILY MEDICINE,M,1983
5497,NY,CARDIOVASCULAR DISEASE,M,1981
5498,NC,NURSE PRACTITIONER,F,
5499,NC,PHYSICIAN ASSISTANT,M,1979
5500,FL,PHYSICIAN ASSISTANT,F,1983
5501,OH,NURSE PRACTITIONER,F,
5502,OR,FAMILY MEDICINE,M,1982
5503,NY,NURSE PRACTITIONER,F,
5504,NV,INTERNAL MEDICINE,M,1962
5505,LA,PSYCHIATRY,M,1970
5506,MA,CARDIOVASCULAR DISEASE,M,1986
5507,NC,FAMILY MEDICINE,M,1984
5508,IN,NEPHROLOGY,F,1984
5509,VA,DERMATOLOGY,F,1972
5510,CA,PULMONARY CRITICAL CARE MEDICINE,F,1981
5511,NY,EMERGENCY MEDICINE,F,1989
5512,NY,FAMILY MEDICINE,F,1977
5513,AZ,CARDIOVASCULAR DISEASE,F,1985
5514,VA,NURSE PRACTITIONER,F,
5515,NJ,EMERGENCY MEDICINE,F,1976
5516,LA,NURSE PRACTITIONER,F,
5517,SC,PHYSICIAN ASSISTANT,F,1987
5518,WA,PHYSICIAN ASSISTANT,M,1983
5519,MA,PODIATRIST,M,
5520,NC,NURSE PRACTITIONER,F,
5521,IL,PHYSICIAN ASSISTANT,F,
5522,MI,SPORTS MEDICINE (ORTHOPEDIC SURGERY),M,1974
5523,IL,PSYCHOLOGY,F,
5524,CA,FAMILY MEDICINE,F,1984
5525,CO,INTERNAL MEDICINE,M,1989
5526,TX,NURSE PRACTITIONER,F,1976
5527,AR,DIAGNOSTIC RADIOLOGY,M,1979
5528,PA,PODIATRIST,M,
5529,CA,PHYSICIAN ASSISTANT,M,1975
5530,NV,EMERGENCY MEDICINE,M,1979
5531,OH,FAMILY MEDICINE,F,1985
5532,MD,NURSE PRACTITIONER,F,
5533,NM,NURSE PRACTITIONER,F,1974
5534,AZ,NURSE PRACTITIONER,F,
5535,CA,PSYCHIATRY/NEUROLOGY,M,1987
5536,CT,EMERGENCY MEDICINE,M,1989
5537,IL,DIAGNOSTIC RADIOLOGY,M,1983
5538,GA,PHYSICIAN ASSISTANT,F,1984
5539,IL,PHYSICIAN ASSISTANT,F,1985
5540,MI,NURSE PRACTITIONER,F,
5541,TX,PSYCHOLOGY,F,
5542,MO,EMERGENCY MEDICINE,M,1988
5543,NY,FAMILY MEDICINE,F,1989
5544,CT,NEUROMUSCULAR MEDICINE (NEUROLOGY),F,
5545,CO,NEUROLOGY,M,1985
5546,MI,FAMILY MEDICINE,F,1965
5547,OH,FAMILY MEDICINE,M,1989
5548,MI,FAMILY MEDICINE,M,1987
5549,MI,PHYSICAL MEDICINE & REHABILITATION,M,1989
5550,MN,EMERGENCY MEDICINE,F,1988
5551,DC,PHYSICIAN ASSISTANT,F,1986
5552,FL,NURSE PRACTITIONER,F,
5553,SC,NURSE PRACTITIONER,F,
5554,MI,CARDIOVASCULAR DISEASE,M,1981
5555,TX,PHYSICIAN ASSISTANT,F,1973
5556,TX,FAMILY MEDICINE,M,1988
5557,MI,GENERAL PRACTICE,M,1988
5558,TX,ANATOMIC/CLINICAL PATHOLOGY,M,1982
5559,WA,PHYSICIAN ASSISTANT,M,1982
5560,NJ,NURSE PRACTITIONER,F,
5561,MA,PHYSICIAN ASSISTANT,F,1987
5562,OR,HOSPITALIST,F,1979
5563,GA,PEDIATRICS,F,1988
5564,GA,FAMILY MEDICINE,F,1988
5565,PA,INTERNAL MEDICINE,F,1989
5566,NY,FAMILY MEDICINE,M,1989
5567,MI,FAMILY MEDICINE,M,1990
5568,MI,INTERNAL MEDICINE,M,1988
5569,CO,INTERNAL MEDICINE,M,1984
5570,MO,FAMILY MEDICINE,M,1989
5571,IA,NURSE PRACTITIONER,F,
5572,AL,NURSE PRACTITIONER,F,
5573,AL,NURSE PRACTITIONER,F,
5574,MO,FAMILY MEDICINE,F,1987
5575,MI,UROLOGY,M,1988
5576,GA,NURSE PRACTITIONER,F,
5577,MI,INTERNAL MEDICINE,M,1989
5578,IL,FAMILY MEDICINE,M,1978
5579,TX,EMERGENCY MEDICINE,M,1982
5580,FL,PHYSICIAN ASSISTANT,F,1984
5581,AZ,PEDIATRIC CRITICAL CARE MEDICINE,M,1982
5582,MS,INTERNAL MEDICINE,F,1985
5583,NY,EMERGENCY MEDICINE,F,1986
5584,AZ,FAMILY MEDICINE,F,1988
5585,NJ,CARDIOVASCULAR DISEASE,F,1988
5586,FL,NURSE PRACTITIONER,F,
5587,NY,NURSE PRACTITIONER,F,
5588,NC,INTERNAL MEDICINE,M,1988
5589,CO,HOSPITALIST,M,1986
5590,NV,INTERNAL MEDICINE,M,1976
5591,VA,NURSE PRACTITIONER,F,
5592,PA,DERMATOLOGY,F,1967
5593,UT,PHYSICIAN ASSISTANT,M,1971
5594,NY,EMERGENCY MEDICINE,M,1988
5595,MA,NURSE PRACTITIONER,F,
5596,SC,NURSE PRACTITIONER,F,
5597,ME,INTERNAL MEDICINE,M,1987
5598,WA,EMERGENCY MEDICINE,M,1983
5599,MI,OBSTETRICS & GYNECOLOGY,F,1980
5600,PA,CARDIOVASCULAR DISEASE,M,1988
5601,NV,EMERGENCY MEDICINE,M,1975
5602,TX,INTERNAL MEDICINE,F,1987
5603,TX,CERTIFIED NURSE ANESTHETIST,M,1971
5604,TX,NURSE PRACTITIONER,F,1974
5605,IL,NURSE PRACTITIONER,F,
5606,TN,NURSE PRACTITIONER,M,
5607,PA,PHYSICIAN ASSISTANT,F,1987
5608,LA,NURSE PRACTITIONER,F,
5609,PA,PHYSICIAN ASSISTANT,F,1988
5610,FL,PSYCHOLOGY,F,
5611,MN,PSYCHOLOGY,F,1965
5612,OR,PSYCHOLOGY,F,
5613,TX,NURSE PRACTITIONER,F,1973
5614,PA,PHYSICIAN ASSISTANT,F,1984
5615,FL,PSYCHOLOGY,F,
5616,OH,PHYSICIAN ASSISTANT,F,1963
5617,FL,EMERGENCY MEDICINE,F,1980
5618,NY,ALLERGY & IMMUNOLOGY,F,1982
5619,OR,NURSE PRACTITIONER,F,1968
5620,PA,PHYSICIAN ASSISTANT,F,
5621,TX,INTERNAL MEDICINE,F,1979
5622,GA,PHYSICIAN ASSISTANT,M,1987
5623,FL,INTERNAL MEDICINE,M,1973
5624,CA,EMERGENCY MEDICINE,F,1984
5625,UT,PSYCHOLOGY,F,
5626,PA,CERTIFIED NURSE ANESTHETIST,F,
5627,CA,PEDIATRICS,F,1982
5628,IL,NURSE PRACTITIONER,F,
5629,TN,PHYSICIAN ASSISTANT,F,1990
5630,WI,NURSE PRACTITIONER,F,
5631,HI,INTERNAL MEDICINE,F,1984
5632,TX,PSYCHOLOGY,M,
5633,WA,PHARMACIST,M,
5634,IN,NURSE PRACTITIONER,F,
5635,NY,CARDIOVASCULAR DISEASE,F,1985
5636,MI,EMERGENCY MEDICINE,M,1980
5637,CA,PHYSICIAN ASSISTANT,F,1988
5638,FL,PSYCHIATRY,M,1989
5639,CA,FAMILY MEDICINE,F,1987
5640,CA,OBSTETRICS & GYNECOLOGY,F,1981
5641,TX,EMERGENCY MEDICINE,M,1979
5642,AL,NURSE PRACTITIONER,M,
5643,NJ,EMERGENCY MEDICINE,M,1988
5644,PA,ADULT RECONSTRUCTIVE ORTHOPEDICS,M,1979
5645,IN,VASCULAR SURGERY,M,1974
5646,TN,EMERGENCY MEDICINE,M,1977
5647,CA,SPORTS MEDICINE (FAMILY MEDICINE),M,1975
5648,NY,PEDIATRICS,M,1981
5649,FL,CYTOPATHOLOGY,F,1982
5650,FL,HEMATOLOGY (PATHOLOGY),M,1969
5651,MI,EMERGENCY MEDICINE,M,1983
5652,WA,PHARMACIST,F,
5653,TX,PHYSICIAN ASSISTANT,F,1985
5654,FL,PHYSICIAN ASSISTANT,F,1986
5655,CA,EMERGENCY MEDICINE,F,1985
5656,CA,PHYSICIAN ASSISTANT,F,1986
5657,MI,EMERGENCY MEDICINE,M,1988
5658,NJ,PHYSICIAN ASSISTANT,F,1984
5659,CA,FAMILY MEDICINE,F,1986
5660,OH,PSYCHOLOGY,M,
5661,IN,NURSE PRACTITIONER,F,
5662,FL,INTERNAL MEDICINE,M,1961
5663,VA,NURSE PRACTITIONER,F,
5664,FL,INTERNAL MEDICINE,M,1989
5665,WV,FAMILY MEDICINE,M,1986
5666,MI,PHYSICIAN ASSISTANT,F,1987
5667,NY,PHYSICIAN ASSISTANT,F,1954
5668,CA,PHYSICIAN ASSISTANT,M,1980
5669,SC,FAMILY MEDICINE,F,1988
5670,CA,DIAGNOSTIC RADIOLOGY,M,1987
5671,IL,NEUROLOGY,M,1987
5672,OH,EMERGENCY MEDICINE,F,1988
5673,MD,MATERNAL & FETAL MEDICINE,F,1979
5674,ID,NURSE PRACTITIONER,F,
5675,IN,PHYSICIAN ASSISTANT,F,1986
5676,CT,OPHTHALMOLOGY,F,1977
5677,CA,FAMILY MEDICINE,F,1989
5678,FL,INTERNAL MEDICINE,F,1985
5679,TX,FAMILY MEDICINE,M,1985
5680,SC,FAMILY MEDICINE,M,1987
5681,NY,EMERGENCY MEDICINE,M,1987
5682,OK,EMERGENCY MEDICINE,F,1981
5683,TX,NURSE PRACTITIONER,M,1975
5684,TX,CERTIFIED NURSE ANESTHETIST,M,1979
5685,TX,EMERGENCY MEDICINE,F,1980
5686,NV,NURSE PRACTITIONER,F,
5687,FL,FAMILY MEDICINE,F,1980
5688,FL,INTERNAL MEDICINE/FAMILY MEDICINE,M,1987
5689,CO,FAMILY MEDICINE,F,1982
5690,CA,PODIATRIST,F,
5691,CA,NURSE PRACTITIONER,F,
5692,CA,NURSE PRACTITIONER,,
5693,CA,NURSE PRACTITIONER,F,
5694,MA,NURSE PRACTITIONER,M,
5695,CA,NURSE PRACTITIONER,M,
5696,MA,PHYSICIAN ASSISTANT,F,1968
5697,FL,EMERGENCY MEDICINE,M,1978
5698,ME,CARDIOVASCULAR DISEASE,M,1984
5699,NV,UROLOGY,M,1984
5700,OH,PHYSICIAN ASSISTANT,M,1960
5701,FL,INTERNAL MEDICINE,M,1973
5702,NH,DIAGNOSTIC RADIOLOGY,M,1986
5703,AZ,NURSE PRACTITIONER,F,
5704,TX,PHYSICIAN ASSISTANT,M,1966
5705,AZ,PHYSICIAN ASSISTANT,M,1970
5706,TX,INFECTIOUS DISEASE,M,1981
5707,OH,NURSE PRACTITIONER,F,1979
5708,WI,DIAGNOSTIC RADIOLOGY,M,1984
5709,OH,RADIOLOGY,M,1958
5710,NY,PEDIATRICS,F,1984
5711,PA,EMERGENCY MEDICINE,M,1979
5712,KY,CERTIFIED NURSE ANESTHETIST,F,1984
5713,OH,NURSE PRACTITIONER,F,1982
5714,NJ,VASCULAR & INTERVENTIONAL RADIOLOGY,M,1983
5715,AZ,PAIN MEDICINE,M,1980
5716,OH,NURSE PRACTITIONER,F,1955
5717,IA,PHYSICIAN ASSISTANT,F,1968
5718,NY,PEDIATRIC GASTROENTEROLOGY,F,1980
5719,WA,ABDOMINAL RADIOLOGY,M,1983
5720,TX,INTERNAL MEDICINE,M,1977
5721,WA,PHARMACIST,M,
5722,CA,ANATOMIC PATHOLOGY,M,1977
5723,FL,NURSE PRACTITIONER,F,
5724,CA,PEDIATRICS,F,
5725,CA,DIAGNOSTIC RADIOLOGY,M,1982
5726,MD,ANATOMIC/CLINICAL PATHOLOGY,M,1980
5727,CO,CERTIFIED NURSE ANESTHETIST,M,1979
5728,CT,EMERGENCY MEDICINE,F,1976
5729,MI,PHYSICIAN ASSISTANT,F,1987
5730,MD,CARDIOVASCULAR DISEASE,M,1982
5731,OR,FAMILY MEDICINE,M,1982
5732,OH,EMERGENCY MEDICINE,M,1980
5733,NY,INTERNAL MEDICINE,M,1985
5734,TX,FAMILY MEDICINE,M,1979
5735,CT,DIAGNOSTIC RADIOLOGY,M,1982
5736,TX,PSYCHOLOGY,M,
5737,FL,PSYCHOLOGY,F,
5738,TX,NURSE PRACTITIONER,F,1977
5739,CA,PEDIATRIC ANESTHESIOLOGY,M,1984
5740,MA,NURSE PRACTITIONER,F,
5741,AK,EMERGENCY MEDICINE,M,1983
5742,GA,DIAGNOSTIC RADIOLOGY,F,1985
5743,IL,FAMILY MEDICINE,M,1969
5744,CA,NURSE PRACTITIONER,F,
5745,LA,PHYSICIAN ASSISTANT,M,1982
5746,NY,DIAGNOSTIC RADIOLOGY,M,1975
5747,FL,EMERGENCY MEDICINE,F,1983
5748,IL,CERTIFIED NURSE ANESTHETIST,F,
5749,TN,CERTIFIED NURSE ANESTHETIST,M,
5750,FL,DENTIST,M,
5751,RI,FAMILY MEDICINE,F,1979
5752,IL,NURSE PRACTITIONER,F,
5753,NC,PHYSICAL MEDICINE & REHABILITATION,F,
5754,LA,FAMILY MEDICINE,M,1978
5755,IN,NURSE PRACTITIONER,F,
5756,MI,DERMATOPATHOLOGY,M,1972
5757,CA,NURSE MIDWIFE,F,
5758,NC,DIAGNOSTIC RADIOLOGY,F,1974
5759,PA,CERTIFIED NURSE ANESTHETIST,M,1980
5760,TN,PHYSICIAN ASSISTANT,M,1986
5761,TN,NURSE PRACTITIONER,M,1988
5762,FL,CERTIFIED NURSE ANESTHETIST,M,
5763,NJ,EMERGENCY MEDICINE,M,1979
5764,NY,PODIATRIST,F,
5765,TX,PHYSICIAN ASSISTANT,M,1986
5766,CA,FAMILY MEDICINE,M,1968
5767,WA,PHARMACIST,F,
5768,FL,PEDIATRICS,F,
5769,NJ,NURSE PRACTITIONER,F,
5770,CA,EMERGENCY MEDICINE,M,1977
5771,MI,EMERGENCY MEDICINE,M,1975
5772,TN,ORTHOPEDIC SURGERY,M,1980
5773,CO,OPTOMETRIST,F,
5774,MI,NUCLEAR MEDICINE,M,1975
5775,NY,INTERNAL MEDICINE,M,1981
5776,GA,OBSTETRICS & GYNECOLOGY,F,1977
5777,PA,PHYSICIAN ASSISTANT,F,1984
5778,SC,PHYSICIAN ASSISTANT,F,1984
5779,MN,INTERNAL MEDICINE,M,1981
5780,FL,CARDIOVASCULAR DISEASE,M,1985
5781,TX,FAMILY MEDICINE,M,1983
5782,IL,GASTROENTEROLOGY,M,1983
5783,GA,PSYCHOLOGY,M,
5784,CA,PEDIATRICS,F,1983
5785,TX,EMERGENCY MEDICINE,M,1982
5786,TX,OPTOMETRIST,F,
5787,RI,DIAGNOSTIC RADIOLOGY,M,1982
5788,WA,PHARMACIST,F,
5789,SC,FAMILY MEDICINE,M,
5790,TN,PHYSICIAN ASSISTANT,M,1977
5791,VA,EMERGENCY MEDICINE,F,1981
5792,AZ,DIAGNOSTIC RADIOLOGY,M,1980
5793,CA,MEDICAL ONCOLOGY,M,1980
5794,OH,CARDIOVASCULAR DISEASE,M,1979
5795,KY,GENERAL SURGERY,M,1980
5796,IN,PSYCHOLOGY,F,
5797,MI,FAMILY MEDICINE,M,1977
5798,TX,HOSPITALIST,F,1981
5799,TX,NEUROLOGICAL SURGERY,M,1974
5800,TX,EMERGENCY MEDICINE,M,1900
5801,LA,NURSE PRACTITIONER,M,
5802,IL,FAMILY MEDICINE,M,1985
5803,AZ,INTERNAL MEDICINE,F,1983
5804,AZ,FAMILY MEDICINE,M,1984
5805,SC,EMERGENCY MEDICINE,M,1985
5806,TX,EMERGENCY MEDICINE,M,1982
5807,TX,FAMILY MEDICINE,M,1986
5808,MA,EMERGENCY MEDICINE,M,1975
5809,KY,CERTIFIED NURSE ANESTHETIST,M,
5810,IN,DIAGNOSTIC RADIOLOGY,F,1979
5811,FL,HOSPITALIST,M,1984
5812,MO,NURSE PRACTITIONER,F,
5813,MI,DERMATOLOGY,M,1987
5814,KY,PEDIATRICS,F,1985
5815,TX,EMERGENCY MEDICINE,M,1980
5816,FL,EMERGENCY MEDICINE,M,1987
5817,CO,EMERGENCY MEDICINE,F,1980
5818,MI,PEDIATRIC HEMATOLOGY/ONCOLOGY,F,1983
5819,PA,INTERNAL MEDICINE,M,1980
5820,NM,OPTOMETRIST,F,
5821,DC,PEDIATRIC EMERGENCY MEDICINE,F,1983
5822,TX,PSYCHIATRY,M,1971
5823,AZ,UNSPECIFIED,F,1981
5824,IL,INTERNAL MEDICINE,F,1986
5825,NJ,INTERNAL MEDICINE,M,1974
5826,NC,PEDIATRICS,M,1984
5827,OR,INTERNAL MEDICINE,F,1988
5828,TX,EMERGENCY MEDICINE,M,1981
5829,IL,FAMILY MEDICINE,F,1983
5830,NY,CLINICAL NEUROPHYSIOLOGY,M,1982
5831,FL,INTERNAL MEDICINE,M,1980
5832,MI,DIAGNOSTIC RADIOLOGY,F,1983
5833,PA,FAMILY MEDICINE,F,1985
5834,NC,FAMILY MEDICINE,M,1984
5835,CA,FAMILY MEDICINE,F,1985
5836,MS,INTERNAL MEDICINE,M,1983
5837,CA,FAMILY MEDICINE,M,1980
5838,GA,DIAGNOSTIC RADIOLOGY,M,1980
5839,TX,MUSCULOSKELETAL RADIOLOGY,M,1984
5840,FL,EMERGENCY MEDICINE,F,1983
5841,IL,HOSPITALIST,M,1984
5842,LA,PEDIATRICS,F,1981
5843,GA,CARDIOVASCULAR DISEASE,M,1986
5844,CA,INTERNAL MEDICINE,F,1987
5845,FL,INTERNAL MEDICINE,F,1973
5846,OH,EMERGENCY MEDICINE,F,1986
5847,CO,EMERGENCY MEDICINE,F,1983
5848,MO,INTERNAL MEDICINE,M,1979
5849,NY,MATERNAL & FETAL MEDICINE,F,1982
5850,CA,FAMILY MEDICINE,M,1984
5851,OH,FAMILY MEDICINE,M,1986
5852,TX,DERMATOLOGY,M,1984
5853,CA,FAMILY MEDICINE,M,1976
5854,FL,INTERNAL MEDICINE,F,1981
5855,IL,EMERGENCY MEDICINE,M,1983
5856,MO,HEMATOLOGY (PATHOLOGY),M,1984
5857,AZ,PEDIATRIC PULMONOLOGY,F,1980
5858,PA,HEMATOLOGY/ONCOLOGY,M,1983
5859,AZ,PEDIATRIC ENDOCRINOLOGY,F,1983
5860,NY,OTOLARYNGOLOGY,M,1981
5861,IA,DIAGNOSTIC RADIOLOGY,M,1968
5862,CT,CARDIOVASCULAR DISEASE,M,1981
5863,AZ,CARDIOVASCULAR DISEASE,F,1984
5864,VA,DERMATOLOGY,F,1985
5865,OH,EMERGENCY MEDICINE,F,1984
5866,MI,EMERGENCY MEDICINE,F,1985
5867,NJ,INTERNAL MEDICINE,F,1988
5868,OH,EMERGENCY MEDICINE,F,1985
5869,MI,FAMILY MEDICINE,F,1984
5870,NY,OBSTETRICS & GYNECOLOGY,F,1982
5871,TX,INTERNAL MEDICINE,F,1975
5872,MI,NEUROLOGY,F,1978
5873,CT,DIAGNOSTIC RADIOLOGY,M,1981
5874,MI,EMERGENCY MEDICINE,F,1986
5875,OH,EMERGENCY MEDICINE,F,1983
5876,OR,INTERNAL MEDICINE,F,1982
5877,FL,FAMILY MEDICINE,F,1985
5878,WI,NEUROLOGY,M,1986
5879,IL,DIAGNOSTIC RADIOLOGY,M,1982
5880,PA,FAMILY MEDICINE,F,1983
5881,MI,INTERNAL MEDICINE,M,1986
5882,CA,FAMILY MEDICINE,F,1980
5883,NY,EMERGENCY MEDICINE,F,1986
5884,MN,PEDIATRICS,F,1983
5885,TX,INTERNAL MEDICINE,M,1984
5886,CA,RHEUMATOLOGY,F,1983
5887,MI,FAMILY MEDICINE,M,1984
5888,MI,GENERAL SURGERY,M,1984
5889,MT,ANESTHESIOLOGY,M,1986
5890,OH,EMERGENCY MEDICINE,F,1980
5891,AZ,EMERGENCY MEDICINE,M,1985
5892,MI,FAMILY MEDICINE,F,1987
5893,MI,EMERGENCY MEDICINE,F,1984
5894,PA,EMERGENCY MEDICINE,M,1982
5895,CO,UROLOGY,F,1985
5896,WA,FAMILY MEDICINE,M,1979
5897,KY,NURSE PRACTITIONER,F,
5898,IA,ANATOMIC/CLINICAL PATHOLOGY,M,1982
5899,NC,EMERGENCY MEDICINE,M,1983
5900,CA,EMERGENCY MEDICINE,M,1978
5901,CT,FAMILY MEDICINE,F,1981
5902,CA,NEURORADIOLOGY,F,1975
5903,CA,EMERGENCY MEDICINE,M,1981
5904,LA,INTERNAL MEDICINE,F,1984
5905,NV,INTERNAL MEDICINE,F,1985
5906,FL,PHYSICAL MEDICINE & REHABILITATION,M,1984
5907,CA,FAMILY MEDICINE,M,1982
5908,WI,FAMILY MEDICINE,F,1973
5909,FL,EMERGENCY MEDICINE,F,1971
5910,MN,INTERNAL MEDICINE,F,1961
5911,NV,CARDIOVASCULAR DISEASE,F,1982
5912,WA,DIAGNOSTIC RADIOLOGY,F,1985
5913,NY,ABDOMINAL RADIOLOGY,M,1980
5914,OH,EMERGENCY MEDICINE,M,1975
5915,CA,GASTROENTEROLOGY,M,1981
5916,IN,EMERGENCY MEDICINE,M,1985
5917,VA,PEDIATRICS,F,1983
5918,LA,FAMILY MEDICINE,M,1984
5919,FL,EMERGENCY MEDICINE,M,1981
5920,NY,CARDIOVASCULAR DISEASE,F,1983
5921,MI,EMERGENCY MEDICINE,M,1987
5922,NC,EMERGENCY MEDICINE,M,1980
5923,AZ,FAMILY MEDICINE,M,1982
5924,MI,OBSTETRICS & GYNECOLOGY,F,1985
5925,NY,FAMILY MEDICINE,M,1985
5926,FL,EMERGENCY MEDICINE,M,1984
5927,TX,ANESTHESIOLOGY,M,1986
5928,SC,EMERGENCY MEDICINE,M,1980
5929,FL,ANATOMIC/CLINICAL PATHOLOGY,F,1969
5930,NC,EMERGENCY MEDICINE,F,1984
5931,TX,HEMATOLOGY (PATHOLOGY),F,1977
5932,VA,OBSTETRICS & GYNECOLOGY,F,1983
5933,PA,EMERGENCY MEDICINE,M,1977
5934,OH,PEDIATRICS,F,1984
5935,TX,NEUROLOGY,M,1984
5936,IL,DIAGNOSTIC RADIOLOGY,M,1982
5937,AZ,FAMILY MEDICINE,M,1980
5938,VA,INTERNAL MEDICINE,M,1984
5939,MI,EMERGENCY MEDICINE,F,1982
5940,CA,FAMILY MEDICINE,M,1985
5941,NC,EMERGENCY MEDICINE,M,1983
5942,CA,NEURORADIOLOGY,M,1983
5943,LA,UROLOGY,M,1980
5944,MO,VASCULAR & INTERVENTIONAL RADIOLOGY,M,1981
5945,MN,HEMATOLOGY/ONCOLOGY,M,1983
5946,IN,EMERGENCY MEDICINE,M,1983
5947,IL,INTERNAL MEDICINE,M,1979
5948,CA,FAMILY MEDICINE,M,1979
5949,AZ,EMERGENCY MEDICINE,F,1978
5950,OH,EMERGENCY MEDICINE,M,1983
5951,MI,EMERGENCY MEDICINE,M,1983
5952,NY,PEDIATRICS,F,1985
5953,MI,CARDIOVASCULAR DISEASE,M,1982
5954,FL,EMERGENCY MEDICINE,M,1981
5955,MD,FAMILY MEDICINE,M,1983
5956,NV,DIAGNOSTIC RADIOLOGY,M,1983
5957,NJ,PHYSICAL MEDICINE & REHABILITATION,F,1985
5958,IL,PEDIATRIC EMERGENCY MEDICINE (PEDIATRICS),M,1978
5959,NV,EMERGENCY MEDICINE,M,1979
5960,MD,EMERGENCY MEDICINE,F,1983
5961,AL,CARDIOVASCULAR DISEASE,M,1979
5962,AZ,EMERGENCY MEDICINE,M,1980
5963,TX,GENERAL SURGERY,M,1979
5964,IA,FAMILY MEDICINE,M,1986
5965,IA,FAMILY MEDICINE,F,1983
5966,OR,FAMILY MEDICINE,F,1982
5967,CA,EMERGENCY MEDICINE,M,1977
5968,NC,DIAGNOSTIC RADIOLOGY,M,1984
5969,FL,GASTROENTEROLOGY,F,1984
5970,CA,FAMILY MEDICINE,F,1982
5971,FL,FAMILY MEDICINE,M,1965
5972,NC,PHYSICAL MEDICINE & REHABILITATION,F,1984
5973,MN,CARDIOVASCULAR DISEASE,M,1978
5974,TN,NEURORADIOLOGY,M,1977
5975,TX,MEDICAL GENETICS,M,1977
5976,TX,EMERGENCY MEDICINE,F,1985
5977,VA,PSYCHIATRY,F,1977
5978,CO,DIAGNOSTIC RADIOLOGY,M,1985
5979,NY,ANATOMIC/CLINICAL PATHOLOGY,F,1966
5980,NJ,PEDIATRICS,M,1984
5981,CO,FAMILY MEDICINE,M,1983
5982,CA,PEDIATRIC RADIOLOGY,M,1972
5983,TX,EMERGENCY MEDICINE,M,1984
5984,CA,DIAGNOSTIC RADIOLOGY,M,1981
5985,NY,EMERGENCY MEDICINE,F,1981
5986,CA,GENERAL SURGERY,M,1980
5987,OH,EMERGENCY MEDICINE,M,1980
5988,NV,EMERGENCY MEDICINE,M,1980
5989,MI,ANATOMIC/CLINICAL PATHOLOGY,F,1980
5990,CA,PEDIATRICS,F,1983
5991,MD,OBSTETRICS & GYNECOLOGY,F,1984
5992,HI,EMERGENCY MEDICINE,M,1976
5993,VA,FAMILY MEDICINE,M,1984
5994,PA,EMERGENCY MEDICINE,M,1984
5995,FL,EMERGENCY MEDICINE,M,1983
5996,TX,EMERGENCY MEDICINE,M,1979
5997,KY,FAMILY MEDICINE,F,1982
5998,NJ,CARDIOVASCULAR DISEASE,M,1986
5999,AZ,EMERGENCY MEDICINE,M,1979
6000,CA,OBSTETRICS & GYNECOLOGY,F,1984
6001,TX,ANATOMIC/CLINICAL PATHOLOGY,F,1974
6002,IL,PEDIATRICS,F,1983
6003,IL,CYTOPATHOLOGY,F,1956
6004,MA,INTERNAL MEDICINE,F,1985
6005,CA,FAMILY MEDICINE,M,1984
6006,OR,EMERGENCY MEDICINE,M,1973
6007,IL,UROLOGY,M,1985
6008,NH,PEDIATRICS,M,1981
6009,NY,NEURORADIOLOGY,M,1981
6010,AZ,PEDIATRIC EMERGENCY MEDICINE (PEDIATRICS),F,1986
6011,TX,COLON & RECTAL SURGERY,M,1984
6012,GA,DIAGNOSTIC RADIOLOGY,M,1980
6013,GA,PEDIATRIC HEMATOLOGY/ONCOLOGY,M,1982
6014,PA,PAIN MEDICINE,M,1979
6015,IN,PEDIATRICS,M,1987
6016,OK,EMERGENCY MEDICINE,M,1982
6017,OH,INTERNAL MEDICINE,F,1984
6018,MT,FAMILY MEDICINE,M,1983
6019,MI,FAMILY MEDICINE,M,1983
6020,CA,OBSTETRICS & GYNECOLOGY,F,1983
6021,NJ,EMERGENCY MEDICINE,M,1984
6022,SC,INTERNAL MEDICINE,M,1984
6023,FL,ANESTHESIOLOGY,F,1959
6024,KY,GENERAL SURGERY,F,1976
6025,TN,INTERNAL MEDICINE,F,1983
6026,NY,OPHTHALMOLOGY,M,1985
6027,FL,DIAGNOSTIC RADIOLOGY,M,1977
6028,CA,PEDIATRICS,F,1981
6029,MN,EMERGENCY MEDICINE,M,1985
6030,FL,EMERGENCY MEDICINE,M,1972
6031,VA,DIAGNOSTIC RADIOLOGY,F,1981
6032,FL,GASTROENTEROLOGY,M,1981
6033,NY,PEDIATRICS,M,1978
6034,MN,HEMATOLOGY (PATHOLOGY),F,1984
6035,CA,NEURORADIOLOGY,M,1981
6036,NC,EMERGENCY MEDICINE,M,1985
6037,VA,FAMILY MEDICINE,F,1981
6038,MO,CARDIOVASCULAR DISEASE,M,1980
6039,CA,INTERNAL MEDICINE,F,1983
6040,NC,EMERGENCY MEDICINE,M,1967
6041,OK,DIAGNOSTIC RADIOLOGY,M,1980
6042,TX,SPORTS MEDICINE (FAMILY MEDICINE),M,1983
6043,LA,EMERGENCY MEDICINE,M,1983
6044,MD,HEMATOLOGY/ONCOLOGY,M,1985
6045,NY,DIAGNOSTIC RADIOLOGY,M,1980
6046,VA,INTERNAL MEDICINE,F,1983
6047,SC,OPHTHALMOLOGY,M,1981
6048,IN,CLINICAL NEUROPHYSIOLOGY,M,1984
6049,FL,FAMILY MEDICINE,M,1982
6050,TX,FAMILY MEDICINE,F,1983
6051,NM,ORTHOPEDIC SURGERY,M,1982
6052,PA,OPHTHALMOLOGY,M,1983
6053,FL,PEDIATRICS,F,1984
6054,WA,EMERGENCY MEDICINE,M,1985
6055,FL,GENERAL PRACTICE,M,1982
6056,RI,EMERGENCY MEDICINE,M,1983
6057,NY,FAMILY MEDICINE,M,1978
6058,FL,INTERNAL MEDICINE,F,1987
6059,RI,DERMATOLOGY,F,1979
6060,IA,FAMILY MEDICINE,F,1984
6061,NY,OBSTETRICS & GYNECOLOGY,F,1981
6062,TX,DIAGNOSTIC RADIOLOGY,M,1983
6063,KY,EMERGENCY MEDICINE,F,1978
6064,OR,PULMONARY DISEASE,M,1978
6065,CO,PULMONARY CRITICAL CARE MEDICINE,F,1983
6066,NJ,GASTROENTEROLOGY,F,1982
6067,MN,DIAGNOSTIC RADIOLOGY,M,1981
6068,OR,CARDIOVASCULAR DISEASE,M,1985
6069,CA,CRITICAL CARE MEDICINE (ANESTHESIOLOGY),F,1981
6070,WA,CARDIOVASCULAR DISEASE,M,1977
6071,MD,SPORTS MEDICINE (PEDIATRICS),M,1983
6072,CO,FAMILY MEDICINE,F,1983
6073,OK,ANATOMIC PATHOLOGY,F,1982
6074,TN,FAMILY MEDICINE,M,1979
6075,MS,GASTROENTEROLOGY,M,1985
6076,RI,INTERNAL MEDICINE,F,1973
6077,FL,HOSPITALIST,M,1985
6078,AR,ANESTHESIOLOGY,M,1985
6079,GA,PHYSICIAN ASSISTANT,M,1962
6080,CA,EMERGENCY MEDICINE,F,1968
6081,MN,FAMILY MEDICINE,F,1983
6082,CA,PEDIATRIC EMERGENCY MEDICINE (PEDIATRICS),F,1983
6083,UT,PEDIATRIC EMERGENCY MEDICINE (PEDIATRICS),F,1981
6084,CA,UROLOGY,M,1981
6085,IL,SPORTS MEDICINE (ORTHOPEDIC SURGERY),M,1983
6086,KY,CRITICAL CARE MEDICINE (ANESTHESIOLOGY),M,1981
6087,CA,CARDIOVASCULAR DISEASE,F,1982
6088,ID,EMERGENCY MEDICINE,F,1979
6089,IN,FAMILY MEDICINE,F,1988
6090,WY,FAMILY MEDICINE,F,1981
6091,NJ,FAMILY MEDICINE,F,1975
6092,NY,EMERGENCY MEDICINE,M,1983
6093,NY,CARDIOVASCULAR DISEASE,M,1983
6094,MI,EMERGENCY MEDICINE,M,1986
6095,FL,INTERNAL MEDICINE,M,1982
6096,MD,FAMILY MEDICINE,F,1983
6097,MA,DERMATOLOGY,F,1982
6098,MO,EMERGENCY MEDICINE,M,1983
6099,VA,EMERGENCY MEDICINE,M,1983
6100,VA,EMERGENCY MEDICINE,M,1982
6101,ME,FAMILY MEDICINE,F,1976
6102,IN,EMERGENCY MEDICINE,M,1976
6103,MN,INTERNAL MEDICINE,M,1984
6104,TX,PEDIATRIC EMERGENCY MEDICINE (PEDIATRICS),F,1984
6105,MI,EMERGENCY MEDICINE,M,1982
6106,TX,DERMATOLOGY,M,1982
6107,MT,INTERNAL MEDICINE,M,1980
6108,NV,DIAGNOSTIC RADIOLOGY,M,1978
6109,AZ,ANATOMIC/CLINICAL PATHOLOGY,M,1977
6110,NY,OTOLARYNGOLOGY,M,1982
6111,NY,PEDIATRICS,F,1985
6112,CA,CARDIOVASCULAR DISEASE,F,1983
6113,SC,PEDIATRICS,M,1977
6114,MI,NURSE PRACTITIONER,F,
6115,PA,DIAGNOSTIC RADIOLOGY,M,1975
6116,MO,GENERAL SURGERY,F,1977
6117,TX,DERMATOLOGY,F,1982
6118,CO,OPHTHALMOLOGY,F,1977
6119,CA,DERMATOLOGY,F,1983
6120,WI,ANESTHESIOLOGY,M,1979
6121,VA,INTERNAL MEDICINE,F,1978
6122,TX,FAMILY MEDICINE,M,1979
6123,MS,INTERNAL MEDICINE,M,1981
6124,NY,"ENDOCRINOLOGY, DIABETES & METABOLISM",F,1977
6125,WA,DIAGNOSTIC RADIOLOGY,M,1986
6126,TN,HEMATOLOGY (PATHOLOGY),F,1980
6127,FL,SELECTIVE PATHOLOGY,F,1984
6128,NY,EMERGENCY MEDICINE,M,1982
6129,CO,EMERGENCY MEDICINE,M,1984
6130,LA,INTERNAL MEDICINE,M,1982
6131,NY,EMERGENCY MEDICINE,M,1985
6132,PA,MATERNAL & FETAL MEDICINE,F,1983
6133,RI,EMERGENCY MEDICINE,M,1985
6134,RI,FAMILY MEDICINE,F,1982
6135,CA,DIAGNOSTIC RADIOLOGY,M,1984
6136,WV,EMERGENCY MEDICINE,F,1984
6137,CO,CARDIOVASCULAR DISEASE,M,1983
6138,IL,FAMILY MEDICINE,F,1982
6139,SC,FAMILY MEDICINE,F,1985
6140,GA,EMERGENCY MEDICINE,M,1985
6141,FL,INTERNAL MEDICINE,M,1970
6142,WA,EMERGENCY MEDICINE,F,1981
6143,WI,UROLOGY,M,1981
6144,OR,SELECTIVE PATHOLOGY,M,1980
6145,NJ,SPORTS MEDICINE (ORTHOPEDIC SURGERY),M,1984
6146,TN,ORTHOPEDIC SURGERY,M,1983
6147,FL,OTOLARYNGOLOGY,M,1983
6148,NY,EMERGENCY MEDICINE,F,1978
6149,TX,EMERGENCY MEDICINE,M,1973
6150,CA,GENERAL SURGERY,M,1984
6151,WA,PEDIATRIC PULMONOLOGY,M,1984
6152,HI,FAMILY MEDICINE,M,1984
6153,MN,EMERGENCY MEDICINE,M,1983
6154,RI,FAMILY MEDICINE,M,1982
6155,IN,PEDIATRICS,F,1981
6156,AK,PEDIATRICS,M,1979
6157,MI,EMERGENCY MEDICINE,M,1981
6158,MI,INTERNAL MEDICINE,F,1984
6159,NY,EMERGENCY MEDICINE,M,1984
6160,NC,ANATOMIC/CLINICAL PATHOLOGY,M,1979
6161,MI,EMERGENCY MEDICINE,M,1980
6162,NY,PEDIATRIC CARDIOLOGY,F,1982
6163,PA,FAMILY MEDICINE,M,1980
6164,NV,INTERNAL MEDICINE,M,1985
6165,SC,CARDIOVASCULAR DISEASE,M,1985
6166,TX,FAMILY MEDICINE,F,1983
6167,SC,EMERGENCY MEDICINE,M,1979
6168,FL,HOSPITALIST,M,1980
6169,MD,DERMATOLOGY,F,1984
6170,CA,RHEUMATOLOGY,M,1982
6171,FL,EMERGENCY MEDICINE,M,1977
6172,IL,EMERGENCY MEDICINE,M,1980
6173,NM,EMERGENCY MEDICINE,M,1984
6174,MN,EMERGENCY MEDICINE,M,1981
6175,TX,EMERGENCY MEDICINE,F,1983
6176,FL,PEDIATRICS,M,1985
6177,SC,FAMILY MEDICINE,M,1981
6178,UT,SPORTS MEDICINE (ORTHOPEDIC SURGERY),M,1979
6179,GA,INTERVENTIONAL CARDIOLOGY,M,1984
6180,AZ,EMERGENCY MEDICINE,M,1982
6181,LA,OPHTHALMOLOGY,M,1983
6182,FL,DIAGNOSTIC RADIOLOGY,M,1980
6183,NY,EMERGENCY MEDICINE,F,1984
6184,CA,DIAGNOSTIC RADIOLOGY,F,1984
6185,CA,EMERGENCY MEDICINE,M,1979
6186,FL,PEDIATRICS,M,1977
6187,PA,INFECTIOUS DISEASE,F,1980
6188,RI,PEDIATRIC RADIOLOGY,M,1982
6189,CA,HOSPITALIST,M,1984
6190,KY,INTERNAL MEDICINE,M,1985
6191,CA,DIAGNOSTIC RADIOLOGY,M,1978
6192,CA,FAMILY MEDICINE,M,1978
6193,OH,DIAGNOSTIC RADIOLOGY,M,1978
6194,DC,EMERGENCY MEDICINE,M,1973
6195,OH,PEDIATRIC EMERGENCY MEDICINE (PEDIATRICS),F,1982
6196,WI,EMERGENCY MEDICINE,M,1978
6197,SC,INTERVENTIONAL CARDIOLOGY,M,1984
6198,CA,PULMONARY DISEASE,F,1983
6199,CO,GASTROENTEROLOGY,M,1979
6200,OH,VASCULAR & INTERVENTIONAL RADIOLOGY,M,1987
6201,TX,EMERGENCY MEDICINE,M,1983
6202,TX,GENERAL SURGERY,M,1978
6203,CA,FAMILY MEDICINE,M,1964
6204,TX,DIAGNOSTIC RADIOLOGY,M,1973
6205,FL,EMERGENCY MEDICINE,M,1981
6206,TX,PHYSICIAN ASSISTANT,M,1974
6207,MN,EMERGENCY MEDICINE,M,1981
6208,FL,ORTHOPEDIC SURGERY,M,1982
6209,PA,CARDIOVASCULAR DISEASE,M,1980
6210,OR,NEURORADIOLOGY,M,1977
6211,PA,DIAGNOSTIC RADIOLOGY,F,1985
6212,IN,EMERGENCY MEDICINE,M,1984
6213,VA,EMERGENCY MEDICINE,M,1983
6214,OH,EMERGENCY MEDICINE,M,1980
6215,MN,GASTROENTEROLOGY,M,1985
6216,IA,CARDIOVASCULAR DISEASE,M,1984
6217,NY,INTERNAL MEDICINE/PEDIATRICS,F,1984
6218,IL,INTERNAL MEDICINE,F,1982
6219,CA,FAMILY MEDICINE,F,1978
6220,TN,SLEEP MEDICINE,M,1981
6221,AZ,DENTIST,M,
6222,IL,CARDIOVASCULAR DISEASE,M,1983
6223,UT,FAMILY MEDICINE,M,1982
6224,MI,GENERAL SURGERY,M,1983
6225,NV,DERMATOLOGY,M,1983
6226,PA,GENERAL SURGERY,M,1972
6227,PA,FAMILY MEDICINE,F,1962
6228,AZ,PEDIATRICS,F,1983
6229,TX,INTERNAL MEDICINE,M,1983
6230,NV,NURSE PRACTITIONER,F,
6231,MI,INFECTIOUS DISEASE,M,1983
6232,NY,INTERVENTIONAL CARDIOLOGY,M,1981
6233,HI,GASTROENTEROLOGY,M,1979
6234,DC,FAMILY MEDICINE,M,1977
6235,MI,NURSE PRACTITIONER,F,
6236,WI,EMERGENCY MEDICINE,M,1980
6237,NY,PHYSICIAN ASSISTANT,M,1966
6238,OH,EMERGENCY MEDICINE,F,1983
6239,FL,INTERNAL MEDICINE,F,1980
6240,MN,EMERGENCY MEDICINE,M,1981
6241,DC,NURSE PRACTITIONER,F,
6242,CA,PHYSICIAN ASSISTANT,M,1980
6243,PA,PHYSICIAN ASSISTANT,F,1977
6244,WA,FAMILY MEDICINE,F,1984
6245,FL,PEDIATRICS,F,1980
6246,TX,GASTROENTEROLOGY,M,1981
6247,MA,VASCULAR & INTERVENTIONAL RADIOLOGY,M,1978
6248,SC,GENERAL SURGERY,M,1982
6249,OH,DERMATOLOGY,M,1978
6250,CA,OPHTHALMOLOGY,M,1982
6251,NC,PLASTIC SURGERY,F,1984
6252,MD,CARDIOVASCULAR DISEASE,M,1980
6253,FL,UROLOGY,M,1973
6254,CA,OBSTETRICS & GYNECOLOGY,F,1980
6255,LA,OPTOMETRIST,F,
6256,NY,NURSE PRACTITIONER,F,
6257,FL,PEDIATRICS,F,1981
6258,OH,EMERGENCY MEDICINE,M,1982
6259,WA,NURSE PRACTITIONER,F,1964
6260,NE,NURSE PRACTITIONER,F,
6261,WA,NURSE PRACTITIONER,F,1969
6262,MN,PHYSICIAN ASSISTANT,M,1984
6263,IN,PHYSICIAN ASSISTANT,F,1986
6264,NC,PHYSICIAN ASSISTANT,F,1984
6265,MN,PHYSICIAN ASSISTANT,F,1984
6266,CA,NURSE PRACTITIONER,F,
6267,CO,PHYSICIAN ASSISTANT,F,1973
6268,NY,PHYSICIAN ASSISTANT,F,1985
6269,SC,FAMILY MEDICINE,F,1983
6270,NY,NURSE PRACTITIONER,F,
6271,IA,EMERGENCY MEDICINE,M,1981
6272,CA,ALLERGY & IMMUNOLOGY,M,1977
6273,IL,NURSE PRACTITIONER,F,
6274,TX,NURSE PRACTITIONER,M,1969
6275,CT,EMERGENCY MEDICINE,M,1973
6276,AL,FAMILY MEDICINE,M,1983
6277,OR,PHYSICIAN ASSISTANT,F,1975
6278,MN,PHYSICIAN ASSISTANT,F,1987
6279,TX,NURSE PRACTITIONER,F,1974
6280,CA,HEMATOLOGY/ONCOLOGY,F,1985
6281,KY,FAMILY MEDICINE,M,1984
6282,MA,PHYSICIAN ASSISTANT,F,1986
6283,NJ,INTERNAL MEDICINE,F,1973
6284,LA,EMERGENCY MEDICINE,M,1977
6285,MN,PHYSICIAN ASSISTANT,F,1973
6286,NJ,EMERGENCY MEDICINE,M,1981
6287,NJ,CARDIOVASCULAR DISEASE,M,1980
6288,KY,NURSE PRACTITIONER,F,
6289,SC,FAMILY MEDICINE,F,1984
6290,IL,FAMILY MEDICINE,M,1980
6291,MS,SPORTS MEDICINE (FAMILY MEDICINE),M,1983
6292,WA,NURSE PRACTITIONER,F,1980
6293,VA,EMERGENCY MEDICINE,M,1982
6294,IL,PULMONARY CRITICAL CARE MEDICINE,F,1985
6295,TX,INTERNAL MEDICINE,M,1977
6296,NY,EMERGENCY MEDICINE,M,1978
6297,TN,NURSE PRACTITIONER,F,
6298,NC,PHYSICIAN ASSISTANT,F,1984
6299,TX,NURSE PRACTITIONER,F,
6300,NV,NURSE PRACTITIONER,,
6301,TN,NURSE PRACTITIONER,F,
6302,KY,NURSE PRACTITIONER,F,
6303,OK,EMERGENCY MEDICINE,M,1981
6304,SC,PODIATRIST,F,
6305,IN,NURSE PRACTITIONER,F,
6306,TX,INTERNAL MEDICINE,M,1982
6307,TX,EMERGENCY MEDICINE,F,1984
6308,IL,NURSE PRACTITIONER,F,
6309,MD,CERTIFIED NURSE ANESTHETIST,F,
6310,MN,DERMATOPATHOLOGY,F,1979
6311,KS,GENERAL SURGERY,M,1980
6312,GA,NURSE PRACTITIONER,F,
6313,MO,NURSE PRACTITIONER,F,
6314,SC,NURSE PRACTITIONER,F,
6315,SC,NURSE PRACTITIONER,F,
6316,MN,OPTOMETRIST,F,1973
6317,NJ,EMERGENCY MEDICINE,M,1980
6318,NJ,INTERNAL MEDICINE,F,1983
6319,CA,NURSE PRACTITIONER,F,
6320,AK,PHYSICIAN ASSISTANT,F,1982
6321,NV,NURSE PRACTITIONER,F,
6322,NV,NURSE PRACTITIONER,F,
6323,MI,NURSE PRACTITIONER,F,
6324,MO,NURSE PRACTITIONER,F,
6325,NJ,PODIATRIST,F,
6326,MI,NURSE PRACTITIONER,F,
6327,NV,NURSE PRACTITIONER,F,
6328,IN,PEDIATRICS,F,1980
6329,AL,NURSE PRACTITIONER,F,
6330,TX,NURSE PRACTITIONER,F,1980
6331,OK,NURSE PRACTITIONER,F,1976
6332,MI,NURSE PRACTITIONER,F,
6333,MO,CERTIFIED NURSE ANESTHETIST,F,
6334,UT,NURSE PRACTITIONER,F,
6335,TX,NURSE PRACTITIONER,F,1989
6336,TX,NURSE PRACTITIONER,F,1978
6337,NV,NURSE PRACTITIONER,F,
6338,TX,NURSE PRACTITIONER,M,1984
6339,AZ,INTERVENTIONAL CARDIOLOGY,M,1981
6340,NV,NURSE PRACTITIONER,M,
6341,SC,NURSE PRACTITIONER,F,
6342,FL,INTERNAL MEDICINE,F,1957
6343,RI,DIAGNOSTIC RADIOLOGY,F,1980
6344,RI,FAMILY MEDICINE,M,1985
6345,FL,NEPHROLOGY,M,1981
6346,IN,PEDIATRIC RADIOLOGY,F,1981
6347,PA,PHYSICIAN ASSISTANT,F,
6348,FL,FAMILY MEDICINE,F,1982
6349,TX,FAMILY MEDICINE,F,1983
6350,TX,FAMILY MEDICINE,M,1981
6351,NY,INFECTIOUS DISEASE,F,1982
6352,FL,PEDIATRICS,F,1984
6353,VA,OPHTHALMOLOGY,M,1985
6354,FL,NEPHROLOGY,M,1979
6355,IL,NEPHROLOGY,M,1984
6356,CT,FAMILY MEDICINE,F,1986
6357,AL,CLINICAL CARDIAC ELECTROPHYSIOLOGY,M,1983
6358,CA,SPORTS MEDICINE (FAMILY MEDICINE),F,1984
6359,FL,NURSE PRACTITIONER,F,
6360,MI,CLINICAL SOCIAL WORKER,F,
6361,MN,ORAL & MAXILLOFACIAL SURGERY,M,1985
6362,NY,INTERNAL MEDICINE,F,1980
6363,AL,PULMONARY CRITICAL CARE MEDICINE,M,1984
6364,HI,EMERGENCY MEDICINE,M,1983
6365,FL,GASTROENTEROLOGY,M,1982
6366,IL,NURSE PRACTITIONER,F,1966
6367,FL,FAMILY MEDICINE,M,1983
6368,CA,FAMILY MEDICINE,F,1974
6369,TX,PULMONARY DISEASE,M,1976
6370,FL,INTERNAL MEDICINE,M,1979
6371,VA,"ENDOCRINOLOGY, DIABETES & METABOLISM",F,1985
6372,SD,PHYSICIAN ASSISTANT,F,1985
6373,WI,OBSTETRICS & GYNECOLOGY,M,1982
6374,AL,INTERVENTIONAL CARDIOLOGY,M,1986
6375,IL,HOSPITALIST,F,1980
6376,TX,PEDIATRICS,F,1982
6377,NY,PHYSICIAN ASSISTANT,F,1981
6378,NY,FAMILY MEDICINE,F,1982
6379,MI,NURSE PRACTITIONER,F,
6380,MN,HEMATOLOGY/ONCOLOGY,M,1983
6381,VA,ALLERGY & IMMUNOLOGY,M,1981
6382,HI,RADIATION ONCOLOGY,M,1984
6383,MN,PHYSICIAN ASSISTANT,F,1986
6384,NC,FAMILY MEDICINE,F,1984
6385,FL,HOSPITALIST,M,1983
6386,IA,DIAGNOSTIC RADIOLOGY,M,1979
6387,PA,INTERNAL MEDICINE,F,1983
6388,AR,FAMILY MEDICINE,F,1984
6389,MO,FAMILY MEDICINE,M,1976
6390,CA,FAMILY MEDICINE,M,1980
6391,NJ,PULMONARY CRITICAL CARE MEDICINE,M,1983
6392,MI,EMERGENCY MEDICINE,M,1984
6393,NJ,INTERNAL MEDICINE,F,1984
6394,ME,THORACIC SURGERY,M,1985
6395,SC,EMERGENCY MEDICINE,F,1983
6396,NY,ADDICTION PSYCHIATRY,M,1983
6397,TX,INTERNAL MEDICINE,F,1978
6398,MO,RHEUMATOLOGY,M,1986
6399,NY,INTERNAL MEDICINE,F,1979
6400,VT,NURSE PRACTITIONER,F,
6401,TN,EMERGENCY MEDICINE,M,1981
6402,MI,EMERGENCY MEDICINE,M,1981
6403,TX,FAMILY MEDICINE,F,1984
6404,TX,FAMILY MEDICINE,M,1983
6405,OR,NURSE PRACTITIONER,F,
6406,OH,GERIATRIC MEDICINE (INTERNAL MEDICINE),M,1983
6407,IL,INTERNAL MEDICINE,M,1982
6408,AZ,FAMILY MEDICINE,F,1985
6409,IL,EMERGENCY MEDICINE,F,1982
6410,FL,INTERNAL MEDICINE,F,1978
6411,MO,SLEEP MEDICINE,F,1984
6412,LA,OPHTHALMOLOGY,M,1985
6413,MA,NURSE PRACTITIONER,F,
6414,NY,EMERGENCY MEDICINE,F,1982
6415,NY,INTERVENTIONAL CARDIOLOGY,M,1985
6416,OH,NURSE PRACTITIONER,F,1982
6417,AZ,FAMILY MEDICINE,M,1982
6418,SC,NURSE PRACTITIONER,F,
6419,CA,GASTROENTEROLOGY,F,1985
6420,TX,PEDIATRIC RADIOLOGY,M,1981
6421,NJ,SPORTS MEDICINE (FAMILY MEDICINE),M,1983
6422,LA,NURSE PRACTITIONER,M,
6423,TX,FAMILY MEDICINE,M,1975
6424,WI,PHYSICIAN ASSISTANT,M,1986
6425,NJ,INFECTIOUS DISEASE,M,1984
6426,IN,FAMILY MEDICINE,M,1980
6427,MN,OTOLARYNGOLOGY,F,1984
6428,LA,VASCULAR & INTERVENTIONAL RADIOLOGY,M,1985
6429,SC,NURSE PRACTITIONER,F,
6430,GA,NURSE PRACTITIONER,F,
6431,NC,NURSE PRACTITIONER,F,
6432,SC,NURSE PRACTITIONER,F,
6433,TX,NURSE PRACTITIONER,F,1986
6434,KS,NURSE PRACTITIONER,F,
6435,TX,NURSE PRACTITIONER,F,1965
6436,IN,PHYSICIAN ASSISTANT,F,1961
6437,KS,NURSE PRACTITIONER,M,
6438,WA,NURSE PRACTITIONER,F,1987
6439,AL,NURSE PRACTITIONER,F,
6440,OK,NURSE PRACTITIONER,F,1978
6441,SC,NURSE PRACTITIONER,F,
6442,SC,NURSE PRACTITIONER,F,
6443,SC,NURSE PRACTITIONER,F,
6444,SC,NURSE PRACTITIONER,F,
6445,GA,NURSE PRACTITIONER,,
6446,VA,NURSE PRACTITIONER,F,
6447,KS,NURSE PRACTITIONER,M,1974
6448,CA,NURSE PRACTITIONER,F,
6449,MN,NURSE PRACTITIONER,F,1988
6450,MA,GASTROENTEROLOGY,M,1984
6451,TX,PSYCHIATRY,M,1981
6452,FL,RHEUMATOLOGY,M,1984
6453,KY,NURSE PRACTITIONER,F,
6454,VA,NURSE PRACTITIONER,F,
6455,PA,FAMILY MEDICINE,F,1981
6456,MS,NURSE PRACTITIONER,F,
6457,WA,NURSE PRACTITIONER,F,1976
6458,KY,NURSE PRACTITIONER,F,
6459,NC,EMERGENCY MEDICINE,F,1983
6460,MO,NURSE PRACTITIONER,F,
6461,CA,NEUROLOGY,M,1976
6462,MS,EMERGENCY MEDICINE,M,1985
6463,IN,NURSE PRACTITIONER,F,
6464,PA,FAMILY MEDICINE,F,1982
6465,WA,FAMILY MEDICINE,M,1975
6466,WV,INTERNAL MEDICINE,M,1982
6467,TX,NEPHROLOGY,M,1979
6468,OH,EMERGENCY MEDICINE,F,1983
6469,NJ,DIAGNOSTIC RADIOLOGY,M,1978
6470,TX,HOSPITALIST,F,1983
6471,NV,FAMILY MEDICINE,M,1976
6472,TN,INTERNAL MEDICINE,M,1978
6473,MA,INTERNAL MEDICINE,M,1981
6474,DC,PHYSICAL MEDICINE & REHABILITATION,M,1985
6475,MD,PHYSICIAN ASSISTANT,F,1987
6476,GA,INTERNAL MEDICINE,F,1975
6477,PA,EMERGENCY MEDICINE,F,1984
6478,PA,NEUROLOGICAL SURGERY,M,1981
6479,LA,RADIATION ONCOLOGY,M,1982
6480,MA,DIAGNOSTIC RADIOLOGY,M,1983
6481,IN,EMERGENCY MEDICINE,F,1983
6482,NC,TRANSPLANT SURGERY,M,1970
6483,MI,NURSE PRACTITIONER,F,
6484,NY,EMERGENCY MEDICINE,M,1983
6485,CA,GENERAL PRACTICE,M,1964
6486,KS,NURSE PRACTITIONER,F,
6487,FL,HOSPITALIST,M,1978
6488,CA,PHYSICIAN ASSISTANT,F,1980
6489,UT,DERMATOLOGY,M,1980
6490,TX,NURSE PRACTITIONER,M,1978
6491,NY,EMERGENCY MEDICINE,F,1969
6492,GA,INTERNAL MEDICINE,M,1980
6493,MN,INTERNAL MEDICINE,M,1981
6494,AZ,INTERNAL MEDICINE,M,1983
6495,MA,NURSE PRACTITIONER,F,
6496,CA,HOSPITALIST,M,1981
6497,TX,FAMILY MEDICINE,F,1979
6498,MI,CERTIFIED NURSE ANESTHETIST,F,
6499,NV,PHYSICIAN ASSISTANT,M,1971
6500,RI,NURSE PRACTITIONER,F,
6501,VA,NURSE PRACTITIONER,F,
6502,MI,NURSE PRACTITIONER,F,
6503,ID,NURSE PRACTITIONER,M,
6504,MI,NURSE PRACTITIONER,M,
6505,MI,NURSE PRACTITIONER,F,
6506,AL,NURSE PRACTITIONER,F,
6507,MI,CERTIFIED NURSE ANESTHETIST,F,
6508,MI,NURSE PRACTITIONER,F,
6509,TN,NURSE PRACTITIONER,F,
6510,ID,CLINICAL NURSE SPECIALIST,F,
6511,MI,NURSE PRACTITIONER,F,
6512,PA,CERTIFIED NURSE ANESTHETIST,F,
6513,PA,CERTIFIED NURSE ANESTHETIST,F,
6514,ND,NURSE PRACTITIONER,M,
6515,MD,NURSE PRACTITIONER,F,
6516,MI,NURSE PRACTITIONER,F,
6517,NJ,NURSE PRACTITIONER,F,
6518,MI,NURSE PRACTITIONER,F,
6519,FL,NURSE PRACTITIONER,F,
6520,MO,NURSE PRACTITIONER,F,
6521,MI,NURSE PRACTITIONER,F,
6522,NC,NURSE PRACTITIONER,F,1973
6523,PA,NURSE PRACTITIONER,F,
6524,PA,NURSE PRACTITIONER,F,
6525,AL,NURSE PRACTITIONER,M,
6526,FL,NURSE PRACTITIONER,,
6527,MI,NURSE PRACTITIONER,F,
6528,PA,NURSE PRACTITIONER,M,
6529,AZ,NURSE PRACTITIONER,F,
6530,PA,NURSE PRACTITIONER,M,
6531,NJ,NURSE PRACTITIONER,F,
6532,MI,NURSE PRACTITIONER,F,
6533,WA,NURSE PRACTITIONER,F,
6534,TX,EMERGENCY MEDICINE,M,1985
6535,IL,DERMATOLOGY,F,1981
6536,MD,DIAGNOSTIC RADIOLOGY,M,1987
6537,TX,DIAGNOSTIC RADIOLOGY,M,1984
6538,KY,FAMILY MEDICINE,F,1985
6539,PA,EMERGENCY MEDICINE,M,1984
6540,DE,ABDOMINAL RADIOLOGY,M,1986
6541,TX,EMERGENCY MEDICINE,F,1986
6542,MD,UROLOGY,M,1983
6543,FL,EMERGENCY MEDICINE,M,1981
6544,MN,HEMATOLOGY/ONCOLOGY,M,1981
6545,GA,INTERNAL MEDICINE,F,1967
6546,TN,PHYSICIAN ASSISTANT,F,
6547,TX,EMERGENCY MEDICINE,F,1985
6548,MO,DERMATOLOGY,M,1980
6549,HI,PEDIATRICS,F,1985
6550,CA,PEDIATRIC DERMATOLOGY,F,1985
6551,RI,EMERGENCY MEDICINE,F,1985
6552,OH,SPORTS MEDICINE (FAMILY MEDICINE),M,1985
6553,MN,INTERNAL MEDICINE,M,1979
6554,OH,PULMONARY CRITICAL CARE MEDICINE,F,1985
6555,TN,EMERGENCY MEDICINE,F,1984
6556,PA,CARDIOVASCULAR DISEASE,M,1984
6557,TN,FAMILY MEDICINE,F,1976
6558,IL,PEDIATRIC CARDIOLOGY,M,1982
6559,TX,CRITICAL CARE MEDICINE (ANESTHESIOLOGY),M,1972
6560,VA,RADIATION ONCOLOGY,F,1984
6561,CA,EMERGENCY MEDICINE,F,1985
6562,OH,DIAGNOSTIC RADIOLOGY,M,1985
6563,TX,FAMILY MEDICINE,F,1980
6564,NY,EMERGENCY MEDICINE,M,1983
6565,NY,PHYSICIAN ASSISTANT,M,1985
6566,KY,HOSPITALIST,M,1975
6567,MN,FAMILY MEDICINE,F,1984
6568,WA,UROLOGY,F,1984
6569,WA,PULMONARY CRITICAL CARE MEDICINE,M,1984
6570,NV,FAMILY MEDICINE,M,1973
6571,MN,PEDIATRICS,F,1984
6572,PA,CERTIFIED NURSE ANESTHETIST,M,1985
6573,MD,NURSE PRACTITIONER,F,
6574,CA,CARDIOVASCULAR DISEASE,M,1987
6575,MI,GENERAL SURGERY,M,1985
6576,AZ,DERMATOPATHOLOGY,M,1978
6577,AR,GASTROENTEROLOGY,M,1985
6578,RI,DERMATOLOGY,M,1986
6579,CA,NEUROLOGY,F,1984
6580,FL,EMERGENCY MEDICINE,F,1985
6581,GA,FAMILY MEDICINE,M,1985
6582,MO,HEMATOLOGY/ONCOLOGY,M,1986
6583,NM,ADULT CARDIOTHORACIC ANESTHESIOLOGY,M,1982
6584,CA,NEURORADIOLOGY,F,1982
6585,CA,OBSTETRICS & GYNECOLOGY,F,1977
6586,WI,EMERGENCY MEDICINE,F,1979
6587,OH,NURSE PRACTITIONER,F,1976
6588,NC,FAMILY MEDICINE,M,1981
6589,LA,EMERGENCY MEDICINE,M,1984
6590,FL,NURSE PRACTITIONER,F,
6591,WI,FAMILY MEDICINE,M,1980
6592,IL,OPHTHALMOLOGY,F,1983
6593,CA,FAMILY MEDICINE,F,1984
6594,NY,VASCULAR & INTERVENTIONAL RADIOLOGY,M,1985
6595,NV,NEPHROLOGY,M,1982
6596,FL,COLON & RECTAL SURGERY,M,1984
6597,MD,DIAGNOSTIC RADIOLOGY,M,
6598,MD,CHILD NEUROLOGY,M,1978
6599,NY,EMERGENCY MEDICINE,M,1982
6600,CA,GENERAL PREVENTIVE MEDICINE,F,1985
6601,CA,GASTROENTEROLOGY,M,1986
6602,MN,INTERNAL MEDICINE,M,1977
6603,NY,EMERGENCY MEDICINE,F,1982
6604,DE,NURSE PRACTITIONER,M,
6605,GA,OBSTETRICS & GYNECOLOGY,F,1983
6606,MI,EMERGENCY MEDICINE,F,1984
6607,CA,EMERGENCY MEDICINE,M,1982
6608,SC,GENERAL SURGERY,F,1985
6609,NJ,OBSTETRICS & GYNECOLOGY,F,1984
6610,VA,VASCULAR & INTERVENTIONAL RADIOLOGY,M,1986
6611,MI,NEUROMUSCULAR MEDICINE (NEUROLOGY),F,1985
6612,CA,INTERVENTIONAL CARDIOLOGY,M,1985
6613,GA,DIAGNOSTIC RADIOLOGY,M,1982
6614,NY,GENERAL SURGERY,F,1984
6615,NY,FAMILY MEDICINE,M,1984
6616,TN,NEUROLOGY,F,1985
6617,SD,DIAGNOSTIC RADIOLOGY,F,1985
6618,NJ,EMERGENCY MEDICINE,M,1985
6619,MD,EMERGENCY MEDICINE,M,1983
6620,AL,ANESTHESIOLOGY,M,1981
6621,MO,VASCULAR & INTERVENTIONAL RADIOLOGY,M,1985
6622,WA,INTERNAL MEDICINE,M,1984
6623,TX,EMERGENCY MEDICINE,F,1984
6624,MI,GENERAL SURGERY,F,1984
6625,FL,DERMATOPATHOLOGY,F,1984
6626,VA,HOSPITALIST,F,1985
6627,CA,EMERGENCY MEDICINE,M,1984
6628,CA,NEUROLOGY,M,1983
6629,GA,GERIATRIC MEDICINE (INTERNAL MEDICINE),M,1983
6630,MD,DIAGNOSTIC RADIOLOGY,M,1983
6631,IA,NURSE PRACTITIONER,M,
6632,FL,EMERGENCY MEDICINE,M,1981
6633,CA,EMERGENCY MEDICINE,F,1985
6634,WI,DIAGNOSTIC RADIOLOGY,M,1985
6635,FL,ANATOMIC/CLINICAL PATHOLOGY,F,1984
6636,AZ,NEUROLOGY,M,1984
6637,MN,DERMATOLOGY,F,1985
6638,MA,EMERGENCY MEDICINE,F,1985
6639,MN,EMERGENCY MEDICINE,M,1981
6640,NV,EMERGENCY MEDICINE,M,1985
6641,FL,INTERNAL MEDICINE,M,1981
6642,WI,FAMILY MEDICINE,F,1984
6643,MI,FAMILY MEDICINE,M,1983
6644,ME,PULMONARY CRITICAL CARE MEDICINE,M,1984
6645,CA,FACIAL PLASTIC SURGERY,F,1985
6646,FL,INTERNAL MEDICINE,F,1984
6647,OH,OTOLARYNGOLOGY,M,1985
6648,IN,NURSE PRACTITIONER,F,
6649,TX,EMERGENCY MEDICINE,M,1977
6650,CA,OPHTHALMOLOGY,M,1978
6651,MA,CARDIOVASCULAR DISEASE,M,1985
6652,OK,DIAGNOSTIC RADIOLOGY,M,1983
6653,IN,FAMILY MEDICINE,F,1984
6654,CA,EMERGENCY MEDICINE,F,1983
6655,VT,DERMATOPATHOLOGY,F,1980
6656,NJ,HOSPITALIST,F,1980
6657,CA,DIAGNOSTIC RADIOLOGY,M,1985
6658,TN,ANATOMIC/CLINICAL PATHOLOGY,M,1984
6659,FL,DERMATOLOGY,M,1985
6660,TX,NUCLEAR MEDICINE,M,1983
6661,FL,CARDIOVASCULAR DISEASE,M,1982
6662,PA,EMERGENCY MEDICINE,M,1984
6663,LA,FAMILY MEDICINE,M,1985
6664,TX,INTERNAL MEDICINE,M,1985
6665,CA,INTERNAL MEDICINE,F,1981
6666,TX,DIAGNOSTIC RADIOLOGY,M,1984
6667,TN,PEDIATRICS,F,1984
6668,AZ,EMERGENCY MEDICINE,F,1985
6669,AZ,NEUROLOGY,F,1983
6670,MD,DERMATOPATHOLOGY,M,1985
6671,FL,PEDIATRIC EMERGENCY MEDICINE (PEDIATRICS),F,1981
6672,CO,HEMATOLOGY (PATHOLOGY),F,1985
6673,FL,NURSE PRACTITIONER,F,1980
6674,CA,NURSE PRACTITIONER,F,
6675,NE,GENERAL SURGERY,F,1984
6676,CA,FAMILY MEDICINE,M,1979
6677,OH,INTERNAL MEDICINE,F,1977
6678,CA,NURSE PRACTITIONER,F,
6679,NE,NURSE PRACTITIONER,F,
6680,CA,NURSE PRACTITIONER,F,
6681,VA,NURSE PRACTITIONER,F,
6682,OH,GASTROENTEROLOGY,M,1983
6683,NE,CERTIFIED NURSE ANESTHETIST,F,
6684,VA,NURSE PRACTITIONER,F,
6685,VA,NURSE PRACTITIONER,M,
6686,OH,PHYSICIAN ASSISTANT,F,1975
6687,VA,NURSE PRACTITIONER,F,
6688,CO,EMERGENCY MEDICINE,F,1984
6689,TX,NURSE PRACTITIONER,F,1970
6690,FL,NURSE PRACTITIONER,F,
6691,WI,NURSE PRACTITIONER,F,
6692,TX,PHYSICIAN ASSISTANT,F,1968
6693,UT,EMERGENCY MEDICINE,F,1979
6694,NC,NURSE PRACTITIONER,F,
6695,GA,FAMILY MEDICINE,M,1983
6696,VA,NURSE PRACTITIONER,F,1971
6697,IL,CARDIOVASCULAR DISEASE,M,1986
6698,GA,PEDIATRICS,M,1985
6699,CO,NURSE PRACTITIONER,F,
6700,MD,EMERGENCY MEDICINE,M,1978
6701,TX,EMERGENCY MEDICINE,F,1984
6702,NY,SLEEP MEDICINE,F,1983
6703,KY,NURSE PRACTITIONER,F,
6704,HI,NURSE PRACTITIONER,F,
6705,FL,CARDIOVASCULAR DISEASE,M,1981
6706,WI,INTERNAL MEDICINE,F,1983
6707,IN,NURSE PRACTITIONER,F,
6708,OR,NURSE PRACTITIONER,M,
6709,AL,FAMILY MEDICINE,M,1967
6710,FL,PHYSICIAN ASSISTANT,M,1976
6711,NY,OPHTHALMOLOGY,F,1984
6712,OR,EMERGENCY MEDICINE,F,1982
6713,MD,NURSE PRACTITIONER,,
6714,NY,GASTROENTEROLOGY,M,1985
6715,FL,SPORTS MEDICINE (ORTHOPEDIC SURGERY),F,1985
6716,NV,EMERGENCY MEDICINE,F,1977
6717,FL,INTERVENTIONAL CARDIOLOGY,M,1987
6718,NY,EMERGENCY MEDICINE,F,1982
6719,WA,OBSTETRICS & GYNECOLOGY,F,1983
6720,FL,CARDIOVASCULAR DISEASE,M,1985
6721,AZ,PEDIATRIC EMERGENCY MEDICINE (PEDIATRICS),M,1985
6722,TX,PEDIATRICS,F,1981
6723,FL,PEDIATRIC OTOLARYNGOLOGY,F,1983
6724,OH,EMERGENCY MEDICINE,M,1984
6725,FL,FAMILY MEDICINE,M,1977
6726,MD,EMERGENCY MEDICINE,F,1978
6727,CO,DERMATOLOGY,F,1985
6728,GA,FAMILY MEDICINE,F,1982
6729,NY,EMERGENCY MEDICINE,M,1981
6730,MI,ANESTHESIOLOGY,M,1980
6731,OR,NURSE PRACTITIONER,F,
6732,MN,EMERGENCY MEDICINE,F,1984
6733,CA,INTERNAL MEDICINE,M,1985
6734,NY,OPHTHALMOLOGY,M,1983
6735,IN,INTERNAL MEDICINE,M,1978
6736,LA,NURSE PRACTITIONER,F,
6737,CA,NURSE PRACTITIONER,M,
6738,KY,INTERVENTIONAL CARDIOLOGY,M,1982
6739,TX,PAIN MEDICINE (ANESTHESIOLOGY),M,1976
6740,OH,PHYSICIAN ASSISTANT,F,1985
6741,AL,CARDIOVASCULAR DISEASE,M,1985
6742,WA,EMERGENCY MEDICINE,M,1982
6743,ID,FAMILY MEDICINE,M,1983
6744,CO,CARDIOVASCULAR DISEASE,F,1982
6745,IN,HOSPITALIST,F,1984
6746,NJ,GASTROENTEROLOGY,M,1982
6747,CA,INTERVENTIONAL CARDIOLOGY,F,1983
6748,MI,NEURORADIOLOGY,M,1982
6749,AL,EMERGENCY MEDICINE,F,1984
6750,MO,NURSE PRACTITIONER,F,
6751,MA,NURSE PRACTITIONER,F,
6752,MO,NURSE PRACTITIONER,F,
6753,OH,NURSE PRACTITIONER,F,
6754,IN,NURSE PRACTITIONER,F,
6755,TX,NURSE PRACTITIONER,,1976
6756,IN,NURSE PRACTITIONER,M,
6757,MA,NURSE PRACTITIONER,F,
6758,MO,CERTIFIED NURSE ANESTHETIST,F,
6759,MA,NURSE PRACTITIONER,F,
6760,IN,NURSE PRACTITIONER,F,
6761,KS,NURSE PRACTITIONER,F,
6762,AZ,NURSE PRACTITIONER,F,
6763,KS,NURSE PRACTITIONER,F,
6764,MO,NURSE PRACTITIONER,F,
6765,CO,NURSE PRACTITIONER,F,
6766,IN,NURSE PRACTITIONER,F,
6767,IN,NURSE PRACTITIONER,F,
6768,MO,NURSE PRACTITIONER,F,
6769,MO,CERTIFIED NURSE ANESTHETIST,F,
6770,NH,NURSE PRACTITIONER,F,
6771,KS,NURSE PRACTITIONER,F,
6772,MO,NURSE PRACTITIONER,F,
6773,OR,NURSE PRACTITIONER,F,
6774,MO,NURSE PRACTITIONER,F,
6775,MO,NURSE PRACTITIONER,F,
6776,NC,GASTROENTEROLOGY,M,1983
6777,MO,NURSE PRACTITIONER,F,
6778,NV,PHYSICIAN ASSISTANT,F,1985
6779,PA,SPORTS MEDICINE (PEDIATRICS),M,1982
6780,NY,PHYSICIAN ASSISTANT,F,1985
6781,NY,FAMILY MEDICINE,F,1987
6782,CA,PSYCHIATRY,M,1969
6783,VA,NURSE PRACTITIONER,F,
6784,IL,NURSE PRACTITIONER,F,
6785,MO,CERTIFIED NURSE ANESTHETIST,F,
6786,WI,PHYSICIAN ASSISTANT,F,1984
6787,NY,PHYSICIAN ASSISTANT,F,1984
6788,LA,NURSE PRACTITIONER,F,1973
6789,IN,NURSE PRACTITIONER,F,
6790,NV,PHYSICIAN ASSISTANT,F,1982
6791,AL,NURSE PRACTITIONER,F,
6792,FL,FAMILY MEDICINE,M,1976
6793,AL,NURSE PRACTITIONER,F,
6794,NJ,NEPHROLOGY,M,1983
6795,SC,CERTIFIED NURSE ANESTHETIST,F,
6796,PA,UNDERSEAS MEDICINE (EMERGENCY MEDICINE),F,1982
6797,FL,PSYCHIATRY,F,1971
6798,IL,NURSE PRACTITIONER,F,
6799,MI,PHYSICIAN ASSISTANT,F,1983
6800,ND,NURSE PRACTITIONER,F,
6801,CA,FAMILY MEDICINE,F,1979
6802,TX,PHYSICIAN ASSISTANT,F,1986
6803,FL,INTERNAL MEDICINE,F,1987
6804,FL,NURSE PRACTITIONER,F,
6805,AL,NEPHROLOGY,F,1984
6806,AZ,PHYSICIAN ASSISTANT,F,1986
6807,FL,INTERNAL MEDICINE,M,1977
6808,IL,PHYSICIAN ASSISTANT,F,1984
6809,IL,NURSE PRACTITIONER,F,
6810,SC,PEDIATRIC CRITICAL CARE MEDICINE,M,1972
6811,TX,PHYSICIAN ASSISTANT,F,1984
6812,TX,NURSE PRACTITIONER,F,1984
6813,IL,NURSE PRACTITIONER,F,
6814,IN,NURSE PRACTITIONER,F,
6815,IL,NURSE PRACTITIONER,M,
6816,DC,NURSE PRACTITIONER,,
6817,OK,NURSE PRACTITIONER,F,1975
6818,MN,NURSE PRACTITIONER,F,1984
6819,MI,NURSE PRACTITIONER,F,
6820,OK,NURSE PRACTITIONER,F,1981
6821,MN,NURSE PRACTITIONER,F,1981
6822,IN,NURSE PRACTITIONER,F,
6823,IL,NURSE PRACTITIONER,F,
6824,KS,CLINICAL SOCIAL WORKER,F,
6825,IL,NURSE PRACTITIONER,,
6826,MO,NURSE PRACTITIONER,F,
6827,OK,NURSE PRACTITIONER,F,1980
6828,IN,NURSE PRACTITIONER,M,
6829,TX,NURSE PRACTITIONER,F,1977
6830,IL,NURSE PRACTITIONER,F,
6831,NV,NURSE PRACTITIONER,F,1988
6832,IL,NURSE PRACTITIONER,M,
6833,MN,NURSE PRACTITIONER,F,1987
6834,FL,NURSE PRACTITIONER,F,
6835,IL,NURSE PRACTITIONER,F,
6836,NJ,NURSE PRACTITIONER,F,1977
6837,OK,NURSE PRACTITIONER,F,1972
6838,IL,NURSE PRACTITIONER,F,
6839,TX,NURSE PRACTITIONER,F,1978
6840,IL,CLINICAL SOCIAL WORKER,F,
6841,ND,NURSE PRACTITIONER,F,1976
6842,CA,PHYSICIAN ASSISTANT,F,1975
6843,MN,NURSE PRACTITIONER,F,1988
6844,IL,NURSE PRACTITIONER,F,
6845,IL,NURSE PRACTITIONER,F,
6846,IN,NURSE PRACTITIONER,M,
6847,IL,CLINICAL SOCIAL WORKER,F,
6848,IL,NURSE PRACTITIONER,F,
6849,IL,NURSE PRACTITIONER,F,
6850,IL,NURSE PRACTITIONER,,
6851,CA,PSYCHOLOGY,M,
6852,IL,NURSE PRACTITIONER,F,
6853,CA,LICENSED PRACTICAL NURSE,F,
6854,IN,NURSE PRACTITIONER,F,
6855,IL,NURSE PRACTITIONER,F,
6856,NJ,"ENDOCRINOLOGY, DIABETES & METABOLISM",F,1976
6857,MN,NURSE PRACTITIONER,F,1980
6858,NE,NURSE PRACTITIONER,F,
6859,MI,NURSE PRACTITIONER,,
6860,CO,NURSE PRACTITIONER,F,
6861,MN,NURSE PRACTITIONER,M,1978
6862,OK,NURSE PRACTITIONER,M,1973
6863,CT,PHYSICIAN ASSISTANT,F,1982
6864,OK,NURSE PRACTITIONER,F,1984
6865,IN,NURSE PRACTITIONER,F,
6866,TX,NURSE PRACTITIONER,,
6867,MN,NURSE PRACTITIONER,F,1976
6868,IL,NURSE PRACTITIONER,F,
6869,NY,NURSE PRACTITIONER,F,
6870,IL,NURSE PRACTITIONER,F,
6871,IL,NURSE PRACTITIONER,F,
6872,CA,ANATOMIC/CLINICAL PATHOLOGY,F,1973
6873,IN,NURSE PRACTITIONER,F,
6874,VA,PEDIATRICS,F,1988
6875,MS,INTERNAL MEDICINE,M,1979
6876,PA,PHYSICIAN ASSISTANT,M,1974
6877,PR,GENERAL PRACTICE,M,
6878,NY,NURSE PRACTITIONER,,
6879,TX,CLINICAL SOCIAL WORKER,F,
6880,MI,CERTIFIED NURSE ANESTHETIST,F,
6881,LA,NURSE PRACTITIONER,F,
6882,OH,EMERGENCY MEDICINE,M,1975
6883,FL,NURSE PRACTITIONER,F,
6884,TX,EMERGENCY MEDICINE,M,1982
6885,AZ,DIAGNOSTIC RADIOLOGY,M,1987
6886,GA,PODIATRIST,F,
6887,AZ,FAMILY MEDICINE,F,1984
6888,TX,NEPHROLOGY,M,1976
6889,CA,ANATOMIC/CLINICAL PATHOLOGY,F,1979
6890,WY,NURSE PRACTITIONER,F,
6891,NJ,NURSE PRACTITIONER,F,
6892,SC,NURSE PRACTITIONER,F,
6893,NJ,NURSE PRACTITIONER,F,
6894,FL,NURSE PRACTITIONER,F,
6895,MD,CLINICAL SOCIAL WORKER,F,
6896,FL,EMERGENCY MEDICINE,F,1981
6897,WV,NURSE PRACTITIONER,F,1967
6898,WY,NURSE PRACTITIONER,F,
6899,NJ,NURSE PRACTITIONER,F,
6900,NJ,NURSE PRACTITIONER,F,
6901,NJ,NURSE PRACTITIONER,,
6902,MD,NURSE PRACTITIONER,F,1969
6903,MA,DERMATOPATHOLOGY,F,1971
6904,LA,NURSE PRACTITIONER,F,
6905,TX,NEURORADIOLOGY,M,1980
6906,LA,PHYSICIAN ASSISTANT,M,
6907,TN,NURSE PRACTITIONER,F,
6908,RI,INTERNAL MEDICINE,F,1981
6909,TX,EMERGENCY MEDICINE,M,1979
6910,CA,PHYSICIAN ASSISTANT,F,1980
6911,NJ,NURSE PRACTITIONER,,
6912,MA,DIAGNOSTIC RADIOLOGY,M,1978
6913,TX,OTOLARYNGOLOGY,M,1980
6914,TX,DIAGNOSTIC RADIOLOGY,F,1980
6915,OH,GASTROENTEROLOGY,M,1977
6916,IL,EMERGENCY MEDICINE,F,1980
6917,MO,INTERNAL MEDICINE,M,1980
6918,NY,DIAGNOSTIC RADIOLOGY,F,1975
6919,CA,FAMILY MEDICINE,F,1983
6920,CA,EMERGENCY MEDICINE,F,
6921,OH,NEUROLOGY,M,1984
6922,FL,PHYSICIAN ASSISTANT,F,1985
6923,DC,DERMATOLOGY,M,1958
6924,TN,NURSE PRACTITIONER,F,
6925,AZ,EMERGENCY MEDICINE,M,1980
6926,NV,DIAGNOSTIC RADIOLOGY,M,1973
6927,PA,CARDIOVASCULAR DISEASE,M,1979
6928,CO,INTERNAL MEDICINE,M,1984
6929,CA,FAMILY MEDICINE,F,1980
6930,NE,FAMILY MEDICINE,F,1984
6931,CA,EMERGENCY MEDICINE,F,1978
6932,TX,PHYSICIAN ASSISTANT,F,1979
6933,AZ,FAMILY MEDICINE,F,1982
6934,FL,PEDIATRICS,M,1986
6935,SC,FAMILY MEDICINE,M,1984
6936,GA,FAMILY MEDICINE,M,1981
6937,TN,OPHTHALMOLOGY,M,1982
6938,FL,FAMILY MEDICINE,M,1983
6939,PA,PHYSICIAN ASSISTANT,F,1986
6940,CA,NEPHROLOGY,F,1975
6941,MD,COLON & RECTAL SURGERY,M,1980
6942,TX,HEMATOLOGY (PATHOLOGY),M,1972
6943,MN,RADIATION ONCOLOGY,M,1980
6944,OK,DIAGNOSTIC RADIOLOGY,M,1974
6945,CA,INTERNAL MEDICINE,F,1976
6946,FL,CARDIOVASCULAR DISEASE,M,1979
6947,MT,PHYSICIAN ASSISTANT,F,1982
6948,NY,PHYSICIAN ASSISTANT,F,1984
6949,UT,UROLOGY,M,1980
6950,IL,EMERGENCY MEDICINE,M,1981
6951,CA,ANATOMIC/CLINICAL PATHOLOGY,F,1980
6952,NY,INTERNAL MEDICINE,M,1976
6953,IL,INTERNAL MEDICINE,M,1986
6954,FL,FAMILY MEDICINE,F,1988
6955,FL,RHEUMATOLOGY,F,1987
6956,PA,PHYSICAL MEDICINE & REHABILITATION,M,1985
6957,NY,PHYSICIAN ASSISTANT,F,1966
6958,TX,FAMILY MEDICINE,F,1979
6959,CA,FAMILY MEDICINE,M,1970
6960,NC,PHYSICIAN ASSISTANT,F,1983
6961,VA,EMERGENCY MEDICINE,M,1983
6962,MI,INTERNAL MEDICINE,M,1986
6963,TN,NURSE PRACTITIONER,F,
6964,PA,GASTROENTEROLOGY,M,1979
6965,ID,CARDIOVASCULAR DISEASE,M,1976
6966,KS,FAMILY MEDICINE,F,1982
6967,NY,INTERVENTIONAL CARDIOLOGY,F,1984
6968,TN,PEDIATRIC EMERGENCY MEDICINE (PEDIATRICS),M,1977
6969,OH,EMERGENCY MEDICINE,M,1967
6970,FL,NURSE PRACTITIONER,F,
6971,MI,VASCULAR & INTERVENTIONAL RADIOLOGY,M,1980
6972,CA,OPHTHALMOLOGY,M,1982
6973,MA,FAMILY MEDICINE,M,1980
6974,CA,FAMILY MEDICINE,M,1982
6975,AZ,PEDIATRICS,M,1983
6976,IL,GASTROENTEROLOGY,F,1980
6977,PA,EMERGENCY MEDICINE,M,1978
6978,MA,DIAGNOSTIC RADIOLOGY,F,1981
6979,TX,GENERAL SURGERY,M,1982
6980,NJ,INTERNAL MEDICINE,F,1987
6981,SC,INTERNAL MEDICINE,M,1987
6982,CA,CARDIOVASCULAR DISEASE,M,1982
6983,RI,"ENDOCRINOLOGY, DIABETES & METABOLISM",M,1974
6984,CA,INTERNAL MEDICINE,M,1979
6985,IN,ANATOMIC/CLINICAL PATHOLOGY,M,1981
6986,WI,CARDIOVASCULAR DISEASE,M,1965
6987,MI,EMERGENCY MEDICINE,M,1987
6988,PA,EMERGENCY MEDICINE,M,1978
6989,CA,NEUROLOGY,M,1975
6990,NH,FAMILY MEDICINE,F,1982
6991,FL,GENERAL SURGERY,M,1977
6992,AZ,PHYSICIAN ASSISTANT,M,1982
6993,GA,NURSE PRACTITIONER,F,1982
6994,CO,INTERNAL MEDICINE,M,1983
6995,CA,DIAGNOSTIC RADIOLOGY,F,1980
6996,NC,GASTROENTEROLOGY,F,1978
6997,OH,EMERGENCY MEDICINE,M,1982
6998,CA,DIAGNOSTIC RADIOLOGY,M,1980
6999,OH,DIAGNOSTIC RADIOLOGY,F,1981
7000,KY,CARDIOVASCULAR DISEASE,M,1983
7001,CA,EMERGENCY MEDICINE,F,1977
7002,WI,PULMONARY DISEASE,M,1983
7003,CA,DIAGNOSTIC RADIOLOGY,F,1984
7004,CA,DERMATOLOGY,M,1978
7005,MO,CARDIOVASCULAR DISEASE,M,1983
7006,MA,DIAGNOSTIC RADIOLOGY,M,1979
7007,CA,PEDIATRICS,M,1980
7008,NC,PHYSICIAN ASSISTANT,M,1980
7009,SC,EMERGENCY MEDICINE,F,1982
7010,FL,PLASTIC SURGERY,M,1983
7011,CO,EMERGENCY MEDICINE,M,1981
7012,CA,FAMILY MEDICINE,F,1978
7013,CA,DIAGNOSTIC RADIOLOGY,M,1978
7014,NY,PHYSICIAN ASSISTANT,F,1988
7015,NC,PHYSICIAN ASSISTANT,F,1983
7016,FL,INTERNAL MEDICINE,M,1983
7017,NY,INTERNAL MEDICINE,M,1982
7018,TX,PHYSICIAN ASSISTANT,F,1978
7019,CA,RHEUMATOLOGY,M,1975
7020,FL,DIAGNOSTIC RADIOLOGY,M,1980
7021,AZ,INTERNAL MEDICINE,F,1979
7022,GA,DIAGNOSTIC RADIOLOGY,M,1984
7023,FL,EMERGENCY MEDICINE,M,1979
7024,FL,INTERNAL MEDICINE,M,1977
7025,NJ,INTERNAL MEDICINE,F,1981
7026,IL,DIAGNOSTIC RADIOLOGY,M,1970
7027,AZ,GENERAL SURGERY,M,1984
7028,KY,INTERNAL MEDICINE,M,1983
7029,CA,FAMILY MEDICINE,M,1975
7030,FL,CARDIOVASCULAR DISEASE,F,1984
7031,NY,ANESTHESIOLOGY,F,1982
7032,TX,DIAGNOSTIC RADIOLOGY,M,1982
7033,OH,EMERGENCY MEDICINE,M,1982
7034,ME,CARDIOVASCULAR DISEASE,M,1981
7035,CT,PEDIATRICS,F,1984
7036,TX,PULMONARY CRITICAL CARE MEDICINE,M,1973
7037,CA,INTERVENTIONAL CARDIOLOGY,M,1985
7038,OH,PEDIATRICS,M,1980
7039,UT,DIAGNOSTIC RADIOLOGY,M,1978
7040,GA,EMERGENCY MEDICINE,F,1979
7041,DE,PEDIATRICS,M,1980
7042,FL,DERMATOLOGY,M,1982
7043,FL,CLINICAL CARDIAC ELECTROPHYSIOLOGY,M,1978
7044,OH,PLASTIC SURGERY,M,1981
7045,TX,FAMILY MEDICINE,F,1981
7046,NY,RADIOLOGY,M,1977
7047,GA,EMERGENCY MEDICINE,F,1968
7048,IN,PHYSICIAN ASSISTANT,F,1979
7049,SC,INTERNAL MEDICINE,F,1987
7050,TX,ANESTHESIOLOGY,F,1981
7051,OH,DIAGNOSTIC RADIOLOGY,M,1974
7052,MN,INTERNAL MEDICINE,F,1975
7053,CA,ANATOMIC/CLINICAL PATHOLOGY,F,1980
7054,CA,FAMILY MEDICINE,F,1984
7055,TX,INTERNAL MEDICINE,M,1983
7056,CA,SPORTS MEDICINE (FAMILY MEDICINE),F,1971
7057,AZ,HOSPITALIST,M,1982
7058,TX,NEURORADIOLOGY,M,1975
7059,FL,INTERNAL MEDICINE,M,1984
7060,OH,PEDIATRIC RADIOLOGY,F,1974
7061,TN,FAMILY MEDICINE,M,1981
7062,CA,SPORTS MEDICINE (FAMILY MEDICINE),M,1970
7063,VA,EMERGENCY MEDICINE,M,1976
7064,MS,ANATOMIC/CLINICAL PATHOLOGY,M,1981
7065,AZ,EMERGENCY MEDICINE,M,1976
7066,OH,INTERVENTIONAL CARDIOLOGY,M,1980
7067,FL,CYTOPATHOLOGY,F,1973
7068,MD,INTERNAL MEDICINE,M,1977
7069,DC,HAND SURGERY (ORTHOPEDICS),M,1979
7070,NY,PEDIATRICS,F,1975
7071,OH,OBSTETRICS & GYNECOLOGY,F,1982
7072,TX,ANATOMIC/CLINICAL PATHOLOGY,M,1979
7073,LA,PEDIATRICS,M,1974
7074,MI,ANATOMIC/CLINICAL PATHOLOGY,M,1979
7075,NV,PEDIATRICS,M,1981
7076,FL,HOSPITALIST,M,1979
7077,TX,ANATOMIC/CLINICAL PATHOLOGY,M,1976
7078,FL,PEDIATRICS,M,1966
7079,TX,DIAGNOSTIC RADIOLOGY,M,1977
7080,IL,NEURORADIOLOGY,M,1975
7081,CA,ANATOMIC/CLINICAL PATHOLOGY,M,1976
7082,TX,FAMILY MEDICINE,M,1982
7083,NY,EMERGENCY MEDICINE,M,1980
7084,CA,PHYSICIAN ASSISTANT,F,1982
7085,TN,DIAGNOSTIC RADIOLOGY,M,1983
7086,MI,OBSTETRICS & GYNECOLOGY,F,1981
7087,FL,PHYSICAL MEDICINE & REHABILITATION,F,1980
7088,TX,HOSPITALIST,M,1975
7089,CA,FAMILY MEDICINE,M,1977
7090,KS,VASCULAR SURGERY,M,1979
7091,PA,DIAGNOSTIC RADIOLOGY,M,1976
7092,VA,HEMATOLOGY/ONCOLOGY,M,1980
7093,MN,FAMILY MEDICINE,F,1969
7094,TX,FAMILY MEDICINE,M,1975
7095,IL,INTERVENTIONAL CARDIOLOGY,M,1979
7096,FL,FAMILY MEDICINE,M,1969
7097,KY,INTERNAL MEDICINE,M,1973
7098,CA,FAMILY MEDICINE,F,1977
7099,NC,EMERGENCY MEDICINE,M,1975
7100,MN,CARDIOVASCULAR DISEASE,M,1978
7101,MI,EMERGENCY MEDICINE,M,1984
7102,FL,EMERGENCY MEDICINE,M,1982
7103,CA,CARDIOVASCULAR DISEASE,M,1979
7104,FL,CARDIOVASCULAR DISEASE,M,1974
7105,TX,UROLOGY,M,1981
7106,TX,PEDIATRICS,M,1975
7107,PA,EMERGENCY MEDICINE,F,1982
7108,IL,GENERAL SURGERY,M,1977
7109,NJ,INTERNAL MEDICINE,F,1978
7110,OH,DIAGNOSTIC RADIOLOGY,F,1980
7111,FL,HOSPITALIST,F,1981
7112,NY,EMERGENCY MEDICINE,F,1969
7113,CO,INTERNAL MEDICINE,M,1983
7114,PA,EMERGENCY MEDICINE,M,1982
7115,MO,RADIATION ONCOLOGY,F,1978
7116,MD,EMERGENCY MEDICINE,F,1979
7117,CA,GENERAL SURGERY,M,1981
7118,TX,DERMATOLOGY,F,1980
7119,FL,CARDIOVASCULAR DISEASE,M,1973
7120,CA,FAMILY MEDICINE,F,1976
7121,WA,FAMILY MEDICINE,M,1966
7122,GA,GASTROENTEROLOGY,M,1979
7123,CA,INTERNAL MEDICINE,M,1971
7124,PA,FAMILY MEDICINE,M,1972
7125,IL,NEPHROLOGY,M,1981
7126,NJ,OBSTETRICS & GYNECOLOGY,F,1978
7127,TX,NEUROLOGICAL SURGERY,M,1974
7128,CA,FAMILY MEDICINE,F,1978
7129,MI,ANATOMIC/CLINICAL PATHOLOGY,M,1963
7130,LA,FAMILY MEDICINE,M,1969
7131,PA,DERMATOLOGY,M,1981
7132,FL,INTERNAL MEDICINE,M,1974
7133,CA,FAMILY MEDICINE,M,1982
7134,FL,EMERGENCY MEDICINE,F,1976
7135,VA,ANATOMIC/CLINICAL PATHOLOGY,M,1980
7136,CA,FAMILY MEDICINE,M,1974
7137,SC,CARDIOVASCULAR DISEASE,M,1979
7138,AZ,DIAGNOSTIC RADIOLOGY,M,1978
7139,CA,EMERGENCY MEDICINE,F,1985
7140,MD,EMERGENCY MEDICINE,F,1980
7141,NY,INTERNAL MEDICINE/EMERGENCY MEDICINE,M,1978
7142,IN,DIAGNOSTIC RADIOLOGY,M,1980
7143,TX,EMERGENCY MEDICINE,M,1981
7144,VA,HEMATOLOGY/ONCOLOGY,M,1978
7145,OH,NURSE PRACTITIONER,M,
7146,GA,FAMILY MEDICINE,M,1972
7147,TN,EMERGENCY MEDICINE,M,1974
7148,TN,GENERAL SURGERY,M,1981
7149,VA,NEUROLOGICAL SURGERY,M,1980
7150,IL,CARDIOVASCULAR DISEASE,M,1980
7151,FL,INTERNAL MEDICINE,M,1965
7152,CT,INTERNAL MEDICINE,M,1979
7153,OR,INTERNAL MEDICINE,F,1979
7154,TN,FAMILY MEDICINE,M,1980
7155,FL,GENERAL SURGERY,F,1978
7156,CA,EMERGENCY MEDICINE,F,1978
7157,CA,DIAGNOSTIC RADIOLOGY,F,1968
7158,FL,FAMILY MEDICINE,M,1969
7159,NM,RADIATION ONCOLOGY,M,1979
7160,NY,CARDIOVASCULAR DISEASE,M,1983
7161,NJ,ANESTHESIOLOGY,M,1973
7162,PA,NEPHROLOGY,M,1983
7163,TX,EMERGENCY MEDICINE,M,1979
7164,KY,INTERNAL MEDICINE,F,1984
7165,LA,ANATOMIC/CLINICAL PATHOLOGY,F,1981
7166,TX,EMERGENCY MEDICINE,M,1983
7167,FL,INTERNAL MEDICINE,M,1975
7168,CO,DIAGNOSTIC RADIOLOGY,M,1978
7169,MI,FAMILY MEDICINE,F,1977
7170,CO,FAMILY MEDICINE,M,1981
7171,NV,INTERVENTIONAL CARDIOLOGY,M,1983
7172,TX,FAMILY MEDICINE,F,1957
7173,NY,GENERAL SURGERY,F,1969
7174,FL,GENERAL SURGERY,M,1980
7175,TN,CARDIOVASCULAR DISEASE,M,1979
7176,PA,FAMILY MEDICINE,F,1978
7177,OR,CARDIOVASCULAR DISEASE,F,1983
7178,VA,RADIOLOGY,M,1979
7179,OH,NURSE PRACTITIONER,F,
7180,OH,NURSE PRACTITIONER,F,1984
7181,OH,NURSE PRACTITIONER,F,
7182,OH,NURSE PRACTITIONER,F,1965
7183,OH,NURSE PRACTITIONER,F,1982
7184,OH,NURSE PRACTITIONER,F,1983
7185,OH,NURSE PRACTITIONER,F,1963
7186,OH,NURSE PRACTITIONER,F,1976
7187,OH,NURSE PRACTITIONER,F,
7188,OH,NURSE PRACTITIONER,F,
7189,NJ,NURSE PRACTITIONER,F,
7190,OH,NURSE PRACTITIONER,F,1959
7191,OH,NURSE PRACTITIONER,F,1986
7192,NJ,NURSE PRACTITIONER,F,
7193,OH,NURSE PRACTITIONER,F,
7194,OH,NURSE PRACTITIONER,F,1977
7195,OH,NURSE PRACTITIONER,F,
7196,OH,NURSE PRACTITIONER,F,1960
7197,OH,NURSE PRACTITIONER,,
7198,PA,NURSE PRACTITIONER,F,
7199,PA,NURSE PRACTITIONER,F,
7200,PA,NURSE PRACTITIONER,F,
7201,OH,REGISTERED NURSE,F,
7202,DE,NURSE PRACTITIONER,F,
7203,OH,NURSE PRACTITIONER,,
7204,OH,NURSE PRACTITIONER,F,
7205,AZ,CERTIFIED NURSE ANESTHETIST,M,
7206,PA,NURSE PRACTITIONER,F,
7207,OH,NURSE PRACTITIONER,F,1987
7208,OH,NURSE PRACTITIONER,F,
7209,NC,NURSE PRACTITIONER,F,
7210,FL,NURSE PRACTITIONER,F,1979
7211,OH,NURSE PRACTITIONER,F,1969
7212,OH,NURSE PRACTITIONER,F,1981
7213,OH,NURSE PRACTITIONER,,
7214,OH,NURSE PRACTITIONER,F,1986
7215,OH,NURSE PRACTITIONER,F,1985
7216,OH,NURSE PRACTITIONER,F,1985
7217,OH,NURSE PRACTITIONER,,
7218,OH,NURSE PRACTITIONER,F,1972
7219,FL,NURSE PRACTITIONER,F,1984
7220,FL,FAMILY MEDICINE,M,1967
7221,OH,NURSE PRACTITIONER,F,1970
7222,TX,"ENDOCRINOLOGY, DIABETES & METABOLISM",M,1982
7223,MD,PHYSICIAN ASSISTANT,M,1984
7224,TX,CARDIOVASCULAR DISEASE,F,1981
7225,TX,NURSE PRACTITIONER,F,1981
7226,IL,PSYCHIATRY,M,1967
7227,TX,EMERGENCY MEDICINE,M,1976
7228,TX,EMERGENCY MEDICINE,F,1978
7229,SC,NURSE PRACTITIONER,F,
7230,FL,NEPHROLOGY,M,1983
7231,CT,PHYSICIAN ASSISTANT,F,1987
7232,NY,CARDIOVASCULAR DISEASE,M,1984
7233,CA,CERTIFIED NURSE ANESTHETIST,F,
7234,TX,NURSE PRACTITIONER,F,1975
7235,FL,FAMILY MEDICINE,F,1979
7236,MI,GASTROENTEROLOGY,F,1983
7237,AZ,NURSE PRACTITIONER,F,
7238,OR,PHYSICIAN ASSISTANT,F,1979
7239,FL,ANATOMIC/CLINICAL PATHOLOGY,F,1983
7240,FL,GENERAL PRACTICE,M,
7241,CA,NURSE PRACTITIONER,F,
7242,TN,NURSE PRACTITIONER,F,
7243,TX,DIAGNOSTIC RADIOLOGY,M,1984
7244,AZ,NURSE PRACTITIONER,F,
7245,TX,NURSE PRACTITIONER,F,1986
7246,TX,NURSE PRACTITIONER,M,1975
7247,OK,NURSE PRACTITIONER,F,1979
7248,WI,NURSE PRACTITIONER,F,1984
7249,CA,CERTIFIED NURSE ANESTHETIST,F,
7250,CA,NURSE PRACTITIONER,F,
7251,CA,NURSE PRACTITIONER,M,
7252,TX,NURSE PRACTITIONER,F,1987
7253,TX,CERTIFIED NURSE ANESTHETIST,F,1982
7254,TX,NURSE PRACTITIONER,F,
7255,CA,NURSE PRACTITIONER,F,
7256,AZ,NURSE PRACTITIONER,F,
7257,AZ,NURSE PRACTITIONER,F,
7258,LA,NURSE PRACTITIONER,F,1968
7259,CA,NURSE PRACTITIONER,F,
7260,TX,NURSE PRACTITIONER,F,1978
7261,LA,NURSE PRACTITIONER,F,
7262,TX,NURSE PRACTITIONER,F,1979
7263,AZ,NURSE PRACTITIONER,M,
7264,TX,NURSE PRACTITIONER,F,1987
7265,TX,NURSE PRACTITIONER,F,1980
7266,MO,NURSE PRACTITIONER,F,
7267,TX,NURSE PRACTITIONER,F,1958
7268,CA,NURSE PRACTITIONER,M,1983
7269,TX,NURSE PRACTITIONER,F,1970
7270,CA,NURSE PRACTITIONER,F,
7271,TX,NURSE PRACTITIONER,F,1976
7272,TX,NURSE PRACTITIONER,M,1972
7273,TX,NURSE PRACTITIONER,F,1967
7274,KY,CERTIFIED NURSE ANESTHETIST,M,
7275,CA,NURSE PRACTITIONER,F,
7276,IL,NURSE PRACTITIONER,F,
7277,CA,NURSE PRACTITIONER,F,
7278,TX,NURSE PRACTITIONER,F,1977
7279,CA,NURSE PRACTITIONER,,
7280,TX,NURSE PRACTITIONER,F,1985
7281,CA,NURSE PRACTITIONER,M,
7282,TX,CERTIFIED NURSE ANESTHETIST,F,1980
7283,TX,NURSE PRACTITIONER,F,1986
7284,TX,NURSE PRACTITIONER,M,1970
7285,TX,NURSE PRACTITIONER,F,1971
7286,KY,NURSE PRACTITIONER,F,
7287,TX,NURSE PRACTITIONER,M,1984
7288,TX,NURSE PRACTITIONER,F,1978
7289,TX,NURSE PRACTITIONER,F,1978
7290,VA,NURSE PRACTITIONER,F,
7291,KY,CERTIFIED NURSE ANESTHETIST,F,
7292,TX,NURSE PRACTITIONER,F,1965
7293,CA,NURSE PRACTITIONER,M,
7294,OR,NURSE PRACTITIONER,F,1985
7295,CT,NURSE PRACTITIONER,F,
7296,TN,NURSE PRACTITIONER,,
7297,TX,NURSE PRACTITIONER,F,1976
7298,TX,NURSE PRACTITIONER,F,1983
7299,CA,NURSE PRACTITIONER,M,
7300,CO,NURSE PRACTITIONER,F,1985
7301,CA,EMERGENCY MEDICINE,M,1984
7302,CA,NURSE PRACTITIONER,F,
7303,TX,NURSE PRACTITIONER,F,1969
7304,AZ,NURSE PRACTITIONER,F,
7305,FL,PHYSICIAN ASSISTANT,F,1981
7306,FL,NURSE PRACTITIONER,M,1976
7307,TX,NURSE PRACTITIONER,F,1986
7308,TX,NURSE PRACTITIONER,F,1978
7309,CA,NURSE PRACTITIONER,,
7310,CA,NURSE PRACTITIONER,F,
7311,TX,NURSE PRACTITIONER,F,1982
7312,CA,NURSE PRACTITIONER,F,
7313,TX,NURSE PRACTITIONER,F,1975
7314,TX,NURSE PRACTITIONER,,1969
7315,CT,NURSE PRACTITIONER,M,
7316,CT,NURSE PRACTITIONER,F,
7317,AZ,NURSE PRACTITIONER,M,
7318,KY,NURSE PRACTITIONER,F,
7319,AZ,NURSE PRACTITIONER,F,1959
7320,CA,NURSE PRACTITIONER,F,
7321,TX,NURSE PRACTITIONER,F,1976
7322,TX,CERTIFIED NURSE ANESTHETIST,M,1987
7323,NV,NURSE PRACTITIONER,F,
7324,TX,CERTIFIED NURSE ANESTHETIST,F,1985
7325,CO,NURSE PRACTITIONER,F,
7326,AZ,NURSE PRACTITIONER,F,1969
7327,TX,NURSE PRACTITIONER,F,1984
7328,NV,CERTIFIED NURSE ANESTHETIST,M,1984
7329,TX,CERTIFIED NURSE ANESTHETIST,M,1980
7330,TX,NURSE PRACTITIONER,M,1975
7331,AZ,NURSE PRACTITIONER,F,
7332,TX,NURSE PRACTITIONER,F,1985
7333,TX,NURSE PRACTITIONER,F,1984
7334,TX,NURSE PRACTITIONER,F,1984
7335,TX,NURSE PRACTITIONER,F,1976
7336,TX,NURSE PRACTITIONER,F,1976
7337,AZ,NURSE PRACTITIONER,F,
7338,IL,NURSE PRACTITIONER,,
7339,CA,NURSE PRACTITIONER,F,
7340,TX,NURSE PRACTITIONER,M,1967
7341,CA,CERTIFIED NURSE ANESTHETIST,F,
7342,TN,DERMATOPATHOLOGY,F,1978
7343,MN,CERTIFIED NURSE ANESTHETIST,F,1981
7344,TN,NURSE PRACTITIONER,F,1988
7345,TX,NURSE PRACTITIONER,F,1970
7346,TX,NURSE PRACTITIONER,F,1980
7347,TX,NURSE PRACTITIONER,,1987
7348,AZ,NURSE PRACTITIONER,M,
7349,TX,NURSE PRACTITIONER,F,1985
7350,WA,NURSE PRACTITIONER,F,
7351,KY,NURSE PRACTITIONER,F,
7352,TX,NURSE PRACTITIONER,F,1974
7353,KY,NURSE PRACTITIONER,F,
7354,TX,NURSE PRACTITIONER,F,1969
7355,CA,NURSE PRACTITIONER,F,
7356,CA,NURSE PRACTITIONER,M,
7357,CA,NURSE PRACTITIONER,M,
7358,TX,NURSE PRACTITIONER,F,1979
7359,CA,PHYSICIAN ASSISTANT,M,1968
7360,TX,NURSE PRACTITIONER,,
7361,NV,NURSE PRACTITIONER,M,1960
7362,TX,NURSE PRACTITIONER,F,1966
7363,TX,NURSE PRACTITIONER,,1980
7364,TX,NURSE PRACTITIONER,M,1977
7365,TX,NURSE PRACTITIONER,F,1983
7366,CT,NURSE PRACTITIONER,F,
7367,CA,NURSE PRACTITIONER,F,
7368,CA,NURSE PRACTITIONER,,
7369,CT,NURSE PRACTITIONER,F,
7370,TX,NURSE PRACTITIONER,F,1974
7371,LA,EMERGENCY MEDICINE,F,1982
7372,MI,CLINICAL CARDIAC ELECTROPHYSIOLOGY,M,1979
7373,VA,INTERNAL MEDICINE,F,1984
7374,IA,DIAGNOSTIC RADIOLOGY,M,1984
7375,FL,GENERAL SURGERY,M,1988
7376,KY,NURSE PRACTITIONER,F,
7377,WI,FAMILY MEDICINE,F,1987
7378,SC,ANATOMIC/CLINICAL PATHOLOGY,F,1985
7379,TX,NURSE PRACTITIONER,F,1985
7380,PA,NURSE PRACTITIONER,F,
7381,TX,UROLOGY,M,1980
7382,RI,NURSE PRACTITIONER,,1969
7383,TX,NURSE PRACTITIONER,F,1972
7384,PA,NEPHROLOGY,F,1980
7385,PA,INTERNAL MEDICINE,M,1980
7386,AZ,GASTROENTEROLOGY,M,1986
7387,OK,GASTROENTEROLOGY,M,1987
7388,VA,FAMILY MEDICINE,F,1987
7389,NE,FAMILY MEDICINE,F,1985
7390,SC,NURSE PRACTITIONER,F,
7391,CO,FAMILY MEDICINE,F,1988
7392,OH,NEUROLOGY,M,1986
7393,AZ,DIAGNOSTIC RADIOLOGY,F,1987
7394,WA,NURSE PRACTITIONER,M,
7395,FL,EMERGENCY MEDICINE,F,1978
7396,FL,EMERGENCY MEDICINE,F,1982
7397,PA,UROLOGY,M,1988
7398,MI,DERMATOLOGY,F,1986
7399,RI,CLINICAL NEUROPHYSIOLOGY,F,1977
7400,VA,PHYSICIAN ASSISTANT,F,1974
7401,WA,NURSE PRACTITIONER,F,1984
7402,MI,CARDIOVASCULAR DISEASE,M,1980
7403,OH,PHYSICIAN ASSISTANT,M,1974
7404,OH,PSYCHIATRY,F,1975
7405,NY,"STUDENT, HEALTH CARE",M,1987
7406,AZ,NURSE PRACTITIONER,F,
7407,PA,EMERGENCY MEDICINE,M,1984
7408,MN,EMERGENCY MEDICINE,F,1984
7409,MO,NEUROLOGY,F,1984
7410,LA,NURSE PRACTITIONER,F,
7411,FL,INTERNAL MEDICINE,M,1964
7412,GA,NEPHROLOGY,F,1979
7413,KY,NURSE PRACTITIONER,F,
7414,TX,PHYSICIAN ASSISTANT,M,1985
7415,MI,EMERGENCY MEDICINE,M,1987
7416,AZ,CARDIOVASCULAR DISEASE,M,1981
7417,RI,DIAGNOSTIC RADIOLOGY,M,1978
7418,NV,HOSPITALIST,M,1978
7419,OH,INTERNAL MEDICINE/PEDIATRICS,M,1980
7420,CO,ANATOMIC/CLINICAL PATHOLOGY,F,1988
7421,IA,EMERGENCY MEDICINE,M,1986
7422,TX,INTERNAL MEDICINE,M,1986
7423,OH,FAMILY MEDICINE,M,1963
7424,SC,FAMILY MEDICINE,M,1983
7425,TN,EMERGENCY MEDICINE,F,1972
7426,CA,CLINICAL SOCIAL WORKER,F,
7427,VA,NURSE PRACTITIONER,F,
7428,MO,NURSE PRACTITIONER,F,
7429,CA,CLINICAL SOCIAL WORKER,F,
7430,CA,CLINICAL SOCIAL WORKER,F,
7431,VA,NURSE PRACTITIONER,F,1975
7432,CA,CLINICAL SOCIAL WORKER,M,
7433,ME,NURSE PRACTITIONER,F,1979
7434,MS,FAMILY MEDICINE,M,1967
7435,WI,CLINICAL SOCIAL WORKER,M,
7436,TX,"ENDOCRINOLOGY, DIABETES & METABOLISM",M,1981
7437,CA,NURSE PRACTITIONER,F,
7438,LA,NURSE PRACTITIONER,F,
7439,CA,FAMILY MEDICINE,F,1985
7440,CA,FAMILY MEDICINE,F,1974
7441,KY,CARDIOVASCULAR DISEASE,M,1984
7442,KY,NURSE PRACTITIONER,F,
7443,WA,PHYSICIAN ASSISTANT,F,1983
7444,AK,NURSE PRACTITIONER,F,
7445,GA,HOSPITALIST,M,1984
7446,CA,CLINICAL SOCIAL WORKER,F,
7447,NJ,INTERNAL MEDICINE,M,1984
7448,OH,PHYSICIAN ASSISTANT,F,1986
7449,FL,CARDIOVASCULAR DISEASE,M,1984
7450,MI,EMERGENCY MEDICINE,M,1976
7451,MD,CERTIFIED NURSE ANESTHETIST,F,
7452,CA,ORTHOPEDIC SURGERY,M,1981
7453,MN,INTERNAL MEDICINE,M,1982
7454,NY,NURSE PRACTITIONER,F,1971
7455,OK,NURSE PRACTITIONER,F,1975
7456,VA,PHYSICIAN ASSISTANT,F,1984
7457,NJ,DIAGNOSTIC RADIOLOGY,F,1985
7458,FL,PEDIATRIC EMERGENCY MEDICINE (PEDIATRICS),F,1984
7459,WV,PHYSICIAN ASSISTANT,F,1983
7460,MA,PHYSICIAN ASSISTANT,M,1975
7461,AZ,GENERAL SURGERY,M,1980
7462,MO,"ENDOCRINOLOGY, DIABETES & METABOLISM",F,1981
7463,NY,DIAGNOSTIC RADIOLOGY,M,1979
7464,NC,FAMILY MEDICINE,F,1979
7465,IA,CARDIOVASCULAR DISEASE,M,1981
7466,CO,GASTROENTEROLOGY,M,1985
7467,OH,EMERGENCY MEDICINE,M,1978
7468,MI,FAMILY MEDICINE,F,1987
7469,MS,NURSE PRACTITIONER,F,
7470,TX,NEUROLOGICAL SURGERY,M,1982
7471,CA,PEDIATRICS,F,1979
7472,TN,PHYSICIAN ASSISTANT,F,1984
7473,CA,PEDIATRICS,F,1970
7474,CO,GASTROENTEROLOGY,F,1976
7475,RI,EMERGENCY MEDICINE,F,1981
7476,ME,CARDIOVASCULAR DISEASE,M,1978
7477,MO,NURSE MIDWIFE,F,
7478,MD,NURSE PRACTITIONER,F,
7479,FL,EMERGENCY MEDICINE,M,1985
7480,CA,PHYSICIAN ASSISTANT,F,1978
7481,NY,GERIATRIC MEDICINE (INTERNAL MEDICINE),F,1982
7482,CA,INTERNAL MEDICINE,M,1979
7483,TN,NURSE PRACTITIONER,F,
7484,KS,EMERGENCY MEDICINE,M,1983
7485,NV,NEPHROLOGY,M,1976
7486,IL,FAMILY MEDICINE,M,1982
7487,AZ,FAMILY MEDICINE,M,1983
7488,TX,FAMILY MEDICINE,M,1980
7489,MA,PEDIATRIC EMERGENCY MEDICINE (PEDIATRICS),F,1969
7490,NJ,ADVANCED REGISTERED NURSE,F,
7491,RI,INTERNAL MEDICINE,M,1977
7492,TX,PHYSICIAN ASSISTANT,F,1965
7493,TX,INTERNAL MEDICINE,F,1982
7494,FL,RHEUMATOLOGY,F,1982
7495,OH,INTERNAL MEDICINE,F,1975
7496,MO,EMERGENCY MEDICINE,M,1978
7497,PR,FAMILY MEDICINE,F,1980
7498,FL,CARDIOVASCULAR DISEASE,M,1984
7499,CA,HOSPITALIST,F,1979
7500,TX,NURSE PRACTITIONER,F,1977
7501,LA,SLEEP MEDICINE,F,1979
7502,MN,NURSE PRACTITIONER,F,1976
7503,SC,EMERGENCY MEDICINE,F,1983
7504,TN,EMERGENCY MEDICINE,M,1982
7505,NY,FAMILY MEDICINE,M,1977
7506,FL,NEURORADIOLOGY,M,1983
7507,NY,DIAGNOSTIC RADIOLOGY,M,1983
7508,FL,PSYCHOLOGY,F,
7509,NY,EMERGENCY MEDICINE,F,1983
7510,TX,NURSE PRACTITIONER,F,1972
7511,NJ,NEURORADIOLOGY,F,1976
7512,FL,NURSE PRACTITIONER,F,
7513,KY,NURSE PRACTITIONER,F,
7514,WA,NURSE PRACTITIONER,F,
7515,MD,PHYSICIAN ASSISTANT,F,1983
7516,MI,CARDIOVASCULAR DISEASE,F,1984
7517,TX,EMERGENCY MEDICINE,M,1982
7518,MI,FAMILY MEDICINE,M,1981
7519,TN,PEDIATRICS,F,1972
7520,MO,PHYSICIAN ASSISTANT,F,1984
7521,CA,EMERGENCY MEDICINE,M,1984
7522,MS,INTERNAL MEDICINE,F,1981
7523,VA,PHYSICIAN ASSISTANT,F,1985
7524,KS,FAMILY MEDICINE,M,1983
7525,AZ,ANESTHESIOLOGY,M,1984
7526,MI,NURSE PRACTITIONER,F,
7527,FL,FAMILY MEDICINE,F,1982
7528,CT,CARDIOVASCULAR DISEASE,F,1981
7529,MI,ORAL & MAXILLOFACIAL SURGERY,M,1979
7530,FL,NURSE PRACTITIONER,F,
7531,PA,PHYSICIAN ASSISTANT,F,1970
7532,IN,NURSE PRACTITIONER,M,1956
7533,CA,FAMILY MEDICINE,F,1984
7534,MD,PEDIATRIC RADIOLOGY,M,1978
7535,NY,NURSE PRACTITIONER,F,
7536,MD,PHYSICIAN ASSISTANT,F,1984
7537,IN,NURSE PRACTITIONER,F,1975
7538,FL,DIAGNOSTIC RADIOLOGY,F,1982
7539,AZ,INFECTIOUS DISEASE,M,1985
7540,NC,NURSE PRACTITIONER,F,
7541,NJ,ORTHOPEDIC SURGERY,M,1983
7542,SC,DIAGNOSTIC RADIOLOGY,F,
7543,PA,PEDIATRIC CARDIOLOGY,M,1978
7544,TX,INTERNAL MEDICINE,F,1982
7545,MO,ANATOMIC/CLINICAL PATHOLOGY,F,1982
7546,NC,GASTROENTEROLOGY,M,1978
7547,VA,EMERGENCY MEDICINE,M,1978
7548,CA,FAMILY MEDICINE,F,1978
7549,TX,NURSE PRACTITIONER,F,1966
7550,MA,"ENDOCRINOLOGY, DIABETES & METABOLISM",M,1978
7551,MI,FAMILY MEDICINE,M,1984
7552,NV,"ENDOCRINOLOGY, DIABETES & METABOLISM",F,1978
7553,SC,CARDIOVASCULAR DISEASE,M,1981
7554,RI,EMERGENCY MEDICINE,M,1982
7555,LA,NURSE PRACTITIONER,F,
7556,GA,DERMATOLOGY,M,1980
7557,NC,RHEUMATOLOGY,M,1984
7558,TX,NURSE PRACTITIONER,F,1964
7559,CA,DERMATOLOGY,M,1980
7560,NC,PSYCHIATRY,F,1983
7561,TX,DIAGNOSTIC RADIOLOGY,M,1980
7562,SC,INTERNAL MEDICINE,F,1983
7563,MI,DIAGNOSTIC RADIOLOGY,M,1982
7564,CA,INTERNAL MEDICINE,F,1977
7565,NE,PHYSICAL THERAPY,M,
7566,MI,CLINICAL CARDIAC ELECTROPHYSIOLOGY,M,1981
7567,OH,NEPHROLOGY,M,1979
7568,CA,HOSPITALIST,M,1981
7569,PA,PEDIATRIC RADIOLOGY,M,1981
7570,FL,ANATOMIC/CLINICAL PATHOLOGY,F,1984
7571,TX,FAMILY MEDICINE,M,1973
7572,KY,DIAGNOSTIC RADIOLOGY,F,1982
7573,TX,DIAGNOSTIC RADIOLOGY,M,1984
7574,FL,FAMILY MEDICINE,F,1977
7575,OH,EMERGENCY MEDICINE,F,1984
7576,NM,NURSE PRACTITIONER,M,1968
7577,IL,INTERNAL MEDICINE,F,1972
7578,MI,INTERNAL MEDICINE,F,1981
7579,OH,NURSE PRACTITIONER,F,1964
7580,LA,INTERNAL MEDICINE,F,1982
7581,MI,INTERNAL MEDICINE,M,1979
7582,CA,NURSE PRACTITIONER,F,
7583,FL,HEMATOLOGY/ONCOLOGY,M,1982
7584,FL,"ENDOCRINOLOGY, DIABETES & METABOLISM",F,1981
7585,FL,INTERVENTIONAL CARDIOLOGY,M,1983
7586,IL,CRITICAL CARE MEDICINE (ANESTHESIOLOGY),M,1984
7587,RI,INTERNAL MEDICINE,M,1980
7588,IA,PULMONARY CRITICAL CARE MEDICINE,F,1983
7589,WA,FAMILY MEDICINE,M,1972
7590,VA,GASTROENTEROLOGY,M,1982
7591,OH,ABDOMINAL RADIOLOGY,M,1981
7592,FL,ANATOMIC/CLINICAL PATHOLOGY,F,1984
7593,NY,HEMATOLOGY/ONCOLOGY,F,1981
7594,MI,FAMILY MEDICINE,F,1981
7595,MA,VASCULAR & INTERVENTIONAL RADIOLOGY,M,1984
7596,NY,HEMATOLOGY/ONCOLOGY,M,1983
7597,PA,NEURORADIOLOGY,M,1984
7598,NY,EMERGENCY MEDICINE,M,1981
7599,AR,FAMILY MEDICINE,M,1980
7600,UT,HEMATOLOGY/ONCOLOGY,F,
7601,OK,FAMILY MEDICINE,F,1977
7602,IN,RADIATION ONCOLOGY,M,1977
7603,MO,DIAGNOSTIC RADIOLOGY,M,1985
7604,MN,DIAGNOSTIC RADIOLOGY,M,1980
7605,AR,PEDIATRIC EMERGENCY MEDICINE (PEDIATRICS),M,1981
7606,OH,FAMILY MEDICINE,M,1981
7607,NV,HOSPITALIST,M,1971
7608,CT,DIAGNOSTIC RADIOLOGY,M,1982
7609,NY,GERIATRIC MEDICINE (INTERNAL MEDICINE),F,1974
7610,PA,PULMONARY CRITICAL CARE MEDICINE,F,1984
7611,RI,INTERNAL MEDICINE,F,1982
7612,AZ,DENTIST,M,
7613,KY,FAMILY MEDICINE,M,1982
7614,NC,INTERNAL MEDICINE,F,
7615,OH,HOSPITALIST,M,1981
7616,MN,DIAGNOSTIC RADIOLOGY,M,1979
7617,CA,DIAGNOSTIC RADIOLOGY,M,1980
7618,OR,INTERNAL MEDICINE,M,1979
7619,NY,UROLOGY,M,1982
7620,HI,SPORTS MEDICINE (ORTHOPEDIC SURGERY),F,1972
7621,WA,FAMILY MEDICINE,F,1980
7622,GA,CYTOPATHOLOGY,M,1982
7623,FL,CARDIOVASCULAR DISEASE,M,1984
7624,CA,PHYSICAL MEDICINE & REHABILITATION,M,1975
7625,PA,CARDIOVASCULAR DISEASE,M,1973
7626,NY,ANATOMIC/CLINICAL PATHOLOGY,M,1971
7627,DC,NURSE PRACTITIONER,F,
7628,MT,FAMILY MEDICINE,F,1981
7629,CA,FAMILY MEDICINE,F,1973
7630,NE,NURSE PRACTITIONER,F,
7631,NH,PHYSICIAN ASSISTANT,F,1981
7632,NV,NEUROLOGY,M,1983
7633,GA,FAMILY MEDICINE,F,1984
7634,TX,PEDIATRICS,F,1983
7635,WY,NURSE PRACTITIONER,F,
7636,NY,ADULT RECONSTRUCTIVE ORTHOPEDICS,M,1979
7637,GA,DIAGNOSTIC RADIOLOGY,M,1983
7638,TX,CARDIOVASCULAR DISEASE,M,1982
7639,NY,INTERNAL MEDICINE,M,1982
7640,VA,OPHTHALMOLOGY,M,1981
7641,KY,OPTOMETRIST,F,
7642,SC,"ENDOCRINOLOGY, DIABETES & METABOLISM",M,1982
7643,LA,INTERNAL MEDICINE,M,1977
7644,CT,INTERNAL MEDICINE,M,1974
7645,FL,FAMILY MEDICINE,M,1980
7646,CO,INTERVENTIONAL CARDIOLOGY,M,1977
7647,OH,EMERGENCY MEDICINE,M,1982
7648,KY,GENERAL SURGERY,M,1984
7649,CA,DERMATOLOGY,M,1971
7650,MI,EMERGENCY MEDICINE,M,1981
7651,NJ,GASTROENTEROLOGY,M,1984
7652,NY,OTOLARYNGOLOGY,M,1983
7653,CA,DERMATOLOGY,F,1981
7654,NE,FAMILY MEDICINE,M,1984
7655,IL,HEMATOLOGY/ONCOLOGY,M,1982
7656,NJ,NEURORADIOLOGY,M,1984
7657,MI,DIAGNOSTIC RADIOLOGY,M,1977
7658,PA,RADIATION ONCOLOGY,M,1980
7659,MI,HOSPITALIST,F,1978
7660,AZ,OBSTETRICS & GYNECOLOGY,F,1984
7661,LA,ALLERGY & IMMUNOLOGY,F,1983
7662,FL,OTOLARYNGOLOGY,M,1984
7663,NY,EMERGENCY MEDICINE,M,1984
7664,MD,PSYCHIATRY,F,1983
7665,VA,DERMATOLOGY,F,1984
7666,PA,CARDIOVASCULAR DISEASE,M,1980
7667,OH,PEDIATRIC HEMATOLOGY/ONCOLOGY,F,1982
7668,DC,FAMILY MEDICINE,F,1982
7669,SC,EMERGENCY MEDICINE,M,1982
7670,WI,EMERGENCY MEDICINE,M,1983
7671,TN,CARDIOVASCULAR DISEASE,M,1983
7672,CA,SPORTS MEDICINE (FAMILY MEDICINE),M,1965
7673,NV,NURSE PRACTITIONER,F,1961
7674,MD,NURSE PRACTITIONER,F,
7675,FL,GENERAL PRACTICE,M,1983
7676,FL,DIAGNOSTIC RADIOLOGY,M,1984
7677,NY,EMERGENCY MEDICINE,F,1982
7678,FL,HEMATOLOGY/ONCOLOGY,M,1985
7679,MA,INTERNAL MEDICINE,M,1982
7680,CA,PEDIATRICS,F,1980
7681,WA,FAMILY MEDICINE,M,1977
7682,NV,EMERGENCY MEDICINE,M,1983
7683,FL,FAMILY MEDICINE,F,1983
7684,CA,DERMATOLOGY,F,1984
7685,NM,NURSE MIDWIFE,F,1967
7686,CA,VASCULAR & INTERVENTIONAL RADIOLOGY,M,1978
7687,TX,EMERGENCY MEDICINE,F,1976
7688,SC,PODIATRIST,F,
7689,WI,CHILD & ADOLESCENT PSYCHIATRY,F,1976
7690,CT,NEUROLOGY,M,1976
7691,FL,NURSE PRACTITIONER,F,
7692,MD,NEUROLOGY,M,1984
7693,LA,EMERGENCY MEDICINE,M,1982
7694,TX,NURSE PRACTITIONER,M,1977
7695,FL,FAMILY MEDICINE,F,1977
7696,CA,PULMONARY CRITICAL CARE MEDICINE,M,1984
7697,AZ,INTERVENTIONAL CARDIOLOGY,F,1983
7698,NJ,INFECTIOUS DISEASE,M,1980
7699,KY,FAMILY MEDICINE,F,1978
7700,IL,EMERGENCY MEDICINE,F,1985
7701,MA,ANATOMIC/CLINICAL PATHOLOGY,M,1976
7702,CA,EMERGENCY MEDICINE,M,1983
7703,MI,DIAGNOSTIC RADIOLOGY,M,1974
7704,CA,DIAGNOSTIC RADIOLOGY,M,1981
7705,TX,EMERGENCY MEDICINE,M,1983
7706,WA,PULMONARY DISEASE,M,1984
7707,NC,INTERNAL MEDICINE,M,1984
7708,NY,CARDIOVASCULAR DISEASE,M,1984
7709,FL,NEUROPATHOLOGY,F,1977
7710,TN,DIAGNOSTIC RADIOLOGY,M,1981
7711,FL,"ENDOCRINOLOGY, DIABETES & METABOLISM",M,1977
7712,CA,EMERGENCY MEDICINE,F,1980
7713,IL,PEDIATRIC ANESTHESIOLOGY,F,1983
7714,MA,PULMONARY CRITICAL CARE MEDICINE,F,1984
7715,HI,ADULT CARDIOTHORACIC ANESTHESIOLOGY,M,1982
7716,OH,RHEUMATOLOGY,F,1986
7717,TX,DIAGNOSTIC RADIOLOGY,M,1982
7718,CA,COLON & RECTAL SURGERY,F,1984
7719,CA,PEDIATRICS,F,1980
7720,PA,ANATOMIC/CLINICAL PATHOLOGY,M,1983
7721,NY,EMERGENCY MEDICINE,M,1973
7722,PA,EMERGENCY MEDICINE,M,1984
7723,CA,PEDIATRICS,F,1982
7724,CA,EMERGENCY MEDICINE,M,1981
7725,MI,ADULT CARDIOTHORACIC ANESTHESIOLOGY,M,1982
7726,CA,OPHTHALMOLOGY,M,1984
7727,IL,PEDIATRIC RADIOLOGY,F,1985
7728,MN,EMERGENCY MEDICINE,F,1984
7729,PA,CYTOPATHOLOGY,M,1982
7730,OH,DERMATOLOGY,F,1977
7731,OH,EMERGENCY MEDICINE,F,1983
7732,MO,EMERGENCY MEDICINE,M,1981
7733,IL,DIAGNOSTIC RADIOLOGY,M,1980
7734,NV,EMERGENCY MEDICINE,F,1984
7735,NM,FAMILY MEDICINE,F,1977
7736,TX,NURSE PRACTITIONER,F,1957
7737,FL,INTERNAL MEDICINE,M,1977
7738,CT,"ENDOCRINOLOGY, DIABETES & METABOLISM",F,1983
7739,MS,NURSE PRACTITIONER,F,
7740,TN,DIAGNOSTIC RADIOLOGY,M,1983
7741,CA,GENERAL PREVENTIVE MEDICINE,M,1976
7742,NY,CARDIOVASCULAR DISEASE,M,1985
7743,ME,FAMILY MEDICINE,M,1984
7744,MI,OBSTETRICS & GYNECOLOGY,F,1984
7745,MA,CARDIOVASCULAR DISEASE,M,1984
7746,FL,EMERGENCY MEDICINE,M,1984
7747,RI,INTERNAL MEDICINE,F,1984
7748,NY,NEURORADIOLOGY,M,1984
7749,NY,EMERGENCY MEDICINE,M,1982
7750,NY,INTERNAL MEDICINE,F,1969
7751,MA,DIAGNOSTIC RADIOLOGY,M,1980
7752,CA,DIAGNOSTIC RADIOLOGY,M,1977
7753,CO,FAMILY MEDICINE,F,1983
7754,MO,DIAGNOSTIC RADIOLOGY,M,1983
7755,VA,EMERGENCY MEDICINE,F,1984
7756,MA,UROLOGY,M,1982
7757,RI,VASCULAR & INTERVENTIONAL RADIOLOGY,M,1984
7758,CA,PEDIATRICS,M,1984
7759,MI,NEUROLOGICAL SURGERY,M,1983
7760,OH,PEDIATRIC CARDIOLOGY,M,1983
7761,WA,FAMILY MEDICINE,M,1973
7762,IN,INTERNAL MEDICINE,M,1984
7763,SC,CERTIFIED NURSE ANESTHETIST,M,
7764,AZ,DERMATOLOGY,M,1978
7765,GA,EMERGENCY MEDICINE,F,1984
7766,LA,UROLOGY,M,1983
7767,IA,HOSPITALIST,M,1981
7768,CA,NEURORADIOLOGY,M,1982
7769,CA,OBSTETRICS & GYNECOLOGY,F,1982
7770,NH,VASCULAR & INTERVENTIONAL RADIOLOGY,M,1977
7771,NY,UROLOGY,M,1983
7772,IL,GASTROENTEROLOGY,M,1985
7773,IL,NEUROLOGY,F,1986
7774,OH,CARDIOVASCULAR DISEASE,F,1983
7775,NC,DIAGNOSTIC RADIOLOGY,F,1983
7776,OH,EMERGENCY MEDICINE,F,1982
7777,PA,EMERGENCY MEDICINE,M,1984
7778,CA,GENERAL PREVENTIVE MEDICINE,F,1983
7779,SC,OBSTETRICS & GYNECOLOGY,F,1982
7780,WA,CHILD & ADOLESCENT PSYCHIATRY,M,1980
7781,MA,INTERVENTIONAL CARDIOLOGY,M,1978
7782,TX,ANATOMIC/CLINICAL PATHOLOGY,M,1984
7783,FL,DERMATOLOGY,F,1983
7784,CA,FAMILY MEDICINE,F,1979
7785,MN,INTERNAL MEDICINE,M,1982
7786,NC,PEDIATRICS,F,1978
7787,IL,NEURORADIOLOGY,F,1980
7788,NH,NEURORADIOLOGY,F,1983
7789,CA,EMERGENCY MEDICINE,M,1983
7790,CA,PEDIATRIC PULMONOLOGY,F,1980
7791,LA,PEDIATRICS,F,1984
7792,OH,PEDIATRIC RADIOLOGY,M,1983
7793,MN,VASCULAR & INTERVENTIONAL RADIOLOGY,M,1985
7794,TN,PEDIATRICS,F,1983
7795,CA,ANESTHESIOLOGY,M,1974
7796,NC,NURSE PRACTITIONER,F,1961
7797,NH,PSYCHOLOGY,M,
7798,MA,NURSE PRACTITIONER,F,
7799,MD,INTERNAL MEDICINE,M,1983
7800,LA,PHYSICAL MEDICINE & REHABILITATION,M,1980
7801,CA,ANATOMIC/CLINICAL PATHOLOGY,M,1983
7802,CA,OBSTETRICS & GYNECOLOGY,F,1983
7803,TX,GENERAL SURGERY,F,1984
7804,IL,COLON & RECTAL SURGERY,M,1983
7805,CA,ANESTHESIOLOGY,M,1977
7806,SC,NURSE PRACTITIONER,F,
7807,MS,NURSE PRACTITIONER,F,
7808,GA,PSYCHOLOGY,M,
7809,CA,GASTROENTEROLOGY,M,1981
7810,AZ,MEDICAL TOXICOLOGY (EMERGENCY MEDICINE),M,1984
7811,OR,SELECTIVE PATHOLOGY,M,1983
7812,NH,OPHTHALMOLOGY,F,1981
7813,CO,GASTROENTEROLOGY,M,1980
7814,TX,NEURORADIOLOGY,M,1980
7815,CA,DERMATOLOGY,M,1983
7816,OK,HEMATOLOGY (PATHOLOGY),M,1979
7817,MI,FAMILY MEDICINE,M,1983
7818,CA,EMERGENCY MEDICINE,M,1977
7819,TX,OBSTETRICS & GYNECOLOGY,M,1977
7820,FL,GENERAL PRACTICE,M,1967
7821,MN,DERMATOPATHOLOGY,M,1969
7822,ME,NURSE PRACTITIONER,F,
7823,NY,EMERGENCY MEDICINE,M,1980
7824,CA,EMERGENCY MEDICINE,M,1984
7825,TX,CARDIOVASCULAR DISEASE,M,1970
7826,MN,EMERGENCY MEDICINE,M,1978
7827,MA,INTERNAL MEDICINE,F,1975
7828,TX,PEDIATRICS,M,1984
7829,FL,INTERNAL MEDICINE,M,1982
7830,RI,PHYSICIAN ASSISTANT,F,1980
7831,MA,ANESTHESIOLOGY,F,1977
7832,GA,DERMATOLOGY,F,1985
7833,NJ,INTERNAL MEDICINE/PEDIATRICS,M,1977
7834,MD,PEDIATRICS,F,1978
7835,NY,PHYSICIAN ASSISTANT,M,1976
7836,SC,EMERGENCY MEDICINE,M,1982
7837,FL,DERMATOLOGY,F,1983
7838,LA,NURSE PRACTITIONER,F,
7839,IL,EMERGENCY MEDICINE,M,1972
7840,NM,PHYSICAL MEDICINE & REHABILITATION,F,1972
7841,MN,NURSE PRACTITIONER,F,1955
7842,MO,DIAGNOSTIC RADIOLOGY,F,1982
7843,GA,EMERGENCY MEDICINE,M,1979
7844,GA,PSYCHIATRY,M,1983
7845,PA,NURSE PRACTITIONER,F,1959
7846,OH,NURSE PRACTITIONER,F,1979
7847,TN,NURSE PRACTITIONER,F,
7848,ND,NURSE PRACTITIONER,F,
7849,OH,TRANSPLANT HEPATOLOGY (INTERNAL MEDICINE),F,1976
7850,MD,EMERGENCY MEDICINE,M,1982
7851,MD,PODIATRIST,M,
7852,IL,NURSE PRACTITIONER,F,
7853,MD,DIAGNOSTIC RADIOLOGY,M,1980
7854,AZ,EMERGENCY MEDICINE,F,1978
7855,IA,PULMONARY CRITICAL CARE MEDICINE,M,1979
7856,FL,DIAGNOSTIC RADIOLOGY,F,1985
7857,CO,EMERGENCY MEDICINE,M,1982
7858,GA,PHYSICAL MEDICINE & REHABILITATION,M,1977
7859,NY,FAMILY MEDICINE,F,1976
7860,CO,NURSE PRACTITIONER,F,
7861,VA,INTERNAL MEDICINE,M,1975
7862,TX,EMERGENCY MEDICINE,M,1980
7863,TX,GENERAL PRACTICE,F,1974
7864,FL,GENERAL PRACTICE,M,1960
7865,MA,ANESTHESIOLOGY,M,1978
7866,NY,PULMONARY CRITICAL CARE MEDICINE,F,1981
7867,NJ,PHYSICIAN ASSISTANT,M,1982
7868,KY,EMERGENCY MEDICINE,M,1984
7869,MI,HEMATOLOGY/ONCOLOGY,M,1976
7870,CA,CARDIOVASCULAR DISEASE,M,1975
7871,OH,PEDIATRIC CARDIOLOGY,M,1983
7872,PA,PEDIATRICS,F,1984
7873,OH,NURSE PRACTITIONER,F,1977
7874,NC,INTERNAL MEDICINE,M,1979
7875,CA,DIAGNOSTIC RADIOLOGY,M,1974
7876,WA,EMERGENCY MEDICINE,M,1980
7877,NJ,CARDIOVASCULAR DISEASE,M,1979
7878,CA,DIAGNOSTIC RADIOLOGY,M,1979
7879,TX,NURSE PRACTITIONER,F,1968
7880,WA,HOSPITALIST,F,1983
7881,IL,DIAGNOSTIC RADIOLOGY,M,1980
7882,SC,FAMILY MEDICINE,F,1981
7883,NC,EMERGENCY MEDICINE,M,1981
7884,CA,DIAGNOSTIC RADIOLOGY,F,1981
7885,NC,FAMILY MEDICINE,M,1978
7886,FL,VASCULAR & INTERVENTIONAL RADIOLOGY,M,1973
7887,NC,HOSPITALIST,M,1964
7888,MS,EMERGENCY MEDICINE,M,1975
7889,NY,PHYSICIAN ASSISTANT,F,1985
7890,OR,GENERAL SURGERY,M,1977
7891,WI,EMERGENCY MEDICINE,M,1975
7892,NC,RADIOLOGY,M,1970
7893,PA,PHYSICIAN ASSISTANT,M,1984
7894,MI,ORAL & MAXILLOFACIAL SURGERY,M,1978
7895,WI,THORACIC SURGERY,F,1974
7896,DC,EMERGENCY MEDICINE,M,1979
7897,CA,EMERGENCY MEDICINE,M,1977
7898,NY,CARDIOVASCULAR DISEASE,M,1979
7899,CT,CARDIOVASCULAR DISEASE,M,1975
7900,RI,PHYSICIAN ASSISTANT,F,1986
7901,CA,NEPHROLOGY,M,1981
7902,TX,VASCULAR & INTERVENTIONAL RADIOLOGY,M,1979
7903,MN,NEPHROLOGY,F,1978
7904,CA,INTERNAL MEDICINE,F,1981
7905,OR,NURSE PRACTITIONER,F,
7906,CO,PHYSICIAN ASSISTANT,M,1970
7907,TX,PHYSICIAN ASSISTANT,M,1981
7908,OH,PHYSICIAN ASSISTANT,M,1977
7909,NJ,NURSE PRACTITIONER,F,
7910,AZ,EMERGENCY MEDICINE,F,1900
7911,AZ,PHYSICIAN ASSISTANT,M,1979
7912,MI,NURSE PRACTITIONER,F,
7913,TX,OPTOMETRIST,M,1981
7914,CA,FAMILY MEDICINE,M,1980
7915,NC,"FOOT & ANKLE, ORTHOPEDICS",F,1975
7916,CA,VASCULAR & INTERVENTIONAL RADIOLOGY,M,1980
7917,NY,EMERGENCY MEDICINE,M,1970
7918,MI,FAMILY MEDICINE,F,1968
7919,NY,OTOLARYNGOLOGY,M,1974
7920,OH,DIAGNOSTIC RADIOLOGY,M,1978
7921,TN,EMERGENCY MEDICINE,M,1968
7922,OK,FAMILY MEDICINE,F,1981
7923,SC,EMERGENCY MEDICINE,M,1971
7924,MN,FAMILY MEDICINE,M,1972
7925,MI,PHYSICIAN ASSISTANT,F,1981
7926,CA,INTERVENTIONAL CARDIOLOGY,M,1979
7927,WA,NURSE PRACTITIONER,F,1978
7928,MI,NURSE PRACTITIONER,F,1966
7929,FL,NEUROLOGY,F,1970
7930,OK,OBSTETRICS & GYNECOLOGY,M,1969
7931,WI,DIAGNOSTIC RADIOLOGY,M,1980
7932,TX,EMERGENCY MEDICINE,M,1978
7933,OK,PULMONARY CRITICAL CARE MEDICINE,M,1981
7934,NJ,NURSE PRACTITIONER,F,
7935,CA,OPTOMETRIST,M,
7936,IL,CERTIFIED NURSE ANESTHETIST,F,
7937,WI,INTERNAL MEDICINE,M,1983
7938,CA,ALLERGY & IMMUNOLOGY,M,1967
7939,CA,PEDIATRICS,M,1977
7940,IN,NURSE PRACTITIONER,F,
7941,CA,FAMILY MEDICINE,M,1980
7942,FL,FAMILY MEDICINE,F,1969
7943,NY,ANATOMIC/CLINICAL PATHOLOGY,M,1975
7944,FL,VASCULAR & INTERVENTIONAL RADIOLOGY,M,1976
7945,AZ,DIAGNOSTIC RADIOLOGY,M,1973
7946,OH,CARDIOVASCULAR DISEASE,M,1977
7947,NY,SPORTS MEDICINE (FAMILY MEDICINE),M,1978
7948,OH,EMERGENCY MEDICINE,M,1979
7949,MN,NURSE PRACTITIONER,M,1976
7950,CT,CERTIFIED NURSE ANESTHETIST,F,
7951,CO,PHYSICIAN ASSISTANT,F,1981
7952,MO,FAMILY MEDICINE,M,1981
7953,MA,INTERNAL MEDICINE,F,1968
7954,WI,PHYSICIAN ASSISTANT,F,1982
7955,WY,PHYSICIAN ASSISTANT,M,1966
7956,MI,INTERNAL MEDICINE/PEDIATRICS,M,1980
7957,IN,DIAGNOSTIC RADIOLOGY,M,1980
7958,CA,FAMILY MEDICINE,F,1977
7959,NC,PHYSICAL MEDICINE & REHABILITATION,M,1979
7960,FL,ANESTHESIOLOGY,M,1979
7961,KY,NURSE PRACTITIONER,F,1960
7962,CA,NURSE PRACTITIONER,F,
7963,NJ,PHYSICIAN ASSISTANT,M,1971
7964,NY,EMERGENCY MEDICINE,F,1983
7965,FL,INTERNAL MEDICINE,F,1980
7966,NY,FAMILY MEDICINE,F,1967
7967,VA,NURSE PRACTITIONER,F,
7968,PA,PHYSICIAN ASSISTANT,M,1977
7969,MO,HOSPITALIST,F,1959
7970,OH,EMERGENCY MEDICINE,M,1978
7971,MO,OPTOMETRIST,M,
7972,MT,PHYSICIAN ASSISTANT,F,1981
7973,NY,PHYSICIAN ASSISTANT,F,1987
7974,SC,ANATOMIC/CLINICAL PATHOLOGY,F,1978
7975,MD,NURSE PRACTITIONER,F,
7976,NJ,HEMATOLOGY (PATHOLOGY),M,1978
7977,OH,NURSE PRACTITIONER,F,1970
7978,NH,CARDIOVASCULAR DISEASE,M,1981
7979,NC,PHYSICIAN ASSISTANT,M,1976
7980,CA,PHYSICIAN ASSISTANT,M,1981
7981,SC,NURSE PRACTITIONER,F,
7982,AK,RADIATION ONCOLOGY,M,1976
7983,MA,EMERGENCY MEDICINE,M,1979
7984,KY,INTERNAL MEDICINE,F,1980
7985,CA,PHYSICIAN ASSISTANT,F,1978
7986,OH,EMERGENCY MEDICINE,M,1981
7987,NC,INTERNAL MEDICINE,M,1964
7988,MD,PHYSICIAN ASSISTANT,M,1969
7989,NC,PHYSICIAN ASSISTANT,F,1985
7990,OH,NURSE PRACTITIONER,F,1986
7991,OH,PHYSICIAN ASSISTANT,M,1961
7992,OR,PSYCHIATRY/NEUROLOGY,F,1951
7993,MI,NURSE PRACTITIONER,F,
7994,CA,DIAGNOSTIC RADIOLOGY,F,1981
7995,FL,EMERGENCY MEDICINE,M,1980
7996,CT,CARDIOVASCULAR DISEASE,M,1979
7997,MD,OTOLARYNGOLOGY,F,1982
7998,KY,GENERAL SURGERY,M,1976
7999,MI,PHYSICIAN ASSISTANT,F,1977
8000,FL,EMERGENCY MEDICINE,M,1900
8001,CA,PHYSICIAN ASSISTANT,M,1978
8002,MI,DIAGNOSTIC RADIOLOGY,M,1980
8003,MI,INTERNAL MEDICINE,F,1980
8004,NJ,GASTROENTEROLOGY,M,1982
8005,KY,INTERNAL MEDICINE,M,1978
8006,MI,FAMILY MEDICINE,F,1977
8007,CA,CLINICAL SOCIAL WORKER,F,
8008,FL,INTERNAL MEDICINE,F,1968
8009,TX,ANATOMIC/CLINICAL PATHOLOGY,M,1981
8010,FL,EMERGENCY MEDICINE,M,1981
8011,CA,CLINICAL SOCIAL WORKER,F,
8012,AZ,CLINICAL SOCIAL WORKER,F,
8013,NJ,DERMATOPATHOLOGY,F,1961
8014,CA,NURSE PRACTITIONER,,
8015,CA,PHYSICIAN ASSISTANT,M,
8016,FL,NEPHROLOGY,M,1978
8017,IL,DERMATOLOGY,F,1980
8018,NY,DERMATOLOGY,M,1972
8019,WI,EMERGENCY MEDICINE,F,1978
8020,NY,NURSE PRACTITIONER,F,
8021,NJ,NURSE PRACTITIONER,F,
8022,AL,NURSE PRACTITIONER,F,
8023,TX,HOSPITALIST,F,1982
8024,AK,GENERAL SURGERY,F,1980
8025,OH,EMERGENCY MEDICINE,F,1980
8026,TX,SPORTS MEDICINE (FAMILY MEDICINE),M,1979
8027,MD,ANATOMIC/CLINICAL PATHOLOGY,M,1974
8028,MN,INTERNAL MEDICINE,F,1980
8029,MI,EMERGENCY MEDICINE,M,1981
8030,ME,INTERNAL MEDICINE,F,1981
8031,AZ,DIAGNOSTIC RADIOLOGY,M,1979
8032,IL,DIAGNOSTIC RADIOLOGY,M,1975
8033,VA,PEDIATRIC EMERGENCY MEDICINE (PEDIATRICS),F,1976
8034,NY,INTERNAL MEDICINE,M,1978
8035,NC,ANATOMIC/CLINICAL PATHOLOGY,M,1976
8036,FL,INTERNAL MEDICINE,M,1978
8037,AR,INTERNAL MEDICINE,M,1976
8038,NY,DIAGNOSTIC RADIOLOGY,F,1981
8039,FL,GASTROENTEROLOGY,M,1975
8040,NY,PHYSICIAN ASSISTANT,M,1979
8041,KY,NURSE PRACTITIONER,F,
8042,FL,INTERNAL MEDICINE,M,1982
8043,GA,HEMATOLOGY (PATHOLOGY),M,1971
8044,IL,ANATOMIC/CLINICAL PATHOLOGY,M,1980
8045,FL,CARDIOVASCULAR DISEASE,M,1981
8046,IN,ANATOMIC/CLINICAL PATHOLOGY,M,1976
8047,CA,INTERNAL MEDICINE,M,1973
8048,LA,PEDIATRICS,F,1981
8049,NY,FAMILY MEDICINE,F,1964
8050,CA,EMERGENCY MEDICINE,F,1979
8051,IL,DIAGNOSTIC RADIOLOGY,M,1981
8052,TX,EMERGENCY MEDICINE,F,1979
8053,NJ,CARDIOVASCULAR DISEASE,M,1977
8054,TX,CHIROPRACTIC,M,
8055,WY,NURSE PRACTITIONER,M,1980
8056,MI,DIAGNOSTIC RADIOLOGY,F,1976
8057,TX,UROLOGY,M,1976
8058,MD,CARDIOVASCULAR DISEASE,M,1982
8059,WI,PHYSICIAN ASSISTANT,F,1983
8060,TX,EMERGENCY MEDICINE,M,1976
8061,MI,CARDIOVASCULAR DISEASE,M,1970
8062,RI,EMERGENCY MEDICINE,M,1981
8063,MA,ANATOMIC/CLINICAL PATHOLOGY,M,1977
8064,CA,DERMATOLOGY,M,1976
8065,MD,PHYSICIAN ASSISTANT,F,1977
8066,MD,NURSE PRACTITIONER,F,
8067,WI,DIAGNOSTIC RADIOLOGY,M,1981
8068,MN,DIAGNOSTIC RADIOLOGY,M,1976
8069,MI,CARDIOVASCULAR DISEASE,F,1981
8070,IA,OTOLARYNGOLOGY,F,1980
8071,NY,PHYSICIAN ASSISTANT,F,
8072,VA,NEUROLOGY,M,1979
8073,TX,INTERNAL MEDICINE,M,1981
8074,LA,EMERGENCY MEDICINE,M,1981
8075,NY,UROLOGY,M,1980
8076,PA,PHYSICAL MEDICINE & REHABILITATION,M,1976
8077,TX,PHYSICIAN ASSISTANT,F,1976
8078,PA,CERTIFIED NURSE ANESTHETIST,F,
8079,CO,HOSPITALIST,M,1982
8080,CA,DIAGNOSTIC RADIOLOGY,M,1981
8081,PA,INTERNAL MEDICINE,F,1982
8082,MA,ANESTHESIOLOGY,F,1984
8083,WA,INTERNAL MEDICINE,F,1983
8084,GA,DIAGNOSTIC RADIOLOGY,F,1981
8085,AL,FAMILY MEDICINE,M,1982
8086,AZ,FAMILY MEDICINE,M,1979
8087,OH,EMERGENCY MEDICINE,M,1979
8088,SC,PHYSICIAN ASSISTANT,F,1979
8089,NY,EMERGENCY MEDICINE,M,1983
8090,IL,ANATOMIC/CLINICAL PATHOLOGY,F,1978
8091,CA,EMERGENCY MEDICINE,M,1982
8092,OH,CARDIOVASCULAR DISEASE,M,1983
8093,HI,GASTROENTEROLOGY,M,1971
8094,WI,PSYCHOLOGY,F,
8095,TX,PEDIATRICS,F,1980
8096,IL,INTERNAL MEDICINE,F,1974
8097,TX,EMERGENCY MEDICINE,F,1979
8098,DE,NEONATAL-PERINATAL MEDICINE,F,1976
8099,FL,NURSE PRACTITIONER,F,
8100,OH,NURSE PRACTITIONER,F,1980
8101,MA,DERMATOLOGY,F,1981
8102,NC,EMERGENCY MEDICINE,M,1978
8103,OH,EMERGENCY MEDICINE,F,1980
8104,CA,OBSTETRICS & GYNECOLOGY,F,1978
8105,HI,DIAGNOSTIC RADIOLOGY,M,1979
8106,ME,NURSE PRACTITIONER,F,1968
8107,FL,CARDIOVASCULAR DISEASE,M,1979
8108,CO,PSYCHIATRY,M,1981
8109,FL,GENERAL SURGERY,M,1973
8110,CA,PULMONARY CRITICAL CARE MEDICINE,M,1980
8111,GA,EMERGENCY MEDICINE,M,1981
8112,GA,ORTHOPEDIC SURGERY,M,1979
8113,GA,CARDIOVASCULAR DISEASE,M,1982
8114,WV,GENERAL SURGERY,M,1973
8115,MI,EMERGENCY MEDICINE,F,1980
8116,ME,OBSTETRICS & GYNECOLOGY,M,1972
8117,CA,EMERGENCY MEDICINE,M,1979
8118,GA,INTERNAL MEDICINE,M,1985
8119,WA,INTERNAL MEDICINE,M,1978
8120,CA,NUCLEAR MEDICINE,M,1975
8121,TN,INTERNAL MEDICINE,F,1982
8122,IL,EMERGENCY MEDICINE,M,1976
8123,IL,DIAGNOSTIC RADIOLOGY,M,1959
8124,TN,DERMATOLOGY,F,1981
8125,MD,GASTROENTEROLOGY,M,1981
8126,CA,HOSPITALIST,F,1981
8127,FL,PLASTIC SURGERY,M,1977
8128,IL,DIAGNOSTIC RADIOLOGY,M,1981
8129,FL,EMERGENCY MEDICINE,M,1978
8130,CA,DIAGNOSTIC RADIOLOGY,M,1973
8131,HI,INTERNAL MEDICINE,F,1974
8132,FL,DIAGNOSTIC RADIOLOGY,M,1982
8133,VA,INTERNAL MEDICINE,F,1977
8134,GA,INTERNAL MEDICINE,M,1980
8135,MN,DIAGNOSTIC RADIOLOGY,M,1982
8136,FL,PAIN MEDICINE (PHYSICAL MEDICINE & REHABILITATION),M,1980
8137,CA,EMERGENCY MEDICINE,M,1981
8138,CA,EMERGENCY MEDICINE,M,1979
8139,VA,ANATOMIC/CLINICAL PATHOLOGY,F,1980
8140,KY,INTERVENTIONAL CARDIOLOGY,M,1982
8141,NY,DIAGNOSTIC RADIOLOGY,F,1972
8142,IL,FAMILY MEDICINE,M,1979
8143,CA,INTERNAL MEDICINE/PEDIATRICS,F,1979
8144,MD,RHEUMATOLOGY,M,1978
8145,NC,NURSE PRACTITIONER,F,
8146,FL,PEDIATRICS,M,1980
8147,GA,CARDIOVASCULAR DISEASE,M,1981
8148,TN,DERMATOPATHOLOGY,M,1978
8149,LA,PHYSICIAN ASSISTANT,F,1983
8150,FL,NURSE PRACTITIONER,M,
8151,VA,INTERVENTIONAL CARDIOLOGY,M,1982
8152,WA,DENTIST,M,
8153,TN,PHYSICIAN ASSISTANT,M,1979
8154,OK,FAMILY MEDICINE,M,1981
8155,CA,NEPHROLOGY,F,1980
8156,CO,"ENDOCRINOLOGY, DIABETES & METABOLISM",F,1975
8157,MA,EMERGENCY MEDICINE,F,1975
8158,OH,PHYSICIAN ASSISTANT,F,1984
8159,NV,FAMILY MEDICINE,M,1979
8160,TX,PHYSICIAN ASSISTANT,F,1970
8161,CA,PHYSICIAN ASSISTANT,F,
8162,CT,ANESTHESIOLOGY,F,
8163,FL,PLASTIC SURGERY,M,1984
8164,LA,NURSE PRACTITIONER,F,
8165,FL,HEMATOLOGY/ONCOLOGY,M,1970
8166,CA,EMERGENCY MEDICINE,M,1976
8167,MO,GASTROENTEROLOGY,M,1982
8168,CA,PLASTIC SURGERY,F,1982
8169,OH,INTERNAL MEDICINE,M,1980
8170,MN,NURSE PRACTITIONER,F,1980
8171,MI,PHYSICIAN ASSISTANT,M,1985
8172,GA,PSYCHOLOGY,F,
8173,NC,NURSE PRACTITIONER,F,
8174,GA,FAMILY MEDICINE,M,1985
8175,FL,HOSPITALIST,F,1978
8176,GA,SLEEP MEDICINE,M,1981
8177,LA,PHYSICIAN ASSISTANT,F,1984
8178,NH,NURSE PRACTITIONER,F,
8179,CT,PHYSICIAN ASSISTANT,F,1959
8180,PA,INTERNAL MEDICINE,M,1981
8181,CA,INTERNAL MEDICINE,M,1982
8182,AZ,PHYSICIAN ASSISTANT,F,1975
8183,CA,INTERNAL MEDICINE,M,1976
8184,MD,INTERNAL MEDICINE,F,1977
8185,CA,DIAGNOSTIC RADIOLOGY,M,1981
8186,NJ,VASCULAR & INTERVENTIONAL RADIOLOGY,M,1983
8187,MI,EMERGENCY MEDICINE,M,1987
8188,PA,NEUROLOGY,M,1987
8189,CA,PEDIATRICS,F,1986
8190,MN,FAMILY MEDICINE,F,1977
8191,TX,PEDIATRICS,M,1980
8192,NY,PHYSICIAN ASSISTANT,F,1983
8193,AR,CARDIOVASCULAR DISEASE,M,1978
8194,FL,INTERNAL MEDICINE,F,1978
8195,OR,ORTHOPEDIC SURGERY,M,1969
8196,SC,EMERGENCY MEDICINE,M,1983
8197,CA,PHYSICIAN ASSISTANT,F,1977
8198,CA,PHYSICIAN ASSISTANT,M,1967
8199,OR,INTERNAL MEDICINE,F,1980
8200,CA,INTERNAL MEDICINE,F,1981
8201,GA,ANATOMIC/CLINICAL PATHOLOGY,M,1979
8202,CA,PHYSICIAN ASSISTANT,M,1982
8203,SC,VASCULAR & INTERVENTIONAL RADIOLOGY,M,1983
8204,AZ,NURSE PRACTITIONER,M,
8205,NJ,GASTROENTEROLOGY,M,1973
8206,CA,FAMILY MEDICINE,F,1971
8207,FL,GENERAL PRACTICE,F,
8208,FL,GENERAL PRACTICE,M,
8209,CA,CARDIOVASCULAR DISEASE,M,1979
8210,FL,CARDIOVASCULAR DISEASE,F,1970
8211,AZ,ANATOMIC/CLINICAL PATHOLOGY,M,1976
8212,TX,EMERGENCY MEDICINE,M,1969
8213,AL,FAMILY MEDICINE,M,1970
8214,AR,EMERGENCY MEDICINE,M,1976
8215,CA,GASTROENTEROLOGY,M,1981
8216,WY,EMERGENCY MEDICINE,M,1976
8217,KS,GERIATRIC MEDICINE (INTERNAL MEDICINE),F,1983
8218,MN,INTERNAL MEDICINE,F,1978
8219,CA,INTERNAL MEDICINE,M,1981
8220,LA,EMERGENCY MEDICINE,M,1972
8221,PA,EMERGENCY MEDICINE,F,1981
8222,CA,CLINICAL CARDIAC ELECTROPHYSIOLOGY,M,1977
8223,NJ,PEDIATRICS,M,1979
8224,PA,NURSE PRACTITIONER,F,
8225,FL,INTERNAL MEDICINE,M,1973
8226,NY,HEMATOLOGY/ONCOLOGY,M,1981
8227,ME,DIAGNOSTIC RADIOLOGY,F,1980
8228,FL,GENERAL PRACTICE,M,
8229,NY,CARDIOVASCULAR DISEASE,M,1976
8230,NV,EMERGENCY MEDICINE,M,1979
8231,MD,EMERGENCY MEDICINE,M,1980
8232,AL,GENERAL SURGERY,F,1980
8233,RI,PHYSICIAN ASSISTANT,F,
8234,AR,NURSE PRACTITIONER,F,
8235,FL,INTERNAL MEDICINE,F,1972
8236,AZ,EMERGENCY MEDICINE,M,1977
8237,ME,NURSE PRACTITIONER,F,1972
8238,IL,NURSE PRACTITIONER,M,
8239,KS,PHYSICIAN ASSISTANT,F,1983
8240,CA,GENERAL SURGERY,M,1970
8241,TX,FAMILY MEDICINE,F,1978
8242,NE,PHYSICIAN ASSISTANT,M,1984
8243,TN,FAMILY MEDICINE,M,1985
8244,WA,PHYSICIAN ASSISTANT,F,1981
8245,CA,PHYSICIAN ASSISTANT,M,1978
8246,MI,PHYSICIAN ASSISTANT,F,1984
8247,NV,PEDIATRIC RADIOLOGY,M,1981
8248,OH,CERTIFIED NURSE ANESTHETIST,F,1980
8249,CA,PUBLIC HEALTH & GENERAL PREVENTIVE MEDICINE,M,1983
8250,OH,INTERNAL MEDICINE,F,1986
8251,MI,FAMILY MEDICINE,F,1985
8252,WV,PSYCHIATRY,F,1986
8253,KY,FAMILY MEDICINE,M,1984
8254,TN,FAMILY MEDICINE,M,1987
8255,OH,FAMILY MEDICINE,M,1963
8256,WA,FAMILY MEDICINE,M,1984
8257,CA,FAMILY MEDICINE,F,1984
8258,GA,INTERNAL MEDICINE,M,1980
8259,RI,EMERGENCY MEDICINE,F,1987
8260,NJ,PHYSICIAN ASSISTANT,M,1963
8261,TX,FAMILY MEDICINE,M,1986
8262,TN,INTERNAL MEDICINE,F,1986
8263,MI,HOSPITALIST,F,1984
8264,MI,CARDIOVASCULAR DISEASE,M,1986
8265,CO,OBSTETRICS & GYNECOLOGY,F,1985
8266,FL,FAMILY MEDICINE,F,1986
8267,NJ,EMERGENCY MEDICINE,M,1986
8268,CA,INTERNAL MEDICINE,F,1981
8269,MI,FAMILY MEDICINE,M,1986
8270,MO,FAMILY MEDICINE,F,1987
8271,FL,PHYSICIAN ASSISTANT,F,1981
8272,IL,DIAGNOSTIC RADIOLOGY,M,1980
8273,NJ,FAMILY MEDICINE,M,1986
8274,MI,INTERNAL MEDICINE,M,1985
8275,AZ,PHYSICIAN ASSISTANT,M,1977
8276,NM,NURSE PRACTITIONER,F,1981
8277,PA,FAMILY MEDICINE,M,1986
8278,PA,INTERNAL MEDICINE,M,1984
8279,OH,EMERGENCY MEDICINE,F,1975
8280,AZ,EMERGENCY MEDICINE,M,1986
8281,PA,FAMILY MEDICINE,F,1986
8282,MA,EMERGENCY MEDICINE,F,1984
8283,CO,EMERGENCY MEDICINE,F,1986
8284,TX,FAMILY MEDICINE,F,1985
8285,NY,EMERGENCY MEDICINE,M,1972
8286,CA,UNSPECIFIED,F,1987
8287,MA,FAMILY MEDICINE,M,1986
8288,OH,INTERNAL MEDICINE,F,1986
8289,OH,FAMILY MEDICINE,M,1981
8290,NJ,EMERGENCY MEDICINE,F,1988
8291,IL,NEPHROLOGY,M,1977
8292,NJ,NURSE PRACTITIONER,F,
8293,SC,PHYSICIAN ASSISTANT,F,1965
8294,MS,FAMILY MEDICINE,M,1973
8295,MD,CARDIOVASCULAR DISEASE,F,1979
8296,GA,NURSE PRACTITIONER,F,
8297,CA,EMERGENCY MEDICINE,M,1978
8298,OK,INTERNAL MEDICINE,M,1986
8299,CA,FAMILY MEDICINE,M,1986
8300,NJ,FAMILY MEDICINE,F,1982
8301,OR,PSYCHIATRY,F,1974
8302,MD,EMERGENCY MEDICINE,M,1981
8303,IL,EMERGENCY MEDICINE,M,1980
8304,WA,EMERGENCY MEDICINE,M,1967
8305,NJ,ANESTHESIOLOGY,M,1978
8306,AP,EMERGENCY MEDICINE,M,1980
8307,PA,RHEUMATOLOGY,M,1978
8308,MD,NURSE PRACTITIONER,F,1979
8309,TX,NURSE PRACTITIONER,M,1961
8310,TX,OPTOMETRIST,F,1978
8311,FL,INTERNAL MEDICINE,M,1981
8312,NJ,EMERGENCY MEDICINE,F,1976
8313,WA,NURSE PRACTITIONER,M,
8314,CA,FAMILY MEDICINE,F,1978
8315,AR,GENERAL SURGERY,M,1978
8316,FL,HOSPITALIST,F,1962
8317,AZ,DIAGNOSTIC RADIOLOGY,M,1965
8318,MA,NURSE PRACTITIONER,F,
8319,OH,INTERNAL MEDICINE,M,1980
8320,MI,CARDIOVASCULAR DISEASE,M,1981
8321,FL,PHYSICIAN ASSISTANT,F,1978
8322,TX,NURSE PRACTITIONER,F,1975
8323,NJ,INTERNAL MEDICINE,F,
8324,VA,FAMILY MEDICINE,M,1983
8325,FL,NURSE PRACTITIONER,F,
8326,MN,DIAGNOSTIC RADIOLOGY,M,1979
8327,SC,INTERNAL MEDICINE,M,1982
8328,NY,INTERNAL MEDICINE,F,1981
8329,NJ,PULMONARY DISEASE,M,1981
8330,SC,PHYSICIAN ASSISTANT,F,
8331,TX,CARDIOVASCULAR DISEASE,F,1981
8332,FL,EMERGENCY MEDICINE,M,1978
8333,NY,INFECTIOUS DISEASE,F,1976
8334,LA,CERTIFIED NURSE ANESTHETIST,F,
8335,NY,FAMILY MEDICINE,M,1981
8336,MD,INTERNAL MEDICINE/PEDIATRICS,F,1976
8337,AZ,FAMILY MEDICINE,F,1980
8338,NY,GERIATRIC MEDICINE (INTERNAL MEDICINE),F,1980
8339,MA,EMERGENCY MEDICINE,M,1984
8340,MI,PULMONARY DISEASE,M,1985
8341,NY,DERMATOLOGY,F,1985
8342,PA,GENERAL SURGERY,M,1985
8343,AL,FAMILY MEDICINE,M,1982
8344,VA,EMERGENCY MEDICINE,F,1983
8345,NJ,INTERNAL MEDICINE,F,1982
8346,OH,PAIN MEDICINE,M,1966
8347,OR,NATUROPATHIC DOCTOR,F,
8348,NY,NURSE PRACTITIONER,M,
8349,OH,CARDIOVASCULAR DISEASE,M,1982
8350,FL,EMERGENCY MEDICINE,F,1980
8351,MN,INTERNAL MEDICINE,M,1984
8352,PA,FAMILY MEDICINE,M,1980
8353,KY,HEMATOLOGY/ONCOLOGY,M,1958
8354,CA,INTERNAL MEDICINE,F,1980
8355,TX,FAMILY MEDICINE,F,1980
8356,TX,GASTROENTEROLOGY,M,1975
8357,TX,OBSTETRICS & GYNECOLOGY,F,1983
8358,FL,PEDIATRIC EMERGENCY MEDICINE,M,1972
8359,PA,ANESTHESIOLOGY,M,1983
8360,FL,FAMILY MEDICINE,F,1979
8361,AZ,INTERNAL MEDICINE/PEDIATRICS,F,1978
8362,NC,FAMILY MEDICINE,M,1978
8363,FL,NEPHROLOGY,M,1979
8364,PA,HOSPITALIST,M,1981
8365,PA,INFECTIOUS DISEASE,M,1980
8366,MI,FAMILY MEDICINE,F,1979
8367,GA,FAMILY MEDICINE,M,1981
8368,FL,NURSE PRACTITIONER,F,
8369,OR,CARDIOVASCULAR DISEASE,M,1978
8370,DC,CRITICAL CARE MEDICINE (INTERNAL MEDICINE),M,1982
8371,FL,OPTOMETRIST,F,
8372,CA,INTERNAL MEDICINE,F,1982
8373,NY,PHYSICIAN ASSISTANT,F,1984
8374,AL,VASCULAR & INTERVENTIONAL RADIOLOGY,M,1977
8375,SC,INTERNAL MEDICINE,M,1979
8376,NY,NURSE PRACTITIONER,F,
8377,NY,INTERNAL MEDICINE,F,1978
8378,FL,EMERGENCY MEDICINE,F,1981
8379,GA,GASTROENTEROLOGY,M,1984
8380,CA,DERMATOLOGY,F,1979
8381,MD,UROLOGY,F,1982
8382,FL,NEURORADIOLOGY,F,1982
8383,MD,NURSE PRACTITIONER,F,
8384,KY,CARDIOVASCULAR DISEASE,M,1982
8385,LA,NURSE PRACTITIONER,F,
8386,GA,EMERGENCY MEDICINE,F,1983
8387,IL,DIAGNOSTIC RADIOLOGY,M,1978
8388,TX,DIAGNOSTIC RADIOLOGY,M,1977
8389,PA,NEURORADIOLOGY,F,1976
8390,HI,EMERGENCY MEDICINE,F,1977
8391,NJ,DIAGNOSTIC RADIOLOGY,M,1980
8392,AZ,DERMATOLOGY,M,1974
8393,NY,PHYSICIAN ASSISTANT,F,1981
8394,MN,PHYSICIAN ASSISTANT,M,1980
8395,CA,PHYSICIAN ASSISTANT,F,1975
8396,TX,DERMATOLOGY,M,1981
8397,FL,EMERGENCY MEDICINE,M,1975
8398,CA,PHYSICAL MEDICINE & REHABILITATION,M,1982
8399,PA,FAMILY MEDICINE,M,1985
8400,TN,EMERGENCY MEDICINE,M,1986
8401,FL,DERMATOLOGY,M,1978
8402,NC,CARDIOVASCULAR DISEASE,M,1983
8403,SC,NURSE PRACTITIONER,F,
8404,CT,NEPHROLOGY,M,1973
8405,IL,NEPHROLOGY,F,1968
8406,NY,OPHTHALMOLOGY,M,1959
8407,MO,ANATOMIC/CLINICAL PATHOLOGY,F,1979
8408,MI,ORTHOPEDIC SURGERY,M,1984
8409,MI,EMERGENCY MEDICINE,F,1986
8410,KY,PEDIATRIC EMERGENCY MEDICINE (PEDIATRICS),F,1982
8411,FL,"ENDOCRINOLOGY, DIABETES & METABOLISM",M,1984
8412,NJ,PHYSICIAN ASSISTANT,F,1975
8413,NY,FAMILY MEDICINE,F,1956
8414,MD,EMERGENCY MEDICINE,F,1979
8415,CT,INTERNAL MEDICINE/PEDIATRICS,F,1974
8416,MI,EMERGENCY MEDICINE,M,1981
8417,NY,DIAGNOSTIC RADIOLOGY,F,1979
8418,MI,GASTROENTEROLOGY,M,1961
8419,NY,EMERGENCY MEDICINE,M,1979
8420,MD,ANATOMIC/CLINICAL PATHOLOGY,F,1979
8421,CA,INTERNAL MEDICINE,F,1982
8422,PR,OBSTETRICS & GYNECOLOGY,M,1981
8423,OR,PEDIATRICS,F,1982
8424,CA,OPHTHALMOLOGY,M,1975
8425,LA,PEDIATRICS,M,1981
8426,TX,PULMONARY CRITICAL CARE MEDICINE,M,1980
8427,FL,PEDIATRICS,F,1970
8428,MA,DIAGNOSTIC RADIOLOGY,M,1973
8429,TX,FAMILY MEDICINE,M,1967
8430,OH,NURSE PRACTITIONER,F,1979
8431,FL,INTERNAL MEDICINE,M,1978
8432,OH,HEMATOLOGY/ONCOLOGY,M,1984
8433,MD,FAMILY MEDICINE,M,1968
8434,TX,EMERGENCY MEDICINE,M,1982
8435,IN,EMERGENCY MEDICINE,M,1977
8436,SD,DERMATOLOGY,F,1981
8437,FL,INTERNAL MEDICINE,M,1985
8438,FL,FAMILY MEDICINE,M,1965
8439,FL,INTERNAL MEDICINE,F,1982
8440,AZ,FAMILY MEDICINE,M,1972
8441,KY,INTERVENTIONAL CARDIOLOGY,M,1978
8442,FL,CARDIOVASCULAR DISEASE,F,1979
8443,DC,GENERAL SURGERY,F,1978
8444,TX,PEDIATRICS,F,1980
8445,OH,ANESTHESIOLOGY,M,1958
8446,IL,FAMILY MEDICINE,F,1981
8447,CA,FAMILY MEDICINE,F,1976
8448,CO,HOSPITALIST,M,1979
8449,TX,INTERNAL MEDICINE,F,1964
8450,NY,"ENDOCRINOLOGY, DIABETES & METABOLISM",M,1977
8451,VA,FAMILY MEDICINE,M,1983
8452,NJ,HOSPITALIST,F,1975
8453,NC,CARDIOVASCULAR DISEASE,M,1979
8454,CT,"ENDOCRINOLOGY, DIABETES & METABOLISM",F,1978
8455,TN,CARDIOVASCULAR DISEASE,F,1981
8456,FL,DERMATOLOGY,M,1984
8457,CA,FAMILY MEDICINE,M,1970
8458,CA,VASCULAR & INTERVENTIONAL RADIOLOGY,M,1983
8459,CO,FAMILY MEDICINE,F,1975
8460,TX,INTERNAL MEDICINE,M,1972
8461,NY,PEDIATRIC EMERGENCY MEDICINE (PEDIATRICS),F,1976
8462,DE,CRITICAL CARE MEDICINE (INTERNAL MEDICINE),M,1977
8463,CA,ANESTHESIOLOGY,M,1981
8464,NJ,INTERNAL MEDICINE,F,1980
8465,FL,ANATOMIC/CLINICAL PATHOLOGY,M,1977
8466,MN,PEDIATRICS,F,1975
8467,MA,ANATOMIC/CLINICAL PATHOLOGY,M,1981
8468,MN,INTERNAL MEDICINE,M,1978
8469,MS,INTERNAL MEDICINE,M,1972
8470,ME,NEUROLOGICAL SURGERY,M,1978
8471,CA,GENERAL PREVENTIVE MEDICINE,M,1971
8472,TX,INTERNAL MEDICINE,M,1974
8473,NH,INTERNAL MEDICINE,F,1985
8474,FL,SURGICAL CRITICAL CARE (SURGERY),F,1971
8475,PA,INTERNAL MEDICINE,M,1977
8476,GA,INTERNAL MEDICINE,M,1982
8477,FL,GENERAL PRACTICE,F,1980
8478,AL,CYTOPATHOLOGY,M,1957
8479,MD,INTERNAL MEDICINE,F,1977
8480,FL,GENERAL PRACTICE,M,1971
8481,MA,GENERAL SURGERY,M,1979
8482,TX,HOSPITALIST,M,1970
8483,WA,INTERNAL MEDICINE,M,1981
8484,FL,PEDIATRICS,M,1963
8485,FL,EMERGENCY MEDICINE,M,1963
8486,CA,PAIN MEDICINE,M,1972
8487,TX,DIAGNOSTIC RADIOLOGY,M,1983
8488,NY,PEDIATRICS,F,1972
8489,FL,INTERNAL MEDICINE,M,1982
8490,FL,PEDIATRICS,F,1978
8491,CA,NEPHROLOGY,F,1972
8492,NY,PEDIATRICS,M,1970
8493,MD,INTERVENTIONAL CARDIOLOGY,M,1980
8494,CA,OBSTETRICS & GYNECOLOGY,M,1982
8495,PA,GASTROENTEROLOGY,F,1979
8496,CA,INTERNAL MEDICINE,F,1979
8497,IL,FAMILY MEDICINE,M,1976
8498,FL,EMERGENCY MEDICINE,M,1979
8499,MN,NEURORADIOLOGY,M,1981
8500,FL,EMERGENCY MEDICINE,F,1981
8501,FL,HOSPITALIST,M,1978
8502,MN,NUCLEAR MEDICINE,M,1981
8503,NJ,INTERNAL MEDICINE,F,1980
8504,CO,HEMATOLOGY/ONCOLOGY,M,1973
8505,OH,GASTROENTEROLOGY,F,1980
21103,GA,ANATOMIC/CLINICAL PATHOLOGY,M,1942
21104,AR,HEMATOLOGY/ONCOLOGY,M,1951
21105,OH,CARDIOVASCULAR DISEASE,M,1963
21106,VA,INTERNAL MEDICINE,F,1954
21107,FL,PEDIATRICS,F,1960
21108,FL,MEDICAL ONCOLOGY,M,1956
21109,FL,ALLERGY & IMMUNOLOGY,M,1960
21110,CA,CARDIOVASCULAR DISEASE,M,1960
21111,GA,FAMILY MEDICINE,M,1960
21112,CA,CARDIOVASCULAR DISEASE,M,1954
21113,FL,GERIATRIC PSYCHIATRY,M,1959
21114,LA,CARDIOVASCULAR DISEASE,M,1957
21115,CT,INTERNAL MEDICINE,F,1959
21116,FL,ANATOMIC/CLINICAL PATHOLOGY,M,1955
21117,FL,ANATOMIC/CLINICAL PATHOLOGY,M,1957
21118,WI,NEPHROLOGY,F,1958
21119,CA,PSYCHIATRY,F,1954
21120,FL,CARDIOVASCULAR DISEASE,M,1959
21121,SC,ALLERGY & IMMUNOLOGY,M,1962
21122,KY,FAMILY MEDICINE,M,1954
21123,CA,FAMILY MEDICINE,M,1948
21124,NJ,EMERGENCY MEDICINE,M,1954
21125,CA,FAMILY MEDICINE,M,1956
21126,NY,FAMILY MEDICINE,M,1954
21127,CA,OPHTHALMOLOGY,M,1957
21128,CA,PULMONARY DISEASE,M,1957
21129,NC,"ENDOCRINOLOGY, DIABETES & METABOLISM",M,1956
21130,FL,EMERGENCY MEDICINE,M,1950
21131,FL,GENERAL SURGERY,M,1953
21132,NY,ANATOMIC/CLINICAL PATHOLOGY,M,1953
21133,NJ,DIAGNOSTIC RADIOLOGY,F,1955
21134,TX,ANATOMIC/CLINICAL PATHOLOGY,M,1955
21135,MD,NEPHROLOGY,M,1962
21136,MI,CARDIOVASCULAR DISEASE,M,1963
21137,OH,CARDIOVASCULAR DISEASE,M,1951
21138,MD,EMERGENCY MEDICINE,M,1956
21139,TN,DERMATOPATHOLOGY,M,1957
21140,CA,PULMONARY CRITICAL CARE MEDICINE,M,1962
21141,FL,HEMATOLOGY/ONCOLOGY,F,1958
21142,NY,EMERGENCY MEDICINE,M,1958
21143,FL,PSYCHIATRY,M,1954
21144,NJ,CARDIOVASCULAR DISEASE,M,1957
21145,SC,EMERGENCY MEDICINE,F,1949
21146,AZ,EMERGENCY MEDICINE,F,1958
21147,TX,INTERNAL MEDICINE,M,1961
21148,VA,PSYCHIATRY,F,1957
21149,NY,UROLOGY,M,1937
21150,MI,GASTROENTEROLOGY,M,1960
21151,KY,CARDIOVASCULAR DISEASE,M,1955
21152,FL,GASTROENTEROLOGY,M,1961
21153,FL,PSYCHIATRY,M,1950
21154,WI,CARDIOVASCULAR DISEASE,M,1956
21155,WI,ANATOMIC/CLINICAL PATHOLOGY,M,1965
21156,CA,CARDIOVASCULAR DISEASE,M,1961
21157,FL,ANATOMIC/CLINICAL PATHOLOGY,M,1947
21158,MD,INTERNAL MEDICINE,M,1958
21159,FL,FAMILY MEDICINE,M,1956
21160,NV,NEUROLOGY,M,1960
21161,TX,INTERNAL MEDICINE,M,1956
21162,FL,CARDIOVASCULAR DISEASE,M,1955
21163,MD,ANESTHESIOLOGY,M,1952
21164,CA,ANATOMIC/CLINICAL PATHOLOGY,M,1946
21165,VA,EMERGENCY MEDICINE,M,1953
21166,NJ,EMERGENCY MEDICINE,M,1955
21167,NJ,PEDIATRICS,M,1959
21168,FL,INTERVENTIONAL CARDIOLOGY,M,1961
21169,NJ,GENERAL SURGERY,M,1959
21170,MD,EMERGENCY MEDICINE,M,1952
21171,FL,GASTROENTEROLOGY,M,1940
21172,NY,"ENDOCRINOLOGY, DIABETES & METABOLISM",M,1958
21173,CA,DIAGNOSTIC RADIOLOGY,M,1951
21174,NY,HEMATOLOGY/ONCOLOGY,M,1955
21175,FL,SPORTS MEDICINE (INTERNAL MEDICINE),M,1957
21176,CA,GASTROENTEROLOGY,M,1957
21177,MS,ANATOMIC PATHOLOGY,M,1956
21178,PA,VASCULAR & INTERVENTIONAL RADIOLOGY,M,1956
21179,TX,GENERAL SURGERY,M,1960
21180,TX,FAMILY MEDICINE,M,1954
21181,IN,CARDIOVASCULAR DISEASE,M,1960
21182,NY,INTERNAL MEDICINE,F,1954
21183,NJ,CARDIOVASCULAR DISEASE,M,1957
21184,CA,PULMONARY DISEASE,M,1955
21185,TX,PULMONARY DISEASE,M,1963
21186,MD,INTERNAL MEDICINE,F,1961
21187,OH,GASTROENTEROLOGY,M,1954
21188,FL,ANATOMIC/CLINICAL PATHOLOGY,M,1957
21189,CA,PULMONARY DISEASE,M,1954
21190,TX,CARDIOVASCULAR DISEASE,M,1949
21191,CA,PULMONARY DISEASE,M,1943
21192,NC,CARDIOVASCULAR DISEASE,M,1961
21193,MS,INTERNAL MEDICINE,F,1955
21194,CA,EMERGENCY MEDICINE,F,1960
21195,IL,CARDIOVASCULAR DISEASE,M,1961
21196,MI,PULMONARY DISEASE,M,1957
21197,NY,INTERNAL MEDICINE,M,1951
21198,NC,CARDIOVASCULAR DISEASE,M,1963
21199,CA,CARDIOVASCULAR DISEASE,M,1938
21200,NJ,INTERNAL MEDICINE,M,1957
21201,CA,MEDICAL ONCOLOGY,M,1954
21202,NY,ANATOMIC/CLINICAL PATHOLOGY,F,1958
21203,NV,FAMILY MEDICINE,M,1951
21204,NJ,EMERGENCY MEDICINE,M,1957
21205,OH,PSYCHIATRY,M,1959
21206,MI,OBSTETRICS & GYNECOLOGY,F,1951
21207,NC,CARDIOVASCULAR DISEASE,M,1956
21208,CA,CARDIOVASCULAR DISEASE,M,1955
21209,NC,CARDIOVASCULAR DISEASE,M,1952
21210,NJ,CARDIOVASCULAR DISEASE,M,1955
21211,NJ,INTERNAL MEDICINE,M,1961
21212,FL,PSYCHIATRY,M,1956
21213,FL,GASTROENTEROLOGY,M,1955
21214,CA,INTERNAL MEDICINE,M,1959
21215,IL,INTERVENTIONAL CARDIOLOGY,M,1954
21216,OH,DIAGNOSTIC RADIOLOGY,M,1954
21217,PA,CARDIOVASCULAR DISEASE,M,1959
21218,FL,ANATOMIC/CLINICAL PATHOLOGY,M,1954
21219,IL,CARDIOVASCULAR DISEASE,M,1943
21220,AZ,PULMONARY DISEASE,M,1951
21221,PA,CARDIOVASCULAR DISEASE,M,1959
21222,IN,DERMATOLOGY,F,1955
21223,MN,CARDIOVASCULAR DISEASE,M,1961
21224,FL,ANATOMIC/CLINICAL PATHOLOGY,M,1958
21225,MI,GASTROENTEROLOGY,M,1957
21226,CA,INTERNAL MEDICINE,M,1956
21227,IL,CARDIOVASCULAR DISEASE,M,1957
21228,IL,RADIOLOGY,M,1948
21229,CA,ANATOMIC/CLINICAL PATHOLOGY,M,1958
21230,CA,PULMONARY DISEASE,F,1960
21231,IL,CARDIOVASCULAR DISEASE,M,1948
21232,IL,GASTROENTEROLOGY,M,1954
21233,CA,GENERAL PRACTICE,M,1945
21234,IN,PULMONARY DISEASE,F,1964
21235,CA,PEDIATRICS,F,1955
21236,TX,CARDIOVASCULAR DISEASE,M,1961
21237,TX,INTERNAL MEDICINE,M,1952
21238,AZ,ANESTHESIOLOGY,F,1954
21239,SC,GASTROENTEROLOGY,M,1957
21240,AZ,RHEUMATOLOGY,M,1957
21241,NJ,DIAGNOSTIC RADIOLOGY,M,1958
21242,CA,CARDIOVASCULAR DISEASE,M,1958
21243,AZ,GASTROENTEROLOGY,M,1945
21244,FL,ANESTHESIOLOGY,M,1960
21245,MI,GENERAL SURGERY,M,1946
21246,CA,CARDIOVASCULAR DISEASE,M,1957
21247,MD,"ENDOCRINOLOGY, DIABETES & METABOLISM",F,1941
21248,CA,INTERNAL MEDICINE,M,1960
21249,FL,INTERNAL MEDICINE,M,1947
21250,VA,CARDIOVASCULAR DISEASE,M,1959
21251,FL,GENERAL SURGERY,M,1957
21252,FL,CARDIOVASCULAR DISEASE,M,1950
21253,OH,CARDIOVASCULAR DISEASE,M,1953
21254,PA,FAMILY MEDICINE,M,1960
21255,NJ,PULMONARY DISEASE,M,1954
21256,CA,PEDIATRICS,M,1956
21257,IL,GASTROENTEROLOGY,F,1958
21258,FL,CARDIOVASCULAR DISEASE,M,1956
21259,IN,GASTROENTEROLOGY,M,1959
21260,NJ,PULMONARY DISEASE,M,1959
21261,NY,GASTROENTEROLOGY,M,1959
21262,IL,CARDIOVASCULAR DISEASE,M,1958
21263,FL,CARDIOVASCULAR DISEASE,M,1962
21264,OH,EMERGENCY MEDICINE,M,1952
21265,FL,CARDIOVASCULAR DISEASE,M,1962
21266,CA,CARDIOVASCULAR DISEASE,M,1962
21267,FL,PSYCHIATRY,M,1952
21268,CA,GASTROENTEROLOGY,M,1959
21269,NY,INTERNAL MEDICINE,M,1952
21270,MI,PEDIATRIC ANESTHESIOLOGY,M,1958
21271,OH,CARDIOVASCULAR DISEASE,M,1959
21272,MA,CARDIOVASCULAR DISEASE,M,1965
21273,AZ,CARDIOVASCULAR DISEASE,M,1951
21274,MI,PSYCHIATRY,M,1950
21275,WV,CARDIOVASCULAR DISEASE,M,1957
21276,PA,PULMONARY DISEASE,M,1952
21277,PA,CARDIOVASCULAR DISEASE,M,1949
21278,CA,CARDIOVASCULAR DISEASE,M,1964
21279,AZ,NEUROLOGY,F,1955
21280,CA,CARDIOVASCULAR DISEASE,M,1954
21281,IL,RHEUMATOLOGY,M,1956
21282,FL,RADIOLOGY,F,1949
21283,FL,PSYCHIATRY,M,1960
21284,IL,EMERGENCY MEDICINE,M,1954
21285,FL,FAMILY MEDICINE,M,1963
21286,NC,FAMILY MEDICINE,M,1956
21287,NY,INTERNAL MEDICINE,M,1956
21288,FL,FAMILY MEDICINE,F,1964
21289,NY,ALLERGY & IMMUNOLOGY,M,1960
21290,NY,INTERNAL MEDICINE,M,1952
21291,TN,ANATOMIC/CLINICAL PATHOLOGY,M,1957
21292,NY,INTERNAL MEDICINE,M,1958
21293,CA,CARDIOVASCULAR DISEASE,M,1963
21294,CA,UROLOGY,M,1947
21295,MA,INTERNAL MEDICINE,F,1953
21296,TX,CLINICAL CARDIAC ELECTROPHYSIOLOGY,M,1958
21297,LA,GASTROENTEROLOGY,M,1957
21298,CA,CARDIOVASCULAR DISEASE,M,1950
21299,NC,INTERNAL MEDICINE,M,1957
21300,NY,INTERNAL MEDICINE,M,1955
21301,PA,NEUROLOGY,M,1958
21302,NJ,ANATOMIC/CLINICAL PATHOLOGY,F,1961
21303,NY,INTERNAL MEDICINE,F,1957
21304,WA,MEDICAL ONCOLOGY,M,1960
21305,MD,OBSTETRICS & GYNECOLOGY,M,1958
21306,FL,INTERNAL MEDICINE,M,1962
21307,FL,PULMONARY DISEASE,M,1962
21308,NJ,HEMATOLOGY (PATHOLOGY),F,1959
21309,NJ,GERIATRIC MEDICINE (INTERNAL MEDICINE),M,1960
21310,LA,CARDIOVASCULAR DISEASE,M,1958
21311,OH,GENERAL PRACTICE,M,1948
21312,CA,CARDIOVASCULAR DISEASE,M,1954
21313,MN,CARDIOVASCULAR DISEASE,M,1956
21314,WI,FAMILY MEDICINE,F,1956
21315,CA,ANATOMIC/CLINICAL PATHOLOGY,M,1948
21316,FL,CARDIOVASCULAR DISEASE,M,1953
21317,TX,ANATOMIC/CLINICAL PATHOLOGY,F,1959
21318,MI,EMERGENCY MEDICINE,F,1957
21319,MD,INTERNAL MEDICINE,M,1957
21320,NY,FAMILY MEDICINE,F,1951
21321,ID,CARDIOVASCULAR DISEASE,M,1954
21322,NY,FAMILY MEDICINE,F,1955
21323,FL,PSYCHIATRY,M,1950
21324,MN,HEMATOLOGY (INTERNAL MEDICINE),M,1958
21325,FL,CARDIOVASCULAR DISEASE,M,1963
21326,FL,INTERNAL MEDICINE,M,1963
21327,NJ,INTERNAL MEDICINE,M,1954
21328,DC,"ENDOCRINOLOGY, DIABETES & METABOLISM",F,1960
21329,FL,HOSPITALIST,M,1956
21330,WA,EMERGENCY MEDICINE,M,1952
21331,MA,DIAGNOSTIC RADIOLOGY,F,1944
21332,WI,EMERGENCY MEDICINE,M,1962
21333,CA,INTERNAL MEDICINE,M,1957
21334,TX,GASTROENTEROLOGY,M,1964
21335,MI,DIAGNOSTIC RADIOLOGY,M,1956
21336,CA,OBSTETRICS & GYNECOLOGY,M,1964
21337,GA,EMERGENCY MEDICINE,F,1952
21338,AZ,RADIOLOGY,M,1961
21339,WI,CARDIOVASCULAR DISEASE,M,1961
21340,FL,EMERGENCY MEDICINE,M,1955
21341,AZ,ANESTHESIOLOGY,M,1959
21342,NY,PEDIATRICS,M,1960
21343,FL,INTERNAL MEDICINE,M,1958
21344,FL,CARDIOVASCULAR DISEASE,M,1960
21345,FL,THORACIC SURGERY,M,1960
21346,NY,ANATOMIC/CLINICAL PATHOLOGY,M,1956
21347,FL,FAMILY MEDICINE,M,1953
21348,MD,FAMILY MEDICINE,M,1948
21349,FL,VASCULAR & INTERVENTIONAL RADIOLOGY,M,1956
21350,FL,FAMILY MEDICINE,M,1939
21351,CA,ANATOMIC PATHOLOGY,F,1956
21352,CA,NEPHROLOGY,M,1946
21353,HI,ANATOMIC/CLINICAL PATHOLOGY,M,1947
21354,FL,ANATOMIC PATHOLOGY,M,1960
21355,NY,OTOLARYNGOLOGY,M,1948
21356,CA,INTERNAL MEDICINE,M,1950
21357,FL,ANATOMIC/CLINICAL PATHOLOGY,M,1955
21358,CA,HEMATOLOGY (INTERNAL MEDICINE),M,1961
21359,MD,INFECTIOUS DISEASE,M,1957
21360,WI,RADIOLOGY,M,1948
21361,NV,ANATOMIC/CLINICAL PATHOLOGY,F,1964
21362,ND,GENERAL SURGERY,F,1960
21363,MN,MEDICAL ONCOLOGY,M,1959
21364,CA,EMERGENCY MEDICINE,M,1952
21365,PA,FAMILY MEDICINE,M,1962
21366,GA,PULMONARY DISEASE,M,1959
21367,WV,DIAGNOSTIC RADIOLOGY,M,1959
21368,CA,CARDIOVASCULAR DISEASE,M,1963
21369,WA,DIAGNOSTIC RADIOLOGY,M,1958
21370,RI,CARDIOVASCULAR DISEASE,M,1956
21371,NY,PEDIATRICS,M,1953
21372,MA,INTERNAL MEDICINE,M,1955
21373,CA,PEDIATRICS,M,1959
21374,CA,OPHTHALMOLOGY,F,1944
21375,CO,PSYCHIATRY,F,1958
21376,CA,NEPHROLOGY,M,1946
21377,MI,CARDIOVASCULAR DISEASE,M,1951
21378,NC,EMERGENCY MEDICINE,M,1958
21379,FL,PULMONARY DISEASE,M,1961
21380,AZ,PULMONARY DISEASE,M,1961
21381,WV,"ENDOCRINOLOGY, DIABETES & METABOLISM",F,1962
21382,NC,DIAGNOSTIC RADIOLOGY,M,1962
21383,HI,GASTROENTEROLOGY,M,1959
21384,OR,GENERAL SURGERY,M,1959
21385,NC,FAMILY MEDICINE,F,1956
21386,MD,DIAGNOSTIC RADIOLOGY,F,1955
21387,FL,OTOLARYNGOLOGY,M,1957
21388,VA,VASCULAR SURGERY,M,1958
21389,DE,FAMILY MEDICINE,F,1962
21390,TX,CARDIOVASCULAR DISEASE,M,1959
21391,TN,GASTROENTEROLOGY,M,1961
21392,NY,OPHTHALMOLOGY,M,1963
21393,ME,INFECTIOUS DISEASE,F,1958
21394,TX,INTERNAL MEDICINE,F,1963
21395,TN,EMERGENCY MEDICINE,M,1958
21396,WI,EMERGENCY MEDICINE,F,1962
21397,NY,FAMILY MEDICINE,F,1958
21398,CO,INTERNAL MEDICINE,F,1960
21399,GA,EMERGENCY MEDICINE,M,1964
21400,WV,FAMILY MEDICINE,M,1963
21401,WI,GASTROENTEROLOGY,M,1961
21402,IN,GASTROENTEROLOGY,M,1964
21403,VA,FAMILY MEDICINE,M,1963
21404,CA,EMERGENCY MEDICINE,M,1944
21405,VA,CARDIOVASCULAR DISEASE,M,1964
21406,CA,DIAGNOSTIC RADIOLOGY,M,1962
21407,NH,DIAGNOSTIC RADIOLOGY,F,1962
21408,CA,EMERGENCY MEDICINE,M,1957
21409,MO,UROLOGY,M,1958
21410,SC,CARDIOVASCULAR DISEASE,M,1957
21411,TX,INTERNAL MEDICINE,F,1964
21412,TX,UROLOGY,M,1962
21413,UT,DIAGNOSTIC RADIOLOGY,M,1957
21414,CA,INTERNAL MEDICINE,F,1961
21415,WA,PEDIATRICS,F,1953
21416,MA,RETINAL SPECIALIST,F,1957
21417,NH,PSYCHIATRY,M,1947
21418,ME,ANATOMIC/CLINICAL PATHOLOGY,M,1962
21419,WA,PEDIATRICS,M,1963
21420,CA,PEDIATRICS,F,1960
21421,MN,HEMATOLOGY/ONCOLOGY,M,1959
21422,WA,FAMILY MEDICINE,M,1960
21423,WA,DIAGNOSTIC RADIOLOGY,M,1953
21424,TX,PSYCHIATRY,F,1954
21425,FL,THORACIC SURGERY,M,1963
21426,PA,ANESTHESIOLOGY,M,1966
21427,WA,EMERGENCY MEDICINE,M,1957
21428,NC,INTERNAL MEDICINE,M,1961
21429,VA,FAMILY MEDICINE,F,1960
21430,MD,PULMONARY DISEASE,M,1958
21431,FL,GASTROENTEROLOGY,M,1957
21432,SC,OBSTETRICS & GYNECOLOGY,F,1963
21433,TX,EMERGENCY MEDICINE,M,1960
21434,TX,CARDIOVASCULAR DISEASE,M,1964
21435,GA,RADIOLOGY,M,1957
21436,TX,HEAD & NECK SURGERY,M,1954
21437,TX,FAMILY MEDICINE,M,1962
21438,OH,EMERGENCY MEDICINE,M,1959
21439,MI,DERMATOPATHOLOGY,F,1959
21440,WA,GENERAL SURGERY,M,1957
21441,OR,SPORTS MEDICINE (FAMILY MEDICINE),M,1963
21442,CO,CARDIOVASCULAR DISEASE,M,1955
21443,TX,INTERNAL MEDICINE,F,1958
21444,TX,PULMONARY DISEASE,M,1962
21445,CA,EMERGENCY MEDICINE,M,1954
21446,PA,DIAGNOSTIC RADIOLOGY,M,1964
21447,TX,FAMILY MEDICINE,M,1960
21448,KY,ORTHOPEDIC SURGERY,M,1961
21449,TX,PHYSICAL MEDICINE & REHABILITATION,F,1961
21450,TX,ANATOMIC/CLINICAL PATHOLOGY,F,1950
21451,TX,OBSTETRICS & GYNECOLOGY,M,1957
21452,TX,CRITICAL CARE MEDICINE (INTERNAL MEDICINE),M,1959
21453,VA,FAMILY MEDICINE,M,1958
21454,VA,FAMILY MEDICINE,M,1961
21455,VA,CARDIOVASCULAR DISEASE,M,1958
21456,NY,PEDIATRICS,M,1963
21457,UT,FAMILY MEDICINE,M,1961
21458,TN,INTERNAL MEDICINE,F,1959
21459,NY,EMERGENCY MEDICINE,M,1961
21460,CA,EMERGENCY MEDICINE,M,1961
21461,UT,EMERGENCY MEDICINE,M,1959
21462,OH,OPHTHALMOLOGY,M,1961
21463,CA,CLINICAL CARDIAC ELECTROPHYSIOLOGY,M,1960
21464,TX,FAMILY MEDICINE,M,1964
21465,TX,DIAGNOSTIC RADIOLOGY,M,1965
21466,TX,CHILD NEUROLOGY,M,1957
21467,SC,CARDIOVASCULAR DISEASE,M,1963
21468,TX,FAMILY MEDICINE,M,1960
21469,TX,UROLOGY,M,1960
21470,TX,INTERNAL MEDICINE,M,1962
21471,OK,ANATOMIC/CLINICAL PATHOLOGY,M,1955
21472,NC,NEUROLOGY,M,1962
21473,HI,FAMILY MEDICINE,M,1953
21474,TX,DERMATOLOGY,M,1958
21475,TX,OTOLARYNGOLOGY,M,1950
21476,TX,VASCULAR & INTERVENTIONAL RADIOLOGY,M,1964
21477,NV,FAMILY MEDICINE,M,1963
21478,TX,VASCULAR & INTERVENTIONAL RADIOLOGY,M,1961
21479,ID,DERMATOLOGY,M,1959
21480,UT,DIAGNOSTIC RADIOLOGY,M,1956
21481,UT,GERIATRIC MEDICINE (INTERNAL MEDICINE),M,1957
21482,UT,ORTHOPEDIC SURGERY,M,1955
21483,FL,EMERGENCY MEDICINE,M,1960
21484,TX,DERMATOLOGY,M,1959
21485,TX,EMERGENCY MEDICINE,M,1961
21486,TX,PSYCHIATRY,M,1962
21487,TX,EMERGENCY MEDICINE,M,1960
21488,TX,RHEUMATOLOGY,F,1957
21489,OH,RADIATION ONCOLOGY,M,1951
21490,TX,FAMILY MEDICINE,M,1945
21491,TX,CARDIOVASCULAR DISEASE,M,1959
21492,TX,GASTROENTEROLOGY,M,1958
21493,TX,GYNECOLOGY,F,1964
21494,TX,INTERNAL MEDICINE,F,1956
21495,VA,PEDIATRICS,F,1960
21496,TX,PEDIATRICS,F,1964
21497,TX,ANESTHESIOLOGY,M,1964
21498,TX,DIAGNOSTIC RADIOLOGY,M,1960
21499,WV,DIAGNOSTIC RADIOLOGY,M,1953
21500,MS,FAMILY MEDICINE,F,1961
21501,NY,INFECTIOUS DISEASE,M,1962
21502,AR,OBSTETRICS & GYNECOLOGY,M,1960
21503,OH,FAMILY MEDICINE,M,1959
21504,GA,ANATOMIC/CLINICAL PATHOLOGY,M,1962
21505,GA,VASCULAR & INTERVENTIONAL RADIOLOGY,M,1964
21506,TN,CARDIOVASCULAR DISEASE,M,1964
21507,TN,ALLERGY & IMMUNOLOGY,M,1959
21508,FL,VASCULAR & INTERVENTIONAL RADIOLOGY,M,1962
21509,CA,NEURORADIOLOGY,M,1963
21510,PA,FAMILY MEDICINE,F,1961
21511,AZ,EMERGENCY MEDICINE,M,1946
21512,CA,DIAGNOSTIC RADIOLOGY,M,1965
21513,LA,GENERAL SURGERY,M,1963
21514,IL,VASCULAR SURGERY,M,1959
21515,IN,CARDIOVASCULAR DISEASE,M,1959
21516,TX,EMERGENCY MEDICINE,M,1951
21517,CO,DIAGNOSTIC RADIOLOGY,M,1955
21518,TX,PLASTIC SURGERY,M,1959
21519,TX,CARDIOVASCULAR DISEASE,M,1956
21520,CA,ANATOMIC/CLINICAL PATHOLOGY,M,1963
21521,TX,DIAGNOSTIC RADIOLOGY,M,1957
21522,TX,DIAGNOSTIC RADIOLOGY,M,1959
21523,TX,FAMILY MEDICINE,M,1960
21524,CA,ANATOMIC/CLINICAL PATHOLOGY,M,1960
21525,TX,INTERVENTIONAL CARDIOLOGY,M,1955
21526,NY,FAMILY MEDICINE,M,1962
21527,OR,DERMATOPATHOLOGY,M,1964
21528,FL,DIAGNOSTIC RADIOLOGY,M,1961
21529,TN,INTERNAL MEDICINE,F,1963
21530,NC,PEDIATRICS,F,1960
21531,TX,GASTROENTEROLOGY,M,1959
21532,SC,CARDIOVASCULAR DISEASE,M,1959
21533,CA,ANESTHESIOLOGY,M,1965
21534,SC,DIAGNOSTIC RADIOLOGY,M,1963
21535,SC,ANATOMIC/CLINICAL PATHOLOGY,M,1954
21536,MD,DIAGNOSTIC RADIOLOGY,M,1956
21537,SC,FAMILY MEDICINE,M,1953
21538,RI,CARDIOVASCULAR DISEASE,M,1965
21539,NJ,UROLOGY,M,1965
21540,SC,EMERGENCY MEDICINE,M,1956
21541,NJ,PEDIATRICS,M,1961
21542,SC,PEDIATRICS,M,1961
21543,TX,INTERNAL MEDICINE,M,1964
21544,PA,DIAGNOSTIC RADIOLOGY,M,1963
21545,PA,INTERNAL MEDICINE,M,1963
21546,AZ,DERMATOLOGY,F,1958
21547,TX,EMERGENCY MEDICINE,M,1963
21548,TN,EMERGENCY MEDICINE,M,1963
21549,TX,GENERAL SURGERY,M,1959
21550,FL,UROLOGY,M,1958
21551,TX,DIAGNOSTIC RADIOLOGY,M,1956
21552,GA,DERMATOPATHOLOGY,M,1962
21553,TX,NEURORADIOLOGY,M,1953
21554,FL,CARDIOVASCULAR DISEASE,M,1960
21555,TX,NEPHROLOGY,M,1955
21556,TN,DERMATOLOGY,F,1962
21557,FL,FAMILY MEDICINE,M,1955
21558,TN,FAMILY MEDICINE,M,1962
21559,TN,DIAGNOSTIC RADIOLOGY,M,1961
21560,FL,ANATOMIC/CLINICAL PATHOLOGY,M,1959
21561,TN,INTERNAL MEDICINE,M,1961
21562,FL,NEURORADIOLOGY,M,1957
21563,TN,REPRODUCTIVE ENDOCRINOLOGY & INFERTILITY,M,1954
21564,NC,NEUROLOGICAL SURGERY,M,1961
21565,IN,NEURORADIOLOGY,M,1958
21566,PA,DIAGNOSTIC RADIOLOGY,F,1955
21567,SC,GASTROENTEROLOGY,M,1959
21568,SC,EMERGENCY MEDICINE,F,1948
21569,NJ,INTERNAL MEDICINE,M,1962
21570,TN,ANESTHESIOLOGY,M,1963
21571,FL,EMERGENCY MEDICINE,M,1959
21572,CA,PSYCHIATRY,M,1947
21573,DE,UROLOGY,M,1964
21574,PA,CARDIOVASCULAR DISEASE,M,1964
21575,NJ,PULMONARY CRITICAL CARE MEDICINE,F,1956
21576,MA,CARDIOVASCULAR DISEASE,M,1962
21577,TX,EMERGENCY MEDICINE,F,1963
21578,PA,UROLOGY,M,1961
21579,TN,INTERNAL MEDICINE,M,1961
21580,VA,PEDIATRICS,M,1961
21581,TN,CARDIOVASCULAR DISEASE,M,1962
21582,MD,CARDIOVASCULAR DISEASE,F,1949
21583,NC,EMERGENCY MEDICINE,M,1962
21584,GA,INTERNAL MEDICINE,M,1962
21585,GA,FAMILY MEDICINE,F,1960
21586,MT,HEMATOLOGY/ONCOLOGY,M,1957
21587,GA,EMERGENCY MEDICINE,M,1954
21588,SD,DERMATOLOGY,F,1964
21589,TN,CARDIOVASCULAR DISEASE,M,1962
21590,LA,HOSPITALIST,M,1959
21591,CA,EMERGENCY MEDICINE,M,1956
21592,PA,DIAGNOSTIC RADIOLOGY,M,1961
21593,PA,DERMATOLOGY,M,1954
21594,PA,ANATOMIC/CLINICAL PATHOLOGY,F,1963
21595,FL,DIAGNOSTIC RADIOLOGY,M,1953
21596,PA,FAMILY MEDICINE,F,1959
21597,CA,DIAGNOSTIC RADIOLOGY,M,1959
21598,PA,EMERGENCY MEDICINE,M,1954
21599,PA,CARDIOVASCULAR DISEASE,M,1962
21600,OH,ORTHOPEDIC SURGERY,M,1957
21601,DC,PEDIATRIC RADIOLOGY,M,1963
21602,CA,PHYSICAL MEDICINE & REHABILITATION,M,1960
21603,FL,PEDIATRIC RADIOLOGY,M,1957
21604,PA,PULMONARY CRITICAL CARE MEDICINE,M,1961
21605,TX,ANATOMIC/CLINICAL PATHOLOGY,M,1948
21606,RI,GASTROENTEROLOGY,M,1962
21607,PA,CARDIOVASCULAR DISEASE,M,1963
21608,PA,DIAGNOSTIC RADIOLOGY,M,1950
21609,GA,OBSTETRICS & GYNECOLOGY,M,1961
21610,SC,OBSTETRICS & GYNECOLOGY,M,1963
21611,GA,EMERGENCY MEDICINE,M,1960
21612,SC,DIAGNOSTIC RADIOLOGY,M,1962
21613,SC,FAMILY MEDICINE,M,1953
21614,MA,FAMILY MEDICINE,M,1962
21615,RI,OPHTHALMOLOGY,M,1961
21616,NY,DIAGNOSTIC RADIOLOGY,M,1961
21617,SC,ANATOMIC/CLINICAL PATHOLOGY,M,1962
21618,SC,INTERNAL MEDICINE,M,1962
21619,SC,INTERNAL MEDICINE,F,1957
21620,NJ,DIAGNOSTIC RADIOLOGY,M,1954
21621,FL,ANATOMIC/CLINICAL PATHOLOGY,M,1954
21622,MI,CARDIOVASCULAR DISEASE,M,1958
21623,FL,GASTROENTEROLOGY,M,1963
21624,PR,GASTROENTEROLOGY,M,1954
21625,OH,DIAGNOSTIC RADIOLOGY,F,1952
21626,RI,HEMATOLOGY (INTERNAL MEDICINE),M,1956
21627,FL,CARDIOVASCULAR DISEASE,M,1959
21628,TX,PEDIATRIC RADIOLOGY,F,1958
21629,FL,OPHTHALMOLOGY,M,1958
21630,DE,CARDIOVASCULAR DISEASE,M,1964
21631,NY,INTERNAL MEDICINE,M,1961
21632,CA,ANESTHESIOLOGY,M,1960
21633,NJ,CARDIOVASCULAR DISEASE,M,1963
21634,PA,OBSTETRICS & GYNECOLOGY,M,1963
21635,DE,FAMILY MEDICINE,M,1959
21636,OH,PULMONARY CRITICAL CARE MEDICINE,M,1961
21637,CT,PEDIATRICS,F,1961
21638,NY,FAMILY MEDICINE,M,1956
21639,FL,DIAGNOSTIC RADIOLOGY,M,1963
21640,MD,PHYSICAL MEDICINE & REHABILITATION,M,1960
21641,HI,COLON & RECTAL SURGERY,M,1958
21642,NJ,DERMATOLOGIC SURGERY,M,1963
21643,OH,DIAGNOSTIC RADIOLOGY,M,1964
21644,PA,ORTHOPEDIC SURGERY,M,1961
21645,MN,CARDIOVASCULAR DISEASE,M,1944
21646,IN,DIAGNOSTIC RADIOLOGY,M,1957
21647,FL,OTOLARYNGOLOGY,M,1961
21648,MO,ANATOMIC PATHOLOGY,F,1956
21649,PA,FAMILY MEDICINE,M,1962
21650,PA,DIAGNOSTIC RADIOLOGY,M,1959
21651,NY,FAMILY MEDICINE,F,1962
21652,FL,PULMONARY DISEASE,M,1964
21653,FL,CARDIOVASCULAR DISEASE,M,1958
21654,RI,INFECTIOUS DISEASE,F,1960
21655,MD,EMERGENCY MEDICINE,F,1963
21656,PA,ANATOMIC/CLINICAL PATHOLOGY,M,1959
21657,PA,DIAGNOSTIC RADIOLOGY,M,1961
21658,DC,INTERNAL MEDICINE,F,1961
21659,MD,RADIATION ONCOLOGY,F,1962
21660,NJ,EMERGENCY MEDICINE,M,1961
21661,OH,FAMILY MEDICINE,M,1961
21662,MD,EMERGENCY MEDICINE,M,1955
21663,PA,DIAGNOSTIC RADIOLOGY,M,1955
21664,PA,UROLOGY,M,1948
21665,MI,CARDIOVASCULAR DISEASE,M,1962
21666,MN,DIAGNOSTIC RADIOLOGY,F,1962
21667,UT,DIAGNOSTIC RADIOLOGY,M,1963
21668,CA,EMERGENCY MEDICINE,M,1962
21669,GA,PEDIATRICS,M,1960
21670,OK,CARDIOVASCULAR DISEASE,M,1958
21671,TX,CARDIOVASCULAR DISEASE,F,1960
21672,MA,PLASTIC SURGERY,M,1963
21673,MD,PULMONARY DISEASE,M,1961
21674,TN,PEDIATRICS,F,1961
21675,AZ,PEDIATRIC RADIOLOGY,M,1954
21676,PA,DIAGNOSTIC RADIOLOGY,M,1957
21677,FL,DERMATOLOGY,F,1961
21678,VA,FAMILY MEDICINE,M,1963
21679,NJ,CARDIOVASCULAR DISEASE,M,1961
21680,PA,GASTROENTEROLOGY,M,1956
21681,MD,RADIOLOGY,F,1958
21682,NY,OPHTHALMOLOGY,M,1955
21683,PA,DERMATOPATHOLOGY,M,1960
21684,NV,VASCULAR SURGERY,F,1960
21685,NJ,FAMILY MEDICINE,F,1964
21686,IN,EMERGENCY MEDICINE,F,1962
21687,PA,CYTOPATHOLOGY,F,1954
21688,MD,FAMILY MEDICINE,M,1958
21689,TX,EMERGENCY MEDICINE,M,1955
21690,TX,EMERGENCY MEDICINE,M,1952
21691,OH,FAMILY MEDICINE,M,1960
21692,OH,INTERNAL MEDICINE,F,1963
21693,OH,OBSTETRICS & GYNECOLOGY,F,1963
21694,GA,OTOLARYNGOLOGY,M,1958
21695,GA,PEDIATRIC CARDIOLOGY,M,1966
21696,NJ,INTERNAL MEDICINE,M,1961
21697,IN,FAMILY MEDICINE,F,1962
21698,OH,INTERNAL MEDICINE,M,1959
21699,TX,OBSTETRICS & GYNECOLOGY,F,1958
21700,KY,FAMILY MEDICINE,M,1960
21701,PA,RHEUMATOLOGY,M,1962
21702,NJ,PULMONARY CRITICAL CARE MEDICINE,M,1961
21703,KY,FAMILY MEDICINE,M,1955
21704,CA,INTERNAL MEDICINE,F,1962
21705,MD,PEDIATRICS,F,1957
21706,FL,PSYCHIATRY,M,1963
21707,DE,EMERGENCY MEDICINE,M,1959
21708,OH,OPHTHALMOLOGY,F,1963
21709,NJ,EMERGENCY MEDICINE,F,1964
21710,FL,DIAGNOSTIC RADIOLOGY,M,1957
21711,MA,ANATOMIC/CLINICAL PATHOLOGY,M,1962
21712,NY,DERMATOLOGY,M,1961
21713,MD,FAMILY MEDICINE,M,1962
21714,NY,DIAGNOSTIC RADIOLOGY,M,1960
21715,NY,CARDIOVASCULAR DISEASE,M,1962
21716,NY,INFECTIOUS DISEASE,F,1960
21717,TN,CARDIOVASCULAR DISEASE,M,1958
21718,CA,GENERAL SURGERY,M,1960
21719,AR,DERMATOLOGY,M,1962
21720,TX,EMERGENCY MEDICINE,M,1960
21721,OH,EMERGENCY MEDICINE,M,1963
21722,OH,CARDIOVASCULAR DISEASE,F,1960
21723,SC,GYNECOLOGICAL ONCOLOGY,M,1964
21724,OH,INTERNAL MEDICINE,F,1963
21725,OH,EMERGENCY MEDICINE,M,1963
21726,OH,CLINICAL CARDIAC ELECTROPHYSIOLOGY,M,1958
21727,SC,EMERGENCY MEDICINE,M,1947
21728,IN,PULMONARY CRITICAL CARE MEDICINE,M,1964
21729,IN,GASTROENTEROLOGY,M,1963
21730,CA,FAMILY MEDICINE,M,1963
21731,OH,NEURORADIOLOGY,M,1963
21732,CA,PULMONARY CRITICAL CARE MEDICINE,F,1962
21733,MS,EMERGENCY MEDICINE,M,1963
21734,TX,DIAGNOSTIC RADIOLOGY,M,1960
21735,OH,RADIOLOGY,M,1954
21736,MO,CARDIOVASCULAR DISEASE,M,1959
21737,CO,INTERNAL MEDICINE,F,1962
21738,NY,DERMATOLOGY,F,1956
21739,FL,DERMATOPATHOLOGY,M,1961
21740,OH,DIAGNOSTIC RADIOLOGY,M,1965
21741,OH,OBSTETRICS & GYNECOLOGY,M,1963
21742,OH,DIAGNOSTIC RADIOLOGY,M,1962
21743,OH,OBSTETRICS & GYNECOLOGY,F,1962
21744,OH,EMERGENCY MEDICINE,M,1954
21745,OH,DIAGNOSTIC RADIOLOGY,M,1961
21746,NY,NEURORADIOLOGY,M,1960
21747,FL,DERMATOLOGY,M,1960
21748,CA,ANATOMIC/CLINICAL PATHOLOGY,M,1957
21749,OH,PSYCHIATRY,M,1961
21750,OR,GASTROENTEROLOGY,M,1959
21751,OH,EMERGENCY MEDICINE,F,1956
21752,WA,CYTOPATHOLOGY,F,1958
21753,OH,ANATOMIC/CLINICAL PATHOLOGY,F,1957
21754,NY,UROLOGY,M,1953
21755,ND,DIAGNOSTIC RADIOLOGY,M,1961
21756,NY,GASTROENTEROLOGY,M,1961
21757,NY,ORTHOPEDIC SURGERY,M,1962
21758,NV,ANATOMIC/CLINICAL PATHOLOGY,M,1963
21759,TX,CARDIOVASCULAR DISEASE,F,1953
21760,MD,PEDIATRICS,F,1964
21761,CA,GASTROENTEROLOGY,F,1963
21762,NC,PEDIATRICS,M,1962
21763,GA,DIAGNOSTIC RADIOLOGY,M,1960
21764,NC,INTERNAL MEDICINE,F,1957
21765,NC,ANATOMIC/CLINICAL PATHOLOGY,M,1962
21766,NY,GASTROENTEROLOGY,M,1959
21767,TN,CARDIOVASCULAR DISEASE,M,1962
21768,LA,NEPHROLOGY,F,1966
21769,OH,INTERNAL MEDICINE,F,1964
21770,FL,DIAGNOSTIC RADIOLOGY,M,1957
21771,AZ,DERMATOLOGY,M,1961
21772,OH,CARDIOVASCULAR DISEASE,M,1961
21773,OH,OBSTETRICS & GYNECOLOGY,M,1958
21774,OH,FAMILY MEDICINE,M,1958
21775,FL,CARDIOVASCULAR DISEASE,M,1961
21776,OH,PSYCHIATRY,M,1956
21777,NY,GENERAL SURGERY,M,1949
21778,IN,FAMILY MEDICINE,M,1959
21779,IN,CARDIOVASCULAR DISEASE,M,1957
21780,NC,PEDIATRICS,M,1956
21781,NC,ANATOMIC/CLINICAL PATHOLOGY,M,1961
21782,NC,RADIATION ONCOLOGY,M,1960
21783,CA,EMERGENCY MEDICINE,M,1950
21784,NC,EMERGENCY MEDICINE,F,1961
21785,TX,PULMONARY DISEASE,M,1959
21786,NY,PEDIATRICS,F,1961
21787,NY,DIAGNOSTIC RADIOLOGY,M,1962
21788,NY,CARDIOVASCULAR DISEASE,M,1962
21789,NY,OTOLARYNGOLOGY,M,1960
21790,PA,PULMONARY DISEASE,M,1960
21791,NY,DERMATOLOGY,M,1956
21792,IL,OPHTHALMOLOGY,M,1961
21793,CT,OTOLARYNGOLOGY,M,1964
21794,NY,OPHTHALMOLOGY,M,1966
21795,IL,CARDIOVASCULAR DISEASE,M,1961
21796,OH,DIAGNOSTIC RADIOLOGY,M,1963
21797,OH,ORTHOPEDIC SURGERY,M,1961
21798,VA,DIAGNOSTIC RADIOLOGY,M,1963
21799,WV,NEUROLOGICAL SURGERY,M,1962
21800,OK,OBSTETRICS & GYNECOLOGY,M,1964
21801,SC,ORTHOPEDIC SURGERY,M,1958
21802,OH,INTERNAL MEDICINE,F,1963
21803,OH,EMERGENCY MEDICINE,M,1960
21804,LA,GENERAL PREVENTIVE MEDICINE,M,1957
21805,NC,FAMILY MEDICINE,M,1956
21806,NJ,DIAGNOSTIC RADIOLOGY,M,1965
21807,NC,FAMILY MEDICINE,M,1958
21808,NC,FAMILY MEDICINE,F,1957
21809,NY,DERMATOLOGY,M,1959
21810,NY,INTERNAL MEDICINE,M,1965
21811,VA,GERIATRIC MEDICINE (INTERNAL MEDICINE),M,1959
21812,CO,FAMILY MEDICINE,F,1955
21813,FL,PEDIATRICS,F,1964
21814,NJ,NEURORADIOLOGY,M,1962
21815,NY,FAMILY MEDICINE,M,1952
21816,MD,OTOLARYNGOLOGY,M,1957
21817,NY,MEDICAL ONCOLOGY,F,1956
21818,NY,DIAGNOSTIC RADIOLOGY,M,1964
21819,NY,OTOLARYNGOLOGY,M,1962
21820,NY,PEDIATRICS,F,1955
21821,NY,INTERNAL MEDICINE,F,1955
21822,NJ,PEDIATRICS,F,1963
21823,FL,DIAGNOSTIC RADIOLOGY,M,1963
21824,NC,INTERNAL MEDICINE,M,1960
21825,ME,OTOLARYNGOLOGY,M,1958
21826,NY,INTERNAL MEDICINE,F,1957
21827,CO,CARDIOVASCULAR DISEASE,M,1962
21828,NY,OTOLARYNGOLOGY,M,1960
21829,NC,FAMILY MEDICINE,M,1960
21830,CA,DIAGNOSTIC RADIOLOGY,M,1963
21831,IL,PEDIATRIC RADIOLOGY,F,1965
21832,CA,ANESTHESIOLOGY,M,1963
21833,TN,CARDIOVASCULAR DISEASE,M,1960
21834,MD,OBSTETRICS & GYNECOLOGY,F,1962
21835,CA,FAMILY MEDICINE,M,1957
21836,NY,NEURORADIOLOGY,M,1959
21837,UT,PEDIATRICS,M,1956
21838,NV,CARDIOVASCULAR DISEASE,M,1958
21839,NC,CARDIOVASCULAR DISEASE,M,1962
21840,VA,HEMATOLOGY/ONCOLOGY,M,1961
21841,TN,CARDIOVASCULAR DISEASE,M,1956
21842,NJ,CARDIOVASCULAR DISEASE,M,1962
21843,NY,CARDIOVASCULAR DISEASE,M,1960
21844,MI,INTERNAL MEDICINE,M,1956
21845,VA,VASCULAR & INTERVENTIONAL RADIOLOGY,M,1961
21846,IL,CARDIOVASCULAR DISEASE,M,1958
21847,NJ,INFECTIOUS DISEASE,M,1949
21848,NY,RADIATION ONCOLOGY,M,1964
21849,CA,DIAGNOSTIC RADIOLOGY,M,1957
21850,NY,NEURORADIOLOGY,M,1960
21851,NY,MEDICAL ONCOLOGY,F,1964
21852,CA,VASCULAR & INTERVENTIONAL RADIOLOGY,M,1963
21853,NY,PEDIATRICS,M,1958
21854,NY,ALLERGY & IMMUNOLOGY,M,1947
21855,NY,CARDIOVASCULAR DISEASE,F,1956
21856,PA,ANESTHESIOLOGY,F,1960
21857,NC,INTERNAL MEDICINE,M,1962
21858,NJ,CLINICAL CARDIAC ELECTROPHYSIOLOGY,M,1963
21859,CA,DIAGNOSTIC RADIOLOGY,F,1962
21860,MD,DERMATOLOGY,M,1957
21861,NY,OTOLARYNGOLOGY,F,1964
21862,NY,ANATOMIC/CLINICAL PATHOLOGY,F,1964
21863,TX,UROLOGY,M,1961
21864,FL,GASTROENTEROLOGY,M,1964
21865,NM,RADIOLOGY,M,1961
21866,NC,TRANSPLANT SURGERY,M,1964
21867,NY,PULMONARY CRITICAL CARE MEDICINE,M,1964
21868,NY,EMERGENCY MEDICINE,M,1958
21869,NY,EMERGENCY MEDICINE,M,1955
21870,NY,INTERNAL MEDICINE,F,1963
21871,NJ,ANATOMIC/CLINICAL PATHOLOGY,M,1963
21872,VA,VASCULAR & INTERVENTIONAL RADIOLOGY,F,1963
21873,NY,INTERNAL MEDICINE,F,1963
21874,NY,INTERNAL MEDICINE,F,1960
21875,NY,INTERNAL MEDICINE,M,1964
21876,CT,PEDIATRICS,M,1964
21877,NY,CARDIOVASCULAR DISEASE,F,1961
21878,NY,FAMILY MEDICINE,M,1962
21879,NV,DIAGNOSTIC RADIOLOGY,M,1956
21880,GA,EMERGENCY MEDICINE,M,1956
21881,NJ,ANESTHESIOLOGY,M,1961
21882,CT,EMERGENCY MEDICINE,M,1963
21883,FL,PHYSICAL MEDICINE & REHABILITATION,M,1962
21884,NY,FAMILY MEDICINE,M,1954
21885,WV,UROLOGY,M,1949
21886,OH,RADIOLOGY,M,1963
21887,NY,CARDIOVASCULAR DISEASE,M,1954
21888,NY,ALLERGY & IMMUNOLOGY,M,1963
21889,CA,CARDIOVASCULAR DISEASE,M,1961
21890,NY,DIAGNOSTIC RADIOLOGY,F,1958
21891,CA,CARDIOVASCULAR DISEASE,M,1956
21892,RI,DIAGNOSTIC RADIOLOGY,M,1962
21893,NY,OBSTETRICS & GYNECOLOGY,F,1963
21894,TN,CARDIOVASCULAR DISEASE,M,1960
21895,NY,SPORTS MEDICINE (ORTHOPEDIC SURGERY),M,1964
21896,TX,EMERGENCY MEDICINE,M,1959
21897,NY,CARDIOVASCULAR DISEASE,F,1965
21898,OH,CARDIOVASCULAR DISEASE,M,1955
21899,FL,DIAGNOSTIC RADIOLOGY,M,1956
21900,CA,ANESTHESIOLOGY,M,1954
21901,MN,DIAGNOSTIC RADIOLOGY,M,1954
21902,CA,FAMILY MEDICINE,M,1963
21903,CT,INTERNAL MEDICINE,F,1960
21904,NY,CARDIOVASCULAR DISEASE,M,1959
21905,NY,RHEUMATOLOGY,F,1964
21906,NJ,CARDIOVASCULAR DISEASE,M,1964
21907,NY,DERMATOLOGY,M,1958
21908,NJ,PEDIATRIC HEMATOLOGY/ONCOLOGY,F,1961
21909,NY,OBSTETRICS & GYNECOLOGY,F,1963
21910,NY,PULMONARY DISEASE,M,1962
21911,FL,DIAGNOSTIC RADIOLOGY,M,1958
21912,GA,GYNECOLOGY,F,1955
21913,NY,INTERNAL MEDICINE,M,1959
21914,MD,DERMATOLOGY,M,1956
21915,NJ,CARDIOVASCULAR DISEASE,F,1958
21916,MI,GASTROENTEROLOGY,M,1961
21917,NJ,"FOOT & ANKLE, ORTHOPEDICS",M,1963
21918,FL,OPHTHALMOLOGY,M,1962
21919,NY,DERMATOLOGY,F,1963
21920,FL,CARDIOVASCULAR DISEASE,M,1962
21921,NJ,ANATOMIC PATHOLOGY,F,1961
21922,NY,GASTROENTEROLOGY,M,1961
21923,NY,DIAGNOSTIC RADIOLOGY,F,1956
21924,NY,GASTROENTEROLOGY,M,1965
21925,CA,PEDIATRICS,F,1964
21926,NY,INFECTIOUS DISEASE,F,1945
21927,AZ,NEURORADIOLOGY,M,1960
21928,NV,CARDIOVASCULAR DISEASE,M,1958
21929,VA,PULMONARY DISEASE,M,1957
21930,NY,INTERNAL MEDICINE,M,1956
21931,NJ,CARDIOVASCULAR DISEASE,M,1956
21932,RI,CARDIOVASCULAR DISEASE,M,1963
21933,NV,PULMONARY DISEASE,M,1961
21934,NY,VASCULAR & INTERVENTIONAL RADIOLOGY,M,1960
21935,TN,CARDIOVASCULAR DISEASE,M,1962
21936,CT,PEDIATRICS,M,1960
21937,CA,DIAGNOSTIC RADIOLOGY,M,1954
21938,NC,PEDIATRICS,F,1961
21939,FL,DIAGNOSTIC RADIOLOGY,M,1962
21940,NY,CARDIOVASCULAR DISEASE,M,1962
21941,NY,INTERNAL MEDICINE,M,1952
21942,NJ,DERMATOLOGY,F,1962
21943,NY,DIAGNOSTIC RADIOLOGY,M,1961
21944,MA,DERMATOLOGY,M,1953
21945,MD,FAMILY MEDICINE,F,1962
21946,NJ,INTERNAL MEDICINE,M,1961
21947,FL,SELECTIVE PATHOLOGY,M,1959
21948,CA,DIAGNOSTIC RADIOLOGY,F,1962
21949,CA,DIAGNOSTIC RADIOLOGY,M,1961
21950,NY,OTOLARYNGOLOGY,M,1961
21951,NY,EMERGENCY MEDICINE,M,1949
21952,FL,CARDIOVASCULAR DISEASE,M,1956
21953,RI,CARDIOVASCULAR DISEASE,M,1961
21954,FL,INTERNAL MEDICINE,M,1947
21955,HI,EMERGENCY MEDICINE,M,1961
21956,PA,PEDIATRICS,F,1964
21957,FL,OPHTHALMOLOGY,M,1963
21958,NY,UROLOGY,M,1962
21959,CT,INTERNAL MEDICINE,M,1962
21960,NJ,CARDIOVASCULAR DISEASE,M,1963
21961,CT,DIAGNOSTIC RADIOLOGY,M,1961
21962,FL,HOSPITALIST,M,1957
21963,NY,INTERVENTIONAL CARDIOLOGY,M,1961
21964,NY,ANESTHESIOLOGY,M,1961
21965,CA,PEDIATRICS,M,1960
21966,FL,CYTOPATHOLOGY,M,1957
21967,NY,RADIOLOGY,M,1938
21968,GA,OPHTHALMOLOGY,M,1957
21969,NY,DERMATOLOGY,M,1964
21970,NJ,DIAGNOSTIC RADIOLOGY,M,1961
21971,MI,SURGICAL ONCOLOGY,M,1961
21972,NJ,INTERNAL MEDICINE,M,1963
21973,NJ,CARDIOVASCULAR DISEASE,M,1961
21974,FL,CRITICAL CARE MEDICINE (ANESTHESIOLOGY),M,1962
21975,NC,PEDIATRICS,M,1963
21976,GA,DIAGNOSTIC RADIOLOGY,M,1959
21977,MA,CARDIOVASCULAR DISEASE,M,1959
21978,NY,OBSTETRICS & GYNECOLOGY,M,1962
21979,DC,CRITICAL CARE MEDICINE (INTERNAL MEDICINE),M,1958
21980,NY,DIAGNOSTIC RADIOLOGY,M,1939
21981,NY,EMERGENCY MEDICINE,M,1954
21982,VA,EMERGENCY MEDICINE,M,1963
21983,AZ,DERMATOPATHOLOGY,M,1964
21984,NY,THORACIC SURGERY,M,1963
21985,NY,CARDIOVASCULAR DISEASE,M,1958
21986,IN,CARDIOVASCULAR DISEASE,M,1960
21987,MO,CARDIOVASCULAR DISEASE,M,1964
21988,NJ,OPHTHALMOLOGY,M,1964
21989,SC,EMERGENCY MEDICINE,M,1961
21990,AZ,GASTROENTEROLOGY,M,1955
21991,NJ,GASTROENTEROLOGY,M,1963
21992,NJ,ORTHOPEDIC SURGERY,M,1958
21993,CA,ANATOMIC PATHOLOGY,M,1962
21994,IA,CARDIOVASCULAR DISEASE,M,1958
21995,CA,PSYCHIATRY,M,1958
21996,NM,PEDIATRICS,M,1962
21997,MO,CARDIOVASCULAR DISEASE,M,1960
21998,MO,FAMILY MEDICINE,M,1956
21999,SC,CARDIOVASCULAR DISEASE,M,1964
22000,NY,FAMILY MEDICINE,M,1954
22001,CO,CARDIOVASCULAR DISEASE,M,1955
22002,NY,ORTHOPEDIC SURGERY,M,1956
22003,MA,CARDIOVASCULAR DISEASE,M,1954
22004,CA,DIAGNOSTIC RADIOLOGY,M,1962
22005,MI,DERMATOLOGY,M,1961
22006,FL,DERMATOPATHOLOGY,M,1958
22007,MN,CARDIOVASCULAR DISEASE,M,1955
22008,MS,DIAGNOSTIC RADIOLOGY,M,1964
22009,MN,DIAGNOSTIC RADIOLOGY,M,1963
22010,NJ,DIAGNOSTIC RADIOLOGY,M,1962
22011,NJ,INTERNAL MEDICINE,F,1957
22012,NJ,INFECTIOUS DISEASE,M,1961
22013,NJ,INFECTIOUS DISEASE,F,1962
22014,NJ,RADIOLOGY,F,1961
22015,FL,DIAGNOSTIC RADIOLOGY,F,1958
22016,CA,FAMILY MEDICINE,M,1948
22017,CO,FAMILY MEDICINE,M,1963
22018,CO,DIAGNOSTIC RADIOLOGY,M,1959
22019,MI,EMERGENCY MEDICINE,F,1960
22020,KS,INTERNAL MEDICINE,F,1963
22021,NV,INTERNAL MEDICINE,F,1963
22022,GA,NEUROLOGICAL SURGERY,M,1961
22023,MO,CARDIOVASCULAR DISEASE,M,1961
22024,MN,DIAGNOSTIC RADIOLOGY,M,1957
22025,CT,DIAGNOSTIC RADIOLOGY,M,1959
22026,TX,AEROSPACE MEDICINE,M,1958
22027,NH,INTERNAL MEDICINE,M,1960
22028,NY,CARDIOVASCULAR DISEASE,M,1957
22029,MO,PSYCHIATRY,M,1957
22030,MI,UROLOGY,M,1960
22031,IL,DIAGNOSTIC RADIOLOGY,M,1954
22032,AZ,GENERAL SURGERY,M,1956
22033,MI,OCCUPATIONAL MEDICINE,M,1963
22034,NJ,GASTROENTEROLOGY,M,1963
22035,CT,UROLOGY,M,1956
22036,NJ,OPHTHALMOLOGY,M,1959
22037,NY,CARDIOVASCULAR DISEASE,M,1959
22038,FL,ANATOMIC/CLINICAL PATHOLOGY,M,1952
22039,CA,GENERAL SURGERY,M,1960
22040,DC,EMERGENCY MEDICINE,F,1962
22041,MD,COLON & RECTAL SURGERY,M,1959
22042,NV,CARDIOVASCULAR DISEASE,M,1964
22043,FL,PEDIATRIC OTOLARYNGOLOGY,M,1959
22044,NJ,EMERGENCY MEDICINE,M,1953
22045,CA,EMERGENCY MEDICINE,M,1954
22046,NV,INTERNAL MEDICINE,M,1952
22047,OR,ANATOMIC/CLINICAL PATHOLOGY,M,1959
22048,MS,RADIOLOGY,M,1964
22049,WA,"ENDOCRINOLOGY, DIABETES & METABOLISM",M,1958
22050,FL,EMERGENCY MEDICINE,M,1955
22051,MO,MEDICAL ONCOLOGY,F,1956
22052,MN,FAMILY MEDICINE,F,1960
22053,MN,EMERGENCY MEDICINE,M,1955
22054,AL,PEDIATRICS,M,1959
22055,MS,ANATOMIC/CLINICAL PATHOLOGY,M,1962
22056,AZ,"ENDOCRINOLOGY, DIABETES & METABOLISM",F,1959
22057,FL,DIAGNOSTIC RADIOLOGY,M,1961
22058,MA,FAMILY MEDICINE,M,1951
22059,NE,CARDIOVASCULAR DISEASE,F,1956
22060,AZ,DIAGNOSTIC RADIOLOGY,M,1957
22061,IA,NEUROLOGY,M,1962
22062,CA,SURGICAL ONCOLOGY,F,1961
22063,CA,EMERGENCY MEDICINE,F,1956
22064,WY,FAMILY MEDICINE,F,1954
22065,MO,EMERGENCY MEDICINE,F,1960
22066,CO,CARDIOVASCULAR DISEASE,M,1963
22067,CA,EMERGENCY MEDICINE,M,1959
22068,MD,EMERGENCY MEDICINE,M,1959
22069,FL,ANATOMIC/CLINICAL PATHOLOGY,M,1952
22070,WA,DIAGNOSTIC RADIOLOGY,M,1963
22071,MI,GASTROENTEROLOGY,M,1961
22072,CA,DIAGNOSTIC RADIOLOGY,M,1961
22073,FL,PEDIATRICS,F,1962
22074,ND,DIAGNOSTIC RADIOLOGY,M,1964
22075,MN,FAMILY MEDICINE,F,1963
22076,MN,DIAGNOSTIC RADIOLOGY,M,1961
22077,MI,FAMILY MEDICINE,F,1957
22078,MI,NEURORADIOLOGY,M,1959
22079,MI,FAMILY MEDICINE,M,1963
22080,AZ,CARDIOVASCULAR DISEASE,M,1963
22081,MI,INTERNAL MEDICINE,M,1961
22082,MI,DIAGNOSTIC RADIOLOGY,M,1962
22083,MI,DIAGNOSTIC RADIOLOGY,M,1960
22084,MI,CLINICAL CARDIAC ELECTROPHYSIOLOGY,M,1961
22085,FL,DERMATOLOGY,M,1963
22086,GA,CARDIOVASCULAR DISEASE,M,1960
22087,MI,INTERNAL MEDICINE,M,1959
22088,MO,ORTHOPEDIC SURGERY,M,1958
22089,WA,PSYCHIATRY,F,1960
22090,MN,NEPHROLOGY,M,1954
22091,AZ,INTERNAL MEDICINE,M,1953
22092,KS,DIAGNOSTIC RADIOLOGY,M,1961
22093,MS,GASTROENTEROLOGY,M,1963
22094,MS,RADIOLOGY,M,1961
22095,MS,INTERNAL MEDICINE,M,1962
22096,MS,DIAGNOSTIC RADIOLOGY,M,1961
22097,GA,FAMILY MEDICINE,M,1959
22098,CA,NEURORADIOLOGY,M,1959
22099,MN,FAMILY MEDICINE,M,1962
22100,MI,DIAGNOSTIC RADIOLOGY,F,1964
22101,MI,DIAGNOSTIC RADIOLOGY,M,1963
22102,MI,INFECTIOUS DISEASE,M,1959
22103,MI,ORTHOPEDIC SURGERY,M,1961
22104,MI,DIAGNOSTIC RADIOLOGY,M,1960
22105,MI,CARDIOVASCULAR DISEASE,M,1957
22106,CA,GENERAL PRACTICE,M,1954
22107,AZ,GASTROENTEROLOGY,M,1961
22108,CA,EMERGENCY MEDICINE,M,1962
22109,MI,INTERNAL MEDICINE/PEDIATRICS,F,1963
22110,MI,ORTHOPEDIC SURGERY,M,1965
22111,MI,FAMILY MEDICINE,F,1963
22112,CA,ANATOMIC/CLINICAL PATHOLOGY,M,1958
22113,MI,DIAGNOSTIC RADIOLOGY,M,1953
22114,TX,UROLOGY,M,1945
22115,ME,INTERNAL MEDICINE,M,1964
22116,CA,DERMATOLOGY,F,1962
22117,MN,INTERNAL MEDICINE,F,1959
22118,FL,OTOLARYNGOLOGY,M,1962
22119,MN,PULMONARY CRITICAL CARE MEDICINE,M,1958
22120,TX,ANATOMIC/CLINICAL PATHOLOGY,M,1963
22121,MN,GENERAL SURGERY,M,1962
22122,MA,EMERGENCY MEDICINE,M,1955
22123,IA,PHYSICAL MEDICINE & REHABILITATION,M,1963
22124,MI,INTERNAL MEDICINE,M,1961
22125,CA,DIAGNOSTIC RADIOLOGY,M,1944
22126,MI,FAMILY MEDICINE,M,1960
22127,MI,FAMILY MEDICINE,F,1955
22128,MI,EMERGENCY MEDICINE,M,1961
22129,MI,DIAGNOSTIC RADIOLOGY,M,1961
22130,MI,CARDIOVASCULAR DISEASE,M,1955
22131,MI,DERMATOLOGY,F,1962
22132,MI,DIAGNOSTIC RADIOLOGY,F,1955
22133,MO,PEDIATRIC RADIOLOGY,M,1957
22134,MI,INTERVENTIONAL CARDIOLOGY,M,1961
22135,CA,OTOLARYNGOLOGY,M,1959
22136,MA,EMERGENCY MEDICINE,M,1963
22137,NC,FAMILY MEDICINE,F,1960
22138,MA,CARDIOVASCULAR DISEASE,M,1959
22139,MA,CARDIOVASCULAR DISEASE,M,1962
22140,NY,DERMATOLOGY,M,1960
22141,MA,INTERNAL MEDICINE,M,1963
22142,CT,DIAGNOSTIC RADIOLOGY,M,1959
22143,NY,CARDIOVASCULAR DISEASE,M,1960
22144,CA,RHEUMATOLOGY,M,1963
22145,DE,CARDIOVASCULAR DISEASE,F,1962
22146,CA,ANESTHESIOLOGY,M,1961
22147,PA,ANATOMIC/CLINICAL PATHOLOGY,M,1959
22148,MA,BLOOD BANKING/TRANSFUSION MEDICINE,M,1948
22149,HI,HEMATOLOGY (INTERNAL MEDICINE),M,1961
22150,IA,DIAGNOSTIC RADIOLOGY,M,1960
22151,MA,ANESTHESIOLOGY,M,1959
22152,MI,NEURORADIOLOGY,M,1953
22153,NH,INTERNAL MEDICINE,M,1962
22154,GA,OTOLARYNGOLOGY,M,1964
22155,MI,FAMILY MEDICINE,M,1962
22156,MI,ANESTHESIOLOGY,M,1959
22157,MI,FAMILY MEDICINE,M,1963
22158,MI,DIAGNOSTIC RADIOLOGY,M,1964
22159,MI,ANESTHESIOLOGY,F,1963
22160,MI,UROLOGY,M,1964
22161,MI,PHYSICAL MEDICINE & REHABILITATION,F,1963
22162,MI,GENERAL SURGERY,M,1962
22163,MI,DIAGNOSTIC RADIOLOGY,M,1960
22164,MI,DIAGNOSTIC RADIOLOGY,F,1960
22165,CO,PULMONARY DISEASE,M,1956
22166,MI,CYTOPATHOLOGY,M,1963
22167,MI,INTERNAL MEDICINE,M,1963
22168,TN,DERMATOLOGY,F,1956
22169,MI,DIAGNOSTIC RADIOLOGY,M,1963
22170,CA,CARDIOVASCULAR DISEASE,M,1964
22171,MI,GASTROENTEROLOGY,M,1962
22172,KY,DIAGNOSTIC RADIOLOGY,M,1957
22173,MS,ANATOMIC/CLINICAL PATHOLOGY,M,1960
22174,MI,DERMATOLOGY,M,1960
22175,MI,GASTROENTEROLOGY,M,1964
22176,NC,INTERNAL MEDICINE,M,1964
22177,MI,FAMILY MEDICINE,M,1964
22178,MI,DIAGNOSTIC RADIOLOGY,F,1965
22179,IN,DIAGNOSTIC RADIOLOGY,M,1962
22180,VA,OPHTHALMOLOGY,F,1962
22181,NC,CARDIOVASCULAR DISEASE,F,1962
22182,CO,DIAGNOSTIC RADIOLOGY,M,1962
22183,MA,INTERNAL MEDICINE,M,1959
22184,MA,CARDIOVASCULAR DISEASE,M,1961
22185,NV,FAMILY MEDICINE,M,1958
22186,NC,OTOLARYNGOLOGY,M,1963
22187,WA,PEDIATRIC PULMONOLOGY,F,1961
22188,MA,PEDIATRICS,M,1965
22189,CA,VASCULAR & INTERVENTIONAL RADIOLOGY,M,1965
22190,TX,OPHTHALMOLOGY,M,1961
22191,MA,INTERVENTIONAL CARDIOLOGY,M,1960
22192,MA,RADIOLOGY,M,1953
22193,CA,EMERGENCY MEDICINE,M,1950
22194,FL,ORTHOPEDIC SURGERY,M,1960
22195,MD,DERMATOLOGY,F,1964
22196,TN,ANATOMIC PATHOLOGY,M,1956
22197,MI,CARDIOVASCULAR DISEASE,M,1964
22198,OH,ANATOMIC/CLINICAL PATHOLOGY,M,1964
22199,NC,CARDIOVASCULAR DISEASE,M,1958
22200,OR,CARDIOVASCULAR DISEASE,M,1953
22201,MA,INTERNAL MEDICINE,M,1964
22202,MA,FAMILY MEDICINE,M,1962
22203,RI,DIAGNOSTIC RADIOLOGY,M,1964
22204,TN,INTERNAL MEDICINE,F,1958
22205,MA,FAMILY MEDICINE,M,1961
22206,ME,CARDIOVASCULAR DISEASE,M,1958
22207,MI,ORTHOPEDIC SURGERY,M,1958
22208,MI,INTERNAL MEDICINE,F,1953
22209,MA,"ENDOCRINOLOGY, DIABETES & METABOLISM",F,1961
22210,RI,DIAGNOSTIC RADIOLOGY,M,1964
22211,TX,NEPHROLOGY,F,1963
22212,FL,INTERNAL MEDICINE,M,1962
22213,CA,CARDIOVASCULAR DISEASE,M,1960
22214,FL,NEUROLOGY,M,1964
22215,CA,FAMILY MEDICINE,M,1958
22216,MA,OTOLARYNGOLOGY,M,1966
22217,MO,DERMATOLOGY,F,1962
22218,NY,CARDIOVASCULAR DISEASE,M,1964
22219,FL,EMERGENCY MEDICINE,M,1963
22220,TN,VASCULAR & INTERVENTIONAL RADIOLOGY,M,1963
22221,CA,CARDIOVASCULAR DISEASE,M,1955
22222,MD,INTERNAL MEDICINE,F,1963
22223,CO,EMERGENCY MEDICINE,M,1968
22224,MD,DIAGNOSTIC RADIOLOGY,M,1962
22225,NC,NEPHROLOGY,M,1961
22226,NC,PEDIATRICS,F,1962
22227,MD,CARDIOVASCULAR DISEASE,M,1958
22228,MD,ANATOMIC/CLINICAL PATHOLOGY,F,1951
22229,MS,VASCULAR & INTERVENTIONAL RADIOLOGY,M,1963
22230,LA,PEDIATRICS,M,1953
22231,LA,PULMONARY CRITICAL CARE MEDICINE,M,1964
22232,CA,INTERNAL MEDICINE,M,1957
22233,MD,OBSTETRICS & GYNECOLOGY,F,1961
22234,MD,EMERGENCY MEDICINE,F,1955
22235,TN,OBSTETRICS & GYNECOLOGY,M,1963
22236,LA,EMERGENCY MEDICINE,F,1958
22237,AK,EMERGENCY MEDICINE,M,1960
22238,MA,INTERNAL MEDICINE,M,1956
22239,OH,DIAGNOSTIC RADIOLOGY,M,1961
22240,MA,DERMATOLOGY,M,1959
22241,MA,ANATOMIC/CLINICAL PATHOLOGY,M,1959
22242,TX,PEDIATRICS,M,1964
22243,NY,OTOLARYNGOLOGY,M,1958
22244,NH,HOSPITALIST,F,1955
22245,NC,FAMILY MEDICINE,M,1960
22246,MA,COLON & RECTAL SURGERY,M,1961
22247,DC,DIAGNOSTIC RADIOLOGY,M,1961
22248,NJ,DIAGNOSTIC RADIOLOGY,F,1964
22249,MD,INTERNAL MEDICINE,M,1955
22250,AK,OPHTHALMOLOGY,M,1964
22251,NJ,OPHTHALMOLOGY,M,1964
22252,SC,INTERNAL MEDICINE,F,1963
22253,AR,ANATOMIC/CLINICAL PATHOLOGY,M,1960
22254,PA,ALLERGY & IMMUNOLOGY,M,1960
22255,MD,UROLOGY,M,1962
22256,MD,DIAGNOSTIC RADIOLOGY,M,1959
22257,SC,CARDIOVASCULAR DISEASE,M,1958
22258,DC,EMERGENCY MEDICINE,M,1954
22259,LA,EMERGENCY MEDICINE,M,1960
22260,LA,EMERGENCY MEDICINE,M,1960
22261,FL,INTERNAL MEDICINE,M,1964
22262,FL,CARDIOVASCULAR DISEASE,M,1962
22263,FL,GYNECOLOGICAL ONCOLOGY,M,1959
22264,CA,CARDIOVASCULAR DISEASE,M,1955
22265,LA,EMERGENCY MEDICINE,M,1950
22266,MN,PEDIATRICS,M,1960
22267,TN,ANESTHESIOLOGY,M,1960
22268,OH,OBSTETRICS & GYNECOLOGY,M,1949
22269,CA,GENERAL PRACTICE,F,1962
22270,MA,DERMATOLOGY,F,1963
22271,MA,ANESTHESIOLOGY,M,1965
22272,WA,PEDIATRIC EMERGENCY MEDICINE,F,1962
22273,MD,RADIATION ONCOLOGY,F,1962
22274,NJ,DIAGNOSTIC RADIOLOGY,M,1961
22275,MD,GENERAL SURGERY,M,1959
22276,MD,CARDIOVASCULAR DISEASE,M,1957
22277,MD,CHILD & ADOLESCENT PSYCHIATRY,M,1959
22278,AZ,CARDIOVASCULAR DISEASE,M,1962
22279,DE,RHEUMATOLOGY,M,1963
22280,MD,FAMILY MEDICINE,M,1952
22281,MD,CARDIOVASCULAR DISEASE,M,1961
22282,LA,PAIN MEDICINE,M,1964
22283,SC,ORTHOPEDIC SURGERY,M,1960
22284,LA,FAMILY MEDICINE,M,1957
22285,FL,DERMATOLOGY,M,1963
22286,LA,RHEUMATOLOGY,F,1961
22287,OH,CHILD & ADOLESCENT PSYCHIATRY,F,1962
22288,KY,NEUROLOGICAL SURGERY,M,1963
22289,MO,NEURORADIOLOGY,M,1963
22290,IL,ANATOMIC/CLINICAL PATHOLOGY,F,1962
22291,MO,PULMONARY DISEASE,F,1962
22292,IL,PULMONARY DISEASE,M,1961
22293,MI,VASCULAR SURGERY,M,1960
22294,FL,INTERNAL MEDICINE,F,1961
22295,FL,DIAGNOSTIC RADIOLOGY,F,1961
22296,FL,GASTROENTEROLOGY,M,1960
22297,FL,CARDIOVASCULAR DISEASE,M,1954
22298,TN,EMERGENCY MEDICINE,M,1963
22299,LA,DIAGNOSTIC RADIOLOGY,M,1960
22300,NC,ALLERGY & IMMUNOLOGY,M,1957
22301,CA,ALLERGY & IMMUNOLOGY,M,1944
22302,MD,DERMATOPATHOLOGY,F,1963
22303,LA,NEPHROLOGY,M,1964
22304,LA,PEDIATRICS,M,1964
22305,LA,NEUROLOGY,M,1960
22306,DC,DERMATOLOGY,M,1956
22307,LA,EMERGENCY MEDICINE,M,1957
22308,TN,PSYCHIATRY,M,1957
22309,NY,FAMILY MEDICINE,M,1962
22310,LA,RADIOLOGY,F,1955
22311,FL,DIAGNOSTIC RADIOLOGY,M,1963
22312,FL,UROLOGY,M,1964
22313,CA,INTERNAL MEDICINE,M,1962
22314,NV,OBSTETRICS & GYNECOLOGY,M,1958
22315,IN,PSYCHIATRY,F,1962
22316,FL,ANATOMIC/CLINICAL PATHOLOGY,M,1950
22317,CO,DIAGNOSTIC RADIOLOGY,M,1963
22318,KS,DERMATOLOGIC SURGERY,M,1963
22319,IN,PULMONARY CRITICAL CARE MEDICINE,M,1964
22320,IN,FAMILY MEDICINE,M,1964
22321,WA,PEDIATRICS,F,1964
22322,MO,CARDIOVASCULAR DISEASE,M,1963
22323,WA,EMERGENCY MEDICINE,M,1957
22324,IN,RHEUMATOLOGY,M,1961
22325,IN,CLINICAL CARDIAC ELECTROPHYSIOLOGY,M,1960
22326,MO,EMERGENCY MEDICINE,F,1960
22327,MT,GENERAL SURGERY,M,1959
22328,NM,DIAGNOSTIC RADIOLOGY,M,1958
22329,TX,VASCULAR SURGERY,M,1962
22330,IN,INTERNAL MEDICINE,M,1961
22331,TN,UROLOGY,M,1962
22332,NC,GASTROENTEROLOGY,M,1961
22333,AZ,RADIATION ONCOLOGY,M,1959
22334,OH,PEDIATRICS,M,1951
22335,KY,EMERGENCY MEDICINE,M,1960
22336,LA,GENERAL PRACTICE,M,1958
22337,VA,OPHTHALMOLOGY,F,1962
22338,MD,DERMATOPATHOLOGY,M,1960
22339,HI,EMERGENCY MEDICINE,M,1955
22340,LA,ANATOMIC PATHOLOGY,M,1942
22341,KY,PEDIATRICS,M,1962
22342,SC,RADIOLOGY,M,1960
22343,KY,CARDIOVASCULAR DISEASE,M,1963
22344,KY,PEDIATRICS,M,1962
22345,FL,CARDIOVASCULAR DISEASE,M,1964
22346,KY,FAMILY MEDICINE,M,1961
22347,KY,INTERNAL MEDICINE,M,1961
22348,AL,INTERNAL MEDICINE,M,1961
22349,KY,EMERGENCY MEDICINE,M,1962
22350,WA,CARDIOVASCULAR DISEASE,M,1951
22351,MO,DIAGNOSTIC RADIOLOGY,M,1959
22352,MN,ANATOMIC/CLINICAL PATHOLOGY,M,1963
22353,WI,ORTHOPEDIC SURGERY,M,1962
22354,CA,ANESTHESIOLOGY,M,1955
22355,NC,DERMATOLOGY,F,1962
22356,CA,FAMILY MEDICINE,F,1961
22357,IL,FAMILY MEDICINE,M,1959
22358,OR,GENERAL SURGERY,M,1959
22359,CA,PHYSICAL MEDICINE & REHABILITATION,M,1962
22360,CA,ANATOMIC/CLINICAL PATHOLOGY,M,1959
22361,OR,GENERAL SURGERY,M,1956
22362,CA,DIAGNOSTIC RADIOLOGY,M,1949
22363,NJ,DIAGNOSTIC RADIOLOGY,M,1954
22364,IL,CARDIOVASCULAR DISEASE,M,1962
22365,IL,ANATOMIC/CLINICAL PATHOLOGY,M,1959
22366,GA,CARDIOVASCULAR DISEASE,M,1963
22367,KY,ALLERGY & IMMUNOLOGY,M,1961
22368,MO,INTERVENTIONAL CARDIOLOGY,M,1958
22369,CA,UROLOGY,M,1962
22370,MA,OPHTHALMOLOGY,M,1961
22371,AL,INTERNAL MEDICINE,F,1958
22372,IL,HOSPITALIST,M,1961
22373,IL,PULMONARY DISEASE,M,1958
22374,FL,ANATOMIC/CLINICAL PATHOLOGY,F,1956
22375,CA,INTERNAL MEDICINE,M,1934
22376,OH,EMERGENCY MEDICINE,M,1962
22377,MI,UROLOGY,M,1962
22378,MI,CYTOPATHOLOGY,M,1962
22379,IN,FAMILY MEDICINE,M,1960
22380,FL,DIAGNOSTIC RADIOLOGY,M,1957
22381,MN,HEPATOLOGY,M,1960
22382,IL,NEUROLOGY,M,1948
22383,NJ,CARDIOVASCULAR DISEASE,M,1953
22384,IA,ANESTHESIOLOGY,M,1959
22385,CA,RADIOLOGY,M,1959
22386,TX,CARDIOVASCULAR DISEASE,M,1961
22387,IL,FAMILY MEDICINE,M,1957
22388,IL,ANATOMIC/CLINICAL PATHOLOGY,F,1960
22389,IL,FAMILY MEDICINE,M,1962
22390,NY,GERIATRIC MEDICINE (INTERNAL MEDICINE),F,1963
22391,IL,INTERNAL MEDICINE,F,1954
22392,CA,GASTROENTEROLOGY,M,1955
22393,IL,EMERGENCY MEDICINE,M,1948
22394,NY,CYTOPATHOLOGY,F,1949
22395,CA,CHILD & ADOLESCENT PSYCHIATRY,M,1958
22396,MN,EMERGENCY MEDICINE,M,1958
22397,WI,PSYCHIATRY,M,1962
22398,CO,CLINICAL CARDIAC ELECTROPHYSIOLOGY,M,1962
22399,CA,ANATOMIC/CLINICAL PATHOLOGY,M,1956
22400,VA,CARDIOVASCULAR DISEASE,M,1964
22401,IN,HOSPITALIST,M,1964
22402,NV,ANESTHESIOLOGY,M,1962
22403,OH,FAMILY MEDICINE,M,1953
22404,AZ,DIAGNOSTIC RADIOLOGY,M,1961
22405,OH,INTERNAL MEDICINE,M,1958
22406,IN,DIAGNOSTIC RADIOLOGY,M,1962
22407,IL,FAMILY MEDICINE,M,1963
22408,SC,EMERGENCY MEDICINE,M,1961
22409,IL,CARDIOVASCULAR DISEASE,M,1957
22410,NH,"ENDOCRINOLOGY, DIABETES & METABOLISM",M,1950
22411,IL,PEDIATRICS,F,1963
22412,IL,DERMATOLOGY,M,1960
22413,MI,MATERNAL & FETAL MEDICINE,M,1945
22414,CA,FAMILY MEDICINE,M,1962
22415,CA,FAMILY MEDICINE,M,1962
22416,NV,GASTROENTEROLOGY,M,1961
22417,IL,INTERVENTIONAL CARDIOLOGY,M,1958
22418,IL,GASTROENTEROLOGY,M,1953
22419,TX,GASTROENTEROLOGY,M,1964
22420,OH,DIAGNOSTIC RADIOLOGY,F,1957
22421,IN,NEUROLOGY,M,1960
22422,OR,NEUROLOGICAL SURGERY,M,1957
22423,MN,EMERGENCY MEDICINE,F,1960
22424,UT,CARDIOVASCULAR DISEASE,M,1959
22425,TN,UROLOGY,M,1962
22426,IL,PAIN MEDICINE,M,1958
22427,MN,PEDIATRICS,F,1957
22428,CA,DIAGNOSTIC RADIOLOGY,M,1961
22429,IL,VASCULAR & INTERVENTIONAL RADIOLOGY,M,1964
22430,AZ,FAMILY MEDICINE,F,1952
22431,AZ,INTERNAL MEDICINE,F,1963
22432,IL,ANESTHESIOLOGY,M,1961
22433,AR,ANATOMIC/CLINICAL PATHOLOGY,M,1950
22434,NY,FAMILY MEDICINE,M,1954
22435,CA,FAMILY MEDICINE,F,1954
22436,GA,PEDIATRICS,M,1960
22437,RI,INTERNAL MEDICINE,M,1963
22438,TX,NEURORADIOLOGY,M,1962
22439,FL,DERMATOLOGY,M,1961
22440,CA,INTERNAL MEDICINE,M,1962
22441,IL,CARDIOVASCULAR DISEASE,M,1958
22442,FL,FACIAL PLASTIC SURGERY,M,1958
22443,IL,DIAGNOSTIC RADIOLOGY,M,1955
22444,GA,INTERNAL MEDICINE,F,1948
22445,CA,CARDIOVASCULAR DISEASE,M,1962
22446,OH,UROLOGY,M,1959
22447,CA,UROLOGY,M,1959
22448,FL,GASTROENTEROLOGY,M,1954
22449,PA,DIAGNOSTIC RADIOLOGY,M,1964
22450,SC,GASTROENTEROLOGY,M,1955
22451,MI,EMERGENCY MEDICINE,M,1953
22452,OR,CARDIOVASCULAR DISEASE,M,1961
22453,MI,DERMATOLOGY,F,1959
22454,AZ,ORTHOPEDIC SURGERY,M,1961
22455,IA,DIAGNOSTIC RADIOLOGY,F,1960
22456,WA,PAIN MEDICINE (ANESTHESIOLOGY),M,1962
22457,NC,PHYSICAL MEDICINE & REHABILITATION,F,1961
22458,GA,NEUROLOGY,M,1961
22459,GA,DIAGNOSTIC RADIOLOGY,M,1963
22460,NC,FAMILY MEDICINE,M,1961
22461,GA,PEDIATRICS,M,1956
22462,TX,OBSTETRICS & GYNECOLOGY,M,1964
22463,FL,ANATOMIC/CLINICAL PATHOLOGY,M,1962
22464,OH,DERMATOLOGY,M,1962
22465,SC,ANESTHESIOLOGY,M,1961
22466,GA,EMERGENCY MEDICINE,M,1962
22467,SC,REPRODUCTIVE ENDOCRINOLOGY & INFERTILITY,M,1957
22468,SC,INTERNAL MEDICINE,M,1959
22469,GA,CARDIOVASCULAR DISEASE,M,1954
22470,NE,CARDIOVASCULAR DISEASE,M,1956
22471,FL,ANATOMIC PATHOLOGY,M,1952
22472,FL,NEURORADIOLOGY,M,1961
22473,FL,COLON & RECTAL SURGERY,M,1958
22474,FL,RADIOLOGY,M,1955
22475,CA,PEDIATRICS,F,1964
22476,AZ,CARDIOVASCULAR DISEASE,M,1963
22477,FL,OPHTHALMOLOGY,M,1959
22478,IL,CARDIOVASCULAR DISEASE,F,1954
22479,MI,OPHTHALMOLOGY,F,1956
22480,IL,NEPHROLOGY,M,1953
22481,CA,ANATOMIC/CLINICAL PATHOLOGY,M,1961
22482,HI,ANATOMIC/CLINICAL PATHOLOGY,M,1957
22483,GA,CARDIOVASCULAR DISEASE,M,1964
22484,MI,DERMATOPATHOLOGY,M,1959
22485,TX,CARDIOVASCULAR DISEASE,F,1963
22486,VA,OPHTHALMOLOGY,F,1960
22487,GA,FAMILY MEDICINE,M,1962
22488,FL,INTERNAL MEDICINE,M,1960
22489,MN,CARDIOVASCULAR DISEASE,M,1960
22490,FL,FAMILY MEDICINE,M,1962
22491,CA,CARDIOVASCULAR DISEASE,M,1952
22492,FL,OTOLARYNGOLOGY,F,1962
22493,FL,FAMILY MEDICINE,F,1962
22494,MI,INTERVENTIONAL CARDIOLOGY,M,1954
22495,FL,GENERAL SURGERY,M,1959
22496,TX,PEDIATRICS,F,1963
22497,CA,INTERNAL MEDICINE,M,1956
22498,MS,FAMILY MEDICINE,M,1954
22499,FL,CARDIOVASCULAR DISEASE,M,1966
22500,FL,DERMATOLOGY,M,1958
22501,FL,ANESTHESIOLOGY,M,1953
22502,FL,UROLOGY,M,1954
22503,FL,INTERNAL MEDICINE,F,1959
22504,MD,FAMILY MEDICINE,F,1963
22505,SC,FAMILY MEDICINE,M,1957
22506,CT,DIAGNOSTIC RADIOLOGY,M,1961
22507,VA,INTERNAL MEDICINE,F,1950
22508,FL,PULMONARY DISEASE,M,1953
22509,CA,CARDIOVASCULAR DISEASE,M,1961
22510,NC,TRANSPLANT SURGERY,M,1954
22511,IL,OPHTHALMOLOGY,M,1964
22512,MO,PULMONARY CRITICAL CARE MEDICINE,M,1962
22513,HI,INTERNAL MEDICINE,M,1962
22514,MO,DIAGNOSTIC RADIOLOGY,M,1962
22515,OH,DIAGNOSTIC RADIOLOGY,M,1962
22516,GA,INTERNAL MEDICINE,M,1960
22517,MD,PULMONARY DISEASE,M,1958
22518,GA,FAMILY MEDICINE,M,1962
22519,TX,EMERGENCY MEDICINE,M,1962
22520,TN,PULMONARY DISEASE,M,1954
22521,SC,FAMILY MEDICINE,M,1963
22522,FL,ORTHOPEDIC SURGERY,M,1960
22523,FL,ANATOMIC/CLINICAL PATHOLOGY,M,1962
22524,GA,EMERGENCY MEDICINE,M,1963
22525,NJ,DERMATOLOGY,M,1953
22526,FL,DIAGNOSTIC RADIOLOGY,M,1964
22527,FL,GASTROENTEROLOGY,M,1962
22528,WA,ANESTHESIOLOGY,M,1958
22529,FL,CARDIOVASCULAR DISEASE,F,1957
22530,FL,CARDIOVASCULAR DISEASE,M,1957
22531,FL,ALLERGY & IMMUNOLOGY,F,1964
22532,MI,CARDIOVASCULAR DISEASE,M,1962
22533,VA,INTERNAL MEDICINE,M,1963
22534,NC,DIAGNOSTIC RADIOLOGY,M,1958
22535,NY,INTERNAL MEDICINE,F,1962
22536,HI,EMERGENCY MEDICINE,M,1955
22537,FL,EMERGENCY MEDICINE,M,1964
22538,NY,DIAGNOSTIC RADIOLOGY,M,1960
22539,MD,ANESTHESIOLOGY,M,1959
22540,FL,INTERNAL MEDICINE,M,1962
22541,OH,PEDIATRICS,F,1955
22542,WA,THORACIC SURGERY,M,1962
22543,CA,DERMATOLOGY,F,1957
22544,TN,DIAGNOSTIC RADIOLOGY,M,1963
22545,NC,HEMATOLOGY/ONCOLOGY,M,1961
22546,HI,PEDIATRIC HEMATOLOGY/ONCOLOGY,M,1957
22547,TN,INTERNAL MEDICINE,M,1960
22548,WA,PEDIATRIC NEPHROLOGY,F,1954
22549,GA,PAIN MEDICINE,M,1954
22550,IL,EMERGENCY MEDICINE,M,1960
22551,FL,ORTHOPEDIC SURGERY,M,1958
22552,NV,DIAGNOSTIC RADIOLOGY,M,1964
22553,FL,DIAGNOSTIC RADIOLOGY,M,1963
22554,FL,FAMILY MEDICINE,F,1962
22555,FL,GASTROENTEROLOGY,F,1956
22556,FL,DERMATOLOGY,M,1951
22557,FL,PULMONARY DISEASE,M,1954
22558,FL,RADIOLOGY,M,1947
22559,VA,GASTROENTEROLOGY,M,1959
22560,VA,CARDIOVASCULAR DISEASE,M,1960
22561,MD,GASTROENTEROLOGY,M,1961
22562,MD,DIAGNOSTIC RADIOLOGY,M,1957
22563,UT,PEDIATRICS,F,1962
22564,IL,DIAGNOSTIC RADIOLOGY,F,1962
22565,HI,PEDIATRIC GASTROENTEROLOGY,F,1956
22566,CO,FAMILY MEDICINE,M,1963
22567,WA,FAMILY MEDICINE,M,1962
22568,CA,ANATOMIC/CLINICAL PATHOLOGY,F,1963
22569,NJ,CARDIOVASCULAR DISEASE,M,1960
22570,CO,FAMILY MEDICINE,M,1949
22571,CA,PEDIATRICS,M,1960
22572,CA,INTERNAL MEDICINE,M,1962
22573,CA,NEUROPATHOLOGY,M,1953
22574,CA,EMERGENCY MEDICINE,M,1951
22575,CA,FAMILY MEDICINE,M,1958
22576,CA,DERMATOLOGY,M,1962
22577,GA,VASCULAR & INTERVENTIONAL RADIOLOGY,M,1962
22578,FL,NEUROLOGY,M,1955
22579,FL,CARDIOVASCULAR DISEASE,M,1946
22580,FL,GASTROENTEROLOGY,F,1966
22581,FL,"ENDOCRINOLOGY, DIABETES & METABOLISM",M,1958
22582,FL,ANATOMIC/CLINICAL PATHOLOGY,M,1952
22583,MD,INTERNAL MEDICINE,F,1962
22584,MD,GENERAL SURGERY,M,1956
22585,MD,INTERNAL MEDICINE,M,1945
22586,FL,CARDIOVASCULAR DISEASE,M,1959
22587,VA,FAMILY MEDICINE,F,1963
22588,RI,EMERGENCY MEDICINE,M,1962
22589,NJ,UROLOGY,M,1962
22590,MN,UROLOGY,M,1960
22591,CA,CARDIOVASCULAR DISEASE,M,1960
22592,CA,INTERNAL MEDICINE,M,1957
22593,CO,EMERGENCY MEDICINE,M,1957
22594,OR,PAIN MEDICINE (ANESTHESIOLOGY),M,1964
22595,CA,FAMILY MEDICINE,F,1962
22596,CA,FAMILY MEDICINE,F,1960
22597,CA,FAMILY MEDICINE,F,1961
22598,CA,EMERGENCY MEDICINE,M,1954
22599,CA,ANATOMIC/CLINICAL PATHOLOGY,M,1960
22600,FL,INTERNAL MEDICINE,F,1960
22601,CA,EMERGENCY MEDICINE,M,1957
22602,CA,VASCULAR & INTERVENTIONAL RADIOLOGY,M,1963
22603,CA,GENERAL SURGERY,M,1962
22604,NV,DIAGNOSTIC RADIOLOGY,M,1961
22605,CA,FAMILY MEDICINE,M,1955
22606,HI,ANATOMIC/CLINICAL PATHOLOGY,M,1959
22607,GA,DERMATOLOGY,M,1960
22608,CO,NEURORADIOLOGY,M,1961
22609,DC,GASTROENTEROLOGY,M,1964
22610,TN,RADIATION ONCOLOGY,F,1958
22611,AZ,UROLOGY,M,1963
22612,VA,DIAGNOSTIC RADIOLOGY,M,1959
22613,WA,EMERGENCY MEDICINE,F,1964
22614,TN,CARDIOVASCULAR DISEASE,F,1961
22615,WA,DIAGNOSTIC RADIOLOGY,F,1957
22616,CT,OTOLARYNGOLOGY,F,1961
22617,MD,CARDIOVASCULAR DISEASE,M,1954
22618,MD,CARDIOVASCULAR DISEASE,M,1961
22619,PA,ORTHOPEDIC SURGERY OF THE SPINE,M,1964
22620,CA,ANATOMIC/CLINICAL PATHOLOGY,M,1957
22621,WY,FAMILY MEDICINE,M,1952
22622,CA,EMERGENCY MEDICINE,M,1964
22623,CA,EMERGENCY MEDICINE,M,1960
22624,CA,PEDIATRICS,F,1960
22625,CA,EMERGENCY MEDICINE,M,1959
22626,CA,EMERGENCY MEDICINE,M,1961
22627,FL,PEDIATRICS,F,1958
22628,SC,EMERGENCY MEDICINE,M,1961
22629,MN,MEDICAL ONCOLOGY,M,1960
22630,CA,INTERNAL MEDICINE,M,1953
22631,CA,INTERNAL MEDICINE,M,1959
22632,MD,DIAGNOSTIC RADIOLOGY,M,1962
22633,NV,DIAGNOSTIC RADIOLOGY,M,1958
22634,CA,GENERAL SURGERY,M,1959
22635,CA,ANESTHESIOLOGY,M,1951
22636,HI,PSYCHIATRY,M,1961
22637,CA,PSYCHIATRY,M,1958
22638,MN,DIAGNOSTIC RADIOLOGY,M,1954
22639,MA,OTOLARYNGOLOGY,M,1958
22640,CA,CARDIOVASCULAR DISEASE,M,1964
22641,PA,UROLOGY,M,1961
22642,RI,INTERNAL MEDICINE,F,1963
22643,CA,GASTROENTEROLOGY,M,1960
22644,CA,ANATOMIC/CLINICAL PATHOLOGY,M,1961
22645,CT,ANESTHESIOLOGY,M,1956
22646,CO,CARDIOVASCULAR DISEASE,M,1958
22647,CA,EMERGENCY MEDICINE,F,1951
22648,AZ,EMERGENCY MEDICINE,M,1964
22649,CA,EMERGENCY MEDICINE,M,1955
22650,SC,FAMILY MEDICINE,M,1960
22651,CO,HAND SURGERY,M,1962
22652,CA,INTERNAL MEDICINE,M,1961
22653,TX,EMERGENCY MEDICINE,F,1960
22654,FL,EMERGENCY MEDICINE,M,1959
22655,CA,PSYCHIATRY,M,1959
22656,CA,EMERGENCY MEDICINE,F,1963
22657,CA,OBSTETRICS & GYNECOLOGY,M,1964
22658,AZ,GASTROENTEROLOGY,F,1959
22659,CA,CARDIOVASCULAR DISEASE,M,1950
22660,MN,DIAGNOSTIC RADIOLOGY,M,1963
22661,TX,PULMONARY CRITICAL CARE MEDICINE,M,1963
22662,AR,FAMILY MEDICINE,M,1959
22663,TN,FAMILY MEDICINE,M,1947
22664,AL,UROLOGY,M,1961
22665,AL,FAMILY MEDICINE,M,1961
22666,AL,INTERNAL MEDICINE,F,1964
22667,CA,OPHTHALMOLOGY,M,1960
22668,OH,PEDIATRIC HEMATOLOGY/ONCOLOGY,F,1960
22669,IL,EMERGENCY MEDICINE,M,1960
22670,CA,FAMILY MEDICINE,M,1962
22671,CA,EMERGENCY MEDICINE,M,1961
22672,CA,PSYCHIATRY,F,1960
22673,CA,DERMATOLOGY,M,1959
22674,CA,VASCULAR & INTERVENTIONAL RADIOLOGY,M,1965
22675,CA,FAMILY MEDICINE,M,1963
22676,CA,DERMATOLOGY,F,1959
22677,CA,FAMILY MEDICINE,M,1960
22678,CA,ANESTHESIOLOGY,M,1959
22679,CA,GENERAL SURGERY,M,1965
22680,FL,HEMATOLOGY (PATHOLOGY),M,1960
22681,CA,EMERGENCY MEDICINE,F,1957
22682,IN,RHEUMATOLOGY,M,1959
22683,KY,EMERGENCY MEDICINE,M,1956
22684,PA,DIAGNOSTIC RADIOLOGY,M,1960
22685,MI,SLEEP MEDICINE,M,1961
22686,NJ,VASCULAR & INTERVENTIONAL RADIOLOGY,M,1960
22687,CO,DIAGNOSTIC RADIOLOGY,M,1960
22688,CA,HOSPITALIST,M,1959
22689,CA,UROLOGY,M,1942
22690,CA,INTERNAL MEDICINE,F,1955
22691,NY,DERMATOLOGY,M,1960
22692,CA,OPHTHALMOLOGY,M,1960
22693,TN,OPHTHALMOLOGY,M,1964
22694,AR,GENERAL SURGERY,M,1958
22695,LA,DIAGNOSTIC RADIOLOGY,M,1959
22696,SC,CARDIOVASCULAR DISEASE,M,1958
22697,NV,GENERAL SURGERY,M,1957
22698,TX,GASTROENTEROLOGY,M,1962
22699,TN,PEDIATRIC RADIOLOGY,M,1957
22700,FL,ANATOMIC/CLINICAL PATHOLOGY,F,1961
22701,AL,INTERNAL MEDICINE,M,1962
22702,AL,ANATOMIC/CLINICAL PATHOLOGY,F,1961
22703,AL,GENERAL SURGERY,M,1957
22704,AL,OBSTETRICS & GYNECOLOGY,M,1950
22705,CA,INTERNAL MEDICINE,M,1953
22706,CA,INTERNAL MEDICINE,M,1958
22707,WY,INTERNAL MEDICINE,M,1957
22708,FL,ANATOMIC/CLINICAL PATHOLOGY,M,1955
22709,AK,FAMILY MEDICINE,F,1961
22710,NV,ORTHOPEDIC SURGERY,M,1957
22711,CA,EMERGENCY MEDICINE,M,1956
22712,IN,DIAGNOSTIC RADIOLOGY,M,1959
22713,OR,FAMILY MEDICINE,M,1961
22714,CA,FAMILY MEDICINE,M,1965
22715,NM,INTERNAL MEDICINE,M,1951
22716,CA,ORTHOPEDIC SURGERY,M,1958
22717,WA,CARDIOVASCULAR DISEASE,M,1951
22718,CA,PEDIATRICS,F,1958
22719,CA,OPHTHALMOLOGY,F,1962
22720,CA,DIAGNOSTIC RADIOLOGY,F,1960
22721,CA,PEDIATRIC HEMATOLOGY/ONCOLOGY,M,1961
22722,CA,EMERGENCY MEDICINE,F,1961
22723,AL,CARDIOVASCULAR DISEASE,M,1963
22724,AL,ALLERGY & IMMUNOLOGY,M,1960
22725,AL,DIAGNOSTIC RADIOLOGY,M,1964
22726,AZ,SURGICAL ONCOLOGY,F,1964
22727,AL,GASTROENTEROLOGY,M,1959
22728,MS,CARDIOVASCULAR DISEASE,M,1957
22729,MD,INTERNAL MEDICINE,M,1958
22730,NY,FAMILY MEDICINE,M,1957
22731,OH,PULMONARY DISEASE,M,1955
22732,TX,DIAGNOSTIC RADIOLOGY,M,1957
22733,FL,CARDIOVASCULAR DISEASE,M,1959
22734,MD,DIAGNOSTIC RADIOLOGY,M,1952
22735,NV,DIAGNOSTIC RADIOLOGY,M,1959
22736,GA,DERMATOLOGY,M,1960
22737,SC,CARDIOVASCULAR DISEASE,M,1957
22738,DE,CARDIOVASCULAR DISEASE,M,1954
22739,OH,PEDIATRIC CARDIOLOGY,M,1957
22740,CA,FAMILY MEDICINE,M,1963
22741,CA,VASCULAR SURGERY,M,1963
22742,CA,PEDIATRICS,M,1960
22743,WA,CARDIOVASCULAR DISEASE,F,1964
22744,CA,DIAGNOSTIC RADIOLOGY,M,1963
22745,AZ,INTERNAL MEDICINE,F,1963
22746,FL,EMERGENCY MEDICINE,F,1961
22747,AL,FAMILY MEDICINE,M,1962
22748,AL,RADIATION ONCOLOGY,F,1962
22749,KY,CARDIOVASCULAR DISEASE,F,1962
22750,LA,EMERGENCY MEDICINE,M,1960
22751,MS,PSYCHIATRY,M,1961
22752,AL,OBSTETRICS & GYNECOLOGY,M,1962
22753,TX,CLINICAL PATHOLOGY,M,1958
22754,FL,GASTROENTEROLOGY,M,1959
22755,NJ,FAMILY MEDICINE,F,1960
22756,TX,FAMILY MEDICINE,M,1961
22757,TX,EMERGENCY MEDICINE,M,1960
22758,CA,PEDIATRICS,F,1957
22759,TX,PEDIATRICS,F,1958
22760,AL,GASTROENTEROLOGY,M,1955
22761,MA,OTOLARYNGOLOGY,M,1960
22762,NJ,EMERGENCY MEDICINE,F,1961
22763,AZ,FAMILY MEDICINE,M,1960
22764,GA,PEDIATRICS,F,1961
22765,ND,FAMILY MEDICINE,M,1959
22766,NC,PEDIATRICS,M,1959
22767,NY,GASTROENTEROLOGY,M,1960
22768,FL,OTOLARYNGOLOGY,M,1959
22769,PA,CARDIOVASCULAR DISEASE,M,1958
22770,NY,PHYSICAL MEDICINE & REHABILITATION,M,1959
22771,NY,DIAGNOSTIC RADIOLOGY,F,1957
22772,AL,FAMILY MEDICINE,M,1962
22773,TN,INTERNAL MEDICINE,M,1963
22774,NJ,FAMILY MEDICINE,M,1957
22775,FL,INTERNAL MEDICINE,M,1952
22776,NY,PEDIATRICS,M,1954
22777,WA,CARDIOVASCULAR DISEASE,M,1958
22778,KY,GASTROENTEROLOGY,M,1959
22779,MN,DIAGNOSTIC RADIOLOGY,F,1958
22780,CA,CARDIOVASCULAR DISEASE,M,1958
22781,NY,INTERNAL MEDICINE,M,1952
22782,FL,CARDIOVASCULAR DISEASE,M,1956
22783,OH,VASCULAR SURGERY,F,1956
22784,WA,ANATOMIC/CLINICAL PATHOLOGY,M,1955
22785,KS,EMERGENCY MEDICINE,M,1950
22786,ID,INTERNAL MEDICINE,M,1961
22787,FL,ANATOMIC/CLINICAL PATHOLOGY,M,1957
22788,TX,INTERNAL MEDICINE,F,1961
22789,AL,CARDIOVASCULAR DISEASE,M,1957
22790,KS,HOSPITALIST,M,1960
22791,OH,ANESTHESIOLOGY,M,1960
22792,AZ,ANATOMIC/CLINICAL PATHOLOGY,M,1953
22793,NY,DIAGNOSTIC RADIOLOGY,M,1956
22794,VA,DIAGNOSTIC RADIOLOGY,M,1962
22795,PA,OTOLARYNGOLOGY,M,1959
22796,NJ,PEDIATRIC EMERGENCY MEDICINE (PEDIATRICS),M,1961
22797,NY,DIAGNOSTIC RADIOLOGY,M,1955
22798,CA,DERMATOLOGY,F,1960
22799,NY,CARDIOVASCULAR DISEASE,F,1957
22800,IN,DIAGNOSTIC RADIOLOGY,M,1957
22801,NJ,MATERNAL & FETAL MEDICINE,F,1959
22802,NJ,TRANSPLANT SURGERY,M,1955
22803,IL,GASTROENTEROLOGY,M,1961
22804,FL,OTOLARYNGOLOGY,M,1958
22805,MN,ANATOMIC/CLINICAL PATHOLOGY,M,1958
22806,CA,FAMILY MEDICINE,F,1961
22807,CA,RHEUMATOLOGY,M,1959
22808,MN,FAMILY MEDICINE,M,1961
22809,MI,DERMATOPATHOLOGY,M,1960
22810,GA,FAMILY MEDICINE,M,1959
22811,IL,INTERNAL MEDICINE,M,1960
22812,NY,INTERNAL MEDICINE,F,1959
22813,AK,FAMILY MEDICINE,M,1961
22814,VA,DIAGNOSTIC RADIOLOGY,M,1959
22815,NV,DIAGNOSTIC RADIOLOGY,M,1956
22816,TX,FAMILY MEDICINE,M,1960
22817,CA,EMERGENCY MEDICINE,M,1961
22818,OK,CARDIOVASCULAR DISEASE,M,1958
22819,TX,NEUROLOGY,M,1947
22820,IL,DIAGNOSTIC RADIOLOGY,M,1957
22821,TX,EMERGENCY MEDICINE,M,1958
22822,MI,PULMONARY DISEASE,F,1961
22823,FL,EMERGENCY MEDICINE,F,1961
22824,IA,ANESTHESIOLOGY,M,1953
22825,PA,ORTHOPEDIC SURGERY,M,1956
22826,NJ,CARDIOVASCULAR DISEASE,M,1957
22827,WA,PEDIATRICS,F,1956
22828,AR,INTERNAL MEDICINE,M,1960
22829,CA,INTERNAL MEDICINE,M,1957
22830,NJ,CARDIOVASCULAR DISEASE,M,1958
22831,FL,ANATOMIC/CLINICAL PATHOLOGY,M,1950
22832,CT,CARDIOVASCULAR DISEASE,M,1956
22833,CA,ANATOMIC/CLINICAL PATHOLOGY,M,1960
22834,FL,CARDIOVASCULAR DISEASE,M,1961
22835,MO,CARDIOVASCULAR DISEASE,M,1961
22836,MS,FAMILY MEDICINE,M,1953
22837,MN,CARDIOVASCULAR DISEASE,M,1960
22838,AZ,INTERNAL MEDICINE,F,1958
22839,IL,ANATOMIC/CLINICAL PATHOLOGY,F,1958
22840,AL,CARDIOVASCULAR DISEASE,M,1959
22841,IA,CARDIOVASCULAR DISEASE,M,1960
22842,IA,FAMILY MEDICINE,M,1960
22843,GA,NEUROLOGICAL SURGERY,M,1957
22844,GA,CARDIOVASCULAR DISEASE,M,1960
22845,GA,COLON & RECTAL SURGERY,M,1959
22846,FL,GASTROENTEROLOGY,M,1961
22847,CA,FAMILY MEDICINE,M,1961
22848,CA,GENERAL SURGERY,M,1955
22849,CA,OPHTHALMOLOGY,F,1959
22850,CA,EMERGENCY MEDICINE,M,1959
22851,CA,OPHTHALMOLOGY,M,1960
22852,CA,PLASTIC SURGERY,M,1960
22853,CA,CARDIOVASCULAR DISEASE,M,1955
22854,AR,ANATOMIC/CLINICAL PATHOLOGY,F,1959
22855,OK,FAMILY MEDICINE,M,1961
22856,OK,INTERNAL MEDICINE,M,1957
22857,FL,CARDIOVASCULAR DISEASE,M,1957
22858,NY,CARDIOVASCULAR DISEASE,M,1960
22859,PA,NEPHROLOGY,M,1960
22860,FL,HEMATOLOGY/ONCOLOGY,M,1956
22861,NJ,ANESTHESIOLOGY,M,1960
22862,NY,UROLOGY,M,1959
22863,MN,CARDIOVASCULAR DISEASE,M,1958
22864,MI,RADIOLOGY,M,1958
22865,MI,DIAGNOSTIC RADIOLOGY,M,1958
22866,CA,OPHTHALMOLOGY,M,1960
22867,KY,DERMATOLOGY,F,1958
22868,KY,VASCULAR SURGERY,M,1959
22869,CA,FAMILY MEDICINE,F,1955
22870,WA,DIAGNOSTIC RADIOLOGY,M,1959
22871,CA,ORTHOPEDIC SURGERY,M,1956
22872,CO,DIAGNOSTIC RADIOLOGY,M,1959
22873,TN,DIAGNOSTIC RADIOLOGY,F,1948
22874,AL,INTERNAL MEDICINE,M,1960
22875,CA,FAMILY MEDICINE,M,1951
22876,MI,INTERNAL MEDICINE,M,1956
22877,FL,RADIOLOGY,M,1946
22878,NJ,PULMONARY DISEASE,M,1957
22879,AZ,EMERGENCY MEDICINE,M,1959
22880,OH,CARDIOVASCULAR DISEASE,M,1954
22881,CA,PSYCHIATRY,M,1947
22882,TX,ANATOMIC/CLINICAL PATHOLOGY,M,1955
22883,NY,OPHTHALMOLOGY,M,1944
22884,IN,FAMILY MEDICINE,M,1955
22885,MN,MEDICAL ONCOLOGY,M,1962
22886,GA,EMERGENCY MEDICINE,M,1960
22887,MO,DIAGNOSTIC RADIOLOGY,M,1959
22888,AL,RADIOLOGY,M,1958
22889,MI,OPHTHALMOLOGY,M,1959
22890,MD,DERMATOLOGY,M,1962
22891,MN,RADIOLOGY,M,1959
22892,TX,PULMONARY CRITICAL CARE MEDICINE,M,1961
22893,MO,INTERNAL MEDICINE,M,1960
22894,CA,PEDIATRICS,F,1947
22895,AL,CARDIOVASCULAR DISEASE,M,1961
22896,CA,INTERNAL MEDICINE,M,1958
22897,IN,CHILD NEUROLOGY,M,1960
22898,WI,FAMILY MEDICINE,M,1956
22899,FL,EMERGENCY MEDICINE,M,1954
22900,GA,EMERGENCY MEDICINE,F,1960
22901,GA,FAMILY MEDICINE,M,1958
22902,IL,GASTROENTEROLOGY,M,1960
22903,GA,PAIN MEDICINE (ANESTHESIOLOGY),M,1960
22904,NY,DIAGNOSTIC RADIOLOGY,M,1959
22905,NY,DERMATOLOGY,F,1955
22906,CA,FAMILY MEDICINE,M,1961
22907,CA,INTERNAL MEDICINE,M,1958
22908,CA,OPHTHALMOLOGY,M,1960
22909,AL,CARDIOVASCULAR DISEASE,M,1959
22910,PA,FAMILY MEDICINE,F,1960
22911,MS,EMERGENCY MEDICINE,M,1958
22912,NY,GENERAL SURGERY,M,1954
22913,NJ,INTERNAL MEDICINE,F,1953
22914,IL,HEMATOLOGY (PATHOLOGY),M,1956
22915,NY,ANATOMIC/CLINICAL PATHOLOGY,M,1951
22916,CA,PEDIATRIC RADIOLOGY,F,1952
22917,KS,NEURORADIOLOGY,M,1955
22918,PA,"ENDOCRINOLOGY, DIABETES & METABOLISM",M,1955
22919,HI,INTERNAL MEDICINE,M,1957
22920,NC,INTERNAL MEDICINE,M,1956
22921,CA,OBSTETRICS & GYNECOLOGY,F,1958
22922,FL,INTERNAL MEDICINE,M,1948
22923,NY,FAMILY MEDICINE,M,1956
22924,FL,VASCULAR SURGERY,M,1959
22925,TN,GASTROENTEROLOGY,M,1959
22926,WA,EMERGENCY MEDICINE,F,1956
22927,CA,EMERGENCY MEDICINE,M,1959
22928,PA,ANATOMIC/CLINICAL PATHOLOGY,M,1957
22929,VA,DIAGNOSTIC RADIOLOGY,M,1954
22930,CA,DIAGNOSTIC RADIOLOGY,M,1951
22931,CA,EMERGENCY MEDICINE,M,1958
22932,PA,FAMILY MEDICINE,M,1960
22933,TX,GENERAL PRACTICE,M,1949
22934,PA,FAMILY MEDICINE,M,1960
22935,FL,CARDIOVASCULAR DISEASE,M,1951
22936,NY,INTERNAL MEDICINE,M,1956
22937,CA,OTOLARYNGOLOGY,M,1950
22938,PA,INTERNAL MEDICINE,M,1946
22939,OH,CARDIOVASCULAR DISEASE,M,1954
22940,MI,INTERVENTIONAL CARDIOLOGY,M,1953
22941,CA,INTERNAL MEDICINE,M,1959
22942,CA,GASTROENTEROLOGY,M,1960
22943,OH,PULMONARY DISEASE,M,1957
22944,HI,CARDIOVASCULAR DISEASE,M,1961
22945,AR,DIAGNOSTIC RADIOLOGY,M,1947
22946,MI,RHEUMATOLOGY,M,1954
22947,MO,EMERGENCY MEDICINE,M,1951
22948,TX,PEDIATRICS,F,1953
22949,MI,DIAGNOSTIC RADIOLOGY,M,1951
22950,FL,CARDIOVASCULAR DISEASE,M,1959
22951,AZ,CARDIOVASCULAR DISEASE,M,1947
22952,MD,CARDIOVASCULAR DISEASE,M,1957
22953,TX,INTERNAL MEDICINE,M,1953
22954,NY,INTERNAL MEDICINE,F,1956
22955,NY,INTERNAL MEDICINE,M,1952
22956,MN,NEURORADIOLOGY,M,1960
22957,KY,FAMILY MEDICINE,M,1961
22958,CA,INTERNAL MEDICINE,M,1955
22959,VA,ANESTHESIOLOGY,F,1952
22960,PA,CARDIOVASCULAR DISEASE,M,1959
22961,VA,CARDIOVASCULAR DISEASE,M,1955
22962,LA,UROLOGY,M,1950
22963,NY,GASTROENTEROLOGY,M,1958
22964,PA,DIAGNOSTIC RADIOLOGY,M,1955
22965,FL,CARDIOVASCULAR DISEASE,M,1956
22966,FL,DERMATOLOGY,M,1951
22967,CA,FAMILY MEDICINE,M,1946
22968,FL,PSYCHIATRY,F,1943
22969,NY,EMERGENCY MEDICINE,M,1951
22970,CA,CARDIOVASCULAR DISEASE,M,1957
22971,FL,INTERNAL MEDICINE,M,1959
22972,FL,FAMILY MEDICINE,M,1957
22973,CT,INTERNAL MEDICINE,M,1943
22974,KY,INTERVENTIONAL CARDIOLOGY,M,1958
22975,OH,CARDIOVASCULAR DISEASE,M,1957
22976,FL,CARDIOVASCULAR DISEASE,M,1953
22977,FL,NEUROLOGY,M,1957
22978,PA,DIAGNOSTIC RADIOLOGY,M,1956
22979,TN,EMERGENCY MEDICINE,M,1958
22980,NJ,CARDIOVASCULAR DISEASE,M,1956
22981,FL,PEDIATRICS,M,1958
22982,CA,PULMONARY DISEASE,M,1954
22983,WI,GASTROENTEROLOGY,M,1958
22984,CA,FAMILY MEDICINE,M,1958
22985,TX,INTERNAL MEDICINE,M,1956
22986,MI,FAMILY MEDICINE,M,1959
22987,CA,PAIN MEDICINE,M,1958
22988,VA,FAMILY MEDICINE,F,1961
22989,VA,NEPHROLOGY,M,1955
22990,TX,CARDIOVASCULAR DISEASE,M,1954
22991,TX,NEUROLOGY,M,1957
22992,TX,OPHTHALMOLOGY,M,1953
22993,MD,CARDIOVASCULAR DISEASE,M,1952
22994,PA,CARDIOVASCULAR DISEASE,M,1950
22995,CO,FAMILY MEDICINE,M,1952
22996,TX,PEDIATRIC EMERGENCY MEDICINE,M,1959
22997,NE,CARDIOVASCULAR DISEASE,M,1957
22998,CA,EMERGENCY MEDICINE,M,1946
22999,VA,FAMILY MEDICINE,M,1955
23000,WA,CARDIOVASCULAR DISEASE,M,1955
23001,HI,INTERNAL MEDICINE,M,1948
23002,TX,FAMILY MEDICINE,M,1954
23003,NJ,RADIATION ONCOLOGY,M,1950
23004,CA,COLON & RECTAL SURGERY,M,1951
23005,IL,COLON & RECTAL SURGERY,M,1958
23006,WY,DIAGNOSTIC RADIOLOGY,M,1948
23007,OH,EMERGENCY MEDICINE,M,1955
23008,TX,DIAGNOSTIC RADIOLOGY,M,1960
23009,CT,CARDIOVASCULAR DISEASE,F,1957
23010,TX,ANATOMIC/CLINICAL PATHOLOGY,M,1946
23011,CA,FAMILY MEDICINE,M,1957
23012,FL,CARDIOVASCULAR DISEASE,M,1956
23013,NY,CARDIOVASCULAR DISEASE,M,1953
23014,CA,GASTROENTEROLOGY,M,1951
23015,FL,INTERNAL MEDICINE,M,1958
23016,FL,INTERNAL MEDICINE,M,1952
23017,FL,PSYCHIATRY,F,1960
23018,FL,CARDIOVASCULAR DISEASE,M,1958
23019,TX,CARDIOVASCULAR DISEASE,M,1960
23020,NY,SURGICAL ONCOLOGY,F,1956
23021,MA,ANESTHESIOLOGY,M,1955
23022,TX,DIAGNOSTIC RADIOLOGY,M,1951
23023,SC,ANATOMIC/CLINICAL PATHOLOGY,M,1946
23024,VA,HEMATOLOGY/ONCOLOGY,F,1963
23025,DE,ANESTHESIOLOGY,M,1952
23026,VA,DIAGNOSTIC RADIOLOGY,M,1959
23027,WA,ANESTHESIOLOGY,M,1958
23028,PA,ANESTHESIOLOGY,M,1955
23029,TX,EMERGENCY MEDICINE,M,1960
23030,TX,ANATOMIC/CLINICAL PATHOLOGY,F,1957
23031,IA,ALLERGY & IMMUNOLOGY,F,1956
23032,TX,ORTHOPEDIC SURGERY,M,1955
23033,TX,ORTHOPEDIC SURGERY,M,1958
23034,AZ,NEUROLOGY,M,1957
23035,TX,ANESTHESIOLOGY,F,1959
23036,TX,INTERNAL MEDICINE,F,1958
23037,TX,THORACIC SURGERY,M,1955
23038,SC,PEDIATRICS,M,1960
23039,TN,FAMILY MEDICINE,M,1951
23040,KY,FAMILY MEDICINE,M,1959
23041,TN,DIAGNOSTIC RADIOLOGY,M,1959
23042,NC,UROLOGY,M,1957
23043,VA,FAMILY MEDICINE,M,1960
23044,NC,PEDIATRICS,M,1959
23045,FL,"ENDOCRINOLOGY, DIABETES & METABOLISM",M,1957
23046,VA,DERMATOLOGY,M,1953
23047,AK,THORACIC SURGERY,M,1943
23048,PA,"ENDOCRINOLOGY, DIABETES & METABOLISM",M,1958
23049,MI,CARDIOVASCULAR DISEASE,M,1958
23050,LA,THORACIC SURGERY,M,1953
23051,GA,INTERNAL MEDICINE,M,1957
23052,CA,ALLERGY & IMMUNOLOGY,M,1947
23053,FL,CLINICAL CARDIAC ELECTROPHYSIOLOGY,M,1960
23054,TN,EMERGENCY MEDICINE,M,1952
23055,TX,PEDIATRIC CARDIOLOGY,M,1957
23056,IL,CARDIOVASCULAR DISEASE,M,1956
23057,TN,INTERNAL MEDICINE,M,1955
23058,TN,CARDIOVASCULAR DISEASE,M,1950
23059,SC,CARDIOVASCULAR DISEASE,M,1959
23060,FL,FAMILY MEDICINE,M,1956
23061,PA,INTERNAL MEDICINE,F,1960
23062,TX,CARDIOVASCULAR DISEASE,M,1954
23063,MI,RHEUMATOLOGY,F,1954
23064,ME,FAMILY MEDICINE,M,1953
23065,CA,INTERNAL MEDICINE,M,1933
23066,CT,DIAGNOSTIC RADIOLOGY,M,1957
23067,PA,GENERAL SURGERY,M,1957
23068,MN,DIAGNOSTIC RADIOLOGY,M,1959
23069,CA,DIAGNOSTIC RADIOLOGY,M,1956
23070,PA,FAMILY MEDICINE,M,1961
23071,PA,ANESTHESIOLOGY,F,1950
23072,CA,EMERGENCY MEDICINE,F,1959
23073,FL,CARDIOVASCULAR DISEASE,M,1958
23074,VA,GERIATRIC MEDICINE (INTERNAL MEDICINE),M,1946
23075,MD,GYNECOLOGICAL ONCOLOGY,M,1951
23076,UT,FAMILY MEDICINE,M,1957
23077,TX,INTERNAL MEDICINE,F,1959
23078,TX,INTERNAL MEDICINE,M,1952
23079,TX,INTERNAL MEDICINE,M,1959
23080,TX,PSYCHIATRY,M,1958
23081,MO,CARDIOVASCULAR DISEASE,M,1955
23082,SC,FAMILY MEDICINE,M,1952
23083,OH,DIAGNOSTIC RADIOLOGY,M,1956
23084,WV,UROLOGY,M,1958
23085,PA,PEDIATRICS,F,1962
23086,TX,ANATOMIC/CLINICAL PATHOLOGY,M,1961
23087,OR,ANESTHESIOLOGY,M,1954
23088,AR,GASTROENTEROLOGY,M,1957
23089,IN,INTERNAL MEDICINE,M,1960
23090,AZ,COLON & RECTAL SURGERY,M,1955
23091,NH,FAMILY MEDICINE,M,1959
23092,GA,OPHTHALMOLOGY,F,1958
23093,CT,ANATOMIC/CLINICAL PATHOLOGY,F,1957
23094,CA,INTERNAL MEDICINE,F,1959
23095,TX,THORACIC SURGERY,M,1955
23096,TX,NEPHROLOGY,M,1958
23097,TN,DIAGNOSTIC RADIOLOGY,M,1959
23098,MN,DIAGNOSTIC RADIOLOGY,M,1954
23099,SC,INTERNAL MEDICINE,M,1957
23100,FL,ANATOMIC PATHOLOGY,F,1958
23101,SC,UROLOGY,M,1958
23102,SC,CARDIOVASCULAR DISEASE,M,1958
23103,RI,INTERNAL MEDICINE,M,1960
23104,PR,OCCUPATIONAL MEDICINE,M,1957
23105,PA,FAMILY MEDICINE,M,1960
23106,OH,EMERGENCY MEDICINE,F,1957
23107,CA,PSYCHIATRY,M,1955
23108,PA,INTERNAL MEDICINE,F,1961
23109,NJ,EMERGENCY MEDICINE,M,1959
23110,PA,OPHTHALMOLOGY,M,1957
23111,WA,DIAGNOSTIC RADIOLOGY,M,1956
23112,NJ,MATERNAL & FETAL MEDICINE,M,1957
23113,NJ,DIAGNOSTIC RADIOLOGY,M,1958
23114,IL,EMERGENCY MEDICINE,F,1958
23115,OH,PEDIATRICS,F,1960
23116,OH,REPRODUCTIVE ENDOCRINOLOGY & INFERTILITY,F,1953
23117,CT,INTERNAL MEDICINE,M,1952
23118,NY,DERMATOLOGY,M,1961
23119,FL,ANATOMIC/CLINICAL PATHOLOGY,M,1962
23120,MI,DIAGNOSTIC RADIOLOGY,M,1958
23121,NY,INTERNAL MEDICINE,M,1956
23122,CT,RHEUMATOLOGY,F,1958
23123,PA,NEUROLOGY,M,1957
23124,CA,ANATOMIC/CLINICAL PATHOLOGY,M,1949
23125,CA,DERMATOLOGY,M,1955
23126,PA,INTERNAL MEDICINE,M,1960
23127,CA,DIAGNOSTIC RADIOLOGY,M,1958
23128,OH,FAMILY MEDICINE,M,1960
23129,CA,FAMILY MEDICINE,M,1951
23130,FL,PSYCHIATRY,M,1949
23131,NV,INTERNAL MEDICINE,M,1959
23132,SC,ORTHOPEDIC SURGERY,M,1958
23133,NC,INTERNAL MEDICINE,M,1960
23134,MA,PULMONARY DISEASE,M,1957
23135,GA,UROLOGY,M,1955
23136,NC,CARDIOVASCULAR DISEASE,M,1958
23137,IN,RADIOLOGY,M,1957
23138,NH,INTERNAL MEDICINE,F,1960
23139,GA,TRANSPLANT HEPATOLOGY (INTERNAL MEDICINE),M,1961
23140,NJ,EMERGENCY MEDICINE,M,1957
23141,MA,INTERNAL MEDICINE,F,1958
23142,NY,OPHTHALMOLOGY,F,1959
23143,NY,FAMILY MEDICINE,M,1961
23144,OH,DIAGNOSTIC RADIOLOGY,F,1958
23145,NY,ALLERGY & IMMUNOLOGY,M,1956
23146,WA,CARDIOVASCULAR DISEASE,M,1954
23147,CA,CARDIOVASCULAR DISEASE,F,1960
23148,FL,COLON & RECTAL SURGERY,M,1957
23149,NJ,PULMONARY CRITICAL CARE MEDICINE,F,1959
23150,OH,PLASTIC SURGERY,M,1953
23151,OH,EMERGENCY MEDICINE,M,1959
23152,WA,SLEEP MEDICINE,F,1958
23153,OH,EMERGENCY MEDICINE,M,1958
23154,SC,EMERGENCY MEDICINE,M,1959
23155,AK,PEDIATRICS,M,1958
23156,OH,RADIOLOGY,M,1958
23157,TX,EMERGENCY MEDICINE,M,1958
23158,IL,ANESTHESIOLOGY,M,1959
23159,TX,ANATOMIC/CLINICAL PATHOLOGY,M,1956
23160,NY,GASTROENTEROLOGY,M,1944
23161,VA,HEMATOLOGY/ONCOLOGY,M,1957
23162,VA,OTOLARYNGOLOGY,M,1958
23163,NY,FAMILY MEDICINE,F,1960
23164,NY,CARDIOVASCULAR DISEASE,M,1955
23165,NY,GASTROENTEROLOGY,M,1959
23166,CO,FAMILY MEDICINE,M,1958
23167,FL,INTERNAL MEDICINE,M,1955
23168,RI,PULMONARY DISEASE,M,1960
23169,FL,DERMATOLOGY,M,1959
23170,PA,ORTHOPEDIC SURGERY,M,1959
23171,MO,FAMILY MEDICINE,M,1961
23172,AR,CARDIOVASCULAR DISEASE,M,1958
23173,NE,FAMILY MEDICINE,M,1960
23174,MS,DIAGNOSTIC RADIOLOGY,M,1959
23175,CA,INTERNAL MEDICINE,M,1956
23176,PA,DIAGNOSTIC RADIOLOGY,F,1953
23177,NV,VASCULAR & INTERVENTIONAL RADIOLOGY,M,1959
23178,FL,EMERGENCY MEDICINE,M,1959
23179,NY,RADIOLOGY,M,1956
23180,NY,INTERNAL MEDICINE,F,1961
23181,DC,"ENDOCRINOLOGY, DIABETES & METABOLISM",M,1957
23182,NV,PEDIATRIC CARDIOLOGY,F,1960
23183,NY,OBSTETRICS & GYNECOLOGY,M,1955
23184,RI,DIAGNOSTIC RADIOLOGY,M,1954
23185,NY,CARDIOVASCULAR DISEASE,M,1955
23186,NY,DIAGNOSTIC RADIOLOGY,M,1956
23187,CT,PSYCHIATRY,F,1959
23188,VA,PULMONARY DISEASE,M,1958
23189,OH,CARDIOVASCULAR DISEASE,M,1949
23190,MN,OBSTETRICS & GYNECOLOGY,M,1959
23191,NE,INTERNAL MEDICINE,M,1959
23192,CA,OBSTETRICS & GYNECOLOGY,F,1955
23193,GA,CARDIOVASCULAR DISEASE,M,1954
23194,CO,FAMILY MEDICINE,F,1958
23195,MI,NEUROLOGY,M,1959
23196,CA,DIAGNOSTIC RADIOLOGY,M,1954
23197,MN,FAMILY MEDICINE,M,1957
23198,MN,DIAGNOSTIC RADIOLOGY,M,1957
23199,IN,HEMATOLOGY/ONCOLOGY,M,1956
23200,WV,ORTHOPEDIC SURGERY,M,1955
23201,MI,INTERNAL MEDICINE,F,1957
23202,MA,INTERNAL MEDICINE,F,1956
23203,MI,INTERNAL MEDICINE/PEDIATRICS,M,1959
23204,IL,INTERNAL MEDICINE,M,1958
23205,TX,INTERNAL MEDICINE,F,1958
23206,NH,EMERGENCY MEDICINE,M,1958
23207,NY,INTERNAL MEDICINE,M,1960
23208,NJ,PEDIATRICS,M,1958
23209,FL,NEUROLOGY,M,1952
23210,FL,CARDIOVASCULAR DISEASE,M,1952
23211,NM,GASTROENTEROLOGY,M,1960
23212,MO,INTERNAL MEDICINE,M,1960
23213,OH,INTERNAL MEDICINE,F,1962
23214,WA,PEDIATRICS,M,1954
23215,MN,INTERNAL MEDICINE,M,1961
23216,ID,EMERGENCY MEDICINE,M,1958
23217,MO,UROLOGY,M,1958
23218,OR,OBSTETRICS & GYNECOLOGY,F,1960
23219,MI,DERMATOLOGY,M,1958
23220,MD,FAMILY MEDICINE,M,1954
23221,ME,DIAGNOSTIC RADIOLOGY,M,1958
23222,MA,CARDIOVASCULAR DISEASE,M,1957
23223,FL,PULMONARY DISEASE,M,1947
23224,MA,INTERNAL MEDICINE,M,1958
23225,OH,DIAGNOSTIC RADIOLOGY,M,1949
23226,FL,DERMATOPATHOLOGY,F,1958
23227,LA,GASTROENTEROLOGY,M,1956
23228,KY,INTERNAL MEDICINE,F,1957
23229,MO,PULMONARY CRITICAL CARE MEDICINE,M,1955
23230,MS,PULMONARY DISEASE,M,1960
23231,MS,FAMILY MEDICINE,M,1959
23232,AK,PSYCHIATRY,F,1957
23233,ND,MEDICAL MANAGEMENT,M,1959
23234,IN,FAMILY MEDICINE,F,1956
23235,CA,ANATOMIC/CLINICAL PATHOLOGY,M,1956
23236,IN,INTERNAL MEDICINE,M,1952
23237,NY,RADIATION ONCOLOGY,M,1959
23238,MI,INTERNAL MEDICINE,M,1957
23239,MD,HEMATOLOGY/ONCOLOGY,M,1957
23240,FL,EMERGENCY MEDICINE,M,1951
23241,OR,PLASTIC SURGERY,M,1958
23242,PA,INTERNAL MEDICINE,M,1960
23243,KY,PEDIATRICS,F,1958
23244,KS,DIAGNOSTIC RADIOLOGY,M,1949
23245,KY,EMERGENCY MEDICINE,M,1960
23246,CA,GASTROENTEROLOGY,M,1958
23247,FL,CHILD & ADOLESCENT PSYCHIATRY,F,1952
23248,IL,FAMILY MEDICINE,M,1960
23249,AZ,PEDIATRICS,M,1955
23250,IL,FAMILY MEDICINE,M,1958
23251,IL,EMERGENCY MEDICINE,M,1957
23252,WI,FAMILY MEDICINE,M,1942
23253,MI,DIAGNOSTIC RADIOLOGY,M,1961
23254,GA,OBSTETRICS & GYNECOLOGY,M,1959
23255,NH,INTERNAL MEDICINE,F,1958
23256,FL,EMERGENCY MEDICINE,M,1954
23257,MI,OPHTHALMOLOGY,M,1958
23258,CT,GASTROENTEROLOGY,M,1955
23259,CA,FAMILY MEDICINE,M,1952
23260,WI,HAND SURGERY,M,1962
23261,IL,DERMATOLOGY,M,1954
23262,KY,INTERNAL MEDICINE,M,1955
23263,KS,FAMILY MEDICINE,M,1959
23264,IN,FAMILY MEDICINE,F,1960
23265,MI,VASCULAR & INTERVENTIONAL RADIOLOGY,M,1960
23266,MN,DIAGNOSTIC RADIOLOGY,M,1957
23267,IN,FAMILY MEDICINE,M,1952
23268,RI,DIAGNOSTIC RADIOLOGY,M,1955
23269,CO,FAMILY MEDICINE,F,1959
23270,NJ,CARDIOVASCULAR DISEASE,M,1958
23271,TN,FAMILY MEDICINE,M,1958
23272,GA,ANESTHESIOLOGY,M,1956
23273,GA,INTERNAL MEDICINE,M,1959
23274,CA,GERIATRIC MEDICINE (INTERNAL MEDICINE),M,1948
23275,NC,PEDIATRICS,M,1960
23276,FL,OPHTHALMOLOGY,M,1948
23277,MA,CARDIOVASCULAR DISEASE,M,1950
23278,NV,ORTHOPEDIC SURGERY,M,1955
23279,MD,CARDIOVASCULAR DISEASE,M,1957
23280,MA,ANESTHESIOLOGY,M,1953
23281,FL,ANESTHESIOLOGY,M,1959
23282,TX,DIAGNOSTIC RADIOLOGY,M,1956
23283,CA,FAMILY MEDICINE,F,1957
23284,KY,FAMILY MEDICINE,F,1960
23285,SC,DIAGNOSTIC RADIOLOGY,M,1959
23286,TX,EMERGENCY MEDICINE,F,1960
23287,TX,PLASTIC SURGERY,M,1955
23288,KY,GENERAL SURGERY,M,1957
23289,NY,ORTHOPEDIC SURGERY,M,1957
23290,UT,INTERNAL MEDICINE,F,1957
23291,NY,GENERAL SURGERY,M,1957
23292,GA,CARDIOVASCULAR DISEASE,M,1958
23293,GA,FAMILY MEDICINE,M,1955
23294,FL,ANATOMIC/CLINICAL PATHOLOGY,M,1955
23295,GA,REPRODUCTIVE ENDOCRINOLOGY & INFERTILITY,M,1955
23296,FL,INTERNAL MEDICINE,M,1958
23297,FL,INTERNAL MEDICINE,M,1958
23298,FL,DIAGNOSTIC RADIOLOGY,M,1957
23299,OH,RHEUMATOLOGY,M,1952
23300,MA,PEDIATRICS,F,1960
23301,DE,CARDIOVASCULAR DISEASE,M,1957
23302,CO,PEDIATRICS,M,1959
23303,CA,RADIOLOGY,F,1951
23304,CA,PEDIATRICS,M,1956
23305,WI,CARDIOVASCULAR DISEASE,M,1952
23306,IN,INTERNAL MEDICINE,M,1959
23307,IN,FAMILY MEDICINE,M,1960
23308,IN,FAMILY MEDICINE,F,1959
23309,IN,GASTROENTEROLOGY,M,1954
23310,NC,FAMILY MEDICINE,M,1954
23311,GA,FAMILY MEDICINE,M,1957
23312,FL,FAMILY MEDICINE,M,1958
23313,FL,EMERGENCY MEDICINE,M,1953
23314,SC,INTERNAL MEDICINE,M,1957
23315,MD,INTERNAL MEDICINE,M,1953
23316,FL,ANATOMIC/CLINICAL PATHOLOGY,M,1961
23317,IL,ANATOMIC/CLINICAL PATHOLOGY,F,1951
23318,CO,CLINICAL PATHOLOGY,M,1953
23319,SC,GASTROENTEROLOGY,M,1958
23320,CA,PEDIATRICS,M,1956
23321,CA,INTERNAL MEDICINE,M,1948
23322,UT,EMERGENCY MEDICINE,M,1959
23323,MI,FAMILY MEDICINE,M,1960
23324,GA,GYNECOLOGY,F,1959
23325,MD,DERMATOPATHOLOGY,F,1952
23326,FL,ANATOMIC/CLINICAL PATHOLOGY,M,1950
23327,AL,EMERGENCY MEDICINE,M,1954
23328,AL,INTERNAL MEDICINE,M,1956
23329,FL,OTOLARYNGOLOGY,M,1958
23330,PA,FAMILY MEDICINE,M,1960
23331,OH,FAMILY MEDICINE,M,1953
23332,MN,CARDIOVASCULAR DISEASE,M,1953
23333,GA,PEDIATRICS,M,1957
23334,GA,FAMILY MEDICINE,M,1961
23335,AL,GASTROENTEROLOGY,M,1956
23336,SC,HEMATOLOGY/ONCOLOGY,M,1957
23337,FL,ANATOMIC/CLINICAL PATHOLOGY,M,1957
23338,MN,DIAGNOSTIC RADIOLOGY,M,1962
23339,GA,CARDIOVASCULAR DISEASE,M,1956
23340,FL,DIAGNOSTIC RADIOLOGY,M,1959
23341,UT,CARDIOVASCULAR DISEASE,M,1959
23342,CA,GASTROENTEROLOGY,M,1952
23343,CO,FAMILY MEDICINE,M,1962
23344,CA,RADIOLOGY,M,1956
23345,CA,NEURORADIOLOGY,M,1960
23346,NV,INTERNAL MEDICINE,M,1954
23347,CA,DIAGNOSTIC RADIOLOGY,F,1957
23348,NV,EMERGENCY MEDICINE,M,1955
23349,CA,VASCULAR & INTERVENTIONAL RADIOLOGY,M,1944
23350,CA,HOSPITALIST,M,1959
23351,CA,PEDIATRICS,F,1957
23352,NH,HOSPITALIST,F,1958
23353,CA,CARDIOVASCULAR DISEASE,M,1955
23354,MO,GENERAL SURGERY,M,1957
23355,NC,FAMILY MEDICINE,M,1958
23356,NJ,FAMILY MEDICINE,M,1959
23357,NJ,ORTHOPEDIC SURGERY,M,1958
23358,IL,CLINICAL CARDIAC ELECTROPHYSIOLOGY,M,1954
23359,PA,"ENDOCRINOLOGY, DIABETES & METABOLISM",M,1956
23360,LA,INTERNAL MEDICINE,M,1949
23361,MI,INTERNAL MEDICINE,M,1959
23362,AL,FAMILY MEDICINE,M,1953
23363,OH,DIAGNOSTIC RADIOLOGY,M,1957
23364,IL,GASTROENTEROLOGY,M,1957
23365,MI,ORTHOPEDIC SURGERY,M,1954
23366,TX,PULMONARY DISEASE,M,1951
23367,FL,GENERAL SURGERY,M,1955
23368,MD,ANATOMIC/CLINICAL PATHOLOGY,F,1959
23369,RI,ALLERGY,M,1943
23370,CA,FAMILY MEDICINE,M,1954
23371,CO,REPRODUCTIVE ENDOCRINOLOGY & INFERTILITY,M,1947
23372,NV,DIAGNOSTIC RADIOLOGY,M,1959
23373,CA,ORTHOPEDIC SURGERY,M,1958
23374,ND,RADIOLOGY,M,1953
23375,AL,FAMILY MEDICINE,M,1962
23376,OK,FAMILY MEDICINE,M,1946
23377,WA,GENERAL PRACTICE,M,1957
23378,MS,FAMILY MEDICINE,M,1956
23379,MI,DIAGNOSTIC RADIOLOGY,M,1958
23380,NJ,FAMILY MEDICINE,M,1956
23381,FL,FAMILY MEDICINE,M,1959
23382,FL,EMERGENCY MEDICINE,M,1950
23383,TX,CARDIOVASCULAR DISEASE,M,1954
23384,TX,FAMILY MEDICINE,M,1946
23385,MO,NEUROLOGY,M,1940
23386,CA,FAMILY MEDICINE,M,1946
23387,TX,FAMILY MEDICINE,M,1938
23388,RI,CARDIOVASCULAR DISEASE,M,1951
23389,NY,ANESTHESIOLOGY,M,1946
23390,CA,FAMILY MEDICINE,F,1947
23391,MA,ANESTHESIOLOGY,M,1947
23392,CA,FAMILY MEDICINE,F,1957
23393,IL,RADIOLOGY,M,1957
23394,NY,CARDIOVASCULAR DISEASE,F,1958
23395,OH,GERIATRIC MEDICINE (FAMILY MEDICINE),M,1956
23396,OH,EMERGENCY MEDICINE,F,1959
23397,MI,EMERGENCY MEDICINE,M,1955
23398,NY,FAMILY MEDICINE,M,1957
23399,MI,GASTROENTEROLOGY,M,1956
23400,SC,GENERAL PRACTICE,M,1954
23401,IN,EMERGENCY MEDICINE,M,1955
23402,FL,EMERGENCY MEDICINE,M,1950
23403,IN,PULMONARY DISEASE,M,1949
23404,CA,FAMILY MEDICINE,M,1944
23405,FL,CARDIOVASCULAR DISEASE,M,1956
23406,OH,INTERNAL MEDICINE,M,1945
23407,CA,FAMILY MEDICINE,F,1954
23408,CA,GASTROENTEROLOGY,M,1957
23409,NY,RADIOLOGY,M,1943
23410,CA,CARDIOVASCULAR DISEASE,M,1946
23411,IL,FAMILY MEDICINE,M,1959
23412,MS,FAMILY MEDICINE,M,1953
23413,MI,DIAGNOSTIC RADIOLOGY,M,1953
23414,MI,GASTROENTEROLOGY,M,1955
23415,FL,INTERNAL MEDICINE,M,1957
23416,NY,INTERNAL MEDICINE,M,1956
23417,MA,FAMILY MEDICINE,M,1954
23418,MI,GASTROENTEROLOGY,M,1953
23419,CA,FAMILY MEDICINE,M,1954
23420,KS,INTERVENTIONAL CARDIOLOGY,M,1950
23421,NY,DIAGNOSTIC RADIOLOGY,M,1943
23422,OH,DIAGNOSTIC RADIOLOGY,M,1949
23423,OH,VASCULAR SURGERY,M,1950
23424,NJ,OPHTHALMOLOGY,F,1956
23425,IL,FAMILY MEDICINE,M,1940
23426,FL,EMERGENCY MEDICINE,M,1952
23427,NY,RADIATION ONCOLOGY,M,1960
23428,CA,FAMILY MEDICINE,M,1933
23429,NJ,INTERNAL MEDICINE,M,1952
23430,CA,CARDIOVASCULAR DISEASE,M,1957
23431,NV,PEDIATRICS,M,1954
23432,PA,DIAGNOSTIC RADIOLOGY,M,1951
23433,WA,PEDIATRICS,F,1950
23434,NJ,INTERNAL MEDICINE,M,1940
23435,DC,DIAGNOSTIC RADIOLOGY,M,1951
23436,FL,EMERGENCY MEDICINE,F,1948
23437,CA,INTERNAL MEDICINE,M,1938
23438,CA,RADIOLOGY,M,1944
23439,OH,CARDIOVASCULAR DISEASE,M,1952
23440,FL,NEUROLOGY,M,1949
23441,VA,FAMILY MEDICINE,M,1953
23442,FL,DIAGNOSTIC RADIOLOGY,M,1947
23443,NY,INTERNAL MEDICINE,M,1957
23444,PA,CARDIOVASCULAR DISEASE,M,1955
23445,MI,FAMILY MEDICINE,M,1955
23446,IL,INTERNAL MEDICINE,M,1952
23447,FL,PAIN MEDICINE,M,1944
23448,TX,FAMILY MEDICINE,M,1951
23449,KY,INTERNAL MEDICINE,M,1941
23450,TX,GASTROENTEROLOGY,M,1944
23451,CA,PEDIATRICS,F,1947
23452,MD,CARDIOVASCULAR DISEASE,M,1954
23453,CA,FAMILY MEDICINE,F,1952
23454,NY,GENERAL SURGERY,M,1955
23455,NY,CARDIOVASCULAR DISEASE,M,1952
23456,TX,INTERNAL MEDICINE,M,1955
23457,CA,DIAGNOSTIC RADIOLOGY,M,1947
23458,CA,OTOLARYNGOLOGY,M,1940
23459,HI,INTERNAL MEDICINE,M,1930
23460,MD,PSYCHIATRY,M,1953
23461,MI,DIAGNOSTIC RADIOLOGY,M,1943
23462,RI,INTERNAL MEDICINE,M,1958
23463,CA,FAMILY MEDICINE,M,1955
23464,FL,CARDIOVASCULAR DISEASE,M,1955
23465,NY,FAMILY MEDICINE,M,1958
23466,CA,GASTROENTEROLOGY,M,1952
23467,PA,CARDIOVASCULAR DISEASE,M,1951
23468,FL,ANATOMIC/CLINICAL PATHOLOGY,M,1948
23469,NJ,DIAGNOSTIC RADIOLOGY,M,1947
23470,TX,EMERGENCY MEDICINE,M,1954
23471,TX,FAMILY MEDICINE,F,1944
23472,NJ,ANESTHESIOLOGY,M,1945
23473,HI,PEDIATRICS,M,1937
23474,FL,FAMILY MEDICINE,M,1958
23475,MD,ANESTHESIOLOGY,M,1944
23476,PA,ANESTHESIOLOGY,M,1940
23477,MI,OPHTHALMOLOGY,M,1954
23478,TX,GENERAL SURGERY,M,1952
23479,GA,PUBLIC HEALTH & GENERAL PREVENTIVE MEDICINE,M,1960
23480,CA,FAMILY MEDICINE,M,1943
23481,FL,INTERNAL MEDICINE,M,1956
23482,CA,ANATOMIC/CLINICAL PATHOLOGY,M,1953
23483,NY,DIAGNOSTIC RADIOLOGY,M,1951
23484,NY,PEDIATRICS,F,1953
23485,CA,ANESTHESIOLOGY,M,1948
23486,TX,GENERAL SURGERY,M,1952
23487,CA,FAMILY MEDICINE,M,1944
23488,PA,INTERNAL MEDICINE,M,1944
23489,TX,FAMILY MEDICINE,M,1944
23490,CT,INTERNAL MEDICINE,M,1956
23491,CA,RHEUMATOLOGY,M,1955
23492,CA,FAMILY MEDICINE,M,1946
23493,NY,GENERAL SURGERY,M,1950
23494,NY,INTERNAL MEDICINE,M,1957
23495,NY,ANESTHESIOLOGY,M,1958
23496,FL,CARDIOVASCULAR DISEASE,M,1955
23497,NY,INTERNAL MEDICINE,M,1944
23498,MI,GASTROENTEROLOGY,M,1951
23499,FL,INTERVENTIONAL CARDIOLOGY,M,1960
23500,TX,DIAGNOSTIC RADIOLOGY,M,1944
23501,CA,PEDIATRICS,M,1957
23502,CA,FAMILY MEDICINE,M,1951
23503,NJ,INTERNAL MEDICINE,M,1955
23504,FL,GASTROENTEROLOGY,M,1948
23505,CA,NEUROLOGY,M,1945
23506,PA,DIAGNOSTIC RADIOLOGY,M,1949
23507,FL,CARDIOVASCULAR DISEASE,F,1954
23508,RI,ANATOMIC/CLINICAL PATHOLOGY,F,1951
23509,TN,GENERAL PRACTICE,M,1953
23510,CA,INTERNAL MEDICINE,M,1954
23511,VA,INTERNAL MEDICINE,F,1950
23512,PA,DIAGNOSTIC RADIOLOGY,M,1950
23513,NV,HEMATOLOGY/ONCOLOGY,M,1953
23514,VA,GENERAL SURGERY,M,1949
23515,MI,RADIOLOGY,M,1945
23516,NY,INTERNAL MEDICINE,M,1953
23517,CA,INTERNAL MEDICINE,M,1955
23518,CA,INTERNAL MEDICINE,M,1954
23519,MI,RADIOLOGY,M,1947
23520,VA,"ENDOCRINOLOGY, DIABETES & METABOLISM",M,1951
23521,FL,INTERNAL MEDICINE,M,1957
23522,PA,EMERGENCY MEDICINE,M,1957
23523,FL,CARDIOVASCULAR DISEASE,M,1954
23524,MI,DIAGNOSTIC RADIOLOGY,M,1948
23525,MD,INTERNAL MEDICINE,M,1956
23526,VA,INTERNAL MEDICINE,M,1958
23527,PA,RADIOLOGY,M,1948
23528,NY,GASTROENTEROLOGY,M,1950
23529,LA,ANATOMIC/CLINICAL PATHOLOGY,F,1955
23530,NJ,RADIOLOGY,M,1943
23531,IL,ANATOMIC/CLINICAL PATHOLOGY,M,1946
23532,OH,INTERNAL MEDICINE/PEDIATRICS,M,1958
23533,NJ,INTERNAL MEDICINE,M,1958
23534,NY,DIAGNOSTIC RADIOLOGY,M,1948
23535,TX,CARDIOVASCULAR DISEASE,M,1946
23536,FL,INTERNAL MEDICINE,M,1950
23537,FL,ANESTHESIOLOGY,M,1947
23538,NV,ANESTHESIOLOGY,F,1949
23539,CA,ANATOMIC/CLINICAL PATHOLOGY,F,1948
23540,DC,PHYSICAL MEDICINE & REHABILITATION,F,1946
23541,NJ,INTERNAL MEDICINE,M,1958
23542,CA,INTERNAL MEDICINE,M,1944
23543,NY,GASTROENTEROLOGY,M,1953
23544,FL,INTERNAL MEDICINE,M,1961
23545,CA,EMERGENCY MEDICINE,M,1951
23546,FL,EMERGENCY MEDICINE,M,1958
23547,NY,EMERGENCY MEDICINE,M,1947
23548,FL,CARDIOVASCULAR DISEASE,M,1952
23549,FL,PULMONARY DISEASE,M,1955
23550,WI,ANATOMIC PATHOLOGY,M,1945
23551,NJ,PULMONARY DISEASE,M,1950
23552,TX,FAMILY MEDICINE,M,1955
23553,PA,EMERGENCY MEDICINE,M,1956
23554,RI,DIAGNOSTIC RADIOLOGY,M,1952
23555,FL,ANATOMIC/CLINICAL PATHOLOGY,M,1957
23556,NJ,ANATOMIC/CLINICAL PATHOLOGY,M,1939
23557,CA,CARDIOVASCULAR DISEASE,M,1947
23558,TX,FAMILY MEDICINE,M,1958
23559,MA,DERMATOLOGY,F,1959
23560,IN,FAMILY MEDICINE,F,1960
23561,MO,DIAGNOSTIC RADIOLOGY,F,1952
23562,HI,PEDIATRICS,M,1950
23563,CA,ANATOMIC/CLINICAL PATHOLOGY,M,1938
23564,WI,FAMILY MEDICINE,M,1958
23565,WI,DIAGNOSTIC RADIOLOGY,M,1951
23566,NC,HEMATOLOGY/ONCOLOGY,M,1955
23567,WV,OPHTHALMOLOGY,M,1954
23568,VA,HEMATOLOGY/ONCOLOGY,M,1953
23569,MD,ANATOMIC/CLINICAL PATHOLOGY,M,1948
23570,MD,EMERGENCY MEDICINE,M,1956
23571,FL,EMERGENCY MEDICINE,M,1955
23572,NY,NUCLEAR MEDICINE,M,1950
23573,AZ,INTERNAL MEDICINE,M,1958
23574,WV,FAMILY MEDICINE,M,1954
23575,WA,EMERGENCY MEDICINE,M,1953
23576,OR,DIAGNOSTIC RADIOLOGY,M,1953
23577,CO,FAMILY MEDICINE,M,1958
23578,MD,EMERGENCY MEDICINE,F,1955
23579,ME,PULMONARY DISEASE,M,1955
23580,UT,EMERGENCY MEDICINE,M,1955
23581,CA,GENERAL PRACTICE,M,1947
23582,TX,DIAGNOSTIC RADIOLOGY,M,1956
23583,TX,EMERGENCY MEDICINE,M,1955
23584,TX,ANATOMIC/CLINICAL PATHOLOGY,F,1955
23585,OR,GASTROENTEROLOGY,M,1946
23586,DE,DIAGNOSTIC RADIOLOGY,M,1956
23587,CO,FAMILY MEDICINE,M,1958
23588,OH,EMERGENCY MEDICINE,M,1959
23589,PA,FAMILY MEDICINE,F,1958
23590,CA,INTERNAL MEDICINE,F,1951
23591,SC,FAMILY MEDICINE,M,1952
23592,VA,RADIATION ONCOLOGY,M,1954
23593,UT,PAIN MEDICINE,M,1953
23594,FL,PEDIATRICS,F,1958
23595,TX,PEDIATRICS,M,1952
23596,TX,EMERGENCY MEDICINE,M,1953
23597,TX,FAMILY MEDICINE,M,1957
23598,MN,OTOLARYNGOLOGY,M,1956
23599,TX,FAMILY MEDICINE,M,1955
23600,TX,FAMILY MEDICINE,M,1956
23601,ME,ANESTHESIOLOGY,M,1954
23602,AR,DIAGNOSTIC RADIOLOGY,M,1958
23603,TX,INTERNAL MEDICINE,M,1957
23604,CA,DERMATOLOGY,F,1957
23605,FL,NEUROLOGY,M,1955
23606,MD,FAMILY MEDICINE,M,1958
23607,VA,INTERNAL MEDICINE,M,1957
23608,PA,NUCLEAR MEDICINE,M,1957
23609,VA,OPHTHALMOLOGY,M,1951
23610,FL,ANESTHESIOLOGY,M,1953
23611,TX,FAMILY MEDICINE,M,1958
23612,MI,DIAGNOSTIC RADIOLOGY,M,1954
23613,CA,INTERNAL MEDICINE,F,1950
23614,TX,INTERNAL MEDICINE,M,1949
23615,TX,FAMILY MEDICINE,M,1956
23616,NV,ANATOMIC/CLINICAL PATHOLOGY,M,1957
23617,FL,ANATOMIC/CLINICAL PATHOLOGY,M,1956
23618,TX,ANESTHESIOLOGY,M,1953
23619,TX,FAMILY MEDICINE,M,1953
23620,CA,DIAGNOSTIC RADIOLOGY,M,1957
23621,VT,DIAGNOSTIC RADIOLOGY,M,1954
23622,CA,FAMILY MEDICINE,M,1960
23623,TX,GENERAL SURGERY,M,1955
23624,TX,FAMILY MEDICINE,M,1957
23625,TX,EMERGENCY MEDICINE,M,1958
23626,TX,OBSTETRICS & GYNECOLOGY,M,1956
23627,TX,ANATOMIC/CLINICAL PATHOLOGY,F,1956
23628,TX,FAMILY MEDICINE,M,1957
23629,TX,ORTHOPEDIC SURGERY,M,1956
23630,AL,ANESTHESIOLOGY,M,1951
23631,MS,DIAGNOSTIC RADIOLOGY,M,1945
23632,FL,RADIOLOGY,M,1944
23633,TX,FAMILY MEDICINE,F,1956
23634,TX,INTERNAL MEDICINE,M,1951
23635,LA,EMERGENCY MEDICINE,F,1950
23636,TX,DIAGNOSTIC RADIOLOGY,M,1957
23637,TX,ANESTHESIOLOGY,M,1955
23638,TX,ANESTHESIOLOGY,M,1954
23639,TX,NUCLEAR MEDICINE,M,1953
23640,CO,DIAGNOSTIC RADIOLOGY,M,1947
23641,TX,DIAGNOSTIC RADIOLOGY,M,1944
23642,OK,CARDIOVASCULAR DISEASE,M,1959
23643,TN,INTERNAL MEDICINE,M,1952
23644,FL,EMERGENCY MEDICINE,M,1951
23645,IL,ANESTHESIOLOGY,M,1952
23646,KY,CARDIOVASCULAR DISEASE,M,1958
23647,TN,GASTROENTEROLOGY,M,1956
23648,TN,FAMILY MEDICINE,M,1954
23649,AL,ANATOMIC/CLINICAL PATHOLOGY,M,1954
23650,SC,EMERGENCY MEDICINE,M,1958
23651,NC,INTERNAL MEDICINE,M,1949
23652,DC,EMERGENCY MEDICINE,M,1945
23653,AZ,INTERNAL MEDICINE,F,1959
23654,SD,UROLOGY,M,1952
23655,TX,DIAGNOSTIC RADIOLOGY,M,1944
23656,FL,ANESTHESIOLOGY,M,1951
23657,TX,EMERGENCY MEDICINE,M,1949
23658,TN,DIAGNOSTIC RADIOLOGY,M,1954
23659,TN,DIAGNOSTIC RADIOLOGY,F,1955
23660,FL,RADIOLOGY,M,1951
23661,FL,FAMILY MEDICINE,F,1961
23662,CA,RADIOLOGY,M,1957
23663,PA,NEPHROLOGY,M,1957
23664,PA,DIAGNOSTIC RADIOLOGY,F,1955
23665,CA,DIAGNOSTIC RADIOLOGY,M,1943
23666,PA,CARDIOVASCULAR DISEASE,M,1953
23667,TN,EMERGENCY MEDICINE,M,1956
23668,TN,DERMATOLOGY,M,1957
23669,HI,EMERGENCY MEDICINE,M,1956
23670,GA,PSYCHIATRY,M,1948
23671,MS,ANATOMIC/CLINICAL PATHOLOGY,M,1971
23672,SC,DIAGNOSTIC RADIOLOGY,M,1948
23673,SC,FAMILY MEDICINE,M,1940
23674,MD,INTERNAL MEDICINE,F,1958
23675,FL,CARDIOVASCULAR DISEASE,M,1959
23676,NY,GENERAL PRACTICE,M,1955
23677,CA,DIAGNOSTIC RADIOLOGY,M,1958
23678,CA,DIAGNOSTIC RADIOLOGY,M,1953
23679,CO,INTERNAL MEDICINE,M,1951
23680,PA,OPHTHALMOLOGY,M,1956
23681,PA,DIAGNOSTIC RADIOLOGY,M,1957
23682,PA,OPHTHALMOLOGY,F,1956
23683,DE,DIAGNOSTIC RADIOLOGY,M,1956
23684,PA,NEPHROLOGY,M,1950
23685,PA,FAMILY MEDICINE,M,1961
23686,PA,CARDIOVASCULAR DISEASE,M,1960
23687,SC,DIAGNOSTIC RADIOLOGY,M,1956
23688,GA,CARDIOVASCULAR DISEASE,M,1953
23689,SC,INTERNAL MEDICINE,F,1947
23690,PA,INTERNAL MEDICINE,M,1957
23691,SC,FAMILY MEDICINE,M,1958
23692,SC,PEDIATRICS,M,1951
23693,FL,INTERNAL MEDICINE,F,1950
23694,RI,FAMILY MEDICINE,F,1954
23695,FL,CARDIOVASCULAR DISEASE,M,1957
23696,NJ,CLINICAL CARDIAC ELECTROPHYSIOLOGY,M,1956
23697,NC,EMERGENCY MEDICINE,M,1951
23698,CO,DIAGNOSTIC RADIOLOGY,M,1956
23699,TN,NUCLEAR MEDICINE,M,1958
23700,CA,PEDIATRICS,F,1948
23701,MD,INTERNAL MEDICINE,M,1959
23702,NY,GASTROENTEROLOGY,M,1953
23703,PA,INTERNAL MEDICINE,M,1954
23704,NY,RADIOLOGY,M,1956
23705,FL,EMERGENCY MEDICINE,M,1951
23706,TX,ANATOMIC/CLINICAL PATHOLOGY,M,1945
23707,PA,INTERNAL MEDICINE,M,1945
23708,PA,PEDIATRICS,M,1945
23709,MD,INTERNAL MEDICINE,M,1951
23710,MA,CARDIOVASCULAR DISEASE,M,1959
23711,TX,"ENDOCRINOLOGY, DIABETES & METABOLISM",M,1953
23712,NJ,FAMILY MEDICINE,M,1959
23713,DE,CARDIOVASCULAR DISEASE,M,1958
23714,PA,INTERNAL MEDICINE,M,1954
23715,CA,GASTROENTEROLOGY,M,1945
23716,IL,CARDIOVASCULAR DISEASE,M,1958
23717,NJ,INTERNAL MEDICINE,M,1957
23718,NJ,EMERGENCY MEDICINE,M,1953
23719,CA,FAMILY MEDICINE,F,1955
23720,PA,PEDIATRICS,F,1958
23721,PA,OPHTHALMOLOGY,M,1955
23722,NV,DIAGNOSTIC RADIOLOGY,M,1951
23723,OK,OPHTHALMOLOGY,M,1957
23724,OK,DIAGNOSTIC RADIOLOGY,F,1952
23725,AZ,DIAGNOSTIC RADIOLOGY,M,1957
23726,CA,GASTROENTEROLOGY,M,1944
23727,PA,ANESTHESIOLOGY,F,1957
23728,PA,INTERNAL MEDICINE,M,1952
23729,OR,FAMILY MEDICINE,M,1952
23730,OR,FAMILY MEDICINE,M,1950
23731,FL,NEPHROLOGY,M,1957
23732,OK,UROLOGY,M,1956
23733,CA,INTERNAL MEDICINE,M,1953
23734,CA,NEPHROLOGY,M,1955
23735,OK,DIAGNOSTIC RADIOLOGY,M,1950
23736,OH,EMERGENCY MEDICINE,M,1954
23737,OH,FAMILY MEDICINE,M,1951
23738,OH,FAMILY MEDICINE,F,1952
23739,FL,EMERGENCY MEDICINE,M,1951
23740,OH,INTERNAL MEDICINE,F,1960
23741,CA,CARDIOVASCULAR DISEASE,M,1956
23742,KY,DIAGNOSTIC RADIOLOGY,M,1953
23743,MI,CLINICAL CARDIAC ELECTROPHYSIOLOGY,M,1960
23744,NC,GASTROENTEROLOGY,M,1959
23745,OH,EMERGENCY MEDICINE,M,1952
23746,OH,CHILD & ADOLESCENT PSYCHIATRY,M,1949
23747,FL,DIAGNOSTIC RADIOLOGY,M,1950
23748,CA,"ENDOCRINOLOGY, DIABETES & METABOLISM",M,1947
23749,CA,ANATOMIC/CLINICAL PATHOLOGY,M,1942
23750,CA,ANATOMIC/CLINICAL PATHOLOGY,F,1955
23751,OH,FAMILY MEDICINE,M,1955
23752,OH,RADIOLOGY,M,1955
23753,OH,RADIOLOGY,M,1957
23754,WA,FAMILY MEDICINE,M,1958
23755,OH,FAMILY MEDICINE,M,1957
23756,OH,CARDIOVASCULAR DISEASE,M,1951
23757,OH,PEDIATRICS,M,1951
23758,CA,ANATOMIC/CLINICAL PATHOLOGY,M,1945
23759,FL,DIAGNOSTIC RADIOLOGY,M,1956
23760,RI,DIAGNOSTIC RADIOLOGY,M,1951
23761,CA,DIAGNOSTIC RADIOLOGY,M,1948
23762,FL,EMERGENCY MEDICINE,M,1959
23763,OH,EMERGENCY MEDICINE,M,1952
23764,IN,FAMILY MEDICINE,M,1960
23765,OH,DIAGNOSTIC RADIOLOGY,M,1954
23766,OH,PEDIATRICS,M,1955
23767,NY,RADIOLOGY,M,1948
23768,IL,DIAGNOSTIC RADIOLOGY,M,1954
23769,OH,EMERGENCY MEDICINE,F,1945
23770,TN,INTERNAL MEDICINE,F,1956
23771,MI,RADIOLOGY,F,1958
23772,SC,INTERNAL MEDICINE,M,1951
23773,TN,FAMILY MEDICINE,M,1958
23774,FL,DIAGNOSTIC RADIOLOGY,M,1953
23775,NY,PEDIATRICS,F,1959
23776,CA,DIAGNOSTIC RADIOLOGY,M,1953
23777,NY,DIAGNOSTIC RADIOLOGY,M,1953
23778,UT,FAMILY MEDICINE,M,1955
23779,NC,INTERNAL MEDICINE,M,1954
23780,SC,FAMILY MEDICINE,M,1956
23781,NY,INTERNAL MEDICINE,M,1956
23782,NJ,NEPHROLOGY,M,1956
23783,CA,UROLOGY,M,1977
23784,GA,NEUROLOGICAL SURGERY,M,1946
23785,NJ,GASTROENTEROLOGY,M,1953
23786,CA,DIAGNOSTIC RADIOLOGY,M,1946
23787,CT,DERMATOLOGY,F,1958
23788,AZ,DIAGNOSTIC RADIOLOGY,M,1953
23789,OH,EMERGENCY MEDICINE,M,1950
23790,MO,DIAGNOSTIC RADIOLOGY,M,1955
23791,MA,INTERNAL MEDICINE,F,1955
23792,CA,DIAGNOSTIC RADIOLOGY,M,1951
23793,MD,UROLOGY,M,1953
23794,NY,SURGICAL ONCOLOGY,F,1957
23795,NJ,MATERNAL & FETAL MEDICINE,M,1950
23796,NJ,FAMILY MEDICINE,M,1956
23797,NY,ANATOMIC/CLINICAL PATHOLOGY,F,1954
23798,CA,DIAGNOSTIC RADIOLOGY,M,1947
23799,FL,CARDIOVASCULAR DISEASE,M,1956
23800,NY,CARDIOVASCULAR DISEASE,M,1955
23801,TN,GASTROENTEROLOGY,M,1953
23802,TX,NEUROLOGICAL SURGERY,M,1952
23803,NY,CARDIOVASCULAR DISEASE,M,1957
23804,NY,OPHTHALMOLOGY,M,1956
23805,NJ,ANATOMIC/CLINICAL PATHOLOGY,F,1952
23806,FL,RADIOLOGY,M,1941
23807,NY,RADIOLOGY,M,1951
23808,CO,INTERNAL MEDICINE,M,1958
23809,NY,NUCLEAR MEDICINE,M,1954
23810,NY,PSYCHIATRY,M,1938
23811,NY,GASTROENTEROLOGY,M,1955
23812,MA,FAMILY MEDICINE,M,1956
23813,TX,ANATOMIC/CLINICAL PATHOLOGY,M,1946
23814,NY,PEDIATRICS,F,1948
23815,CT,INTERNAL MEDICINE,M,1955
23816,NY,OBSTETRICS & GYNECOLOGY,F,1951
23817,NY,DIAGNOSTIC RADIOLOGY,M,1959
23818,NY,INTERNAL MEDICINE,M,1958
23819,CA,INTERNAL MEDICINE,M,1958
23820,NJ,VASCULAR SURGERY,M,1954
23821,FL,"ENDOCRINOLOGY, DIABETES & METABOLISM",M,1942
23822,NJ,NEPHROLOGY,M,1952
23823,NY,CARDIOVASCULAR DISEASE,M,1952
23824,FL,CARDIOVASCULAR DISEASE,M,1947
23825,MA,INTERNAL MEDICINE,F,1957
23826,NY,CARDIOVASCULAR DISEASE,M,1956
23827,PA,"ENDOCRINOLOGY, DIABETES & METABOLISM",F,1952
23828,OH,EMERGENCY MEDICINE,M,1960
23829,FL,DIAGNOSTIC RADIOLOGY,M,1953
23830,NJ,INFECTIOUS DISEASE,F,1953
23831,NY,DIAGNOSTIC RADIOLOGY,M,1949
23832,NY,INTERNAL MEDICINE,M,1952
23833,NY,GASTROENTEROLOGY,M,1952
23834,CA,DIAGNOSTIC RADIOLOGY,M,1949
23835,KS,CARDIOVASCULAR DISEASE,M,1955
23836,NY,DIAGNOSTIC RADIOLOGY,M,1952
23837,VA,FAMILY MEDICINE,M,1953
23838,FL,ANATOMIC/CLINICAL PATHOLOGY,M,1942
23839,NY,PEDIATRICS,F,1959
23840,NY,FAMILY MEDICINE,M,1957
23841,NY,EMERGENCY MEDICINE,M,1952
23842,NY,DIAGNOSTIC RADIOLOGY,M,1955
23843,NY,RADIOLOGY,M,1952
23844,FL,CARDIOVASCULAR DISEASE,M,1955
23845,FL,ANESTHESIOLOGY,M,1958
23846,NY,CARDIOVASCULAR DISEASE,M,1958
23847,VA,INTERNAL MEDICINE,M,1956
23848,WA,EMERGENCY MEDICINE,M,1958
23849,NY,UROLOGY,M,1956
23850,NY,INTERNAL MEDICINE,M,1953
23851,MD,DIAGNOSTIC RADIOLOGY,M,1956
23852,DC,DIAGNOSTIC RADIOLOGY,F,1955
23853,NY,DIAGNOSTIC RADIOLOGY,M,1954
23854,TX,DIAGNOSTIC RADIOLOGY,M,1952
23855,NM,FAMILY MEDICINE,M,1950
23856,NC,DIAGNOSTIC RADIOLOGY,M,1952
23857,FL,OTOLARYNGOLOGY,M,1955
23858,PA,GASTROENTEROLOGY,M,1954
23859,NV,FAMILY MEDICINE,M,1956
23860,IA,INTERNAL MEDICINE,M,1957
23861,MN,FAMILY MEDICINE,M,1958
23862,NY,DIAGNOSTIC RADIOLOGY,F,1955
23863,DC,DIAGNOSTIC RADIOLOGY,M,1951
23864,CA,DIAGNOSTIC RADIOLOGY,M,1950
23865,FL,DIAGNOSTIC RADIOLOGY,M,1951
23866,MD,INTERNAL MEDICINE,M,1946
23867,DC,RADIOLOGY,M,1941
23868,PA,DIAGNOSTIC RADIOLOGY,M,1957
23869,NJ,EMERGENCY MEDICINE,M,1946
23870,IN,RADIOLOGY,M,1956
23871,NE,INTERNAL MEDICINE,M,1957
23872,NE,FAMILY MEDICINE,M,1954
23873,CA,EMERGENCY MEDICINE,M,1952
23874,MI,ANATOMIC/CLINICAL PATHOLOGY,M,1945
23875,CT,MEDICAL ONCOLOGY,F,1957
23876,ME,PEDIATRICS,M,1958
23877,CA,GENERAL SURGERY,M,1954
23878,AZ,SLEEP MEDICINE,M,1956
23879,NV,FAMILY MEDICINE,M,1944
23880,CA,ANATOMIC/CLINICAL PATHOLOGY,M,1944
23881,NE,PEDIATRIC CARDIOLOGY,M,1949
23882,MI,DIAGNOSTIC RADIOLOGY,M,1951
23883,FL,INTERNAL MEDICINE,M,1953
23884,NJ,INTERVENTIONAL CARDIOLOGY,M,1954
23885,MO,NUCLEAR MEDICINE,M,1944
23886,NJ,SPORTS MEDICINE (FAMILY MEDICINE),M,1948
23887,IL,FAMILY MEDICINE,M,1953
23888,TX,ANATOMIC/CLINICAL PATHOLOGY,F,1952
23889,NE,FAMILY MEDICINE,M,1954
23890,WI,PULMONARY DISEASE,M,1947
23891,CA,DIAGNOSTIC RADIOLOGY,M,1950
23892,NJ,EMERGENCY MEDICINE,M,1946
23893,GA,EMERGENCY MEDICINE,M,1957
23894,WI,FAMILY MEDICINE,M,1956
23895,FL,OPHTHALMOLOGY,M,1956
23896,AL,DIAGNOSTIC RADIOLOGY,M,1957
23897,MN,FAMILY MEDICINE,M,1955
23898,MO,PSYCHIATRY,M,1955
23899,NC,FAMILY MEDICINE,M,1954
23900,MS,FAMILY MEDICINE,M,1953
23901,WI,INTERVENTIONAL CARDIOLOGY,M,1958
23902,OR,EMERGENCY MEDICINE,M,1957
23903,FL,EMERGENCY MEDICINE,M,1952
23904,MI,OTOLARYNGOLOGY,M,1949
23905,IL,EMERGENCY MEDICINE,M,1956
23906,MS,FAMILY MEDICINE,M,1957
23907,MN,EMERGENCY MEDICINE,M,1952
23908,MI,DIAGNOSTIC RADIOLOGY,M,1951
23909,NC,EMERGENCY MEDICINE,M,1951
23910,MI,ANESTHESIOLOGY,M,1954
23911,MI,INTERNAL MEDICINE,M,1958
23912,MI,INTERNAL MEDICINE,M,1957
23913,MI,DIAGNOSTIC RADIOLOGY,M,1952
23914,WA,FAMILY MEDICINE,M,1954
23915,WI,FAMILY MEDICINE,M,1958
23916,AL,DERMATOPATHOLOGY,M,1956
23917,MS,RADIOLOGY,M,1944
23918,CA,RADIOLOGY,M,1943
23919,AL,ANESTHESIOLOGY,M,1953
23920,TX,ANESTHESIOLOGY,M,1957
23921,MI,FAMILY MEDICINE,M,1956
23922,MI,OPHTHALMOLOGY,M,1956
23923,TX,INTERNAL MEDICINE,M,1955
23924,MI,DIAGNOSTIC RADIOLOGY,M,1956
23925,MI,CARDIOVASCULAR DISEASE,M,1957
23926,MI,INTERNAL MEDICINE,M,1959
23927,CO,INTERNAL MEDICINE,M,1958
23928,MN,CHILD & ADOLESCENT PSYCHIATRY,M,1949
23929,MI,CARDIOVASCULAR DISEASE,M,1959
23930,CO,FAMILY MEDICINE,M,1958
23931,IL,INTERNAL MEDICINE,M,1956
23932,MI,GENERAL SURGERY,M,1956
23933,MI,INTERNAL MEDICINE,M,1942
23934,MI,NUCLEAR MEDICINE,M,1958
23935,VA,FAMILY MEDICINE,F,1954
23936,MN,ANATOMIC/CLINICAL PATHOLOGY,M,1947
23937,MI,EMERGENCY MEDICINE,M,1954
23938,MA,GYNECOLOGICAL ONCOLOGY,M,1957
23939,CA,FAMILY MEDICINE,F,1953
23940,CA,DIAGNOSTIC RADIOLOGY,M,1954
23941,CA,OPHTHALMOLOGY,F,1950
23942,CA,GASTROENTEROLOGY,M,1956
23943,MI,GASTROENTEROLOGY,M,1955
23944,IN,DIAGNOSTIC RADIOLOGY,M,1953
23945,FL,VASCULAR SURGERY,M,1951
23946,MI,FAMILY MEDICINE,M,1947
23947,FL,GASTROENTEROLOGY,M,1948
23948,MI,INTERNAL MEDICINE,F,1951
23949,MI,NEUROLOGY,M,1952
23950,TN,DIAGNOSTIC RADIOLOGY,M,1948
23951,CA,BLOOD BANKING/TRANSFUSION MEDICINE,M,1947
23952,MI,INTERNAL MEDICINE,M,1958
23953,MI,DIAGNOSTIC RADIOLOGY,M,1953
23954,NY,CARDIOVASCULAR DISEASE,M,1953
23955,MD,CARDIOVASCULAR DISEASE,M,1954
23956,CA,DIAGNOSTIC RADIOLOGY,M,1944
23957,TX,FAMILY MEDICINE,F,1957
23958,OH,NEUROLOGY,M,1951
23959,MD,FAMILY MEDICINE,M,1957
23960,MD,GASTROENTEROLOGY,M,1955
23961,MD,PLASTIC SURGERY,M,1949
23962,CO,EMERGENCY MEDICINE,M,1951
23963,MA,DERMATOLOGY,M,1955
23964,MA,DIAGNOSTIC RADIOLOGY,F,1949
23965,MD,PEDIATRIC EMERGENCY MEDICINE (PEDIATRICS),F,1957
23966,CA,NEUROLOGY,M,1955
23967,MD,EMERGENCY MEDICINE,M,1954
23968,MD,INTERNAL MEDICINE,M,1953
23969,NC,GERIATRIC MEDICINE (FAMILY MEDICINE),M,1959
23970,LA,FAMILY MEDICINE,M,1957
23971,LA,INTERNAL MEDICINE,M,1945
23972,LA,DIAGNOSTIC RADIOLOGY,M,1958
23973,LA,DIAGNOSTIC RADIOLOGY,M,1949
23974,LA,FAMILY MEDICINE,M,1957
23975,VA,INTERNAL MEDICINE,M,1958
23976,PA,NUCLEAR MEDICINE,M,1947
23977,OR,HEMATOLOGY (INTERNAL MEDICINE),M,1957
23978,TN,RADIATION ONCOLOGY,M,1948
23979,NY,DIAGNOSTIC RADIOLOGY,F,1958
23980,OH,EMERGENCY MEDICINE,M,1956
23981,CA,NEUROLOGY,M,1946
23982,OH,INTERNAL MEDICINE,F,1958
23983,NC,ORTHOPEDIC SURGERY,M,1957
23984,SC,OTOLARYNGOLOGY,M,1953
23985,MD,DIAGNOSTIC RADIOLOGY,M,1951
23986,MD,INTERNAL MEDICINE,M,1949
23987,VA,INTERNAL MEDICINE,M,1955
23988,MD,EMERGENCY MEDICINE,M,1951
23989,LA,GASTROENTEROLOGY,M,1959
23990,GA,FAMILY MEDICINE,M,1958
23991,CA,ANATOMIC/CLINICAL PATHOLOGY,M,1957
23992,AZ,EMERGENCY MEDICINE,F,1953
23993,KY,DIAGNOSTIC RADIOLOGY,M,1960
23994,KY,INTERNAL MEDICINE,M,1958
23995,AZ,FAMILY MEDICINE,M,1959
23996,MD,INTERNAL MEDICINE,M,1958
23997,FL,PSYCHIATRY,M,1954
23998,LA,PHYSICAL MEDICINE & REHABILITATION,M,1954
23999,LA,EMERGENCY MEDICINE,M,1955
24000,SC,INTERNAL MEDICINE,M,1956
24001,LA,"ENDOCRINOLOGY, DIABETES & METABOLISM",M,1959
24002,LA,FAMILY MEDICINE,M,1956
24003,LA,ANESTHESIOLOGY,M,1954
24004,TN,GASTROENTEROLOGY,M,1954
24005,LA,EMERGENCY MEDICINE,F,1954
24006,CA,INTERVENTIONAL CARDIOLOGY,M,1952
24007,FL,FAMILY MEDICINE,M,1950
24008,WA,DIAGNOSTIC RADIOLOGY,M,1953
24009,AL,ANESTHESIOLOGY,M,1954
24010,TX,DIAGNOSTIC RADIOLOGY,M,1951
24011,CA,ANESTHESIOLOGY,F,1955
24012,LA,INTERNAL MEDICINE,F,1959
24013,LA,CARDIOVASCULAR DISEASE,M,1954
24014,KY,FAMILY MEDICINE,M,1949
24015,IN,FAMILY MEDICINE,M,1953
24016,OH,DIAGNOSTIC RADIOLOGY,M,1947
24017,NC,FAMILY MEDICINE,M,1961
24018,MO,FAMILY MEDICINE,M,1958
24019,IL,FAMILY MEDICINE,M,1956
24020,IL,EMERGENCY MEDICINE,M,1950
24021,IN,FAMILY MEDICINE,M,1958
24022,IN,INTERNAL MEDICINE,F,1955
24023,KY,FAMILY MEDICINE,M,1955
24024,KY,ANESTHESIOLOGY,M,1956
24025,TN,DIAGNOSTIC RADIOLOGY,M,1960
24026,SC,ANESTHESIOLOGY,M,1955
24027,TX,FAMILY MEDICINE,F,1958
24028,GA,FAMILY MEDICINE,F,1956
24029,IL,DIAGNOSTIC RADIOLOGY,M,1954
24030,IL,DIAGNOSTIC RADIOLOGY,M,1949
24031,IN,DIAGNOSTIC RADIOLOGY,M,1950
24032,IL,DIAGNOSTIC RADIOLOGY,M,1948
24033,CA,INTERNAL MEDICINE,M,1944
24034,FL,FAMILY MEDICINE,M,1946
24035,CA,DIAGNOSTIC RADIOLOGY,M,1951
24036,IN,GASTROENTEROLOGY,M,1957
24037,IN,EMERGENCY MEDICINE,M,1953
24038,IN,THORACIC SURGERY,M,1953
24039,SC,DIAGNOSTIC RADIOLOGY,M,1950
24040,SD,FAMILY MEDICINE,M,1949
24041,MD,FAMILY MEDICINE,M,1945
24042,IL,FAMILY MEDICINE,M,1956
24043,CA,ANESTHESIOLOGY,M,1951
24044,NJ,CARDIOVASCULAR DISEASE,M,1955
24045,IL,FAMILY MEDICINE,M,1958
24046,IL,CARDIOVASCULAR DISEASE,M,1959
24047,GA,INTERNAL MEDICINE,F,1959
24048,IN,FAMILY MEDICINE,M,1959
24049,IN,ANESTHESIOLOGY,M,1954
24050,IN,DIAGNOSTIC RADIOLOGY,M,1954
24051,AZ,ANESTHESIOLOGY,M,1953
24052,PA,DIAGNOSTIC RADIOLOGY,M,1954
24053,IL,DIAGNOSTIC RADIOLOGY,M,1956
24054,DC,INFECTIOUS DISEASE,M,1949
24055,CA,INTERNAL MEDICINE,M,1958
24056,MD,DIAGNOSTIC RADIOLOGY,M,1949
24057,IL,GENERAL SURGERY,M,1956
24058,WV,FAMILY MEDICINE,M,1956
24059,MI,DIAGNOSTIC RADIOLOGY,M,1950
24060,CO,INTERNAL MEDICINE,M,1957
24061,IL,CARDIOVASCULAR DISEASE,M,1956
24062,CA,ANATOMIC/CLINICAL PATHOLOGY,M,1952
24063,HI,PEDIATRICS,F,1956
24064,HI,UROLOGY,M,1953
24065,IL,FAMILY MEDICINE,M,1959
24066,FL,FAMILY MEDICINE,M,1959
24067,IL,FAMILY MEDICINE,F,1955
24068,CA,EMERGENCY MEDICINE,M,1953
24069,HI,INTERVENTIONAL CARDIOLOGY,M,1946
24070,GA,EMERGENCY MEDICINE,M,1953
24071,CA,EMERGENCY MEDICINE,M,1952
24072,IL,ANATOMIC/CLINICAL PATHOLOGY,F,1956
24073,MI,GASTROENTEROLOGY,M,1955
24074,IL,ANATOMIC/CLINICAL PATHOLOGY,M,1950
24075,CA,EMERGENCY MEDICINE,M,1956
24076,FL,INTERVENTIONAL CARDIOLOGY,M,1953
24077,GA,DIAGNOSTIC RADIOLOGY,M,1954
24078,SC,EMERGENCY MEDICINE,M,1950
24079,GA,PSYCHIATRY,M,1955
24080,HI,INTERNAL MEDICINE,M,1950
24081,VA,DIAGNOSTIC RADIOLOGY,M,1958
24082,GA,UROLOGY,M,1956
24083,FL,VASCULAR SURGERY,M,1953
24084,CA,CARDIOVASCULAR DISEASE,F,1961
24085,IL,FAMILY MEDICINE,M,1958
24086,CA,NEUROLOGICAL SURGERY,M,1954
24087,FL,RADIOLOGY,M,1951
24088,CA,DIAGNOSTIC RADIOLOGY,M,1947
24089,MI,FAMILY MEDICINE,M,1949
24090,HI,ANATOMIC/CLINICAL PATHOLOGY,M,1953
24091,HI,DIAGNOSTIC RADIOLOGY,M,1956
24092,GA,"ENDOCRINOLOGY, DIABETES & METABOLISM",M,1953
24093,MA,OTOLARYNGOLOGY,M,1956
24094,FL,DIAGNOSTIC RADIOLOGY,M,1959
24095,FL,DIAGNOSTIC RADIOLOGY,M,1956
24096,WI,PULMONARY DISEASE,F,1958
24097,FL,ANATOMIC/CLINICAL PATHOLOGY,F,1953
24098,FL,ANATOMIC/CLINICAL PATHOLOGY,M,1953
24099,FL,ANATOMIC/CLINICAL PATHOLOGY,M,1943
24100,FL,INTERNAL MEDICINE,F,1958
24101,FL,FAMILY MEDICINE,M,1952
24102,TX,DIAGNOSTIC RADIOLOGY,M,1954
24103,FL,EMERGENCY MEDICINE,M,1959
24104,FL,DIAGNOSTIC RADIOLOGY,F,1958
24105,FL,MEDICAL ONCOLOGY,M,1956
24106,FL,OPHTHALMOLOGY,M,1940
24107,SC,CARDIOVASCULAR DISEASE,M,1958
24108,OH,VASCULAR SURGERY,M,1950
24109,HI,HOSPITALIST,M,1953
24110,GA,RADIOLOGY,M,1955
24111,GA,ANESTHESIOLOGY,M,1949
24112,GA,OPHTHALMOLOGY,M,1946
24113,GA,DERMATOLOGY,M,1959
24114,FL,FAMILY MEDICINE,M,1959
24115,FL,CARDIOVASCULAR DISEASE,M,1951
24116,FL,OPHTHALMOLOGY,M,1953
24117,FL,FAMILY MEDICINE,M,1951
24118,FL,GASTROENTEROLOGY,M,1956
24119,FL,DIAGNOSTIC RADIOLOGY,M,1951
24120,CA,ANATOMIC/CLINICAL PATHOLOGY,M,1952
24121,MD,EMERGENCY MEDICINE,M,1948
24122,MA,ANATOMIC PATHOLOGY,M,1946
24123,CA,ANESTHESIOLOGY,M,1941
24124,OH,DIAGNOSTIC RADIOLOGY,M,1956
24125,AZ,MEDICAL ONCOLOGY,M,1959
24126,FL,ANATOMIC/CLINICAL PATHOLOGY,M,1946
24127,MN,DIAGNOSTIC RADIOLOGY,M,1958
24128,TN,GENERAL SURGERY,M,1955
24129,GA,DIAGNOSTIC RADIOLOGY,M,1954
24130,FL,ANATOMIC/CLINICAL PATHOLOGY,M,1954
24131,FL,DIAGNOSTIC RADIOLOGY,M,1952
24132,NY,RADIOLOGY,M,1953
24133,NJ,PEDIATRICS,M,1957
24134,VA,EMERGENCY MEDICINE,F,1951
24135,OH,EMERGENCY MEDICINE,M,1954
24136,FL,DIAGNOSTIC RADIOLOGY,M,1948
24137,MN,DIAGNOSTIC RADIOLOGY,M,1947
24138,VA,RADIOLOGY,F,1951
24139,TX,DIAGNOSTIC RADIOLOGY,M,1949
24140,FL,RADIOLOGY,M,1947
24141,MD,PEDIATRICS,F,1957
24142,MD,GASTROENTEROLOGY,M,1957
24143,FL,OPHTHALMOLOGY,M,1956
24144,FL,DIAGNOSTIC RADIOLOGY,M,1953
24145,FL,DIAGNOSTIC RADIOLOGY,M,1946
24146,MD,GENERAL PRACTICE,F,1951
24147,CA,INTERNAL MEDICINE,M,1944
24148,CT,INTERNAL MEDICINE,M,1958
24149,CT,EMERGENCY MEDICINE,F,1955
24150,NY,OTOLARYNGOLOGY,M,1958
24151,CT,CARDIOVASCULAR DISEASE,M,1955
24152,CA,DIAGNOSTIC RADIOLOGY,M,1949
24153,CO,MATERNAL & FETAL MEDICINE,M,1957
24154,CA,FAMILY MEDICINE,M,1952
24155,CA,NEPHROLOGY,M,1959
24156,CA,DIAGNOSTIC RADIOLOGY,M,1951
24157,CA,ANATOMIC/CLINICAL PATHOLOGY,M,1953
24158,CA,GENERAL PRACTICE,M,1942
24159,MA,PSYCHIATRY,M,1952
24160,FL,DIAGNOSTIC RADIOLOGY,M,1956
24161,CT,GASTROENTEROLOGY,M,1950
24162,OR,ANATOMIC/CLINICAL PATHOLOGY,F,1954
24163,CO,FAMILY MEDICINE,F,1954
24164,TX,INTERNAL MEDICINE,M,1954
24165,MA,PSYCHIATRY,F,1956
24166,CA,EMERGENCY MEDICINE,M,1958
24167,CA,DERMATOLOGY,M,1953
24168,TX,EMERGENCY MEDICINE,F,1955
24169,CA,FAMILY MEDICINE,M,1951
24170,CA,FAMILY MEDICINE,M,1952
24171,CA,OBSTETRICS & GYNECOLOGY,M,1958
24172,ID,EMERGENCY MEDICINE,M,1955
24173,CA,CARDIOVASCULAR DISEASE,F,1953
24174,AZ,DIAGNOSTIC RADIOLOGY,M,1952
24175,CA,PULMONARY DISEASE,M,1948
24176,KY,RADIOLOGY,M,1951
24177,MD,PEDIATRICS,M,1948
24178,CA,DIAGNOSTIC RADIOLOGY,M,1950
24179,CA,EMERGENCY MEDICINE,M,1948
24180,CA,EMERGENCY MEDICINE,M,1946
24181,CA,EMERGENCY MEDICINE,M,1954
24182,FL,DIAGNOSTIC RADIOLOGY,M,1957
24183,CA,EMERGENCY MEDICINE,M,1951
24184,CA,DIAGNOSTIC RADIOLOGY,M,1949
24185,CA,FAMILY MEDICINE,M,1957
24186,CA,FAMILY MEDICINE,M,1957
24187,OR,ANATOMIC/CLINICAL PATHOLOGY,M,1950
24188,CA,DIAGNOSTIC RADIOLOGY,M,1949
24189,TX,FAMILY MEDICINE,M,1952
24190,CA,MEDICAL ONCOLOGY,F,1950
24191,CA,FAMILY MEDICINE,M,1957
24192,CA,PEDIATRICS,M,1950
24193,AZ,EMERGENCY MEDICINE,M,1948
24194,NY,INTERNAL MEDICINE,M,1948
24195,CA,DIAGNOSTIC RADIOLOGY,M,1943
24196,AL,CARDIOVASCULAR DISEASE,M,1958
24197,AL,CARDIOVASCULAR DISEASE,M,1959
24198,CA,EMERGENCY MEDICINE,M,1955
24199,AZ,ANATOMIC/CLINICAL PATHOLOGY,M,1955
24200,AL,GENERAL SURGERY,M,1956
24201,TN,FAMILY MEDICINE,M,1955
24202,CA,EMERGENCY MEDICINE,M,1950
24203,CA,DERMATOLOGY,M,1956
24204,CA,ANATOMIC/CLINICAL PATHOLOGY,M,1944
24205,KS,CARDIOVASCULAR DISEASE,M,1948
24206,PA,EMERGENCY MEDICINE,M,1952
24207,FL,PLASTIC SURGERY,M,1955
24208,AR,FAMILY MEDICINE,M,1944
24209,NC,FAMILY MEDICINE,M,1960
24210,AL,DIAGNOSTIC RADIOLOGY,M,1957
24211,CA,EMERGENCY MEDICINE,M,1957
24212,VA,ALLERGY & IMMUNOLOGY,M,1954
24213,DC,ALLERGY & IMMUNOLOGY,M,1953
24214,CA,OCCUPATIONAL MEDICINE,M,1946
24215,AL,FAMILY MEDICINE,M,1943
24216,NJ,RHEUMATOLOGY,M,1955
24217,VA,ALLERGY & IMMUNOLOGY,M,1952
24218,CA,EMERGENCY MEDICINE,M,1943
24219,AR,ANESTHESIOLOGY,F,1958
24220,NY,NEPHROLOGY,M,1949
24221,CA,EMERGENCY MEDICINE,M,1958
24222,AR,FAMILY MEDICINE,M,1958
24223,CA,UROLOGY,M,1940
24224,WI,ALLERGY & IMMUNOLOGY,M,1949
24225,FL,INTERNAL MEDICINE,M,1949
24226,MI,RHEUMATOLOGY,M,1949
24227,AZ,UROLOGY,M,1949
24228,TX,FAMILY MEDICINE,M,1947
24229,MI,FAMILY MEDICINE,M,1950
24230,CA,FAMILY MEDICINE,F,1955
24231,AL,RADIOLOGY,M,1951
24232,MT,FAMILY MEDICINE,M,1956
24233,AL,DERMATOPATHOLOGY,M,1949
24234,AZ,RADIOLOGY,M,1958
24235,DC,EMERGENCY MEDICINE,M,1955
24236,AL,DIAGNOSTIC RADIOLOGY,M,1952
24237,GA,CARDIOVASCULAR DISEASE,M,1954
24238,CA,ALLERGY & IMMUNOLOGY,M,1943
24239,AZ,FAMILY MEDICINE,M,1945
24240,CO,FAMILY MEDICINE,M,1953
24241,NY,ALLERGY & IMMUNOLOGY,F,1950
24242,TX,FAMILY MEDICINE,M,1954
24243,MO,FAMILY MEDICINE,M,1951
24244,CA,FAMILY MEDICINE,M,1953
24245,OK,FAMILY MEDICINE,F,1958
24246,MO,FAMILY MEDICINE,F,1957
24247,MI,CARDIOVASCULAR DISEASE,M,1954
24248,IN,FAMILY MEDICINE,M,1960
24249,NV,FAMILY MEDICINE,F,1956
24250,MI,CARDIOVASCULAR DISEASE,F,1955
24251,MO,FAMILY MEDICINE,M,1953
24252,OK,RADIOLOGY,M,1944
24253,MI,PULMONARY DISEASE,M,1955
24254,IA,EMERGENCY MEDICINE,M,1952
24255,MI,FAMILY MEDICINE,M,1947
24256,MI,CARDIOVASCULAR DISEASE,M,1938
24257,MI,CARDIOVASCULAR DISEASE,M,1948
24258,SC,FAMILY MEDICINE,M,1935
24259,AL,FAMILY MEDICINE,M,1944
24260,FL,FAMILY MEDICINE,M,1957
24261,FL,EMERGENCY MEDICINE,M,1955
24262,FL,FAMILY MEDICINE,M,1955
24263,SC,FAMILY MEDICINE,M,1953
24264,PA,FAMILY MEDICINE,M,1948
24265,MI,FAMILY MEDICINE,M,1952
24266,IL,FAMILY MEDICINE,M,1956
24267,HI,EMERGENCY MEDICINE,M,1953
24268,FL,FAMILY MEDICINE,M,1950
24269,FL,GENERAL PRACTICE,M,1952
24270,PA,FAMILY MEDICINE,M,1952
24271,PA,PULMONARY DISEASE,M,1955
24272,NJ,EMERGENCY MEDICINE,M,1956
24273,PA,FAMILY MEDICINE,M,1942
24274,PA,GASTROENTEROLOGY,M,1950
24275,NJ,CARDIOVASCULAR DISEASE,M,1946
24276,PA,FAMILY MEDICINE,M,1954
24277,GA,FAMILY MEDICINE,M,1941
24278,OH,ANESTHESIOLOGY,M,1952
24279,MI,INTERNAL MEDICINE,M,1954
24280,MS,FAMILY MEDICINE,M,1957
24281,SC,FAMILY MEDICINE,M,1952
24282,PA,FAMILY MEDICINE,F,1957
24283,DE,CARDIOVASCULAR DISEASE,M,1954
24284,PA,INTERNAL MEDICINE,M,1950
24285,FL,DERMATOLOGY,M,1953
24286,VA,FAMILY MEDICINE,F,1960
24287,PA,FAMILY MEDICINE,M,1944
24288,FL,CARDIOVASCULAR DISEASE,M,1947
24289,FL,GERIATRIC MEDICINE (FAMILY MEDICINE),M,1955
24290,FL,FAMILY MEDICINE,M,1950
24291,MO,RADIOLOGY,M,1951
24292,WV,DERMATOLOGY,M,1951
24293,PA,INTERNAL MEDICINE,M,1954
24294,NJ,OTOLARYNGOLOGY,M,1955
24295,NJ,FAMILY MEDICINE,M,1954
24296,HI,PEDIATRICS,M,1945
24297,PA,FAMILY MEDICINE,M,1942
24298,NJ,OTOLARYNGOLOGY,M,1954
24299,NJ,DERMATOLOGY,M,1948
24300,NY,NUCLEAR MEDICINE,M,1948
24301,CA,DERMATOLOGY,M,1942
24302,OR,NEUROLOGY,M,1946
24303,CA,NEPHROLOGY,M,1955
24304,FL,PSYCHIATRY,F,1945
24305,CA,OTOLARYNGOLOGY,M,1942
24306,TX,PEDIATRICS,M,1938
24307,TX,PEDIATRICS,M,1942
24308,NM,OBSTETRICS & GYNECOLOGY,F,1955
24309,TX,PSYCHIATRY,M,1951
24310,TX,PEDIATRICS,M,1944
24311,LA,OTOLARYNGOLOGY,M,1956
24312,TX,UROLOGY,M,1944
24313,NM,FAMILY MEDICINE,M,1952
24314,ID,ORTHOPEDIC SURGERY,M,1943
24315,AR,FAMILY MEDICINE,M,1949
24316,MO,GASTROENTEROLOGY,M,1950
24317,WI,FAMILY MEDICINE,M,1953
24318,GA,PEDIATRICS,F,1952
24319,AR,FAMILY MEDICINE,M,1953
24320,MI,INTERVENTIONAL CARDIOLOGY,M,1937
24321,IN,FAMILY MEDICINE,M,1956
24322,OH,CARDIOVASCULAR DISEASE,M,1945
24323,MI,FAMILY MEDICINE,M,1947
24324,MI,OTOLARYNGOLOGY,M,1956
24325,FL,CARDIOVASCULAR DISEASE,M,1942
24326,FL,OPHTHALMOLOGY,M,1954
24327,FL,CARDIOVASCULAR DISEASE,M,1935
24328,TN,OTOLARYNGOLOGY,M,1954
24329,AL,OBSTETRICS & GYNECOLOGY,M,1944
24330,FL,CARDIOVASCULAR DISEASE,M,1943
24331,GA,FAMILY MEDICINE,M,1955
24332,SC,FAMILY MEDICINE,M,1956
24333,GA,ANESTHESIOLOGY,M,1947
24334,NC,FAMILY MEDICINE,M,1948
24335,GA,NEPHROLOGY,M,1937
24336,TN,DERMATOLOGY,M,1954
24337,VA,PEDIATRICS,M,1941
24338,MD,EMERGENCY MEDICINE,M,1947
24339,MD,CARDIOVASCULAR DISEASE,M,1938
24340,VA,CARDIOVASCULAR DISEASE,M,1936
24341,VA,FAMILY MEDICINE,M,1951
24342,DE,PEDIATRICS,M,1945
24343,NY,UROLOGY,M,1940
24344,NY,RHEUMATOLOGY,M,1944
24345,PA,CONGENITAL CARDIAC SURGERY (THORACIC SURGERY),M,1956
24346,NY,EMERGENCY MEDICINE,M,1941
24347,NY,"ENDOCRINOLOGY, DIABETES & METABOLISM",M,1944
24348,NY,CARDIOVASCULAR DISEASE,M,1951
24349,CT,NEUROLOGY,M,1950
24350,OH,CARDIOVASCULAR DISEASE,M,1945
24351,VA,FAMILY MEDICINE,M,1956
24352,TX,GASTROENTEROLOGY,M,1952
24353,CA,INTERNAL MEDICINE,M,1948
24354,CA,PEDIATRICS,M,1957
24355,IN,FAMILY MEDICINE,F,1951
24356,OR,UROLOGY,M,1954
24357,CA,OBSTETRICS & GYNECOLOGY,M,1952
24358,CA,DERMATOLOGY,M,1951
24359,CA,CARDIOVASCULAR DISEASE,M,1951
24360,MO,ORTHOPEDIC SURGERY,M,1953
24361,CA,PEDIATRICS,F,1952
24362,CA,DERMATOLOGY,M,1955
24363,CA,UROLOGY,M,1951
24364,CA,FAMILY MEDICINE,M,1946
24365,CA,INTERNAL MEDICINE,F,1950
24366,WA,DIAGNOSTIC RADIOLOGY,M,1958
24367,OR,OBSTETRICS & GYNECOLOGY,M,1955
24368,OR,PEDIATRICS,M,1954
24369,CA,DERMATOLOGY,F,1949
24370,CA,PSYCHIATRY,M,1950
24371,CA,PEDIATRICS,M,1952
24372,CA,UROLOGY,M,1954
24373,CA,OBSTETRICS & GYNECOLOGY,M,1947
24374,CA,CARDIOVASCULAR DISEASE,M,1953
24375,CA,CARDIOVASCULAR DISEASE,M,1952
24376,CO,INTERNAL MEDICINE,M,1953
24377,WI,DIAGNOSTIC RADIOLOGY,F,1957
24378,AZ,OBSTETRICS & GYNECOLOGY,F,1952
24379,TX,INTERNAL MEDICINE,M,1951
24380,CA,UROLOGY,M,1948
24381,CA,ORTHOPEDIC SURGERY,M,1952
24382,CA,OBSTETRICS & GYNECOLOGY,M,1956
24383,CA,CARDIOVASCULAR DISEASE,M,1953
24384,CA,INTERVENTIONAL CARDIOLOGY,M,1956
24385,CA,DERMATOLOGY,F,1949
24386,FL,CARDIOVASCULAR DISEASE,M,1955
24387,CA,INTERNAL MEDICINE,M,1948
24388,CA,CARDIOVASCULAR DISEASE,M,1948
24389,TX,GASTROENTEROLOGY,M,1952
24390,TX,INTERNAL MEDICINE,F,1954
24391,TX,CARDIOVASCULAR DISEASE,M,1953
24392,LA,INTERNAL MEDICINE,M,1952
24393,CO,EMERGENCY MEDICINE,M,1947
24394,LA,OBSTETRICS & GYNECOLOGY,M,1955
24395,IA,CARDIOVASCULAR DISEASE,M,1954
24396,CO,DERMATOLOGY,M,1950
24397,TX,CARDIOVASCULAR DISEASE,M,1952
24398,MA,INTERNAL MEDICINE,M,1955
24399,CA,CARDIOVASCULAR DISEASE,M,1954
24400,CA,PSYCHIATRY,M,1946
24401,AZ,PEDIATRICS,M,1958
24402,AZ,CARDIOVASCULAR DISEASE,M,1949
24403,WA,INTERNAL MEDICINE,M,1953
24404,CO,RHEUMATOLOGY,F,1951
24405,TX,PEDIATRIC EMERGENCY MEDICINE (PEDIATRICS),M,1956
24406,TX,EMERGENCY MEDICINE,F,1947
24407,TX,INTERNAL MEDICINE,M,1956
24408,MO,EMERGENCY MEDICINE,M,1946
24409,TX,INTERNAL MEDICINE,M,1948
24410,SD,FAMILY MEDICINE,M,1955
24411,IL,PSYCHIATRY,F,1954
24412,IL,INTERNAL MEDICINE,M,1954
24413,IL,CARDIOVASCULAR DISEASE,M,1952
24414,AR,FAMILY MEDICINE,M,1951
24415,IL,DIAGNOSTIC RADIOLOGY,M,1954
24416,TX,CARDIOVASCULAR DISEASE,M,1950
24417,IA,EMERGENCY MEDICINE,M,1957
24418,OK,FAMILY MEDICINE,M,1957
24419,CA,CARDIOVASCULAR DISEASE,F,1947
24420,LA,PSYCHIATRY,M,1947
24421,LA,GASTROENTEROLOGY,M,1951
24422,LA,PEDIATRICS,M,1952
24423,MN,INTERNAL MEDICINE,M,1956
24424,IL,INTERNAL MEDICINE,M,1956
24425,IL,CARDIOVASCULAR DISEASE,M,1956
24426,IL,CARDIOVASCULAR DISEASE,M,1955
24427,IL,INTERNAL MEDICINE,M,1949
24428,IL,CARDIOVASCULAR DISEASE,M,1948
24429,WI,INTERNAL MEDICINE,M,1947
24430,IA,EMERGENCY MEDICINE,M,1953
24431,MI,CARDIOVASCULAR DISEASE,M,1951
24432,OH,OBSTETRICS & GYNECOLOGY,M,1948
24433,IA,INTERNAL MEDICINE,F,1956
24434,MI,CARDIOVASCULAR DISEASE,M,1951
24435,UT,PEDIATRICS,F,1953
24436,IN,CARDIOVASCULAR DISEASE,M,1952
24437,OH,INTERNAL MEDICINE,M,1955
24438,IL,INTERNAL MEDICINE,M,1948
24439,IL,INTERNAL MEDICINE,M,1951
24440,MN,INTERNAL MEDICINE,M,1947
24441,TX,PEDIATRICS,M,1957
24442,IL,CARDIOVASCULAR DISEASE,M,1952
24443,MN,INTERNAL MEDICINE,M,1950
24444,MI,DERMATOLOGY,M,1954
24445,IN,FAMILY MEDICINE,F,1948
24446,FL,CARDIOVASCULAR DISEASE,M,1951
24447,OH,CARDIOVASCULAR DISEASE,M,1951
24448,OH,INTERNAL MEDICINE,M,1948
24449,OH,DERMATOLOGY,F,1953
24450,OH,INTERNAL MEDICINE,M,1950
24451,MI,DERMATOLOGY,M,1952
24452,OH,HOSPITALIST,M,1951
24453,OH,PSYCHIATRY,F,1947
24454,KY,CARDIOVASCULAR DISEASE,M,1953
24455,FL,INTERNAL MEDICINE,M,1949
24456,TN,PEDIATRICS,M,1957
24457,FL,ORTHOPEDIC SURGERY,M,1954
24458,FL,CARDIOVASCULAR DISEASE,M,1948
24459,TX,CARDIOVASCULAR DISEASE,M,1956
24460,KY,ALLERGY & IMMUNOLOGY,M,1947
24461,TN,OBSTETRICS & GYNECOLOGY,M,1949
24462,TN,CARDIOVASCULAR DISEASE,M,1954
24463,TN,INTERNAL MEDICINE,M,1948
24464,VA,PEDIATRICS,M,1956
24465,TN,INTERNAL MEDICINE,M,1948
24466,CA,DERMATOLOGY,F,1949
24467,FL,DERMATOLOGY,M,1947
24468,FL,CARDIOVASCULAR DISEASE,M,1950
24469,WI,PSYCHIATRY,M,1955
24470,MI,DERMATOLOGY,M,1949
24471,OH,PEDIATRICS,F,1951
24472,IL,PEDIATRICS,M,1955
24473,MI,INTERNAL MEDICINE,M,1952
24474,MI,UROLOGY,M,1948
24475,MI,CARDIOVASCULAR DISEASE,M,1950
24476,OH,INTERNAL MEDICINE,M,1948
24477,OH,CARDIOVASCULAR DISEASE,M,1949
24478,IN,FAMILY MEDICINE,M,1952
24479,TN,GENERAL PRACTICE,M,1949
24480,NC,EMERGENCY MEDICINE,M,1956
24481,AL,INTERVENTIONAL CARDIOLOGY,M,1954
24482,FL,INTERNAL MEDICINE,M,1946
24483,FL,CARDIOVASCULAR DISEASE,M,1951
24484,FL,PEDIATRICS,M,1960
24485,FL,DERMATOLOGY,F,1953
24486,TN,INTERNAL MEDICINE,M,1955
24487,FL,CARDIOVASCULAR DISEASE,M,1950
24488,FL,CARDIOVASCULAR DISEASE,M,1952
24489,AL,DERMATOLOGY,F,1948
24490,NC,GASTROENTEROLOGY,M,1950
24491,FL,GASTROENTEROLOGY,M,1952
24492,FL,CARDIOVASCULAR DISEASE,M,1949
24493,GA,GYNECOLOGY,M,1946
24494,GA,ALLERGY & IMMUNOLOGY,F,1954
24495,TN,INTERNAL MEDICINE,M,1952
24496,KY,INTERNAL MEDICINE,M,1956
24497,KY,PEDIATRICS,F,1956
24498,AL,GASTROENTEROLOGY,M,1955
24499,FL,INTERNAL MEDICINE,M,1949
24500,FL,INTERNAL MEDICINE,M,1952
24501,FL,PSYCHIATRY,M,1949
24502,FL,CARDIOVASCULAR DISEASE,M,1955
24503,FL,PEDIATRICS,M,1950
24504,FL,PEDIATRICS,M,1956
24505,NC,INTERNAL MEDICINE,M,1951
24506,GA,CARDIOVASCULAR DISEASE,M,1955
24507,MD,DERMATOLOGY,M,1953
24508,SC,CARDIOVASCULAR DISEASE,M,1955
24509,DE,HAND SURGERY,M,1955
24510,KY,PSYCHIATRY,M,1950
24511,GA,CARDIOVASCULAR DISEASE,M,1956
24512,MD,DERMATOLOGY,M,1951
24513,MD,DERMATOLOGY,F,1950
24514,FL,INTERNAL MEDICINE,F,1946
24515,GA,INTERNAL MEDICINE,F,1951
24516,GA,CARDIOVASCULAR DISEASE,M,1953
24517,FL,CARDIOVASCULAR DISEASE,M,1951
24518,FL,PEDIATRICS,M,1959
24519,FL,CARDIOVASCULAR DISEASE,M,1955
24520,SC,UROLOGY,M,1948
24521,NC,CARDIOVASCULAR DISEASE,M,1952
24522,NC,DERMATOLOGY,M,1950
24523,FL,CARDIOVASCULAR DISEASE,M,1952
24524,FL,GYNECOLOGY,M,1952
24525,VA,CARDIOVASCULAR DISEASE,M,1946
24526,VA,PEDIATRICS,M,1952
24527,PA,UROLOGY,M,1955
24528,PA,CARDIOVASCULAR DISEASE,M,1953
24529,PA,CARDIOVASCULAR DISEASE,M,1955
24530,PA,UROLOGY,M,1949
24531,PA,FAMILY MEDICINE,M,1958
24532,NY,PEDIATRICS,M,1953
24533,PA,INTERVENTIONAL CARDIOLOGY,M,1954
24534,NY,GYNECOLOGY,F,1954
24535,NY,ORTHOPEDIC SURGERY,M,1954
24536,NY,DERMATOLOGY,M,1953
24537,PA,CARDIOVASCULAR DISEASE,M,1952
24538,NY,CARDIOVASCULAR DISEASE,M,1952
24539,NJ,CARDIOVASCULAR DISEASE,M,1955
24540,NY,CARDIOVASCULAR DISEASE,M,1949
24541,VA,CARDIOVASCULAR DISEASE,M,1953
24542,VA,PEDIATRICS,M,1950
24543,PA,CARDIOVASCULAR DISEASE,M,1951
24544,VA,CARDIOVASCULAR DISEASE,M,1952
24545,VA,CARDIOVASCULAR DISEASE,M,1950
24546,VA,PEDIATRICS,F,1953
24547,DC,DERMATOLOGY,M,1951
24548,DE,CARDIOVASCULAR DISEASE,M,1947
24549,FL,INTERNAL MEDICINE,M,1949
24550,NY,INTERNAL MEDICINE,M,1955
24551,NY,DERMATOLOGY,M,1953
24552,NY,OBSTETRICS & GYNECOLOGY,F,1957
24553,NY,CARDIOVASCULAR DISEASE,M,1955
24554,NY,INTERNAL MEDICINE,M,1950
24555,NY,PEDIATRICS,F,1956
24556,NY,DERMATOLOGY,F,1956
24557,NJ,CARDIOVASCULAR DISEASE,M,1956
24558,NY,DERMATOLOGY,M,1955
24559,NY,DERMATOLOGY,F,1954
24560,NJ,PEDIATRICS,M,1957
24561,NJ,CARDIOVASCULAR DISEASE,M,1956
24562,NJ,PEDIATRICS,M,1954
24563,NJ,OBSTETRICS & GYNECOLOGY,M,1953
24564,NJ,EMERGENCY MEDICINE,M,1960
24565,RI,INTERNAL MEDICINE,M,1947
24566,NY,CARDIOVASCULAR DISEASE,M,1954
24567,NY,CARDIOVASCULAR DISEASE,M,1951
24568,NY,UROLOGY,M,1950
24569,MD,CARDIOVASCULAR DISEASE,M,1955
24570,CT,ORTHOPEDIC SURGERY,M,1953
24571,NH,PEDIATRICS,F,1957
24572,MA,INTERNAL MEDICINE,M,1952
24573,CT,CARDIOVASCULAR DISEASE,M,1952
24574,CT,INTERNAL MEDICINE,M,1949
24575,RI,INTERNAL MEDICINE,M,1955
24576,WA,FAMILY MEDICINE,M,1953
24577,WA,PEDIATRIC OTOLARYNGOLOGY,M,1941
24578,OR,FAMILY MEDICINE,M,1953
24579,OR,CARDIOVASCULAR DISEASE,M,1943
24580,CA,CARDIOVASCULAR DISEASE,M,1946
24581,NY,DERMATOLOGY,M,1951
24582,NY,DERMATOLOGY,M,1952
24583,NY,HEMATOLOGY/ONCOLOGY,F,1953
24584,GA,INTERNAL MEDICINE,F,1960
24585,NJ,PULMONARY DISEASE,M,1955
24586,NJ,INTERNAL MEDICINE,M,1957
24587,NJ,HEMATOLOGY/ONCOLOGY,M,1953
24588,MA,INFECTIOUS DISEASE,M,1954
24589,CA,GENERAL SURGERY,M,1949
24590,CA,FAMILY MEDICINE,M,1956
24591,CA,FAMILY MEDICINE,F,1941
24592,CA,EMERGENCY MEDICINE,M,1949
24593,NV,CARDIOVASCULAR DISEASE,M,1955
24594,CA,FAMILY MEDICINE,M,1957
24595,CA,FAMILY MEDICINE,M,1956
24596,CA,FAMILY MEDICINE,M,1958
24597,CA,FAMILY MEDICINE,M,1946
24598,CA,FAMILY MEDICINE,M,1953
24599,CA,CARDIOVASCULAR DISEASE,M,1944
24600,CA,OTOLARYNGOLOGY,M,1954
24601,CA,FAMILY MEDICINE,M,1944
24602,CA,INTERNAL MEDICINE,M,1948
24603,CA,CARDIOVASCULAR DISEASE,M,1949
24604,CA,INTERNAL MEDICINE,M,1954
24605,CA,INTERNAL MEDICINE,M,1947
24606,CA,INTERNAL MEDICINE,M,1951
24607,CA,OTOLARYNGOLOGY,M,1943
24608,CA,INTERNAL MEDICINE,M,1956
24609,CA,GENERAL PRACTICE,F,1939
24610,CA,OTOLARYNGOLOGY,M,1951
24611,CA,FAMILY MEDICINE,M,1955
24612,CA,CARDIOVASCULAR DISEASE,M,1950
24613,CA,FAMILY MEDICINE,M,1942
24614,CA,FAMILY MEDICINE,F,1957
24615,FL,INTERNAL MEDICINE,M,1943
24616,CO,FAMILY MEDICINE,M,1949
24617,CO,FAMILY MEDICINE,M,1957
24618,TX,ALLERGY & IMMUNOLOGY,M,1945
24619,CO,FAMILY MEDICINE,M,1957
24620,CO,FAMILY MEDICINE,M,1953
24621,TX,FAMILY MEDICINE,M,1945
24622,TX,OBSTETRICS,F,1957
24623,OK,PULMONARY DISEASE,F,1954
24624,CA,CRITICAL CARE MEDICINE (INTERNAL MEDICINE),M,1953
24625,CA,GERIATRIC MEDICINE (INTERNAL MEDICINE),F,1947
24626,CA,FAMILY MEDICINE,M,1941
24627,TX,FAMILY MEDICINE,M,1944
24628,TX,FAMILY MEDICINE,M,1954
24629,TX,FAMILY MEDICINE,M,1954
24630,AR,FAMILY MEDICINE,M,1955
24631,TX,FAMILY MEDICINE,M,1954
24632,TX,PSYCHIATRY,M,1957
24633,TX,FAMILY MEDICINE,M,1953
24634,TX,FAMILY MEDICINE,M,1946
24635,UT,INTERNAL MEDICINE,M,1949
24636,TX,NEUROLOGICAL SURGERY,M,1952
24637,KS,OPHTHALMOLOGY,M,1952
24638,MO,FAMILY MEDICINE,M,1956
24639,KS,PULMONARY DISEASE,M,1953
24640,MO,FAMILY MEDICINE,M,1937
24641,TX,CARDIOVASCULAR DISEASE,M,1944
24642,CA,EMERGENCY MEDICINE,M,1955
24643,IL,CARDIOVASCULAR DISEASE,M,1939
24644,AR,FAMILY MEDICINE,M,1952
24645,LA,GENERAL SURGERY,M,1942
24646,LA,CARDIOVASCULAR DISEASE,M,1947
24647,TX,GASTROENTEROLOGY,F,1957
24648,PA,EMERGENCY MEDICINE,F,1956
24649,LA,FAMILY MEDICINE,M,1949
24650,LA,OTOLARYNGOLOGY,M,1953
24651,KS,FAMILY MEDICINE,M,1956
24652,MO,FAMILY MEDICINE,M,1951
24653,IL,FAMILY MEDICINE,M,1953
24654,IL,INTERNAL MEDICINE,M,1949
24655,AZ,INTERNAL MEDICINE,M,1948
24656,IL,NEPHROLOGY,M,1945
24657,MN,FAMILY MEDICINE,M,1955
24658,IL,GASTROENTEROLOGY,M,1954
24659,MT,FAMILY MEDICINE,M,1953
24660,MN,INTERNAL MEDICINE,M,1952
24661,IL,OBSTETRICS & GYNECOLOGY,M,1933
24662,MI,FAMILY MEDICINE,M,1956
24663,MI,FAMILY MEDICINE,M,1954
24664,MN,FAMILY MEDICINE,M,1952
24665,AK,FAMILY MEDICINE,F,1955
24666,MN,FAMILY MEDICINE,M,1955
24667,MI,CARDIOVASCULAR DISEASE,M,1954
24668,MI,GASTROENTEROLOGY,M,1946
24669,MI,FAMILY MEDICINE,M,1955
24670,IN,DERMATOLOGY,F,1953
24671,MI,INTERNAL MEDICINE,M,1954
24672,IN,GENERAL SURGERY,M,1949
24673,MI,FAMILY MEDICINE,M,1957
24674,AZ,GENERAL SURGERY,M,1946
24675,IN,INTERNAL MEDICINE,M,1947
24676,MI,FAMILY MEDICINE,M,1956
24677,IN,FAMILY MEDICINE,M,1953
24678,FL,PLASTIC SURGERY,M,1952
24679,TN,FAMILY MEDICINE,M,1956
24680,OH,FAMILY MEDICINE,M,1949
24681,KY,FAMILY MEDICINE,M,1949
24682,OH,HAND SURGERY,M,1954
24683,OH,EMERGENCY MEDICINE,M,1951
24684,IN,OBSTETRICS & GYNECOLOGY,M,1943
24685,OH,FAMILY MEDICINE,M,1950
24686,MS,FAMILY MEDICINE,M,1952
24687,AL,SLEEP MEDICINE,M,1942
24688,OH,FAMILY MEDICINE,M,1957
24689,KY,FAMILY MEDICINE,M,1929
24690,TN,INTERNAL MEDICINE,M,1930
24691,FL,FAMILY MEDICINE,M,1954
24692,FL,HEMATOLOGY/ONCOLOGY,M,1945
24693,FL,OTOLARYNGOLOGY,M,1953
24694,GA,EMERGENCY MEDICINE,F,1952
24695,FL,PULMONARY DISEASE,M,1953
24696,FL,GENERAL SURGERY,M,1956
24697,GA,GASTROENTEROLOGY,M,1951
24698,LA,FAMILY MEDICINE,M,1950
24699,GA,DERMATOLOGY,M,1945
24700,FL,FAMILY MEDICINE,F,1948
24701,FL,CARDIOVASCULAR DISEASE,M,1951
24702,GA,INTERNAL MEDICINE,M,1951
24703,FL,FAMILY MEDICINE,M,1949
24704,FL,CARDIOVASCULAR DISEASE,M,1941
24705,FL,GASTROENTEROLOGY,M,1947
24706,FL,FAMILY MEDICINE,M,1956
24707,FL,FAMILY MEDICINE,M,1952
24708,FL,FAMILY MEDICINE,F,1951
24709,GA,GENERAL PRACTICE,F,1941
24710,SC,FAMILY MEDICINE,M,1955
24711,SC,FAMILY MEDICINE,M,1948
24712,GA,INTERNAL MEDICINE,M,1954
24713,SC,FAMILY MEDICINE,M,1952
24714,GA,HEMATOLOGY/ONCOLOGY,M,1951
24715,SC,NEUROLOGY,M,1940
24716,GA,FAMILY MEDICINE,F,1952
24717,GA,EMERGENCY MEDICINE,M,1953
24718,MD,CARDIOVASCULAR DISEASE,M,1942
24719,VA,PULMONARY DISEASE,M,1955
24720,MD,FAMILY MEDICINE,M,1958
24721,MD,FAMILY MEDICINE,M,1950
24722,DC,HEMATOLOGY/ONCOLOGY,M,1952
24723,MD,FAMILY MEDICINE,F,1957
24724,VA,OBSTETRICS & GYNECOLOGY,M,1938
24725,SC,FAMILY MEDICINE,M,1956
24726,SC,FAMILY MEDICINE,M,1949
24727,VA,FAMILY MEDICINE,M,1950
24728,NC,FAMILY MEDICINE,M,1940
24729,MD,PULMONARY DISEASE,M,1949
24730,MD,INTERNAL MEDICINE,M,1942
24731,DE,FAMILY MEDICINE,M,1954
24732,PA,FAMILY MEDICINE,M,1953
24733,PA,INTERNAL MEDICINE,F,1952
24734,PA,GENERAL SURGERY,M,1954
24735,PA,INTERNAL MEDICINE,M,1957
24736,PA,INTERNAL MEDICINE,M,1951
24737,MD,FAMILY MEDICINE,M,1956
24738,MD,FAMILY MEDICINE,M,1957
24739,PA,INTERNAL MEDICINE,M,1947
24740,MD,FAMILY MEDICINE,M,1955
24741,MD,OBSTETRICS & GYNECOLOGY,M,1950
24742,PA,FAMILY MEDICINE,M,1954
24743,PA,FAMILY MEDICINE,M,1956
24744,PA,FAMILY MEDICINE,M,1954
24745,FL,OPHTHALMOLOGY,M,1947
24746,NY,FAMILY MEDICINE,M,1953
24747,NY,FAMILY MEDICINE,M,1949
24748,NY,CARDIOVASCULAR DISEASE,M,1953
24749,PA,FAMILY MEDICINE,M,1956
24750,PA,"ENDOCRINOLOGY, DIABETES & METABOLISM",M,1953
24751,PA,INTERNAL MEDICINE,M,1954
24752,FL,MEDICAL ONCOLOGY,M,1954
24753,NY,INFECTIOUS DISEASE,F,1950
24754,NY,GASTROENTEROLOGY,M,1951
24755,NY,GASTROENTEROLOGY,M,1954
24756,NY,INTERNAL MEDICINE,M,1948
24757,NJ,INTERNAL MEDICINE,M,1954
24758,NY,FAMILY MEDICINE,M,1957
24759,NJ,FAMILY MEDICINE,M,1956
24760,NY,SPORTS MEDICINE (FAMILY MEDICINE),M,1956
24761,NJ,NEUROLOGY,M,1953
24762,NY,HEMATOLOGY (INTERNAL MEDICINE),M,1947
24763,CT,FAMILY MEDICINE,M,1957
24764,NY,INTERNAL MEDICINE,M,1955
24765,NY,INTERNAL MEDICINE,F,1951
24766,NY,INTERNAL MEDICINE,M,1951
24767,NY,INTERNAL MEDICINE,M,1951
24768,RI,INTERNAL MEDICINE,M,1952
24769,NJ,NEUROLOGY,M,1956
24770,TN,FAMILY MEDICINE,M,1950
24771,HI,OPHTHALMOLOGY,M,1955
24772,CA,INTERNAL MEDICINE,M,1941
24773,NJ,FAMILY MEDICINE,F,1939
24774,RI,DIAGNOSTIC RADIOLOGY,M,1955
24775,NY,GASTROENTEROLOGY,M,1947
24776,NY,GERIATRIC MEDICINE (INTERNAL MEDICINE),M,1954
24777,NY,INTERNAL MEDICINE,M,1949
24778,FL,GASTROENTEROLOGY,M,1951
24779,FL,PEDIATRICS,M,1947
24780,FL,DERMATOLOGY,M,1945
24781,WI,INTERNAL MEDICINE,M,1939
24782,IL,FAMILY MEDICINE,M,1952
24783,NJ,PEDIATRICS,F,1947
24784,ME,GENERAL SURGERY,M,1946
24785,TX,NEUROLOGY,M,1937
24786,KY,INTERNAL MEDICINE,F,1945
24787,TX,INTERNAL MEDICINE,M,1943
24788,FL,INTERNAL MEDICINE,M,1945
24789,KY,CARDIOVASCULAR DISEASE,M,1950
24790,NJ,INTERNAL MEDICINE,M,1949
24791,NJ,CARDIOVASCULAR DISEASE,M,1948
24792,AL,FAMILY MEDICINE,M,1951
24793,NJ,INTERNAL MEDICINE,M,1948
24794,NV,INTERNAL MEDICINE,M,1946
24795,NJ,GENERAL SURGERY,M,1949
24796,NJ,OPHTHALMOLOGY,M,1950
24797,CA,CARDIOVASCULAR DISEASE,M,1944
24798,TX,CARDIOVASCULAR DISEASE,M,1947
24799,CA,RADIOLOGY,M,1947
24800,TN,CARDIOVASCULAR DISEASE,M,1946
24801,CT,GASTROENTEROLOGY,M,1941
24802,CA,CARDIOVASCULAR DISEASE,M,1950
24803,NJ,GENERAL PRACTICE,M,1932
24804,NY,FAMILY MEDICINE,M,1952
24805,TX,CARDIOVASCULAR DISEASE,M,1954
24806,CT,NEUROLOGY,M,1952
24807,NY,PULMONARY DISEASE,M,1948
24808,CA,FAMILY MEDICINE,M,1949
24809,OH,GENERAL PRACTICE,F,1943
24810,CT,PEDIATRICS,M,1949
24811,CA,THORACIC SURGERY,M,1936
24812,MA,GASTROENTEROLOGY,M,1948
24813,NV,PEDIATRICS,F,1956
24814,NY,MATERNAL & FETAL MEDICINE,F,1945
24815,VA,PULMONARY DISEASE,M,1947
24816,CA,UROLOGY,M,1949
24817,CA,PULMONARY DISEASE,M,1945
24818,AZ,PSYCHIATRY,M,1943
24819,CA,INTERNAL MEDICINE,M,1948
24820,NJ,PULMONARY DISEASE,M,1941
24821,LA,PSYCHIATRY,M,1940
24822,CA,UROLOGY,M,1949
24823,MI,OBSTETRICS & GYNECOLOGY,M,1947
24824,NY,INTERNAL MEDICINE,M,1943
24825,TX,PULMONARY DISEASE,M,1947
24826,NY,CARDIOVASCULAR DISEASE,M,1944
24827,NJ,CARDIOVASCULAR DISEASE,M,1955
24828,NY,CARDIOVASCULAR DISEASE,M,1939
24829,NY,"ENDOCRINOLOGY, DIABETES & METABOLISM",M,1941
24830,CA,GASTROENTEROLOGY,M,1950
24831,MI,FAMILY MEDICINE,M,1945
24832,CA,EMERGENCY MEDICINE,M,1949
24833,FL,INTERNAL MEDICINE,M,1947
24834,TX,CARDIOVASCULAR DISEASE,F,1947
24835,NY,INTERNAL MEDICINE,M,1955
24836,TX,INTERNAL MEDICINE,M,1947
24837,GA,INTERNAL MEDICINE,M,1947
24838,NY,GENERAL PRACTICE,M,1941
24839,TX,PULMONARY CRITICAL CARE MEDICINE,M,1942
24840,KY,CARDIOVASCULAR DISEASE,M,1950
24841,MA,NEUROLOGY,M,1954
24842,TX,UROLOGY,M,1945
24843,AZ,CARDIOVASCULAR DISEASE,M,1941
24844,TX,CARDIOVASCULAR DISEASE,M,1948
24845,FL,CARDIOVASCULAR DISEASE,M,1947
24846,FL,PSYCHIATRY,M,1948
24847,TX,PEDIATRICS,M,1944
24848,NY,CARDIOVASCULAR DISEASE,M,1947
24849,PA,INTERNAL MEDICINE,M,1953
24850,LA,RHEUMATOLOGY,M,1941
24851,CA,GASTROENTEROLOGY,M,1953
24852,IN,ALLERGY,F,1948
24853,NJ,INTERNAL MEDICINE,M,1940
24854,TN,CARDIOVASCULAR DISEASE,M,1950
24855,PA,PSYCHIATRY,M,1944
24856,FL,INTERNAL MEDICINE,M,1937
24857,PA,INTERNAL MEDICINE,M,1945
24858,FL,DERMATOLOGY,M,1934
24859,NY,INTERNAL MEDICINE,M,1945
24860,CA,REPRODUCTIVE ENDOCRINOLOGY & INFERTILITY,M,1943
24861,CT,PULMONARY DISEASE,M,1944
24862,MD,PEDIATRICS,M,1955
24863,IA,CARDIOVASCULAR DISEASE,M,1948
24864,FL,DERMATOLOGY,M,1954
24865,WV,FAMILY MEDICINE,M,1949
24866,AL,OTOLARYNGOLOGY,M,1949
24867,ID,EMERGENCY MEDICINE,F,1953
24868,CO,CARDIOVASCULAR DISEASE,M,1948
24869,VA,PEDIATRICS,M,1949
24870,VA,FAMILY MEDICINE,M,1951
24871,TX,INTERNAL MEDICINE,M,1954
24872,MA,CARDIOVASCULAR DISEASE,M,1937
24873,WV,DERMATOLOGY,M,1949
24874,NV,CARDIOVASCULAR DISEASE,M,1947
24875,FL,GYNECOLOGICAL ONCOLOGY,M,1948
24876,TX,FAMILY MEDICINE,M,1952
24877,MD,GASTROENTEROLOGY,M,1948
24878,AZ,GENERAL SURGERY,M,1950
24879,TX,EMERGENCY MEDICINE,M,1953
24880,TX,FAMILY MEDICINE,M,1955
24881,CA,EMERGENCY MEDICINE,M,1947
24882,LA,INTERNAL MEDICINE,F,1946
24883,TN,DERMATOLOGY,M,1945
24884,DC,PSYCHIATRY,M,1949
24885,OR,DERMATOLOGY,M,1942
24886,TN,ALLERGY & IMMUNOLOGY,M,1953
24887,TX,FAMILY MEDICINE,M,1951
24888,KY,CARDIOVASCULAR DISEASE,M,1944
24889,CA,CARDIOVASCULAR DISEASE,M,1952
24890,SC,ALLERGY & IMMUNOLOGY,M,1947
24891,SD,OCCUPATIONAL MEDICINE,M,1953
24892,SC,CARDIOVASCULAR DISEASE,M,1951
24893,WA,CARDIOVASCULAR DISEASE,M,1957
24894,FL,PULMONARY DISEASE,M,1948
24895,FL,CARDIOVASCULAR DISEASE,M,1950
24896,TN,CARDIOVASCULAR DISEASE,M,1939
24897,MD,FAMILY MEDICINE,M,1947
24898,MD,FAMILY MEDICINE,M,1936
24899,GA,OBSTETRICS & GYNECOLOGY,M,1954
24900,SC,FAMILY MEDICINE,M,1946
24901,OH,DERMATOLOGY,M,1945
24902,NY,"ENDOCRINOLOGY, DIABETES & METABOLISM",M,1947
24903,FL,GASTROENTEROLOGY,M,1951
24904,NJ,PEDIATRIC ALLERGY,F,1947
24905,WA,CARDIOVASCULAR DISEASE,M,1950
24906,PA,GASTROENTEROLOGY,M,1944
24907,PA,INTERNAL MEDICINE,M,1939
24908,MA,PSYCHIATRY,M,1951
24909,PA,PULMONARY DISEASE,M,1947
24910,NJ,CARDIOVASCULAR DISEASE,M,1954
24911,NJ,UROLOGY,M,1943
24912,CT,GASTROENTEROLOGY,M,1955
24913,NC,FAMILY MEDICINE,M,1956
24914,CA,INTERNAL MEDICINE,M,1942
24915,NY,CARDIOVASCULAR DISEASE,M,1943
24916,OR,INTERNAL MEDICINE,M,1943
24917,MO,PLASTIC SURGERY,M,1949
24918,OR,NEUROLOGICAL SURGERY,M,1947
24919,CA,OTOLARYNGOLOGY,M,1953
24920,OH,FAMILY MEDICINE,M,1927
24921,KY,GASTROENTEROLOGY,M,1953
24922,NC,FAMILY MEDICINE,M,1952
24923,OH,OTOLARYNGOLOGY,M,1940
24924,MA,OPHTHALMOLOGY,M,1938
24925,CA,FAMILY MEDICINE,F,1953
24926,OH,INTERNAL MEDICINE,M,1950
24927,NY,CARDIOVASCULAR DISEASE,M,1949
24928,OH,CARDIOVASCULAR DISEASE,M,1953
24929,OH,EMERGENCY MEDICINE,F,1952
24930,CA,PEDIATRICS,M,1950
24931,FL,CARDIOVASCULAR DISEASE,M,1953
24932,NY,PSYCHIATRY,M,1946
24933,NY,UROLOGY,M,1948
24934,GA,CARDIOVASCULAR DISEASE,M,1951
24935,NV,FAMILY MEDICINE,M,1952
24936,FL,CARDIOVASCULAR DISEASE,M,1953
24937,OH,DERMATOLOGY,M,1946
24938,NM,NEUROLOGY,M,1945
24939,FL,FAMILY MEDICINE,M,1950
24940,MD,PEDIATRICS,F,1956
24941,NY,OBSTETRICS & GYNECOLOGY,M,1950
24942,ME,CARDIOVASCULAR DISEASE,M,1946
24943,MD,FAMILY MEDICINE,F,1952
24944,MO,HEMATOLOGY/ONCOLOGY,F,1947
24945,NY,ALLERGY & IMMUNOLOGY,M,1948
24946,MD,ORTHOPEDIC SURGERY,M,1951
24947,NY,CARDIOVASCULAR DISEASE,M,1950
24948,NJ,INTERNAL MEDICINE,M,1951
24949,NY,FAMILY MEDICINE,M,1949
24950,NY,DERMATOLOGY,M,1954
24951,MA,PEDIATRICS,M,1956
24952,NY,FAMILY MEDICINE,M,1952
24953,NJ,PEDIATRICS,M,1943
24954,CO,CARDIOVASCULAR DISEASE,M,1939
24955,RI,PULMONARY DISEASE,M,1947
24956,NY,PEDIATRICS,M,1947
24957,FL,GENERAL PREVENTIVE MEDICINE,M,1936
24958,FL,CARDIOVASCULAR DISEASE,M,1945
24959,CT,NEUROLOGY,M,1951
24960,MA,UROLOGY,M,1949
24961,FL,CARDIOVASCULAR DISEASE,M,1941
24962,FL,DERMATOLOGY,M,1942
24963,NY,CARDIOVASCULAR DISEASE,M,1952
24964,NY,FAMILY MEDICINE,M,1950
24965,CA,CARDIOVASCULAR DISEASE,M,1940
24966,NY,"ENDOCRINOLOGY, DIABETES & METABOLISM",M,1946
24967,NY,PEDIATRICS,M,1943
24968,NY,INTERNAL MEDICINE,M,1949
24969,NJ,OBSTETRICS & GYNECOLOGY,M,1944
24970,AZ,DIAGNOSTIC RADIOLOGY,M,1956
24971,MI,CARDIOVASCULAR DISEASE,M,1949
24972,RI,DERMATOLOGY,M,1949
24973,NJ,PULMONARY DISEASE,M,1951
24974,CT,DERMATOLOGY,F,1949
24975,WA,GENERAL SURGERY,M,1951
24976,FL,DERMATOPATHOLOGY,M,1951
24977,CA,CARDIOVASCULAR DISEASE,M,1953
24978,MN,FAMILY MEDICINE,M,1952
24979,AZ,INTERNAL MEDICINE,M,1952
24980,CA,FAMILY MEDICINE,M,1953
24981,CA,CARDIOVASCULAR DISEASE,M,1941
24982,MO,EMERGENCY MEDICINE,M,1953
24983,MO,ORTHOPEDIC SURGERY,M,1947
24984,MO,OPHTHALMOLOGY,M,1950
24985,NC,HEMATOLOGY/ONCOLOGY,M,1953
24986,IL,INTERNAL MEDICINE,M,1956
24987,LA,CARDIOVASCULAR DISEASE,M,1952
24988,NE,CARDIOVASCULAR DISEASE,M,1952
24989,NE,DERMATOLOGY,M,1946
24990,MN,FAMILY MEDICINE,M,1951
24991,CA,FAMILY MEDICINE,M,1954
24992,MS,FAMILY MEDICINE,M,1939
24993,AL,PULMONARY DISEASE,M,1949
24994,AL,UROLOGY,M,1940
24995,SD,FAMILY MEDICINE,F,1955
24996,OH,CARDIOVASCULAR DISEASE,M,1954
24997,OH,FAMILY MEDICINE,M,1955
24998,NJ,DIAGNOSTIC RADIOLOGY,M,1947
24999,MI,DERMATOLOGY,M,1945
25000,NM,CARDIOVASCULAR DISEASE,F,1943
25001,MI,MEDICAL ONCOLOGY,M,1948
25002,SD,FAMILY MEDICINE,M,1949
25003,MA,FAMILY MEDICINE,M,1948
25004,CA,DERMATOLOGY,M,1942
25005,MI,RHEUMATOLOGY,F,1942
25006,KY,ALLERGY & IMMUNOLOGY,M,1939
25007,MI,DERMATOLOGY,M,1945
25008,MA,PEDIATRICS,M,1951
25009,KY,PEDIATRICS,M,1951
25010,NY,OPHTHALMOLOGY,M,1954
25011,TX,PEDIATRICS,M,1933
25012,RI,UROLOGY,M,1941
25013,CA,PULMONARY DISEASE,M,1947
25014,VA,RHEUMATOLOGY,M,1949
25015,CA,DERMATOLOGY,F,1943
25016,TN,CARDIOVASCULAR DISEASE,M,1938
25017,NJ,PSYCHIATRY,M,1953
25018,NY,DERMATOLOGY,M,1936
25019,LA,CARDIOVASCULAR DISEASE,M,1956
25020,TX,FAMILY MEDICINE,M,1947
25021,NJ,ORTHOPEDIC SURGERY,M,1947
25022,GA,EMERGENCY MEDICINE,M,1955
25023,CA,INTERNAL MEDICINE,M,1949
25024,FL,OPHTHALMOLOGY,M,1943
25025,CO,CARDIOVASCULAR DISEASE,M,1951
25026,CA,PEDIATRICS,M,1938
25027,LA,DERMATOLOGY,M,1949
25028,LA,NEUROLOGY,M,1943
25029,FL,GASTROENTEROLOGY,M,1951
25030,MD,"ENDOCRINOLOGY, DIABETES & METABOLISM",M,1942
25031,LA,FAMILY MEDICINE,M,1955
25032,LA,INTERNAL MEDICINE,M,1951
25033,FL,EMERGENCY MEDICINE,M,1952
25034,NH,FAMILY MEDICINE,M,1944
25035,MD,FAMILY MEDICINE,F,1954
25036,PA,DERMATOLOGY,F,1951
25037,CA,GENERAL PRACTICE,M,1940
25038,LA,OPHTHALMOLOGY,M,1951
25039,GA,SLEEP MEDICINE,M,1945
25040,MO,PULMONARY DISEASE,M,1945
25041,CO,DERMATOLOGY,M,1952
25042,CO,INTERNAL MEDICINE,M,1944
25043,CA,FAMILY MEDICINE,M,1939
25044,KS,GASTROENTEROLOGY,M,1950
25045,FL,EMERGENCY MEDICINE,M,1950
25046,VA,HOSPITALIST,M,1953
25047,MN,OBSTETRICS & GYNECOLOGY,M,1950
25048,FL,PULMONARY DISEASE,M,1941
25049,MN,FAMILY MEDICINE,M,1953
25050,TX,INTERNAL MEDICINE,M,1949
25051,TN,ORTHOPEDIC SURGERY,M,1954
25052,SC,INTERNAL MEDICINE,M,1950
25053,IA,DIABETES,M,1951
25054,TN,FAMILY MEDICINE,M,1955
25055,IN,DERMATOLOGY,F,1953
25056,IN,PULMONARY CRITICAL CARE MEDICINE,M,1948
25057,VA,EMERGENCY MEDICINE,M,1953
25058,CA,EMERGENCY MEDICINE,M,1952
25059,IA,FAMILY MEDICINE,M,1953
25060,IL,FAMILY MEDICINE,M,1951
25061,NY,OPHTHALMOLOGY,M,1945
25062,CA,INTERVENTIONAL CARDIOLOGY,M,1942
25063,FL,NEUROLOGY,M,1950
25064,TX,NEUROLOGY,M,1944
25065,IL,DERMATOLOGY,M,1951
25066,IN,FAMILY MEDICINE,M,1947
25067,GA,CARDIOVASCULAR DISEASE,M,1938
25068,MN,GASTROENTEROLOGY,M,1948
25069,GA,DERMATOLOGY,M,1953
25070,HI,CARDIOVASCULAR DISEASE,M,1951
25071,FL,NEUROLOGY,M,1953
25072,FL,GENERAL SURGERY,M,1953
25073,CO,PEDIATRIC UROLOGY,M,1951
25074,TX,GASTROENTEROLOGY,M,1950
25075,FL,DERMATOLOGY,M,1947
25076,FL,PEDIATRICS,M,1946
25077,FL,FAMILY MEDICINE,M,1952
25078,SC,FAMILY MEDICINE,M,1952
25079,FL,CARDIOVASCULAR DISEASE,M,1948
25080,KY,EMERGENCY MEDICINE,M,1949
25081,TN,PULMONARY DISEASE,M,1948
25082,TN,FAMILY MEDICINE,M,1954
25083,GA,INTERNAL MEDICINE,M,1957
25084,FL,PULMONARY DISEASE,M,1947
25085,FL,FAMILY MEDICINE,M,1951
25086,NJ,PEDIATRICS,M,1944
25087,PA,PEDIATRICS,M,1951
25088,NY,DERMATOLOGY,M,1949
25089,FL,GASTROENTEROLOGY,M,1950
25090,CT,UROLOGY,M,1950
25091,VA,OBSTETRICS & GYNECOLOGY,M,1949
25092,MA,GENERAL SURGERY,M,1946
25093,CO,INTERNAL MEDICINE,M,1951
25094,PA,FAMILY MEDICINE,M,1950
25095,MD,INTERNAL MEDICINE,M,1948
25096,TN,CARDIOVASCULAR DISEASE,M,1950
25097,CO,INTERNAL MEDICINE,M,1945
25098,CA,FAMILY MEDICINE,M,1946
25099,CA,FAMILY MEDICINE,M,1949
25100,MS,CARDIOVASCULAR DISEASE,M,1947
25101,CA,GASTROENTEROLOGY,M,1953
25102,CA,CARDIOVASCULAR DISEASE,M,1945
25103,CA,ORTHOPEDIC SURGERY,M,1939
25104,CA,OPHTHALMOLOGY,M,1952
25105,AZ,MEDICAL ONCOLOGY,M,1948
25106,CA,DERMATOLOGY,M,1951
25107,AL,INTERNAL MEDICINE,M,1952
25108,CA,CARDIOVASCULAR DISEASE,M,1946
25109,CA,FAMILY MEDICINE,F,
25110,CA,CLINICAL SOCIAL WORKER,F,
25111,LA,PHYSICAL THERAPY,M,
25112,LA,PHYSICAL THERAPY,F,
25113,VA,PHYSICAL THERAPY,M,
25114,AZ,NURSE PRACTITIONER,M,
25115,IN,OCCUPATIONAL THERAPY - ASSISTANT,F,
25116,NJ,OCCUPATIONAL THERAPY,F,
25117,AZ,HOSPITALIST,M,1982
25118,OR,CERTIFIED NURSE ANESTHETIST,F,
25119,FL,PHYSICAL THERAPY,F,
25120,NY,NURSE PRACTITIONER,F,
25121,CO,PHYSICAL THERAPY,M,
25122,KY,EMERGENCY MEDICINE,F,
25123,ME,REGISTERED DIETICIAN,F,
25124,MD,PHYSICAL THERAPY,M,
25125,IN,PHYSICAL THERAPY,F,
25126,CA,CHIROPRACTIC,M,
25127,NC,REGISTERED DIETICIAN,F,
25128,FL,PHYSICAL THERAPY,M,
25129,NV,SPECIALIST/TECHNOLOGIST/TECHNICIAN-OTHER,M,
25130,WI,CHIROPRACTIC,M,
25131,OH,CLINICAL SOCIAL WORKER,F,
25132,NY,NURSE PRACTITIONER,F,
25133,MD,NURSE PRACTITIONER,F,
25134,MI,EMERGENCY MEDICINE,M,1983
25135,LA,BEHAVIORAL HEALTH & SOCIAL SERVICES,M,
25136,DE,EMERGENCY MEDICINE,F,
25137,AZ,PHYSICAL THERAPY,F,
25138,IN,PODIATRIST,F,
25139,LA,PEDIATRICS,F,1983
25140,CA,CLINICAL SOCIAL WORKER,F,
25141,MI,BEHAVIORAL HEALTH & SOCIAL SERVICES,F,
25142,AL,PHYSICAL THERAPY,M,
25143,WA,INTERNAL MEDICINE,M,1985
25144,MI,BEHAVIORAL HEALTH & SOCIAL SERVICES,F,
25145,NH,CLINICAL SOCIAL WORKER,F,
25146,MA,PHYSICAL THERAPY,M,
25147,MD,RADIATION ONCOLOGY,F,1987
25148,FL,FAMILY MEDICINE,M,1972
25149,MN,EMERGENCY MEDICINE,F,1986
25150,NY,NURSE PRACTITIONER,F,
25151,WA,NURSE PRACTITIONER,M,
25152,NJ,PHYSICAL THERAPY,F,
25153,CA,CLINICAL SOCIAL WORKER,F,
25154,MI,BEHAVIORAL HEALTH & SOCIAL SERVICES,F,
25155,TX,EMERGENCY MEDICINE,M,1974
25156,AR,NURSE PRACTITIONER,F,
25157,NY,PHYSICAL THERAPY,F,
25158,NM,NURSE PRACTITIONER,M,
25159,PA,PHYSICAL THERAPY,F,
25160,IN,PHYSICAL THERAPY,F,
25161,FL,PHYSICAL THERAPY,M,
25162,MI,BEHAVIORAL HEALTH & SOCIAL SERVICES,F,
25163,NV,NEURORADIOLOGY,M,
25164,GA,DERMATOPATHOLOGY,F,1982
25165,WA,PHYSICIAN ASSISTANT,F,1988
25166,ME,ANESTHESIOLOGY,M,1983
25167,PA,DIAGNOSTIC RADIOLOGY,M,1981
25168,OK,REGISTERED DIETICIAN,F,
25169,CT,PHYSICAL THERAPY,F,
25170,NY,CLINICAL SOCIAL WORKER,F,
25171,SC,BEHAVIORAL HEALTH & SOCIAL SERVICES,F,
25172,TX,PHYSICAL THERAPY,F,
25173,LA,OCCUPATIONAL THERAPY,F,
25174,MT,CHIROPRACTIC,M,
25175,TX,BEHAVIORAL HEALTH & SOCIAL SERVICES,F,
25176,MI,PHYSICAL THERAPY,F,
25177,CA,CLINICAL SOCIAL WORKER,F,
25178,NH,NURSE PRACTITIONER,F,
25179,TX,BEHAVIORAL HEALTH & SOCIAL SERVICES,F,
25180,OR,PHYSICIAN ASSISTANT,F,
25181,CA,ORTHOPEDIC SURGERY,M,1983
25182,WI,BEHAVIORAL HEALTH & SOCIAL SERVICES,F,
25183,IN,OCCUPATIONAL THERAPY,F,
25184,IN,PHYSICAL THERAPY - ASSISTANT,F,
25185,SC,PHYSICIAN ASSISTANT,F,
25186,CA,PHYSICAL THERAPY,M,
25187,PA,PHYSICAL THERAPY,F,
25188,MI,PHYSICAL THERAPY,F,
25189,IN,OCCUPATIONAL THERAPY,F,
25190,AZ,NUTRITIONIST,F,
25191,FL,CLINICAL SOCIAL WORKER,M,
25192,OH,PSYCHOLOGY,F,
25193,TX,PHYSICAL THERAPY,F,
25194,PA,PHYSICAL MEDICINE & REHABILITATION,M,1987
25195,TN,PHYSICAL THERAPY,M,
25196,NJ,REGISTERED DIETICIAN,F,
25197,VA,PHYSICAL THERAPY,F,
25198,CA,PHYSICAL THERAPY,F,
25199,IA,OCCUPATIONAL THERAPY,F,
25200,AL,PHYSICAL THERAPY,M,
25201,ME,PHYSICAL THERAPY,M,
25202,NJ,PHYSICAL THERAPY,M,
25203,TX,CLINICAL SOCIAL WORKER,F,
25204,NC,CLINICAL SOCIAL WORKER,M,
25205,TN,BEHAVIORAL HEALTH & SOCIAL SERVICES,F,
25206,PA,PHYSICAL THERAPY,F,
25207,DE,PHYSICAL THERAPY,F,
25208,NJ,CHIROPRACTIC,M,
25209,IN,BEHAVIORAL HEALTH & SOCIAL SERVICES,F,
25210,OK,PHYSICAL THERAPY,F,
25211,NY,PHYSICAL THERAPY,M,
25212,NY,NATUROPATHIC DOCTOR,M,
25213,MD,BEHAVIORAL HEALTH & SOCIAL SERVICES,F,
25214,IA,PHYSICAL THERAPY,M,
25215,CA,PHYSICAL THERAPY,F,
25216,MD,GASTROENTEROLOGY,M,1983
25217,OK,CLINICAL SOCIAL WORKER,F,
25218,NY,CHIROPRACTIC,F,1960
25219,MA,PHYSICAL THERAPY,M,
25220,IN,PHYSICAL THERAPY,F,
25221,CA,REGISTERED DIETICIAN,F,
25222,CA,CLINICAL SOCIAL WORKER,F,
25223,TN,BEHAVIORAL HEALTH & SOCIAL SERVICES,F,
25224,IL,REGISTERED DIETICIAN,F,
25225,TX,PHYSICAL THERAPY,M,
25226,PA,PHYSICAL THERAPY,M,
25227,NC,BEHAVIORAL HEALTH & SOCIAL SERVICES,F,
25228,AL,CHIROPRACTIC,M,1958
25229,IN,PHYSICAL THERAPY,F,
25230,GA,BEHAVIORAL HEALTH & SOCIAL SERVICES,F,
25231,CA,PHYSICAL THERAPY,M,
25232,TX,PHYSICAL THERAPY,M,
25233,MD,ACUPUNCTURIST,F,
25234,NJ,OCCUPATIONAL THERAPY,F,
25235,SC,BEHAVIORAL HEALTH & SOCIAL SERVICES,F,
25236,IN,PHYSICAL THERAPY,M,
25237,NJ,PHYSICAL THERAPY,F,
25238,NV,PHYSICIAN ASSISTANT,M,
25239,PA,PHYSICAL THERAPY,M,
25240,KY,PHYSICAL THERAPY,F,
25241,FL,PHYSICAL THERAPY,M,
25242,OH,OCCUPATIONAL THERAPY,F,
25243,CA,CLINICAL SOCIAL WORKER,F,
25244,NY,PHYSICAL THERAPY,F,
25245,MD,PHYSICAL THERAPY,F,
25246,SC,PHYSICAL THERAPY,F,
25247,FL,PHYSICAL THERAPY,M,
25248,MD,BEHAVIORAL HEALTH & SOCIAL SERVICES,F,
25249,MI,PHYSICAL THERAPY,F,
25250,FL,TECHNOLOGIST - RADIOLOGIC,M,
25251,OH,PHYSICAL THERAPY,F,
25252,CA,CLINICAL SOCIAL WORKER,F,
25253,TX,PHYSICAL THERAPY,F,
25254,GA,PHYSICAL THERAPY,F,
25255,AZ,BEHAVIORAL HEALTH & SOCIAL SERVICES,F,
25256,OH,CHIROPRACTIC,M,
25257,MI,PHYSICAL THERAPY,M,
25258,MD,PHYSICAL THERAPY,F,
25259,NY,PHYSICAL THERAPY,M,
25260,MO,PHYSICAL THERAPY,M,
25261,NY,PHYSICAL THERAPY,M,
25262,LA,PHYSICAL THERAPY,M,
25263,CO,PHYSICAL THERAPY,F,
25264,SC,PHYSICAL THERAPY,F,
25265,MS,PHYSICAL THERAPY,F,
25266,PA,PHYSICAL THERAPY,M,
25267,TX,BLOOD BANKING/TRANSFUSION MEDICINE,M,1981
25268,TX,REGISTERED DIETICIAN,F,
25269,MA,PHYSICAL THERAPY,F,
25270,FL,CLINICAL SOCIAL WORKER,M,
25271,TN,PHYSICAL THERAPY,F,
25272,AZ,PHYSICAL THERAPY,M,
25273,NY,CLINICAL SOCIAL WORKER,F,
25274,TX,PHYSICAL THERAPY,F,
25275,NY,PHYSICAL THERAPY,M,
25276,CT,NURSE PRACTITIONER,M,
25277,CA,CLINICAL SOCIAL WORKER,F,
25278,TX,CHIROPRACTIC,M,
25279,OR,BEHAVIORAL HEALTH & SOCIAL SERVICES,F,
25280,CA,PHYSICAL THERAPY,M,
25281,RI,CLINICAL SOCIAL WORKER,F,
25282,OK,REGISTERED DIETICIAN,F,
25283,SC,BEHAVIORAL HEALTH & SOCIAL SERVICES,F,
25284,MD,CHIROPRACTIC,F,
25285,CA,CLINICAL SOCIAL WORKER,F,
25286,CA,BEHAVIORAL HEALTH & SOCIAL SERVICES,F,
25287,PA,PHYSICAL THERAPY,M,
25288,NY,PHYSICAL THERAPY,F,
25289,MA,CLINICAL SOCIAL WORKER,F,
25290,GA,BEHAVIORAL HEALTH & SOCIAL SERVICES,F,
25291,IL,PHYSICAL THERAPY,M,
25292,FL,NURSE PRACTITIONER,M,
25293,GA,PHYSICAL THERAPY,F,
25294,WA,REGISTERED DIETICIAN,F,
25295,MO,PHYSICAL THERAPY,F,
25296,UT,BEHAVIORAL HEALTH & SOCIAL SERVICES,M,
25297,KY,PHYSICAL THERAPY,F,
25298,MA,PHYSICAL THERAPY,F,
25299,MD,BEHAVIORAL HEALTH & SOCIAL SERVICES,M,
25300,MI,PHYSICAL THERAPY,M,
25301,LA,BEHAVIORAL HEALTH & SOCIAL SERVICES,F,
25302,FL,NURSE PRACTITIONER,M,
25303,ND,NURSE PRACTITIONER,F,
25304,MN,ACUPUNCTURIST,M,
25305,PA,PHYSICAL THERAPY,F,
25306,FL,NURSE PRACTITIONER,M,
25307,NJ,CLINICAL SOCIAL WORKER,M,
25308,MI,CHIROPRACTIC,M,
25309,CA,PSYCHOLOGY,M,
25310,MD,PHYSICAL THERAPY,F,
25311,NC,OCCUPATIONAL THERAPY,F,
25312,IN,OCCUPATIONAL THERAPY,F,
25313,ME,CLINICAL SOCIAL WORKER,F,
25314,AL,CHIROPRACTIC,M,1952
25315,MI,PHYSICAL THERAPY,F,
25316,MA,PHYSICAL THERAPY,M,
25317,VA,PHYSICAL THERAPY,F,
25318,VA,PHYSICAL THERAPY,F,
25319,VA,CHIROPRACTIC,M,
25320,AZ,NURSE PRACTITIONER,F,
25321,NY,REGISTERED DIETICIAN,F,
25322,MA,REGISTERED DIETICIAN,F,
25323,NJ,PHYSICAL THERAPY,M,
25324,CA,CLINICAL SOCIAL WORKER,F,
25325,GA,CLINICAL SOCIAL WORKER,F,
25326,VA,CLINICAL SOCIAL WORKER,F,
25327,MI,PHYSICAL THERAPY,F,
25328,NJ,PHYSICAL THERAPY,F,
25329,CA,REGISTERED DIETICIAN,F,
25330,NY,CLINICAL SOCIAL WORKER,F,
25331,NV,PHYSICAL THERAPY,F,
25332,CA,PHYSICAL THERAPY,F,
25333,MA,BEHAVIORAL HEALTH & SOCIAL SERVICES,F,
25334,WI,REGISTERED DIETICIAN,F,
25335,FL,FAMILY MEDICINE,F,
25336,FL,REGISTERED DIETICIAN,F,
25337,NY,PHYSICAL THERAPY,M,
25338,NM,BEHAVIORAL HEALTH & SOCIAL SERVICES,F,
25339,WI,CLINICAL SOCIAL WORKER,F,
25340,AZ,NURSE PRACTITIONER,F,
25341,FL,BEHAVIORAL HEALTH & SOCIAL SERVICES,F,
25342,NJ,PHYSICAL THERAPY,M,
25343,AL,BEHAVIORAL HEALTH & SOCIAL SERVICES,F,
16952,VA,MEDICAL ONCOLOGY,M,1969
16953,SC,PEDIATRICS,F,1970
16954,NY,HEMATOLOGY/ONCOLOGY,F,1971
16955,DC,EMERGENCY MEDICINE,M,1971
16956,CT,DERMATOPATHOLOGY,M,1970
16957,CA,THORACIC SURGERY,M,1969
16958,NV,FAMILY MEDICINE,M,1960
16959,CA,GASTROENTEROLOGY,M,1969
16960,FL,EMERGENCY MEDICINE,F,1969
16961,TX,FAMILY MEDICINE,M,1969
16962,VA,PEDIATRICS,F,1970
16963,NY,CARDIOVASCULAR DISEASE,F,1970
16964,GA,"ENDOCRINOLOGY, DIABETES & METABOLISM",F,1970
16965,NJ,PEDIATRICS,M,1971
16966,NJ,HOSPITALIST,F,1970
16967,NJ,INTERVENTIONAL CARDIOLOGY,M,1971
16968,DC,EMERGENCY MEDICINE,F,1971
16969,CA,INTERNAL MEDICINE,M,1966
16970,NE,FAMILY MEDICINE,F,1971
16971,NE,PEDIATRICS,F,1971
16972,CO,DIAGNOSTIC RADIOLOGY,M,1967
16973,NY,FAMILY MEDICINE,F,1971
16974,CA,PULMONARY CRITICAL CARE MEDICINE,M,1971
16975,MO,INTERNAL MEDICINE/PEDIATRICS,M,1970
16976,MI,GENERAL SURGERY,M,1970
16977,CA,EMERGENCY MEDICINE,M,1961
16978,LA,ORTHOPEDIC SURGERY,M,1968
16979,KY,DERMATOLOGY,M,1970
16980,KS,GENERAL SURGERY,M,1972
16981,IL,INTERNAL MEDICINE,M,1961
16982,FL,DERMATOLOGY,M,1966
16983,CA,PEDIATRICS,M,1971
16984,WA,PEDIATRIC GASTROENTEROLOGY,M,1971
16985,FL,PLASTIC SURGERY,M,1971
16986,FL,NEPHROLOGY,M,1971
16987,NC,INTERNAL MEDICINE,M,1970
16988,GA,INTERNAL MEDICINE,M,1969
16989,ME,CARDIOVASCULAR DISEASE,M,1969
16990,CA,UROLOGY,M,1970
16991,CA,EMERGENCY MEDICINE,M,1970
16992,TX,INTERNAL MEDICINE/PEDIATRICS,F,1972
16993,KY,UROLOGY,M,1971
16994,OH,CARDIOVASCULAR DISEASE,M,1967
16995,MI,DERMATOLOGY,F,1964
16996,OH,RHEUMATOLOGY,F,1971
16997,NY,INTERNAL MEDICINE,F,1973
16998,NY,CARDIOVASCULAR DISEASE,F,1972
16999,CA,FAMILY MEDICINE,M,1970
17000,TN,CARDIOVASCULAR DISEASE,M,1969
17001,VA,GASTROENTEROLOGY,M,1967
17002,TX,HEMATOLOGY/ONCOLOGY,M,1969
17003,CA,VASCULAR SURGERY,M,1972
17004,GA,HOSPITALIST,M,1970
17005,NE,FAMILY MEDICINE,M,1971
17006,MO,CARDIOVASCULAR DISEASE,M,1966
17007,OH,PEDIATRIC RADIOLOGY,F,1966
17008,MN,DERMATOLOGY,F,1971
17009,CA,FAMILY MEDICINE,M,1971
17010,NJ,CARDIOVASCULAR DISEASE,F,1970
17011,CA,ORTHOPEDIC SURGERY,M,1970
17012,WA,PEDIATRIC RADIOLOGY,F,1971
17013,CA,DERMATOLOGY,F,1971
17014,MI,HOSPITALIST,M,1968
17015,FL,EMERGENCY MEDICINE,M,1970
17016,MI,DERMATOLOGY,M,1969
17017,MD,PEDIATRICS,M,1964
17018,MA,PEDIATRICS,F,1971
17019,LA,EMERGENCY MEDICINE,F,1972
17020,LA,OTOLARYNGOLOGY,M,1971
17021,TN,PEDIATRIC INFECTIOUS DISEASE,F,1971
17022,LA,PULMONARY CRITICAL CARE MEDICINE,M,1971
17023,GA,DERMATOLOGY,F,1970
17024,MI,FAMILY MEDICINE,M,1969
17025,OK,FAMILY MEDICINE,F,1970
17026,SC,OPHTHALMOLOGY,M,1969
17027,KY,PHYSICAL MEDICINE & REHABILITATION,F,1971
17028,GA,FAMILY MEDICINE,F,1968
17029,IL,OTOLARYNGOLOGY,M,1971
17030,MD,FAMILY MEDICINE,F,1969
17031,TN,DIAGNOSTIC RADIOLOGY,M,1965
17032,OH,EMERGENCY MEDICINE,M,1963
17033,MN,MEDICAL ONCOLOGY,M,1970
17034,CO,DIAGNOSTIC RADIOLOGY,M,1970
17035,CA,INTERNAL MEDICINE,M,1963
17036,MN,INTERNAL MEDICINE/PEDIATRICS,M,1969
17037,CA,FAMILY MEDICINE,F,1969
17038,CA,FAMILY MEDICINE,F,1970
17039,UT,DERMATOLOGY,M,1968
17040,CA,FAMILY MEDICINE,F,1963
17041,LA,FAMILY MEDICINE,M,1969
17042,AR,CARDIOVASCULAR DISEASE,M,1970
17043,AL,HOSPITALIST,M,1968
17044,AL,HEMATOLOGY/ONCOLOGY,M,1962
17045,AR,OBSTETRICS & GYNECOLOGY,F,1971
17046,CA,ORTHOPEDIC SURGERY,M,1969
17047,IN,NURSE PRACTITIONER,F,1964
17048,NY,OPHTHALMOLOGY,F,1971
17049,MI,GENERAL SURGERY,M,1971
17050,MS,INTERNAL MEDICINE,M,1969
17051,MS,EMERGENCY MEDICINE,F,1969
17052,MI,FAMILY MEDICINE,F,1971
17053,MI,GENERAL SURGERY,F,1969
17054,AZ,CARDIOVASCULAR DISEASE,M,1971
17055,MI,INTERNAL MEDICINE,M,1970
17056,NY,EMERGENCY MEDICINE,M,1971
17057,AR,CARDIOVASCULAR DISEASE,M,1970
17058,LA,ANATOMIC/CLINICAL PATHOLOGY,M,1971
17059,NC,PSYCHIATRY,F,1965
17060,MD,PEDIATRICS,M,1971
17061,TX,FAMILY MEDICINE,M,1970
17062,GA,DIAGNOSTIC RADIOLOGY,M,1966
17063,TX,CARDIOVASCULAR DISEASE,M,1971
17064,IN,FAMILY MEDICINE,M,1970
17065,IL,DERMATOLOGY,F,1964
17066,CA,INTERNAL MEDICINE,M,1972
17067,GA,PEDIATRICS,M,1971
17068,FL,CARDIOVASCULAR DISEASE,M,1972
17069,GA,CARDIOVASCULAR DISEASE,M,1971
17070,SC,COLON & RECTAL SURGERY,M,1971
17071,FL,FAMILY MEDICINE,M,1970
17072,CA,NUCLEAR MEDICINE,M,1968
17073,CA,EMERGENCY MEDICINE,F,1970
17074,CA,EMERGENCY MEDICINE,M,1964
17075,MI,INTERNAL MEDICINE,F,1969
17076,MD,CARDIOVASCULAR DISEASE,M,1971
17077,FL,SPORTS MEDICINE (FAMILY MEDICINE),M,1970
17078,AL,FAMILY MEDICINE,F,1971
17079,GA,VASCULAR & INTERVENTIONAL RADIOLOGY,M,1969
17080,FL,SPORTS MEDICINE (FAMILY MEDICINE),M,1970
17081,FL,PEDIATRICS,F,1971
17082,FL,PEDIATRICS,F,1973
17083,VA,CARDIOVASCULAR DISEASE,M,1967
17084,TX,INTERNAL MEDICINE,F,1968
17085,FL,EMERGENCY MEDICINE,M,1970
17086,MS,EMERGENCY MEDICINE,M,1965
17087,CO,FAMILY MEDICINE,F,1969
17088,CA,EMERGENCY MEDICINE,M,1969
17089,NJ,CARDIOVASCULAR DISEASE,M,1971
17090,CT,PEDIATRICS,F,1966
17091,CA,GASTROENTEROLOGY,F,1973
17092,AR,FAMILY MEDICINE,M,1961
17093,AZ,INTERNAL MEDICINE,F,1970
17094,MD,NURSE PRACTITIONER,F,1954
17095,IN,RHEUMATOLOGY,F,1969
17096,IL,GASTROENTEROLOGY,M,1963
17097,NJ,GENERAL PRACTICE,F,1954
17098,TX,NEPHROLOGY,M,1966
17099,MA,PEDIATRICS,M,1968
17100,AZ,PEDIATRICS,F,1972
17101,WV,UROLOGY,M,1964
17102,VA,INTERNAL MEDICINE,F,1971
17103,KY,PEDIATRICS,F,1971
17104,TX,DIAGNOSTIC RADIOLOGY,F,1970
17105,CA,PSYCHIATRY,M,1971
17106,GA,INTERVENTIONAL CARDIOLOGY,M,1971
17107,FL,OPHTHALMOLOGY,M,1963
17108,FL,EMERGENCY MEDICINE,M,1972
17109,FL,PEDIATRICS,M,1969
17110,DC,INTERNAL MEDICINE,M,1969
17111,CO,NEUROLOGY,M,1965
17112,VA,GASTROENTEROLOGY,M,1967
17113,CT,OBSTETRICS & GYNECOLOGY,F,1971
17114,WA,CARDIOVASCULAR DISEASE,M,1971
17115,LA,EMERGENCY MEDICINE,M,1969
17116,CO,EMERGENCY MEDICINE,F,1971
17117,CA,ANESTHESIOLOGY,M,1969
17118,CO,GASTROENTEROLOGY,M,1966
17119,TX,EMERGENCY MEDICINE,F,1972
17120,AL,EMERGENCY MEDICINE,M,1971
17121,AL,GENERAL SURGERY,M,1965
17122,CT,DIAGNOSTIC RADIOLOGY,F,1970
17123,NC,INTERNAL MEDICINE,M,1968
17124,AZ,PHYSICIAN ASSISTANT,F,1962
17125,NE,ANATOMIC/CLINICAL PATHOLOGY,M,1958
17126,CA,FAMILY MEDICINE,F,1967
17127,CA,OBSTETRICS & GYNECOLOGY,F,1971
17128,TN,FAMILY MEDICINE,F,1971
17129,AL,FAMILY MEDICINE,M,1969
17130,AL,INTERNAL MEDICINE,M,1971
17131,AL,GENERAL SURGERY,M,1969
17132,SD,PHYSICIAN ASSISTANT,F,1967
17133,SD,NURSE PRACTITIONER,F,1949
17134,IA,NURSE PRACTITIONER,F,1900
17135,CO,EMERGENCY MEDICINE,M,1965
17136,NJ,INTERNAL MEDICINE,M,1963
17137,AL,INFECTIOUS DISEASE,M,1968
17138,NJ,NEPHROLOGY,M,1967
17139,TX,PHYSICAL MEDICINE & REHABILITATION,M,1965
17140,MI,INTERNAL MEDICINE,M,1967
17141,PA,GASTROENTEROLOGY,M,1956
17142,CA,HEMATOLOGY/ONCOLOGY,F,1970
17143,TX,PULMONARY DISEASE,M,1967
17144,KY,INTERNAL MEDICINE,M,1962
17145,ME,ANATOMIC/CLINICAL PATHOLOGY,M,1964
17146,NY,INTERNAL MEDICINE,M,1962
17147,TX,GENERAL SURGERY,F,1969
17148,AL,INTERNAL MEDICINE,M,1963
17149,FL,PEDIATRICS,F,1972
17150,VA,INTERNAL MEDICINE,F,1967
17151,CA,EMERGENCY MEDICINE,M,1968
17152,CA,VASCULAR & INTERVENTIONAL RADIOLOGY,M,1971
17153,CA,EMERGENCY MEDICINE,M,1971
17154,CA,INTERNAL MEDICINE,M,1967
17155,AZ,GENERAL SURGERY,M,1969
17156,IN,ANATOMIC/CLINICAL PATHOLOGY,F,1972
17157,AL,FAMILY MEDICINE,M,1969
17158,AL,NEPHROLOGY,M,1971
17159,ME,NURSE PRACTITIONER,F,1962
17160,LA,ORAL & MAXILLOFACIAL SURGERY,M,
17161,MI,OPTOMETRIST,M,
17162,AR,CARDIOVASCULAR DISEASE,M,1968
17163,NY,INTERNAL MEDICINE,F,1953
17164,MI,CARDIOVASCULAR DISEASE,M,1970
17165,CA,INTERNAL MEDICINE,M,1966
17166,TX,INTERNAL MEDICINE,M,1969
17167,CA,GENERAL PRACTICE,M,1957
17168,NY,INTERNAL MEDICINE,M,1966
17169,VA,CARDIOVASCULAR DISEASE,M,1967
17170,NY,INTERNAL MEDICINE,F,1955
17171,FL,INTERNAL MEDICINE,F,1964
17172,FL,"ENDOCRINOLOGY, DIABETES & METABOLISM",M,1956
17173,OR,INTERNAL MEDICINE,F,1963
17174,MA,EMERGENCY MEDICINE,M,1968
17175,MD,NURSE PRACTITIONER,F,
17176,WI,NURSE PRACTITIONER,F,1958
17177,RI,FAMILY MEDICINE,M,1968
17178,CA,INTERNAL MEDICINE,F,1967
17179,CO,"ENDOCRINOLOGY, DIABETES & METABOLISM",F,1963
17180,PA,EMERGENCY MEDICINE,M,1954
17181,GA,DERMATOLOGY,M,1971
17182,AZ,DERMATOLOGY,F,1969
17183,AL,FAMILY MEDICINE,F,1970
17184,CT,PHYSICIAN ASSISTANT,M,1970
17185,FL,GASTROENTEROLOGY,M,1967
17186,FL,GASTROENTEROLOGY,M,1967
17187,MN,GASTROENTEROLOGY,M,1970
17188,OK,VASCULAR & INTERVENTIONAL RADIOLOGY,F,1969
17189,KY,INTERNAL MEDICINE,M,1968
17190,OH,CARDIOVASCULAR DISEASE,M,1970
17191,CO,INTERNAL MEDICINE,F,1967
17192,PA,INTERNAL MEDICINE,M,1968
17193,FL,INTERNAL MEDICINE,M,1970
17194,TN,DERMATOPATHOLOGY,F,1960
17195,WI,NURSE PRACTITIONER,F,1954
17196,NV,PODIATRIST,M,
17197,MA,PEDIATRICS,F,1967
17198,CA,DIAGNOSTIC RADIOLOGY,M,1962
17199,FL,GASTROENTEROLOGY,F,1966
17200,CO,NURSE PRACTITIONER,F,1900
17201,MD,NURSE PRACTITIONER,F,
17202,FL,FAMILY MEDICINE,F,1960
17203,CA,MEDICAL ONCOLOGY,F,1960
17204,NJ,"ENDOCRINOLOGY, DIABETES & METABOLISM",F,1968
17205,IN,INTERVENTIONAL CARDIOLOGY,M,1966
17206,IN,GASTROENTEROLOGY,M,1970
17207,FL,GASTROENTEROLOGY,F,1966
17208,FL,GENERAL PRACTICE,F,1960
17209,TX,RHEUMATOLOGY,F,1971
17210,IL,INTERNAL MEDICINE,F,1970
17211,CA,NEUROLOGY,M,1967
17212,FL,FAMILY MEDICINE,F,1960
17213,CO,HOSPITALIST,F,1966
17214,MO,INTERNAL MEDICINE,F,1970
17215,NY,INTERNAL MEDICINE,F,1959
17216,NY,INTERNAL MEDICINE,M,1963
17217,CA,ANATOMIC/CLINICAL PATHOLOGY,M,1957
17218,NC,FAMILY MEDICINE,M,1950
17219,CT,PHYSICIAN ASSISTANT,F,1967
17220,SD,PHYSICIAN ASSISTANT,F,1967
17221,PA,ANESTHESIOLOGY,F,1966
17222,CT,INTERNAL MEDICINE,M,1960
17223,FL,FAMILY MEDICINE,M,1956
17224,CA,INTERNAL MEDICINE,F,1970
17225,IN,CARDIOVASCULAR DISEASE,M,1956
17226,TX,INTERNAL MEDICINE,F,1964
17227,MD,INTERNAL MEDICINE,F,1968
17228,AZ,RHEUMATOLOGY,F,1971
17229,NJ,NEUROLOGY,M,1967
17230,NY,HEMATOLOGY (PATHOLOGY),M,1959
17231,TX,INTERNAL MEDICINE,F,1966
17232,CA,EMERGENCY MEDICINE,M,1966
17233,NV,EMERGENCY MEDICINE,M,1958
17234,CA,ANESTHESIOLOGY,M,1960
17235,HI,DIAGNOSTIC RADIOLOGY,M,1957
17236,CA,"ENDOCRINOLOGY, DIABETES & METABOLISM",F,1964
17237,FL,INTERNAL MEDICINE,M,1964
17238,FL,NEUROLOGICAL SURGERY,M,1959
17239,TX,PEDIATRICS,M,1963
17240,MI,FAMILY MEDICINE,M,1971
17241,IL,EMERGENCY MEDICINE,M,1965
17242,MO,CARDIOVASCULAR DISEASE,M,1962
17243,MS,FAMILY MEDICINE,M,1968
17244,CA,INTERNAL MEDICINE,F,1968
17245,TX,INTERNAL MEDICINE,F,1966
17246,CA,FAMILY MEDICINE,M,1961
17247,MS,INTERVENTIONAL CARDIOLOGY,M,1969
17248,NY,OCCUPATIONAL MEDICINE,M,1958
17249,CA,ANATOMIC/CLINICAL PATHOLOGY,F,1964
17250,FL,FAMILY MEDICINE,F,1966
17251,NM,DIAGNOSTIC RADIOLOGY,F,1970
17252,MA,FAMILY MEDICINE,F,1965
17253,MA,NURSE PRACTITIONER,F,
17254,CA,PEDIATRICS,F,1959
17255,AL,INTERNAL MEDICINE,F,1970
17256,AZ,PHYSICIAN ASSISTANT,M,1957
17257,IL,UROLOGY,M,1956
17258,MN,CLINICAL PATHOLOGY,M,1966
17259,FL,VASCULAR & INTERVENTIONAL RADIOLOGY,M,1970
17260,MT,PHYSICIAN ASSISTANT,F,1957
17261,NH,NURSE PRACTITIONER,F,1900
17262,OH,PODIATRIST,M,1968
17263,CA,INTERNAL MEDICINE,M,1964
17264,CA,INTERNAL MEDICINE,M,1959
17265,NC,GASTROENTEROLOGY,F,1971
17266,CA,PSYCHIATRY,M,1956
17267,MA,NURSE PRACTITIONER,F,
17268,PA,OPTOMETRIST,F,1969
17269,TX,OPTOMETRIST,M,1962
17270,IL,OPTOMETRIST,F,
17271,OK,GYNECOLOGY,F,1969
17272,PA,FAMILY MEDICINE,M,1970
17273,TX,FAMILY MEDICINE,M,1960
17274,MD,EMERGENCY MEDICINE,M,1967
17275,NY,PEDIATRICS,F,1968
17276,NC,PHYSICIAN ASSISTANT,F,1970
17277,WA,OPTOMETRIST,M,1971
17278,FL,GASTROENTEROLOGY,M,1954
17279,TX,ANATOMIC/CLINICAL PATHOLOGY,M,1964
17280,CT,RHEUMATOLOGY,M,1968
17281,MN,FAMILY MEDICINE,M,1962
17282,TX,INTERNAL MEDICINE/PEDIATRICS,M,1969
17283,RI,NEURORADIOLOGY,M,1966
17284,AL,FAMILY MEDICINE,F,1970
17285,PA,FAMILY MEDICINE,M,1968
17286,CA,FAMILY MEDICINE,F,1956
17287,OK,OBSTETRICS & GYNECOLOGY,F,1969
17288,PA,FAMILY MEDICINE,M,1970
17289,IL,EMERGENCY MEDICINE,M,1969
17290,NJ,ANATOMIC/CLINICAL PATHOLOGY,M,1952
17291,IL,DERMATOLOGY,M,1966
17292,SC,FAMILY MEDICINE,M,1971
17293,TN,SPORTS MEDICINE (ORTHOPEDIC SURGERY),M,1966
17294,CA,PEDIATRICS,F,1969
17295,TX,DIAGNOSTIC RADIOLOGY,M,1969
17296,MI,INTERVENTIONAL CARDIOLOGY,M,1964
17297,VA,EMERGENCY MEDICINE,M,1951
17298,CA,ALLERGY & IMMUNOLOGY,M,1965
17299,FL,FAMILY MEDICINE,F,1969
17300,AZ,FAMILY MEDICINE,M,1966
17301,NY,FAMILY MEDICINE,M,1970
17302,OH,EMERGENCY MEDICINE,F,1969
17303,TX,FAMILY MEDICINE,M,1964
17304,TX,FAMILY MEDICINE,F,1970
17305,NH,FAMILY MEDICINE,M,1969
17306,NJ,INTERNAL MEDICINE,F,1970
17307,MO,INTERNAL MEDICINE,M,1970
17308,CA,EMERGENCY MEDICINE,M,1970
17309,NJ,FAMILY MEDICINE,M,1970
17310,OH,CARDIOVASCULAR DISEASE,M,1970
17311,TX,FAMILY MEDICINE,M,1969
17312,CO,FAMILY MEDICINE,M,1969
17313,MI,CARDIOVASCULAR DISEASE,M,1957
17314,TX,FAMILY MEDICINE,M,1968
17315,IA,PEDIATRICS,M,1969
17316,IL,EMERGENCY MEDICINE,M,1963
17317,VA,EMERGENCY MEDICINE,M,1961
17318,TX,FAMILY MEDICINE,M,1963
17319,TX,FAMILY MEDICINE,M,1969
17320,TX,NEURORADIOLOGY,M,1970
17321,HI,FAMILY MEDICINE,M,1967
17322,SD,FAMILY MEDICINE,F,1969
17323,SC,EMERGENCY MEDICINE,M,1970
17324,FL,RADIOLOGY,M,1965
17325,NJ,INTERNAL MEDICINE,M,1970
17326,CA,INTERNAL MEDICINE,F,1967
17327,CA,FAMILY MEDICINE,M,1959
17328,MD,CARDIOVASCULAR DISEASE,M,1972
17329,NJ,CARDIOVASCULAR DISEASE,M,1970
17330,PA,FAMILY MEDICINE,F,1965
17331,CA,FAMILY MEDICINE,M,1969
17332,FL,FAMILY MEDICINE,M,1969
17333,NY,CARDIOVASCULAR DISEASE,M,1968
17334,NJ,INTERNAL MEDICINE,F,1968
17335,MI,EMERGENCY MEDICINE,M,1961
17336,VA,CARDIOVASCULAR DISEASE,M,1969
17337,FL,INTERNAL MEDICINE,M,1967
17338,IA,EMERGENCY MEDICINE,M,1963
17339,TX,FAMILY MEDICINE,M,1962
17340,CA,FAMILY MEDICINE,M,1969
17341,MD,EMERGENCY MEDICINE,F,1969
17342,CA,ALLERGY & IMMUNOLOGY,M,1968
17343,VA,FAMILY MEDICINE,M,1969
17344,TX,VASCULAR & INTERVENTIONAL RADIOLOGY,M,1968
17345,NJ,NEPHROLOGY,M,1970
17346,NY,CARDIOVASCULAR DISEASE,M,1970
17347,FL,CARDIOVASCULAR DISEASE,M,1963
17348,WA,INTERNAL MEDICINE,M,1962
17349,VA,DIAGNOSTIC RADIOLOGY,M,1970
17350,CA,UROLOGY,M,1970
17351,TX,DIAGNOSTIC RADIOLOGY,M,1970
17352,WI,FAMILY MEDICINE,M,1966
17353,MD,EMERGENCY MEDICINE,M,1970
17354,CA,OTOLARYNGOLOGY,M,1970
17355,CT,ANESTHESIOLOGY,M,1969
17356,MA,OTOLARYNGOLOGY,M,1969
17357,OK,EMERGENCY MEDICINE,M,1970
17358,IN,EMERGENCY MEDICINE,M,1971
17359,OH,DIAGNOSTIC RADIOLOGY,M,1970
17360,CA,FAMILY MEDICINE,F,1967
17361,NC,ANATOMIC/CLINICAL PATHOLOGY,M,1969
17362,VA,PEDIATRICS,M,1968
17363,NY,OPHTHALMOLOGY,F,1967
17364,NY,FAMILY MEDICINE,M,1960
17365,NY,FAMILY MEDICINE,F,1941
17366,NY,PEDIATRICS,F,1970
17367,FL,NEPHROLOGY,F,1970
17368,MI,EMERGENCY MEDICINE,M,1970
17369,WA,GENERAL SURGERY,M,1963
17370,OK,FAMILY MEDICINE,M,1969
17371,PA,FAMILY MEDICINE,F,1970
17372,PA,EMERGENCY MEDICINE,M,1968
17373,TX,FAMILY MEDICINE,F,1972
17374,CA,GENERAL PRACTICE,M,1947
17375,WI,EMERGENCY MEDICINE,M,1970
17376,IA,FAMILY MEDICINE,M,1959
17377,VA,DIAGNOSTIC RADIOLOGY,M,1970
17378,NV,DIAGNOSTIC RADIOLOGY,M,1970
17379,TX,EMERGENCY MEDICINE,M,1969
17380,TX,FAMILY MEDICINE,M,1970
17381,WA,PEDIATRICS,F,1970
17382,TX,PEDIATRICS,M,1965
17383,MA,EMERGENCY MEDICINE,M,1967
17384,TX,CHILD & ADOLESCENT PSYCHIATRY,F,1970
17385,TX,EMERGENCY MEDICINE,M,1970
17386,SC,INTERNAL MEDICINE,F,1969
17387,FL,EMERGENCY MEDICINE,M,1970
17388,FL,CARDIOVASCULAR DISEASE,M,1969
17389,TX,PSYCHIATRY,M,1969
17390,FL,NEPHROLOGY,M,1969
17391,TX,DIAGNOSTIC RADIOLOGY,M,1970
17392,SD,ANATOMIC/CLINICAL PATHOLOGY,M,1967
17393,FL,EMERGENCY MEDICINE,M,1970
17394,PA,GENERAL SURGERY,F,1970
17395,PA,OPHTHALMOLOGY,F,1967
17396,OK,FAMILY MEDICINE,M,1970
17397,FL,CARDIOVASCULAR DISEASE,M,1964
17398,TN,DIAGNOSTIC RADIOLOGY,M,1970
17399,MD,HEMATOLOGY/ONCOLOGY,M,1968
17400,NC,INTERNAL MEDICINE,M,1969
17401,NC,FAMILY MEDICINE,M,1963
17402,NC,INTERNAL MEDICINE,F,1967
17403,PA,EMERGENCY MEDICINE,M,1960
17404,CA,FORENSIC PATHOLOGY,M,1968
17405,NY,ANATOMIC/CLINICAL PATHOLOGY,F,1962
17406,VA,NUCLEAR MEDICINE,M,1970
17407,NJ,RHEUMATOLOGY,F,1970
17408,MS,PEDIATRICS,M,1969
17409,FL,GERIATRIC MEDICINE (INTERNAL MEDICINE),F,1963
17410,WI,FAMILY MEDICINE,M,1970
17411,GA,DIAGNOSTIC RADIOLOGY,F,1964
17412,PA,FAMILY MEDICINE,F,1970
17413,PA,EMERGENCY MEDICINE,M,1970
17414,TX,OBSTETRICS & GYNECOLOGY,F,1969
17415,TX,RADIOLOGY,M,1967
17416,TN,FAMILY MEDICINE,F,1968
17417,TN,FAMILY MEDICINE,M,1971
17418,NY,CARDIOVASCULAR DISEASE,M,1971
17419,WA,EMERGENCY MEDICINE,M,1970
17420,FL,EMERGENCY MEDICINE,M,1960
17421,CA,INTERNAL MEDICINE,M,1968
17422,MA,GASTROENTEROLOGY,M,1971
17423,GA,INTERNAL MEDICINE,M,1970
17424,OR,GENERAL SURGERY,M,1969
17425,CO,FAMILY MEDICINE,F,1966
17426,FL,INTERNAL MEDICINE/PEDIATRICS,F,1958
17427,FL,EMERGENCY MEDICINE,M,1968
17428,TN,CLINICAL CARDIAC ELECTROPHYSIOLOGY,M,1966
17429,VA,DERMATOLOGY,F,1969
17430,MD,NEPHROLOGY,M,1973
17431,CO,HOSPITALIST,M,1969
17432,TN,EMERGENCY MEDICINE,F,1969
17433,OH,ADDICTION PSYCHIATRY,F,1970
17434,MS,PHYSICAL MEDICINE & REHABILITATION,M,1960
17435,FL,ANATOMIC/CLINICAL PATHOLOGY,M,1969
17436,NC,UROLOGY,M,1969
17437,MA,INTERNAL MEDICINE,M,1970
17438,CA,GENERAL SURGERY,M,1968
17439,TN,THORACIC SURGERY,M,1972
17440,CA,EMERGENCY MEDICINE,M,1966
17441,WA,CARDIOVASCULAR DISEASE,F,1970
17442,NJ,VASCULAR & INTERVENTIONAL RADIOLOGY,M,1970
17443,NJ,PEDIATRICS,M,1970
17444,NJ,DERMATOPATHOLOGY,M,1970
17445,FL,EMERGENCY MEDICINE,M,1969
17446,IA,FAMILY MEDICINE,M,1970
17447,MO,CYTOPATHOLOGY,M,1971
17448,MI,PHYSICAL MEDICINE & REHABILITATION,M,1969
17449,NV,INTERNAL MEDICINE,M,1969
17450,LA,FAMILY MEDICINE,F,1966
17451,NH,INTERNAL MEDICINE,F,1969
17452,NC,EMERGENCY MEDICINE,M,1968
17453,MD,PEDIATRICS,F,1967
17454,LA,RHEUMATOLOGY,M,1970
17455,TX,FAMILY MEDICINE,M,1970
17456,TX,ANATOMIC/CLINICAL PATHOLOGY,F,1970
17457,TX,EMERGENCY MEDICINE,M,1970
17458,AR,DIAGNOSTIC RADIOLOGY,M,1970
17459,TX,PEDIATRIC EMERGENCY MEDICINE (PEDIATRICS),M,1969
17460,LA,PSYCHIATRY,M,1963
17461,TX,DIAGNOSTIC RADIOLOGY,M,1972
17462,TN,OBSTETRICS & GYNECOLOGY,F,1968
17463,MA,PSYCHIATRY,M,1970
17464,PA,UROLOGY,M,1970
17465,PA,EMERGENCY MEDICINE,M,1967
17466,PA,EMERGENCY MEDICINE,M,1972
17467,FL,INTERNAL MEDICINE,M,1973
17468,NY,ORTHOPEDIC SURGERY,M,1967
17469,RI,EMERGENCY MEDICINE,M,1970
17470,OH,ANATOMIC/CLINICAL PATHOLOGY,M,1970
17471,HI,HOSPITALIST,M,1966
17472,WA,ANATOMIC/CLINICAL PATHOLOGY,F,1953
17473,VA,FAMILY MEDICINE,F,1970
17474,SC,EMERGENCY MEDICINE,M,1970
17475,MD,INTERNAL MEDICINE,M,1970
17476,AZ,FAMILY MEDICINE,M,1970
17477,NC,PEDIATRICS,F,1970
17478,CO,DIAGNOSTIC RADIOLOGY,M,1970
17479,OR,INTERNAL MEDICINE,M,1970
17480,NY,UROLOGY,F,1969
17481,NY,EMERGENCY MEDICINE,M,1968
17482,NJ,DIAGNOSTIC RADIOLOGY,F,1970
17483,NY,DIAGNOSTIC RADIOLOGY,M,1967
17484,TX,CARDIOVASCULAR DISEASE,M,1971
17485,ME,CARDIOVASCULAR DISEASE,M,1970
17486,NY,EMERGENCY MEDICINE,M,1972
17487,NJ,DERMATOLOGY,M,1970
17488,FL,SELECTIVE PATHOLOGY,F,1969
17489,NV,FAMILY MEDICINE,F,1969
17490,TN,OPHTHALMOLOGY,F,1967
17491,MN,FAMILY MEDICINE,M,1965
17492,AZ,EMERGENCY MEDICINE,M,1969
17493,MI,UROLOGY,M,1970
17494,IL,CARDIOVASCULAR DISEASE,M,1971
17495,RI,DIAGNOSTIC RADIOLOGY,M,1968
17496,NH,HOSPITALIST,M,1970
17497,TX,DIAGNOSTIC RADIOLOGY,M,1969
17498,LA,INTERNAL MEDICINE,F,1971
17499,OR,GENERAL SURGERY,M,1969
17500,LA,INTERNAL MEDICINE,F,1970
17501,LA,UROLOGY,M,1970
17502,KY,DIAGNOSTIC RADIOLOGY,F,1962
17503,CA,PEDIATRICS,F,1969
17504,GA,FAMILY MEDICINE,M,1969
17505,NJ,EMERGENCY MEDICINE,M,1965
17506,CA,VASCULAR & INTERVENTIONAL RADIOLOGY,M,1968
17507,NJ,OBSTETRICS & GYNECOLOGY,M,1968
17508,PA,FAMILY MEDICINE,M,1971
17509,NJ,EMERGENCY MEDICINE,M,1970
17510,NJ,VASCULAR SURGERY,M,1969
17511,IL,PSYCHIATRY,F,1970
17512,NJ,GERIATRIC MEDICINE (FAMILY MEDICINE),M,1965
17513,FL,SPORTS MEDICINE (ORTHOPEDIC SURGERY),M,1963
17514,ID,ORTHOPEDIC SURGERY,M,1967
17515,GA,DERMATOLOGY,M,1970
17516,SC,HEMATOLOGY/ONCOLOGY,M,1968
17517,ID,INTERNAL MEDICINE,M,1967
17518,VA,HEMATOLOGY/ONCOLOGY,F,1970
17519,RI,NEURORADIOLOGY,M,1970
17520,NJ,INTERNAL MEDICINE,M,1970
17521,NJ,FAMILY MEDICINE,F,1965
17522,OH,CARDIOVASCULAR DISEASE,M,1967
17523,FL,INTERNAL MEDICINE,F,1968
17524,TX,RADIATION ONCOLOGY,F,1970
17525,NY,CARDIOVASCULAR DISEASE,M,1968
17526,MA,OBSTETRICS & GYNECOLOGY,F,1970
17527,NJ,FAMILY MEDICINE,M,1970
17528,MD,PEDIATRICS,M,1969
17529,AZ,CARDIOVASCULAR DISEASE,M,1968
17530,VT,OPHTHALMOLOGY,M,1968
17531,ME,NEPHROLOGY,M,1968
17532,KS,CARDIOVASCULAR DISEASE,M,1970
17533,IL,GASTROENTEROLOGY,M,1970
17534,WI,FAMILY MEDICINE,F,1969
17535,MN,PEDIATRICS,F,1970
17536,TX,HEMATOLOGY/ONCOLOGY,M,1970
17537,MI,FAMILY MEDICINE,F,1969
17538,MA,FAMILY MEDICINE,F,1963
17539,MA,DERMATOLOGY,F,1969
17540,TX,OTOLARYNGOLOGY,M,1970
17541,CA,EMERGENCY MEDICINE,M,1968
17542,CA,HEMATOLOGY/ONCOLOGY,M,1966
17543,IN,DIAGNOSTIC RADIOLOGY,M,1970
17544,MN,DIAGNOSTIC RADIOLOGY,M,1967
17545,IN,EMERGENCY MEDICINE,M,1970
17546,MI,INTERNAL MEDICINE/PEDIATRICS,F,1970
17547,IL,ORTHOPEDIC SURGERY,M,1970
17548,GA,DERMATOPATHOLOGY,F,1970
17549,GA,THORACIC SURGERY,M,1970
17550,GA,EMERGENCY MEDICINE,M,1960
17551,CA,RADIOLOGY,M,1971
17552,FL,ANESTHESIOLOGY,M,1970
17553,CA,CARDIOVASCULAR DISEASE,M,1962
17554,PA,CARDIOVASCULAR DISEASE,M,1967
17555,MN,DIAGNOSTIC RADIOLOGY,F,1967
17556,CA,EMERGENCY MEDICINE,M,1968
17557,CA,INTERNAL MEDICINE,M,1969
17558,SC,PSYCHIATRY,M,1968
17559,TN,DIAGNOSTIC RADIOLOGY,M,1969
17560,CO,OBSTETRICS & GYNECOLOGY,F,1966
17561,MD,INTERNAL MEDICINE,M,1970
17562,NY,EMERGENCY MEDICINE,M,1971
17563,NJ,EMERGENCY MEDICINE,M,1970
17564,PA,DIAGNOSTIC RADIOLOGY,M,1967
17565,RI,EMERGENCY MEDICINE,M,1970
17566,NV,FAMILY MEDICINE,F,1969
17567,NC,EMERGENCY MEDICINE,M,1969
17568,MI,DIAGNOSTIC RADIOLOGY,F,1970
17569,VA,CLINICAL CARDIAC ELECTROPHYSIOLOGY,M,1971
17570,NY,GENERAL SURGERY,F,1966
17571,TX,FAMILY MEDICINE,M,1968
17572,LA,PEDIATRICS,M,1969
17573,AZ,FAMILY MEDICINE,M,1968
17574,KY,FAMILY MEDICINE,F,1969
17575,CA,FAMILY MEDICINE,F,1965
17576,IL,FAMILY MEDICINE,M,1968
17577,DE,DIAGNOSTIC RADIOLOGY,M,1969
17578,CO,GENERAL SURGERY,M,1956
17579,IL,DIAGNOSTIC RADIOLOGY,M,1969
17580,MI,INTERNAL MEDICINE,M,1969
17581,CA,DIAGNOSTIC RADIOLOGY,M,1969
17582,FL,DERMATOLOGY,M,1967
17583,CA,CLINICAL CARDIAC ELECTROPHYSIOLOGY,M,1969
17584,CA,NEPHROLOGY,F,1966
17585,AR,DIAGNOSTIC RADIOLOGY,M,1968
17586,AR,FAMILY MEDICINE,M,1966
17587,MD,NURSE PRACTITIONER,F,1954
17588,MO,INTERNAL MEDICINE,F,1968
17589,MO,RADIATION ONCOLOGY,M,1970
17590,CA,RADIOLOGY,M,1969
17591,MI,FAMILY MEDICINE,M,1969
17592,MA,PEDIATRICS,F,1969
17593,VA,EMERGENCY MEDICINE,F,1968
17594,TX,ANATOMIC/CLINICAL PATHOLOGY,F,1970
17595,VA,ORTHOPEDIC SURGERY,M,1968
17596,TX,OBSTETRICS & GYNECOLOGY,F,1970
17597,KY,"ENDOCRINOLOGY, DIABETES & METABOLISM",M,1970
17598,IA,FAMILY MEDICINE,M,1969
17599,MI,EMERGENCY MEDICINE,M,1967
17600,FL,ANATOMIC PATHOLOGY,M,1969
17601,FL,OTOLARYNGOLOGY,M,1970
17602,FL,INTERNAL MEDICINE,M,1969
17603,TN,FAMILY MEDICINE,M,1963
17604,CA,DIAGNOSTIC RADIOLOGY,M,1968
17605,TX,EMERGENCY MEDICINE,M,1969
17606,CO,FAMILY MEDICINE,M,1964
17607,CA,EMERGENCY MEDICINE,M,1970
17608,CA,EMERGENCY MEDICINE,M,1970
17609,MN,DIAGNOSTIC RADIOLOGY,M,1970
17610,CA,INTERNAL MEDICINE,F,1968
17611,CA,EMERGENCY MEDICINE,M,1969
17612,TN,CARDIOVASCULAR DISEASE,M,1969
17613,LA,PSYCHIATRY,M,1968
17614,FL,HEMATOLOGY/ONCOLOGY,M,1968
17615,FL,DIAGNOSTIC RADIOLOGY,M,1969
17616,SC,PEDIATRICS,M,1968
17617,NY,CARDIOVASCULAR DISEASE,M,1971
17618,CO,FAMILY MEDICINE,F,1970
17619,CO,INTERNAL MEDICINE,M,1968
17620,FL,INTERNAL MEDICINE,M,1968
17621,TX,DIAGNOSTIC RADIOLOGY,M,1970
17622,LA,OBSTETRICS & GYNECOLOGY,M,1964
17623,NV,EMERGENCY MEDICINE,M,1963
17624,KY,FAMILY MEDICINE,F,1961
17625,NM,FAMILY MEDICINE,F,1968
17626,AZ,CARDIOVASCULAR DISEASE,M,1969
17627,IL,ORTHOPEDIC SURGERY,M,1966
17628,GA,EMERGENCY MEDICINE,M,1966
17629,CA,DIAGNOSTIC RADIOLOGY,M,1972
17630,VA,SPORTS MEDICINE (PEDIATRICS),M,1968
17631,CA,EMERGENCY MEDICINE,M,1967
17632,CO,PEDIATRICS,M,1969
17633,CA,FAMILY MEDICINE,F,1968
17634,CA,FAMILY MEDICINE,M,1965
17635,NY,PEDIATRICS,M,1970
17636,AR,ANATOMIC/CLINICAL PATHOLOGY,F,1971
17637,MD,HEMATOLOGY/ONCOLOGY,M,1969
17638,CA,CARDIOVASCULAR DISEASE,F,1969
17639,AR,NEPHROLOGY,M,1969
17640,AR,EMERGENCY MEDICINE,M,1969
17641,AZ,OBSTETRICS & GYNECOLOGY,M,1971
17642,TX,ANESTHESIOLOGY,M,1970
17643,NC,NURSE PRACTITIONER,M,1952
17644,FL,GENERAL PREVENTIVE MEDICINE,F,1969
17645,PA,CARDIOVASCULAR DISEASE,M,1968
17646,CA,CARDIOVASCULAR DISEASE,M,1967
17647,KY,CARDIOVASCULAR DISEASE,M,1966
17648,FL,NEUROLOGY,F,1954
17649,NY,INTERNAL MEDICINE,M,1958
17650,NC,FAMILY MEDICINE,M,1970
17651,MD,HEMATOLOGY (PATHOLOGY),M,1965
17652,TN,INTERNAL MEDICINE,M,1963
17653,CA,RHEUMATOLOGY,M,1970
17654,SC,FAMILY MEDICINE,F,1963
17655,GA,PEDIATRICS,F,1969
17656,FL,EMERGENCY MEDICINE,M,1970
17657,CA,FAMILY MEDICINE,F,1967
17658,CA,FAMILY MEDICINE,F,1964
17659,CA,EMERGENCY MEDICINE,M,1970
17660,CA,FAMILY MEDICINE,M,1969
17661,MD,EMERGENCY MEDICINE,M,1970
17662,CA,EMERGENCY MEDICINE,M,1965
17663,AR,DIAGNOSTIC RADIOLOGY,M,1969
17664,AZ,FAMILY MEDICINE,F,1969
17665,CT,NURSE PRACTITIONER,M,
17666,CA,GENERAL PRACTICE,F,1949
17667,TN,PEDIATRICS,M,1965
17668,NC,PULMONARY DISEASE,M,1962
17669,AZ,GASTROENTEROLOGY,M,1966
17670,MD,INTERNAL MEDICINE,M,1959
17671,MI,EMERGENCY MEDICINE,M,1967
17672,MI,CARDIOVASCULAR DISEASE,M,1970
17673,NY,PEDIATRICS,M,1964
17674,NY,PODIATRIST,M,
17675,AZ,FAMILY MEDICINE,M,1962
17676,OH,INTERNAL MEDICINE,M,1961
17677,IL,INTERNAL MEDICINE,M,1966
17678,MD,FAMILY MEDICINE,M,1959
17679,TX,RHEUMATOLOGY,M,1966
17680,TX,INTERNAL MEDICINE,M,1961
17681,IA,INTERNAL MEDICINE,F,1967
17682,FL,CARDIOVASCULAR DISEASE,M,1968
17683,AR,PSYCHIATRY,M,1968
17684,AR,FAMILY MEDICINE,M,1967
17685,AL,FAMILY MEDICINE,M,1968
17686,OR,NURSE PRACTITIONER,F,1965
17687,MS,INFECTIOUS DISEASE,M,1955
17688,FL,INTERNAL MEDICINE,M,1964
17689,MI,INTERNAL MEDICINE,M,1965
17690,FL,INTERNAL MEDICINE,F,1968
17691,NJ,CARDIOVASCULAR DISEASE,F,1968
17692,PA,INTERNAL MEDICINE,F,1970
17693,TX,PEDIATRICS,M,1968
17694,MD,FAMILY MEDICINE,F,1967
17695,PA,INTERNAL MEDICINE,F,1970
17696,OH,INTERNAL MEDICINE,M,1970
17697,NM,INTERNAL MEDICINE,M,1967
17698,TX,PULMONARY CRITICAL CARE MEDICINE,M,1968
17699,VA,OTOLARYNGOLOGY,M,1966
17700,MI,INTERNAL MEDICINE,F,1968
17701,FL,ALLERGY & IMMUNOLOGY,F,1969
17702,SC,FAMILY MEDICINE,M,1964
17703,CA,PEDIATRICS,F,1962
17704,NY,PEDIATRICS,M,1960
17705,MI,INTERNAL MEDICINE,M,1961
17706,IN,PSYCHIATRY,M,1970
17707,FL,GASTROENTEROLOGY,M,1961
17708,TX,"ENDOCRINOLOGY, DIABETES & METABOLISM",M,1968
17709,FL,INTERNAL MEDICINE,F,1963
17710,CA,GASTROENTEROLOGY,M,1958
17711,DC,PEDIATRICS,F,1956
17712,CA,PEDIATRICS,M,1966
17713,FL,CARDIOVASCULAR DISEASE,M,1966
17714,MI,DERMATOLOGY,M,1961
17715,FL,HEMATOLOGY (INTERNAL MEDICINE),F,1969
17716,TX,PHYSICIAN ASSISTANT,F,1967
17717,FL,NEUROLOGY,M,1957
17718,WI,INTERNAL MEDICINE,M,1962
17719,TX,NEPHROLOGY,M,1955
17720,WA,PHYSICIAN ASSISTANT,M,1963
17721,WA,DIAGNOSTIC RADIOLOGY,M,1968
17722,FL,NEUROLOGY,M,1964
17723,NJ,PEDIATRICS,F,1963
17724,NJ,CARDIOVASCULAR DISEASE,F,1971
17725,FL,ANATOMIC/CLINICAL PATHOLOGY,F,1968
17726,NY,FAMILY MEDICINE,F,1958
17727,NY,FAMILY MEDICINE,F,1955
17728,FL,INTERNAL MEDICINE,M,1967
17729,FL,CARDIOVASCULAR DISEASE,F,1968
17730,NY,GASTROENTEROLOGY,M,1958
17731,TX,INTERNAL MEDICINE,M,1959
17732,WI,PHYSICIAN ASSISTANT,M,1957
17733,WA,PHYSICIAN ASSISTANT,M,1949
17734,OR,NURSE PRACTITIONER,F,1953
17735,TX,PODIATRIST,M,1965
17736,MO,PSYCHIATRY,M,1967
17737,CA,INTERNAL MEDICINE,F,1965
17738,IL,ANATOMIC/CLINICAL PATHOLOGY,F,1958
17739,MD,NURSE PRACTITIONER,F,
17740,FL,PODIATRIST,M,1956
17741,MI,"ENDOCRINOLOGY, DIABETES & METABOLISM",M,1966
17742,FL,INTERNAL MEDICINE,F,1967
17743,GA,FAMILY MEDICINE,M,1954
17744,NY,INTERNAL MEDICINE/PEDIATRICS,F,1962
17745,IL,"ENDOCRINOLOGY, DIABETES & METABOLISM",F,1966
17746,TX,PEDIATRICS,M,1962
17747,LA,INTERNAL MEDICINE,M,1967
17748,NY,INTERNAL MEDICINE,F,1965
17749,GA,INTERNAL MEDICINE,M,1966
17750,FL,PEDIATRICS,F,1966
17751,MN,RADIOLOGY,M,1969
17752,AR,NEPHROLOGY,M,1960
17753,VA,FAMILY MEDICINE,M,1953
17754,NY,INTERNAL MEDICINE,M,1961
17755,FL,DIAGNOSTIC RADIOLOGY,M,1960
17756,VA,PEDIATRICS,F,1966
17757,MO,PULMONARY CRITICAL CARE MEDICINE,M,1969
17758,IL,FAMILY MEDICINE,M,1968
17759,FL,DIAGNOSTIC RADIOLOGY,M,1948
17760,WV,PODIATRIST,M,1965
17761,IL,ANATOMIC/CLINICAL PATHOLOGY,M,1966
17762,LA,DIAGNOSTIC RADIOLOGY,M,1961
17763,FL,GASTROENTEROLOGY,M,1968
17764,NY,FAMILY MEDICINE,M,1962
17765,NY,INTERNAL MEDICINE,M,1963
17766,NJ,DIAGNOSTIC RADIOLOGY,M,1967
17767,AZ,NURSE PRACTITIONER,F,1955
17768,AZ,NURSE PRACTITIONER,F,
17769,PA,CARDIOVASCULAR DISEASE,M,1969
17770,NY,PEDIATRICS,M,1964
17771,WV,PULMONARY DISEASE,M,1970
17772,NY,PEDIATRIC CRITICAL CARE MEDICINE,M,1968
17773,CO,EMERGENCY MEDICINE,F,1967
17774,FL,CARDIOVASCULAR DISEASE,M,1968
17775,CA,NEPHROLOGY,M,1966
17776,WA,HEMATOLOGY/ONCOLOGY,F,1966
17777,TX,CARDIOVASCULAR DISEASE,M,1965
17778,MA,INTERNAL MEDICINE,F,1967
17779,DE,VASCULAR & INTERVENTIONAL RADIOLOGY,M,1970
17780,NM,NURSE PRACTITIONER,F,1955
17781,VA,PEDIATRICS,F,1967
17782,PA,PSYCHIATRY,M,1956
17783,PA,PULMONARY CRITICAL CARE MEDICINE,M,1971
17784,LA,PODIATRIST,M,
17785,CA,OPTOMETRIST,M,
17786,AZ,FAMILY MEDICINE,F,1963
17787,MA,CARDIOVASCULAR DISEASE,F,1967
17788,MA,INTERNAL MEDICINE,M,1966
17789,OH,INTERNAL MEDICINE,M,1963
17790,NY,PEDIATRICS,F,1968
17791,CT,INTERNAL MEDICINE/PEDIATRICS,F,1965
17792,HI,INTERNAL MEDICINE,M,1966
17793,AL,CARDIOVASCULAR DISEASE,M,1968
17794,ID,OBSTETRICS & GYNECOLOGY,M,1964
17795,FL,FAMILY MEDICINE,M,1950
17796,NJ,EMERGENCY MEDICINE,M,1969
17797,NJ,INTERNAL MEDICINE,M,1969
17798,CO,FAMILY MEDICINE,F,1969
17799,FL,EMERGENCY MEDICINE,M,1968
17800,IL,FAMILY MEDICINE,M,1968
17801,FL,PEDIATRICS,F,1960
17802,MI,OBSTETRICS & GYNECOLOGY,F,1967
17803,TX,PEDIATRICS,M,1965
17804,VA,PEDIATRICS,M,1961
17805,PA,FAMILY MEDICINE,M,1962
17806,IN,ANATOMIC/CLINICAL PATHOLOGY,F,1961
17807,WA,HEMATOLOGY/ONCOLOGY,M,1960
17808,MA,FAMILY MEDICINE,M,1966
17809,FL,CARDIOVASCULAR DISEASE,M,1970
17810,AZ,NURSE PRACTITIONER,F,
17811,OH,FAMILY MEDICINE,M,1969
17812,PA,EMERGENCY MEDICINE,M,1966
17813,NV,GASTROENTEROLOGY,M,1967
17814,CO,INTERNAL MEDICINE,M,1964
17815,PA,GASTROENTEROLOGY,M,1968
17816,FL,PEDIATRIC RADIOLOGY,M,1958
17817,CA,PSYCHIATRY,M,1959
17818,CT,INTERNAL MEDICINE,M,1961
17819,TX,FAMILY MEDICINE,M,1954
17820,NY,INTERNAL MEDICINE,M,1968
17821,MD,PULMONARY DISEASE,M,1965
17822,SC,INTERNAL MEDICINE,M,1960
17823,GA,INTERNAL MEDICINE,M,1959
17824,CA,SELECTIVE PATHOLOGY,F,1963
17825,TX,HEMATOLOGY/ONCOLOGY,F,1964
17826,AZ,PULMONARY CRITICAL CARE MEDICINE,M,1966
17827,CA,NEURORADIOLOGY,F,1965
17828,MD,SURGICAL CRITICAL CARE (SURGERY),F,1965
17829,NY,INTERNAL MEDICINE,M,1963
17830,WI,EMERGENCY MEDICINE,F,1968
17831,FL,ANATOMIC/CLINICAL PATHOLOGY,F,1960
17832,WI,EMERGENCY MEDICINE,M,1968
17833,NC,ANESTHESIOLOGY,M,1969
17834,FL,DIAGNOSTIC RADIOLOGY,M,1968
17835,FL,GASTROENTEROLOGY,M,1967
17836,FL,INTERNAL MEDICINE,M,1965
17837,FL,PULMONARY CRITICAL CARE MEDICINE,M,1969
17838,TX,CARDIOVASCULAR DISEASE,M,1967
17839,MO,FAMILY MEDICINE,F,1970
17840,NY,EMERGENCY MEDICINE,M,1968
17841,TX,OBSTETRICS & GYNECOLOGY,M,1968
17842,FL,FAMILY MEDICINE,F,1970
17843,AZ,ORTHOPEDIC SURGERY,M,1968
17844,WA,FAMILY MEDICINE,M,1964
17845,CA,DIAGNOSTIC RADIOLOGY,M,1969
17846,OK,FAMILY MEDICINE,M,1968
17847,PA,FAMILY MEDICINE,M,1968
17848,NJ,CARDIOVASCULAR DISEASE,F,1969
17849,NJ,DIAGNOSTIC RADIOLOGY,M,1968
17850,OH,EMERGENCY MEDICINE,M,1969
17851,PA,FAMILY MEDICINE,M,1970
17852,PA,HOSPITALIST,M,1961
17853,OH,EMERGENCY MEDICINE,M,1961
17854,MI,DIAGNOSTIC RADIOLOGY,M,1967
17855,FL,INTERNAL MEDICINE,F,1970
17856,NV,CARDIOVASCULAR DISEASE,M,1963
17857,NC,NEUROLOGY,M,1957
17858,MA,GENERAL SURGERY,M,1957
17859,CA,FAMILY MEDICINE,M,1960
17860,WV,INTERNAL MEDICINE,M,1967
17861,OH,INTERNAL MEDICINE,F,1968
17862,VA,FAMILY MEDICINE,M,1959
17863,TN,EMERGENCY MEDICINE,M,1967
17864,PA,CRITICAL CARE MEDICINE (ANESTHESIOLOGY),M,1967
17865,TX,INTERNAL MEDICINE,F,1969
17866,TX,FAMILY MEDICINE,F,1968
17867,TX,INTERNAL MEDICINE,F,1967
17868,TX,PLASTIC SURGERY,M,1969
17869,TX,INTERNAL MEDICINE,M,1967
17870,SC,CARDIOVASCULAR DISEASE,M,1969
17871,TN,PEDIATRICS,F,1969
17872,SD,FAMILY MEDICINE,M,1968
17873,CA,INTERNAL MEDICINE,M,1961
17874,FL,DERMATOPATHOLOGY,F,1969
17875,FL,INTERNAL MEDICINE,M,1968
17876,FL,OPTOMETRIST,M,1964
17877,MI,FAMILY MEDICINE,M,1969
17878,CO,FAMILY MEDICINE,F,1967
17879,OH,EMERGENCY MEDICINE,M,1967
17880,NJ,PEDIATRICS,M,1957
17881,MI,CARDIOVASCULAR DISEASE,M,
17882,FL,NEPHROLOGY,M,1960
17883,FL,GASTROENTEROLOGY,F,1970
17884,CA,PULMONARY DISEASE,M,1966
17885,NV,DIAGNOSTIC RADIOLOGY,M,1969
17886,CA,FAMILY MEDICINE,M,1967
17887,NY,FAMILY MEDICINE,F,1969
17888,AZ,EMERGENCY MEDICINE,M,1963
17889,OH,FAMILY MEDICINE,F,1966
17890,MD,DIAGNOSTIC RADIOLOGY,F,1964
17891,CA,FAMILY MEDICINE,F,1957
17892,WA,INTERNAL MEDICINE,M,1968
17893,TX,ORAL & MAXILLOFACIAL SURGERY,M,1955
17894,TX,FAMILY MEDICINE,F,1966
17895,TX,NEUROLOGICAL SURGERY,M,1968
17896,TX,INTERNAL MEDICINE,M,1968
17897,TN,INTERNAL MEDICINE,M,1969
17898,CA,INTERNAL MEDICINE,M,1961
17899,TN,INTERNAL MEDICINE/PEDIATRICS,M,1969
17900,FL,RHEUMATOLOGY,M,1970
17901,TN,THORACIC SURGERY,M,1969
17902,NJ,INFECTIOUS DISEASE,M,1969
17903,CA,DIAGNOSTIC RADIOLOGY,F,1951
17904,TX,PEDIATRICS,F,1968
17905,PA,OBSTETRICS & GYNECOLOGY,F,1966
17906,TN,ANATOMIC/CLINICAL PATHOLOGY,F,1967
17907,MO,DIAGNOSTIC RADIOLOGY,M,1968
17908,OR,INTERNAL MEDICINE,M,1958
17909,OH,DIAGNOSTIC RADIOLOGY,M,1960
17910,OH,HOSPITALIST,M,1969
17911,OH,DERMATOLOGY,M,1969
17912,NC,FAMILY MEDICINE,F,1969
17913,NC,GYNECOLOGY,F,1968
17914,GA,FAMILY MEDICINE,M,1964
17915,NJ,EMERGENCY MEDICINE,M,1969
17916,NY,EMERGENCY MEDICINE,M,1968
17917,IA,FAMILY MEDICINE,M,1968
17918,FL,EMERGENCY MEDICINE,M,1969
17919,NJ,EMERGENCY MEDICINE,M,1968
17920,NJ,INTERNAL MEDICINE,M,1968
17921,FL,EMERGENCY MEDICINE,M,1967
17922,OH,EMERGENCY MEDICINE,M,1967
17923,AZ,EMERGENCY MEDICINE,M,1967
17924,CA,EMERGENCY MEDICINE,M,1962
17925,GA,INTERNAL MEDICINE,F,1958
17926,MI,INTERNAL MEDICINE,F,1963
17927,MD,CARDIOVASCULAR DISEASE,M,1967
17928,NY,CARDIOVASCULAR DISEASE,M,1965
17929,MO,INTERNAL MEDICINE,F,1960
17930,AZ,FAMILY MEDICINE,M,1964
17931,KY,FAMILY MEDICINE,M,1969
17932,TN,EMERGENCY MEDICINE,M,1961
17933,CO,NEURORADIOLOGY,M,1967
17934,TX,ANATOMIC/CLINICAL PATHOLOGY,M,1970
17935,TX,FAMILY MEDICINE,M,1968
17936,TN,EMERGENCY MEDICINE,M,1968
17937,NV,CARDIOVASCULAR DISEASE,M,1969
17938,MA,ANATOMIC/CLINICAL PATHOLOGY,M,1967
17939,GA,FAMILY MEDICINE,M,1957
17940,NY,FAMILY MEDICINE,M,1963
17941,TX,ANATOMIC/CLINICAL PATHOLOGY,F,1963
17942,TX,FAMILY MEDICINE,M,1959
17943,MN,VASCULAR & INTERVENTIONAL RADIOLOGY,M,1968
17944,WI,FAMILY MEDICINE,M,1966
17945,OH,FAMILY MEDICINE,M,1969
17946,VA,PEDIATRIC CARDIOLOGY,M,1970
17947,TX,OBSTETRICS & GYNECOLOGY,M,1966
17948,TX,DERMATOLOGY,M,1969
17949,MS,PEDIATRICS,F,1969
17950,TX,EMERGENCY MEDICINE,M,1946
17951,CA,INTERVENTIONAL CARDIOLOGY,M,1965
17952,SC,DIAGNOSTIC RADIOLOGY,M,1964
17953,MD,INTERNAL MEDICINE,F,1963
17954,OH,DIAGNOSTIC RADIOLOGY,M,1965
17955,NC,FAMILY MEDICINE,M,1965
17956,MD,INTERNAL MEDICINE/PEDIATRICS,M,1962
17957,TN,EMERGENCY MEDICINE,M,1969
17958,PA,EMERGENCY MEDICINE,M,1969
17959,NJ,ANESTHESIOLOGY,M,1970
17960,IN,MEDICAL ONCOLOGY,M,1969
17961,VA,CLINICAL CARDIAC ELECTROPHYSIOLOGY,M,1961
17962,NY,CARDIOVASCULAR DISEASE,M,1962
17963,TX,FAMILY MEDICINE,F,1966
17964,FL,INTERNAL MEDICINE,M,1965
17965,TX,FAMILY MEDICINE,M,1965
17966,WI,FAMILY MEDICINE,M,1967
17967,VA,EMERGENCY MEDICINE,M,1964
17968,FL,ANATOMIC/CLINICAL PATHOLOGY,M,1969
17969,TX,PEDIATRICS,M,1969
17970,TX,INTERNAL MEDICINE,F,1969
17971,IN,INTERNAL MEDICINE/PEDIATRICS,M,1967
17972,SC,PEDIATRICS,M,1968
17973,CA,PULMONARY CRITICAL CARE MEDICINE,F,1969
17974,WA,PEDIATRICS,F,1969
17975,TX,FAMILY MEDICINE,M,1958
17976,TX,ORTHOPEDIC SURGERY,M,1969
17977,FL,UROLOGY,M,1969
17978,TX,INTERNAL MEDICINE/PEDIATRICS,F,1962
17979,TN,FAMILY MEDICINE,M,1961
17980,AL,OPHTHALMOLOGY,M,1968
17981,SC,PEDIATRIC HEMATOLOGY/ONCOLOGY,F,1969
17982,TX,GENERAL SURGERY,M,1969
17983,PA,INTERNAL MEDICINE,F,1971
17984,PA,INTERNAL MEDICINE,M,1969
17985,NY,PEDIATRICS,M,1970
17986,NY,NEUROLOGY,F,1969
17987,CA,GASTROENTEROLOGY,M,1969
17988,NY,PEDIATRICS,M,1969
17989,NY,EMERGENCY MEDICINE,F,1964
17990,NY,PEDIATRICS,M,1971
17991,NY,EMERGENCY MEDICINE,F,1969
17992,CA,INTERNAL MEDICINE,M,1963
17993,MO,DIAGNOSTIC RADIOLOGY,M,1969
17994,AR,OBSTETRICS & GYNECOLOGY,M,1968
17995,MN,FAMILY MEDICINE,M,1966
17996,MN,INTERNAL MEDICINE,M,1966
17997,MI,EMERGENCY MEDICINE,M,1968
17998,FL,FAMILY MEDICINE,F,1964
17999,CO,DIAGNOSTIC RADIOLOGY,M,1969
18000,MN,DIAGNOSTIC RADIOLOGY,M,1967
18001,CO,EMERGENCY MEDICINE,M,1969
18002,VA,PEDIATRICS,F,1969
18003,WY,FAMILY MEDICINE,M,1967
18004,TX,DIAGNOSTIC RADIOLOGY,M,1970
18005,TX,INTERNAL MEDICINE,M,1968
18006,TX,INTERNAL MEDICINE,F,1970
18007,TX,DIAGNOSTIC RADIOLOGY,F,1969
18008,KY,ORTHOPEDIC SURGERY,M,1968
18009,SD,FAMILY MEDICINE,M,1969
18010,SC,INTERNAL MEDICINE,M,1952
18011,TX,PEDIATRICS,M,1968
18012,MD,CARDIOVASCULAR DISEASE,M,1969
18013,GA,FAMILY MEDICINE,F,1968
18014,NJ,DIAGNOSTIC RADIOLOGY,M,1957
18015,PA,ORTHOPEDIC SURGERY,M,1969
18016,OH,EMERGENCY MEDICINE,M,1969
18017,OH,EMERGENCY MEDICINE,M,1968
18018,OH,INTERNAL MEDICINE,M,1968
18019,FL,EMERGENCY MEDICINE,M,1969
18020,MA,CARDIOVASCULAR DISEASE,M,1969
18021,PA,FAMILY MEDICINE,F,1968
18022,VA,ORTHOPEDIC SURGERY,M,1969
18023,NJ,CLINICAL CARDIAC ELECTROPHYSIOLOGY,M,1970
18024,NY,EMERGENCY MEDICINE,M,1968
18025,NY,INTERNAL MEDICINE,F,1969
18026,NY,INTERNAL MEDICINE,M,1967
18027,NV,EMERGENCY MEDICINE,M,1961
18028,OK,FAMILY MEDICINE,M,1969
18029,VA,INTERNAL MEDICINE,M,1967
18030,MI,INFECTIOUS DISEASE,F,1968
18031,OH,FAMILY MEDICINE,M,1963
18032,MA,OBSTETRICS & GYNECOLOGY,F,1966
18033,MD,VASCULAR & INTERVENTIONAL RADIOLOGY,M,1968
18034,MS,OBSTETRICS & GYNECOLOGY,M,1961
18035,OR,EMERGENCY MEDICINE,M,1968
18036,NY,NEUROLOGY,M,1968
18037,FL,CLINICAL PATHOLOGY,F,1955
18038,KS,FAMILY MEDICINE,M,1957
18039,AZ,DIAGNOSTIC RADIOLOGY,M,1969
18040,MI,FAMILY MEDICINE,M,1967
18041,MI,INTERNAL MEDICINE,M,1969
18042,MI,FAMILY MEDICINE,F,1968
18043,FL,OBSTETRICS & GYNECOLOGY,F,1969
18044,RI,EMERGENCY MEDICINE,M,1969
18045,MA,PEDIATRICS,F,1963
18046,MA,FAMILY MEDICINE,F,1969
18047,SC,OPHTHALMOLOGY,M,1969
18048,VA,DIAGNOSTIC RADIOLOGY,F,1968
18049,LA,GENERAL SURGERY,F,1961
18050,CA,DIAGNOSTIC RADIOLOGY,M,1971
18051,GA,DERMATOLOGIC SURGERY,F,1970
18052,MN,NEPHROLOGY,F,1969
18053,NV,FAMILY MEDICINE,M,1959
18054,TX,FAMILY MEDICINE,M,1964
18055,CA,INTERNAL MEDICINE,M,1966
18056,CA,EMERGENCY MEDICINE,M,1968
18057,CA,INTERNAL MEDICINE,M,1968
18058,WA,INTERNAL MEDICINE,F,1967
18059,MD,EMERGENCY MEDICINE,M,1969
18060,CA,PEDIATRIC EMERGENCY MEDICINE (PEDIATRICS),F,1969
18061,OH,NEUROLOGY,M,1952
18062,OH,EMERGENCY MEDICINE,M,1970
18063,AK,PEDIATRICS,M,1968
18064,NC,INTERNAL MEDICINE/PEDIATRICS,F,1968
18065,NY,PEDIATRICS,F,1969
18066,NC,INTERNAL MEDICINE,M,1968
18067,MI,ANATOMIC PATHOLOGY,M,1970
18068,NY,INTERNAL MEDICINE,M,1969
18069,NY,DIAGNOSTIC RADIOLOGY,M,1969
18070,NY,GASTROENTEROLOGY,F,1966
18071,NY,OBSTETRICS & GYNECOLOGY,F,1968
18072,GA,INTERNAL MEDICINE,M,1966
18073,MA,PEDIATRICS,F,1968
18074,MA,INTERNAL MEDICINE,F,1966
18075,NV,CARDIOVASCULAR DISEASE,M,1967
18076,CA,DIAGNOSTIC RADIOLOGY,M,1968
18077,NE,NEUROLOGICAL SURGERY,M,1969
18078,MN,INTERNAL MEDICINE,M,1968
18079,MN,GASTROENTEROLOGY,M,1968
18080,FL,INTERNAL MEDICINE,F,1969
18081,MI,INTERNAL MEDICINE,M,1969
18082,MI,GENERAL SURGERY,M,1969
18083,NY,DIAGNOSTIC RADIOLOGY,M,1969
18084,NY,CLINICAL CARDIAC ELECTROPHYSIOLOGY,M,1971
18085,DC,NEURORADIOLOGY,F,1970
18086,NJ,EMERGENCY MEDICINE,M,1965
18087,MN,INTERNAL MEDICINE,F,1967
18088,KS,PEDIATRICS,F,1971
18089,TX,OPHTHALMOLOGY,M,1969
18090,MD,NEUROLOGY,F,1960
18091,HI,PSYCHIATRY,F,1967
18092,IN,HOSPITALIST,M,1968
18093,MI,FAMILY MEDICINE,M,1969
18094,MI,EMERGENCY MEDICINE,M,1967
18095,WA,PEDIATRIC PULMONOLOGY,M,1969
18096,MO,EMERGENCY MEDICINE,M,1968
18097,FL,INTERNAL MEDICINE,F,1969
18098,FL,EMERGENCY MEDICINE,M,1967
18099,FL,CRITICAL CARE MEDICINE (ANESTHESIOLOGY),M,1969
18100,NJ,EMERGENCY MEDICINE,M,1969
18101,NH,NEUROLOGY,M,1968
18102,DC,PEDIATRIC HEMATOLOGY/ONCOLOGY,M,1969
18103,AZ,OTOLARYNGOLOGY,M,1963
18104,CA,ANESTHESIOLOGY,M,1967
18105,WA,EMERGENCY MEDICINE,M,1961
18106,NC,EMERGENCY MEDICINE,M,1969
18107,SC,INTERNAL MEDICINE,M,1968
18108,WA,DIAGNOSTIC RADIOLOGY,M,1964
18109,FL,PEDIATRICS,F,1969
18110,NC,OTOLARYNGOLOGY,M,1969
18111,NH,EMERGENCY MEDICINE,M,1969
18112,CA,DIAGNOSTIC RADIOLOGY,M,1969
18113,NY,FAMILY MEDICINE,F,1969
18114,FL,CARDIOVASCULAR DISEASE,F,1968
18115,MD,PEDIATRIC EMERGENCY MEDICINE (PEDIATRICS),F,1970
18116,NJ,VASCULAR & INTERVENTIONAL RADIOLOGY,M,1968
18117,IA,FAMILY MEDICINE,M,1965
18118,MD,FAMILY MEDICINE,M,1968
18119,MA,CARDIOVASCULAR DISEASE,F,1968
18120,TN,OTOLARYNGOLOGY,M,1968
18121,SC,FAMILY MEDICINE,M,1969
18122,NC,FAMILY MEDICINE,M,1970
18123,TN,INTERNAL MEDICINE,F,1969
18124,MN,FAMILY MEDICINE,F,1970
18125,CO,INTERNAL MEDICINE,F,1968
18126,MI,INTERNAL MEDICINE,F,1962
18127,KS,EMERGENCY MEDICINE,M,1968
18128,MI,UROLOGY,M,1966
18129,GA,FAMILY MEDICINE,F,1970
18130,NM,RADIOLOGY,M,1959
18131,MI,ANATOMIC/CLINICAL PATHOLOGY,M,1967
18132,NJ,VASCULAR & INTERVENTIONAL RADIOLOGY,M,1969
18133,MA,ADOLESCENT MEDICINE (PEDIATRICS),F,1967
18134,ME,"ENDOCRINOLOGY, DIABETES & METABOLISM",M,1967
18135,NV,EMERGENCY MEDICINE,F,1968
18136,FL,EMERGENCY MEDICINE,M,1962
18137,IL,ORTHOPEDIC SURGERY,M,1967
18138,HI,ANATOMIC/CLINICAL PATHOLOGY,M,1967
18139,AL,INTERNAL MEDICINE,F,1969
18140,NC,INTERNAL MEDICINE,M,1969
18141,GA,FAMILY MEDICINE,M,1964
18142,FL,HOSPITALIST,M,1970
18143,FL,DERMATOLOGY,M,1968
18144,AZ,UROLOGY,M,1969
18145,AL,GASTROENTEROLOGY,M,1966
18146,CA,PEDIATRICS,F,1970
18147,CO,EMERGENCY MEDICINE,F,1969
18148,UT,DIAGNOSTIC RADIOLOGY,M,1966
18149,AR,PEDIATRICS,M,1969
18150,AL,DERMATOPATHOLOGY,F,1969
18151,TX,PLASTIC SURGERY,M,1973
18152,WA,FAMILY MEDICINE,F,1968
18153,MD,DIAGNOSTIC RADIOLOGY,F,1964
18154,MD,DERMATOLOGY,F,1969
18155,NY,EMERGENCY MEDICINE,M,1968
18156,NJ,NEUROLOGY,M,1962
18157,NJ,INTERNAL MEDICINE,M,1969
18158,IL,PEDIATRICS,M,1969
18159,CA,OPHTHALMOLOGY,M,1967
18160,MS,GASTROENTEROLOGY,M,1969
18161,SD,FAMILY MEDICINE,M,1953
18162,MI,VASCULAR & INTERVENTIONAL RADIOLOGY,M,1969
18163,CO,EMERGENCY MEDICINE,M,1971
18164,MA,PEDIATRIC RADIOLOGY,F,1965
18165,CA,FAMILY MEDICINE,F,1969
18166,MN,FAMILY MEDICINE,F,1962
18167,KY,DERMATOLOGY,F,1964
18168,CA,FAMILY MEDICINE,M,1967
18169,CA,FAMILY MEDICINE,M,1968
18170,CA,NEPHROLOGY,F,1960
18171,CA,FAMILY MEDICINE,M,1966
18172,IL,INTERNAL MEDICINE,F,1965
18173,IL,DERMATOLOGY,M,1970
18174,GA,DERMATOPATHOLOGY,M,1960
18175,CA,CARDIOVASCULAR DISEASE,M,1968
18176,MD,EMERGENCY MEDICINE,M,1969
18177,VA,OTOLARYNGOLOGY,M,1964
18178,IN,FAMILY MEDICINE,M,1967
18179,CA,INTERNAL MEDICINE,F,1967
18180,IL,FAMILY MEDICINE,M,1968
18181,OH,ANATOMIC/CLINICAL PATHOLOGY,F,1969
18182,NY,OTOLARYNGOLOGY,M,1969
18183,MN,DIAGNOSTIC RADIOLOGY,M,1968
18184,FL,FAMILY MEDICINE,M,1969
18185,FL,FAMILY MEDICINE,F,1969
18186,CA,FAMILY MEDICINE,M,1963
18187,NM,NUCLEAR MEDICINE,M,1956
18188,ID,PHYSICIAN ASSISTANT,M,1966
18189,MA,PHYSICIAN ASSISTANT,M,1975
18190,TX,EPILEPSY,M,1965
18191,MO,PSYCHIATRY,M,1965
18192,CA,PHYSICIAN ASSISTANT,M,1955
18193,WA,PULMONARY DISEASE,M,1969
18194,MI,CYTOPATHOLOGY,M,1969
18195,CA,SELECTIVE PATHOLOGY,F,1969
18196,MA,CARDIOVASCULAR DISEASE,M,1969
18197,FL,FAMILY MEDICINE,M,1966
18198,CA,FAMILY MEDICINE,M,1957
18199,KY,EMERGENCY MEDICINE,M,1966
18200,CA,PEDIATRICS,F,1969
18201,MD,DERMATOLOGY,M,1969
18202,LA,NEPHROLOGY,M,1968
18203,NV,EMERGENCY MEDICINE,M,1969
18204,SC,EMERGENCY MEDICINE,M,1968
18205,IL,FAMILY MEDICINE,M,1968
18206,CA,INTERNAL MEDICINE,M,1969
18207,MI,UROLOGY,M,1969
18208,FL,EMERGENCY MEDICINE,M,1969
18209,GA,FAMILY MEDICINE,M,1969
18210,FL,VASCULAR & INTERVENTIONAL RADIOLOGY,M,1968
18211,CO,DIAGNOSTIC RADIOLOGY,M,1962
18212,MN,FAMILY MEDICINE,F,1969
18213,LA,PEDIATRICS,F,1964
18214,CA,INTERNAL MEDICINE,M,1965
18215,CA,EMERGENCY MEDICINE,F,1968
18216,CA,NEUROLOGY,M,1968
18217,FL,CARDIOVASCULAR DISEASE,M,1962
18218,GA,INTERNAL MEDICINE,M,1969
18219,MA,INTERNAL MEDICINE,M,1966
18220,CO,NUCLEAR MEDICINE,M,1969
18221,CA,OTOLARYNGOLOGY,M,1969
18222,CA,FAMILY MEDICINE,F,1963
18223,CA,PEDIATRIC RADIOLOGY,F,1968
18224,CA,GENERAL SURGERY,F,1971
18225,TX,CARDIOVASCULAR DISEASE,M,1965
18226,VA,INTERNAL MEDICINE,M,1964
18227,PA,CARDIOVASCULAR DISEASE,F,1968
18228,MA,DIAGNOSTIC RADIOLOGY,F,1951
18229,FL,CARDIOVASCULAR DISEASE,M,1962
18230,AK,PULMONARY CRITICAL CARE MEDICINE,M,1964
18231,CA,INTERNAL MEDICINE,M,1961
18232,MA,CLINICAL NEUROPHYSIOLOGY,F,1962
18233,FL,NEUROLOGY,M,1963
18234,WA,VASCULAR & INTERVENTIONAL RADIOLOGY,M,1969
18235,IL,INTERNAL MEDICINE,M,1970
18236,GA,PEDIATRICS,F,1969
18237,GA,PEDIATRICS,M,1963
18238,FL,DERMATOLOGY,M,1968
18239,VA,DERMATOLOGY,M,1968
18240,CA,FAMILY MEDICINE,M,1967
18241,MA,PHYSICIAN ASSISTANT,F,1973
18242,CA,TRANSPLANT HEPATOLOGY (INTERNAL MEDICINE),M,1953
18243,WA,OTOLARYNGOLOGY,M,1967
18244,TX,PEDIATRICS,M,1960
18245,TX,INTERNAL MEDICINE,F,1968
18246,TX,SELECTIVE PATHOLOGY,F,1964
18247,SC,INTERNAL MEDICINE,M,1962
18248,CA,FAMILY MEDICINE,F,1962
18249,FL,FAMILY MEDICINE,F,1964
18250,AZ,INTERNAL MEDICINE,F,1963
18251,FL,CARDIOVASCULAR DISEASE,M,1968
18252,RI,PSYCHIATRY,M,1965
18253,CA,INTERNAL MEDICINE,M,1961
18254,NY,PULMONARY CRITICAL CARE MEDICINE,M,1969
18255,NY,GASTROENTEROLOGY,M,1967
18256,AZ,PEDIATRICS,F,1963
18257,RI,INTERNAL MEDICINE,F,1960
18258,CA,INTERNAL MEDICINE,F,1960
18259,DE,INTERNAL MEDICINE,M,1956
18260,FL,HOSPITALIST,M,1968
18261,FL,CARDIOVASCULAR DISEASE,M,1967
18262,TX,PEDIATRICS,M,1965
18263,NY,RADIOLOGY,M,1964
18264,CA,FAMILY MEDICINE,M,1967
18265,CA,FAMILY MEDICINE,M,1970
18266,MT,INTERNAL MEDICINE,M,1968
18267,CA,INTERNAL MEDICINE,M,1958
18268,GA,INTERNAL MEDICINE/PEDIATRICS,M,1969
18269,WA,PHYSICIAN ASSISTANT,F,1966
18270,NY,PEDIATRICS,M,1957
18271,RI,NURSE PRACTITIONER,F,1964
18272,CA,INTERNAL MEDICINE,M,1960
18273,NY,INFECTIOUS DISEASE,F,1963
18274,TN,CARDIOVASCULAR DISEASE,M,1966
18275,TX,INTERNAL MEDICINE,F,1963
18276,CT,GASTROENTEROLOGY,M,1968
18277,FL,CARDIOVASCULAR DISEASE,M,1966
18278,FL,DERMATOLOGY,M,1964
18279,CT,GASTROENTEROLOGY,M,1969
18280,TX,INTERNAL MEDICINE,M,1964
18281,MI,INTERNAL MEDICINE,M,1965
18282,FL,CARDIOVASCULAR DISEASE,M,1969
18283,CA,PSYCHIATRY,F,1941
18284,KY,CARDIOVASCULAR DISEASE,M,1963
18285,MN,COLON & RECTAL SURGERY,M,1966
18286,MI,INTERNAL MEDICINE,M,1954
18287,NY,NEPHROLOGY,M,1957
18288,FL,CARDIOVASCULAR DISEASE,M,1962
18289,FL,ANATOMIC/CLINICAL PATHOLOGY,M,1964
18290,FL,PULMONARY CRITICAL CARE MEDICINE,M,1965
18291,MI,INTERNAL MEDICINE,M,1961
18292,LA,FAMILY MEDICINE,M,1955
18293,CT,NURSE PRACTITIONER,F,1947
18294,AL,CARDIOVASCULAR DISEASE,M,1968
18295,IL,INTERNAL MEDICINE,M,1962
18296,CA,PULMONARY DISEASE,M,1968
18297,IA,INTERNAL MEDICINE,M,1968
18298,MD,RHEUMATOLOGY,M,1960
18299,CA,PEDIATRIC PULMONOLOGY,F,1967
18300,AL,"ENDOCRINOLOGY, DIABETES & METABOLISM",M,1967
18301,AZ,FAMILY MEDICINE,M,1962
18302,LA,HOSPITALIST,M,1963
18303,NY,"ENDOCRINOLOGY, DIABETES & METABOLISM",F,1966
18304,WV,CARDIOVASCULAR DISEASE,M,1957
18305,CA,ANATOMIC/CLINICAL PATHOLOGY,F,1968
18306,GA,CARDIOVASCULAR DISEASE,M,1968
18307,AL,INTERNAL MEDICINE,M,1967
18308,WI,PSYCHIATRY,M,1957
18309,OH,INTERNAL MEDICINE,F,1965
18310,NY,GASTROENTEROLOGY,M,1965
18311,OH,INTERNAL MEDICINE,M,1967
18312,GA,GERIATRIC PSYCHIATRY,M,1964
18313,TN,FAMILY MEDICINE,M,1963
18314,TX,PEDIATRICS,M,1964
18315,NY,PEDIATRICS,M,1965
18316,FL,CARDIOVASCULAR DISEASE,M,1960
18317,NY,CARDIOVASCULAR DISEASE,F,1949
18318,MI,FAMILY MEDICINE,M,1956
18319,DC,INTERNAL MEDICINE/PREVENTIVE MEDICINE,M,1945
18320,NY,NURSE PRACTITIONER,F,1953
18321,CA,FAMILY MEDICINE,F,1976
18322,MT,PHYSICIAN ASSISTANT,F,1957
18323,MA,PHYSICIAN ASSISTANT,F,1961
18324,GA,PULMONARY CRITICAL CARE MEDICINE,M,1968
18325,TX,CARDIOVASCULAR DISEASE,M,1967
18326,CA,INTERNAL MEDICINE,M,1960
18327,TX,PEDIATRICS,M,1964
18328,FL,NEPHROLOGY,M,1963
18329,AL,CARDIOVASCULAR DISEASE,M,1964
18330,OH,PEDIATRICS,F,1968
18331,CA,DIAGNOSTIC RADIOLOGY,M,1969
18332,NJ,ANATOMIC/CLINICAL PATHOLOGY,F,1959
18333,AZ,NEUROLOGY,M,1966
18334,CA,INTERNAL MEDICINE,M,1964
18335,TX,INTERNAL MEDICINE,M,1962
18336,CT,INTERNAL MEDICINE,M,1958
18337,CA,INTERNAL MEDICINE,M,1962
18338,NV,INTERNAL MEDICINE,M,1959
18339,TX,DERMATOLOGY,M,1959
18340,OH,PULMONARY CRITICAL CARE MEDICINE,M,1969
18341,WI,FAMILY MEDICINE,M,1964
18342,NY,INTERNAL MEDICINE,M,1966
18343,FL,PEDIATRICS,M,1964
18344,NJ,INTERNAL MEDICINE,M,1966
18345,CA,INTERNAL MEDICINE,F,1966
18346,AL,INTERNAL MEDICINE,M,1959
18347,AZ,PSYCHIATRY,M,1966
18348,NY,CARDIOVASCULAR DISEASE,M,1960
18349,FL,ANATOMIC/CLINICAL PATHOLOGY,M,1957
18350,TX,CARDIOVASCULAR DISEASE,M,1962
18351,NY,INTERNAL MEDICINE,M,1960
18352,CA,OTOLARYNGOLOGY,M,1968
18353,WI,PSYCHIATRY,M,1967
18354,MA,INTERNAL MEDICINE,M,1965
18355,CT,NUCLEAR MEDICINE,M,1961
18356,CA,INTERNAL MEDICINE,M,1968
18357,NY,ALLERGY & IMMUNOLOGY,M,1966
18358,AZ,PEDIATRIC EMERGENCY MEDICINE (PEDIATRICS),M,1969
18359,MI,ANATOMIC/CLINICAL PATHOLOGY,M,1965
18360,MO,CARDIOVASCULAR DISEASE,M,1965
18361,MD,ANATOMIC/CLINICAL PATHOLOGY,F,1959
18362,CT,PHYSICIAN ASSISTANT,F,1900
18363,NY,NURSE PRACTITIONER,F,
18364,AK,PHYSICIAN ASSISTANT,M,1959
18365,MA,NURSE PRACTITIONER,F,
18366,OH,INTERNAL MEDICINE,M,1965
18367,TX,OPHTHALMOLOGY,M,1961
18368,FL,INTERNAL MEDICINE,M,1958
18369,FL,"ENDOCRINOLOGY, DIABETES & METABOLISM",M,1965
18370,TX,GERIATRIC MEDICINE (INTERNAL MEDICINE),M,1966
18371,GA,FAMILY MEDICINE,M,1961
18372,AZ,PHYSICIAN ASSISTANT,F,1963
18373,MD,NURSE PRACTITIONER,F,
18374,VA,PHYSICIAN ASSISTANT,M,1962
18375,NY,NURSE PRACTITIONER,F,1900
18376,MA,PHYSICIAN ASSISTANT,M,1960
18377,MI,PODIATRIST,M,1968
18378,AZ,NURSE PRACTITIONER,F,
18379,MT,NURSE PRACTITIONER,F,1952
18380,MD,NURSE PRACTITIONER,F,
18381,CT,PODIATRIST,M,1967
18382,CA,PODIATRIST,M,
18383,SC,OPTOMETRIST,F,1967
18384,CA,FAMILY MEDICINE,M,1967
18385,NY,PEDIATRICS,M,1969
18386,NJ,FAMILY MEDICINE,M,1967
18387,TX,PODIATRIST,M,
18388,VA,INTERNAL MEDICINE,M,1967
18389,MD,FAMILY MEDICINE,F,1967
18390,NM,EMERGENCY MEDICINE,M,1967
18391,CO,OTOLARYNGOLOGY,M,1965
18392,MS,FAMILY MEDICINE,M,1966
18393,PA,CARDIOVASCULAR DISEASE,M,1967
18394,FL,FAMILY MEDICINE,F,1963
18395,NJ,INTERNAL MEDICINE,M,1968
18396,WV,FAMILY MEDICINE,M,1967
18397,TX,INTERNAL MEDICINE,F,1957
18398,TX,FAMILY MEDICINE,F,1961
18399,MI,EMERGENCY MEDICINE,M,1968
18400,DE,EMERGENCY MEDICINE,F,1968
18401,NC,FAMILY MEDICINE,M,1966
18402,TX,FAMILY MEDICINE,M,1962
18403,TX,PEDIATRICS,F,1958
18404,PR,CHILD & ADOLESCENT PSYCHIATRY,F,1963
18405,MD,OPTOMETRIST,M,
18406,OH,OTOLARYNGOLOGY,M,1961
18407,CA,FAMILY MEDICINE,F,1951
18408,NJ,FAMILY MEDICINE,F,1968
18409,NY,INTERNAL MEDICINE,M,1963
18410,OH,EMERGENCY MEDICINE,M,1968
18411,OK,GENERAL SURGERY,M,1965
18412,TX,FAMILY MEDICINE,M,1965
18413,MI,CLINICAL CARDIAC ELECTROPHYSIOLOGY,F,1968
18414,NY,INTERNAL MEDICINE,M,1968
18415,PA,CARDIOVASCULAR DISEASE,M,1968
18416,CO,PEDIATRICS,F,1966
18417,IA,FAMILY MEDICINE,M,1967
18418,PA,ANESTHESIOLOGY,M,1962
18419,CA,FAMILY MEDICINE,M,1968
18420,NJ,INTERNAL MEDICINE,M,1968
18421,NC,HOSPITALIST,M,1958
18422,OH,INTERNAL MEDICINE,F,1956
18423,MI,CARDIOVASCULAR DISEASE,M,1967
18424,PA,FAMILY MEDICINE,M,1968
18425,PA,FAMILY MEDICINE,F,1968
18426,FL,INTERNAL MEDICINE,M,1968
18427,MO,NEUROLOGY,F,1968
18428,PA,PAIN MEDICINE (ANESTHESIOLOGY),M,1958
18429,NE,DIAGNOSTIC RADIOLOGY,F,1966
18430,VA,INTERNAL MEDICINE,F,1962
18431,AZ,ANATOMIC/CLINICAL PATHOLOGY,F,1952
18432,GA,FAMILY MEDICINE,F,1960
18433,VA,PSYCHIATRY,M,1952
18434,KY,FAMILY MEDICINE,F,1959
18435,CA,FAMILY MEDICINE,M,1950
18436,WI,DERMATOPATHOLOGY,M,1968
18437,MN,FAMILY MEDICINE,M,1967
18438,MD,FAMILY MEDICINE,M,1961
18439,SC,HOSPITALIST,M,1955
18440,VA,INTERNAL MEDICINE,M,1969
18441,WA,CARDIOVASCULAR DISEASE,M,1965
18442,KS,OPTOMETRIST,F,1968
18443,NJ,FAMILY MEDICINE,M,1966
18444,IL,ANESTHESIOLOGY,M,1967
18445,NY,DIAGNOSTIC RADIOLOGY,M,1956
18446,NY,INTERNAL MEDICINE,M,1957
18447,MO,PHYSICAL MEDICINE & REHABILITATION,F,1963
18448,FL,INTERNAL MEDICINE,M,1948
18449,FL,FAMILY MEDICINE,M,1954
18450,AR,INTERVENTIONAL CARDIOLOGY,M,1966
18451,MO,INTERNAL MEDICINE,F,1964
18452,FL,FAMILY MEDICINE,M,1947
18453,IA,CARDIOVASCULAR DISEASE,F,1967
18454,FL,DERMATOLOGY,M,1965
18455,MA,ANATOMIC/CLINICAL PATHOLOGY,M,1967
18456,FL,INTERNAL MEDICINE,M,1959
18457,NJ,RADIATION ONCOLOGY,M,1963
18458,FL,ANESTHESIOLOGY,M,1955
18459,CA,FAMILY MEDICINE,M,1965
18460,NJ,EMERGENCY MEDICINE,M,1966
18461,VA,EMERGENCY MEDICINE,M,1968
18462,CA,EMERGENCY MEDICINE,M,1965
18463,UT,VASCULAR & INTERVENTIONAL RADIOLOGY,M,1963
18464,TX,EMERGENCY MEDICINE,F,1968
18465,TX,FAMILY MEDICINE,M,1964
18466,TX,HOSPITALIST,M,1966
18467,TX,CARDIOVASCULAR DISEASE,M,1969
18468,TX,INTERVENTIONAL CARDIOLOGY,M,1964
18469,MI,FAMILY MEDICINE,M,1966
18470,IL,EMERGENCY MEDICINE,M,1967
18471,FL,FAMILY MEDICINE,M,1966
18472,NY,NEUROLOGY,M,1968
18473,ME,ANATOMIC/CLINICAL PATHOLOGY,M,1962
18474,MA,HEMATOLOGY/ONCOLOGY,F,1956
18475,MO,PSYCHIATRY,F,1965
18476,OH,PULMONARY DISEASE,M,1964
18477,AZ,HEMATOLOGY/ONCOLOGY,M,1964
18478,NY,INTERNAL MEDICINE,M,1955
18479,NV,INTERNAL MEDICINE,F,1958
18480,PA,OTOLARYNGOLOGY,M,1966
18481,CA,INTERNAL MEDICINE,M,1964
18482,MA,ANESTHESIOLOGY,F,1966
18483,FL,GERIATRIC MEDICINE (INTERNAL MEDICINE),M,1964
18484,FL,PEDIATRICS,M,1958
18485,PR,PEDIATRICS,M,1951
18486,FL,GENERAL PRACTICE,M,1945
18487,GA,FAMILY MEDICINE,M,1959
18488,TX,DIAGNOSTIC RADIOLOGY,M,1968
18489,TX,INTERNAL MEDICINE,M,1968
18490,CA,PEDIATRICS,M,1966
18491,AZ,PEDIATRICS,F,1966
18492,SD,DERMATOLOGY,M,1966
18493,NV,EMERGENCY MEDICINE,M,1956
18494,OH,DIAGNOSTIC RADIOLOGY,M,1961
18495,CA,DIAGNOSTIC RADIOLOGY,F,1968
18496,NJ,NEURORADIOLOGY,M,1968
18497,MD,CARDIOVASCULAR DISEASE,M,1957
18498,AZ,INTERNAL MEDICINE,F,1969
18499,WI,PHLEBOLOGY,F,1968
18500,WA,GENERAL SURGERY,M,1966
18501,MD,INTERNAL MEDICINE/PEDIATRICS,F,1965
18502,VA,INTERNAL MEDICINE,M,1968
18503,NM,MUSCULOSKELETAL RADIOLOGY,M,1961
18504,RI,CARDIOVASCULAR DISEASE,M,1968
18505,NC,INTERNAL MEDICINE,M,1968
18506,NV,DIAGNOSTIC RADIOLOGY,M,1961
18507,TX,INTERNAL MEDICINE,F,1968
18508,TX,FAMILY MEDICINE,M,1967
18509,OH,PEDIATRIC HEMATOLOGY/ONCOLOGY,M,1968
18510,VA,FAMILY MEDICINE,F,1968
18511,TX,RHEUMATOLOGY,M,1968
18512,FL,UROLOGY,M,1968
18513,WY,FAMILY MEDICINE,M,1968
18514,TX,OBSTETRICS & GYNECOLOGY,F,1960
18515,SC,PAIN MEDICINE (ANESTHESIOLOGY),M,1966
18516,SC,CARDIOVASCULAR DISEASE,M,1963
18517,PR,GENERAL PRACTICE,M,1956
18518,NE,PEDIATRIC ANESTHESIOLOGY,M,1965
18519,CA,EMERGENCY MEDICINE,M,1967
18520,VA,CYTOPATHOLOGY,M,1968
18521,VA,DIAGNOSTIC RADIOLOGY,M,1969
18522,OR,EMERGENCY MEDICINE,M,1966
18523,MD,GENERAL SURGERY,M,1967
18524,OR,EMERGENCY MEDICINE,M,1966
18525,OH,DIAGNOSTIC RADIOLOGY,M,1961
18526,CA,EMERGENCY MEDICINE,F,1968
18527,SC,INTERNAL MEDICINE,F,1967
18528,NY,UROLOGY,M,1967
18529,CA,NEURORADIOLOGY,M,1962
18530,WA,FAMILY MEDICINE,F,1967
18531,NV,PULMONARY CRITICAL CARE MEDICINE,M,1967
18532,NV,DIAGNOSTIC RADIOLOGY,M,1968
18533,TX,EMERGENCY MEDICINE,M,1968
18534,TX,FAMILY MEDICINE,M,1962
18535,TX,FAMILY MEDICINE,F,1964
18536,TX,CARDIOVASCULAR DISEASE,F,1968
18537,TX,DERMATOLOGY,F,1964
18538,SC,EMERGENCY MEDICINE,M,1968
18539,SC,ALLERGY & IMMUNOLOGY,M,1968
18540,IN,NEURORADIOLOGY,M,1966
18541,SC,OBSTETRICS & GYNECOLOGY,M,1968
18542,WA,DIAGNOSTIC RADIOLOGY,F,1966
18543,OH,PEDIATRIC EMERGENCY MEDICINE (PEDIATRICS),M,1967
18544,CA,DIAGNOSTIC RADIOLOGY,M,1968
18545,VA,GENERAL SURGERY,M,1956
18546,SD,OTOLARYNGOLOGY,M,1966
18547,KY,ORTHOPEDIC SURGERY,M,1962
18548,CT,DIAGNOSTIC RADIOLOGY,M,1966
18549,CA,GENERAL PRACTICE,M,1961
18550,NJ,INTERNAL MEDICINE,M,1968
18551,PA,ORTHOPEDIC SURGERY,M,1969
18552,MI,NEURORADIOLOGY,M,1970
18553,OH,HEMATOLOGY (INTERNAL MEDICINE),M,1967
18554,NC,FAMILY MEDICINE,M,1955
18555,GA,PEDIATRICS,F,1968
18556,PA,CARDIOVASCULAR DISEASE,M,1969
18557,NY,CARDIOVASCULAR DISEASE,M,1961
18558,NY,EMERGENCY MEDICINE,F,1966
18559,NY,DIAGNOSTIC RADIOLOGY,M,1968
18560,RI,CARDIOVASCULAR DISEASE,M,1968
18561,CA,FAMILY MEDICINE,M,1960
18562,NJ,INTERNAL MEDICINE,M,1968
18563,FL,EMERGENCY MEDICINE,F,1969
18564,TX,VASCULAR & INTERVENTIONAL RADIOLOGY,M,1968
18565,NV,EMERGENCY MEDICINE,M,1967
18566,TX,ANATOMIC/CLINICAL PATHOLOGY,F,1968
18567,TX,VASCULAR SURGERY,M,1967
18568,SC,FAMILY MEDICINE,F,1963
18569,PA,OBSTETRICS & GYNECOLOGY,M,1958
18570,NJ,PULMONARY CRITICAL CARE MEDICINE,M,1971
18571,OH,CARDIOVASCULAR DISEASE,M,1965
18572,MD,FAMILY MEDICINE,M,1968
18573,VA,PEDIATRICS,M,1959
18574,NC,INTERNAL MEDICINE,M,1968
18575,NC,PEDIATRICS,M,1958
18576,FL,CONGENITAL CARDIAC SURGERY (THORACIC SURGERY),M,1967
18577,PA,FAMILY MEDICINE,F,1966
18578,MD,FAMILY MEDICINE,F,1966
18579,OH,EMERGENCY MEDICINE,M,1970
18580,OH,EMERGENCY MEDICINE,M,1968
18581,TN,ANATOMIC/CLINICAL PATHOLOGY,F,1967
18582,NY,DIAGNOSTIC RADIOLOGY,F,1968
18583,FL,RADIATION ONCOLOGY,M,1963
18584,FL,INTERNAL MEDICINE,F,1967
18585,FL,PEDIATRICS,F,1968
18586,IL,NEURORADIOLOGY,M,1965
18587,NM,NEURORADIOLOGY,M,1969
18588,NJ,NUCLEAR MEDICINE,F,1967
18589,WI,OBSTETRICS & GYNECOLOGY,F,1967
18590,MO,INTERNAL MEDICINE,M,1968
18591,CA,SLEEP MEDICINE,M,1968
18592,GA,DIAGNOSTIC RADIOLOGY,M,1968
18593,TN,DERMATOLOGY,F,1965
18594,MS,GENERAL SURGERY,M,1964
18595,MN,HEMATOLOGY (PATHOLOGY),M,1965
18596,MI,OTOLARYNGOLOGY,F,1967
18597,FL,EMERGENCY MEDICINE,M,1968
18598,PA,CARDIOVASCULAR DISEASE,M,1967
18599,CA,HOSPITALIST,F,1967
18600,NJ,EMERGENCY MEDICINE,M,1949
18601,NY,OBSTETRICS & GYNECOLOGY,M,1968
18602,GA,FAMILY MEDICINE,M,1960
18603,FL,DERMATOLOGY,M,1955
18604,OH,EMERGENCY MEDICINE,M,1967
18605,AL,RADIOLOGY,M,1959
18606,IN,CYTOPATHOLOGY,M,1954
18607,TN,FAMILY MEDICINE,M,1967
18608,NC,ANATOMIC/CLINICAL PATHOLOGY,M,1961
18609,CA,NEUROLOGY,F,1967
18610,NY,OPHTHALMOLOGY,F,1968
18611,NY,OPHTHALMOLOGY,M,1969
18612,NY,DIAGNOSTIC RADIOLOGY,M,1968
18613,NY,OPHTHALMOLOGY,M,1968
18614,NY,HOSPITALIST,M,1963
18615,NJ,GENERAL SURGERY,M,1961
18616,NJ,CARDIOVASCULAR DISEASE,M,1952
18617,FL,EMERGENCY MEDICINE,M,1969
18618,CA,EMERGENCY MEDICINE,M,1959
18619,CA,COLON & RECTAL SURGERY,M,1966
18620,CA,FAMILY MEDICINE,M,1968
18621,SD,FAMILY MEDICINE,M,1963
18622,NE,ORAL & MAXILLOFACIAL SURGERY,M,1963
18623,TN,FAMILY MEDICINE,M,1965
18624,MS,FAMILY MEDICINE,M,1967
18625,MI,ANESTHESIOLOGY,F,1967
18626,GA,EMERGENCY MEDICINE,M,1966
18627,CA,ANATOMIC/CLINICAL PATHOLOGY,F,1968
18628,NY,CARDIOVASCULAR DISEASE,M,1967
18629,MD,FAMILY MEDICINE,M,1967
18630,AZ,ORTHOPEDIC SURGERY,M,1967
18631,DC,DIAGNOSTIC RADIOLOGY,F,1967
18632,LA,FAMILY MEDICINE,M,1967
18633,LA,FAMILY MEDICINE,M,1954
18634,TX,ANATOMIC/CLINICAL PATHOLOGY,M,1968
18635,GA,NEUROLOGICAL SURGERY,F,1966
18636,ID,FAMILY MEDICINE,M,1959
18637,IN,INTERNAL MEDICINE,M,1964
18638,TX,DIAGNOSTIC RADIOLOGY,F,1968
18639,GA,INTERNAL MEDICINE,M,1967
18640,NY,COLON & RECTAL SURGERY,F,1966
18641,NY,OPHTHALMOLOGY,M,1967
18642,FL,DERMATOLOGY,M,1968
18643,ID,EMERGENCY MEDICINE,F,1966
18644,NY,CARDIOVASCULAR DISEASE,M,1965
18645,FL,GENERAL SURGERY,F,1969
18646,AL,PHYSICAL MEDICINE & REHABILITATION,M,1966
18647,CA,DIAGNOSTIC RADIOLOGY,M,1968
18648,CT,OPHTHALMOLOGY,M,1967
18649,TX,FAMILY MEDICINE,F,1960
18650,GA,INTERNAL MEDICINE,F,1967
18651,OR,INTERNAL MEDICINE,M,1965
18652,MO,DIAGNOSTIC RADIOLOGY,M,1967
18653,MO,ANATOMIC/CLINICAL PATHOLOGY,M,1964
18654,OH,DERMATOPATHOLOGY,M,1960
18655,CA,PEDIATRICS,F,1967
18656,IA,DIAGNOSTIC RADIOLOGY,M,1965
18657,MO,FAMILY MEDICINE,M,1967
18658,MO,DERMATOLOGY,M,1960
18659,FL,FAMILY MEDICINE,M,1968
18660,MI,CARDIOVASCULAR DISEASE,M,1965
18661,MI,UROLOGY,M,1969
18662,MI,EMERGENCY MEDICINE,M,1968
18663,MI,INTERNAL MEDICINE,M,1962
18664,NV,PEDIATRICS,M,1966
18665,MN,FAMILY MEDICINE,M,1961
18666,CA,EMERGENCY MEDICINE,M,1965
18667,FL,ANATOMIC/CLINICAL PATHOLOGY,F,1967
18668,MD,DERMATOLOGY,M,1960
18669,VA,INTERNAL MEDICINE,M,1964
18670,LA,PEDIATRICS,M,1968
18671,KS,OBSTETRICS & GYNECOLOGY,F,1967
18672,IA,EMERGENCY MEDICINE,M,1963
18673,IN,PULMONARY CRITICAL CARE MEDICINE,M,1966
18674,NJ,EMERGENCY MEDICINE,F,1964
18675,IL,CARDIOVASCULAR DISEASE,M,1968
18676,IL,DERMATOLOGY,M,1967
18677,IL,OBSTETRICS & GYNECOLOGY,F,1968
18678,CA,HEMATOLOGY/ONCOLOGY,M,1965
18679,TX,INTERNAL MEDICINE,M,1958
18680,MD,PAIN MEDICINE,M,1968
18681,NJ,INTERNAL MEDICINE,M,1967
18682,NY,EMERGENCY MEDICINE,M,1967
18683,MS,INTERNAL MEDICINE,M,1967
18684,MD,INTERNAL MEDICINE,M,1961
18685,GA,DIAGNOSTIC RADIOLOGY,F,1966
18686,MI,EMERGENCY MEDICINE,M,1965
18687,NJ,EMERGENCY MEDICINE,F,1967
18688,MD,MEDICAL ONCOLOGY,F,1958
18689,NM,VASCULAR & INTERVENTIONAL RADIOLOGY,M,1968
18690,MD,INTERNAL MEDICINE,M,1968
18691,MN,HEMATOLOGY/ONCOLOGY,M,1968
18692,OH,DIAGNOSTIC RADIOLOGY,F,1968
18693,KY,OBSTETRICS & GYNECOLOGY,F,1968
18694,FL,DERMATOLOGY,F,1964
18695,TX,EMERGENCY MEDICINE,M,1963
18696,FL,INTERNAL MEDICINE,M,1968
18697,NY,ORTHOPEDIC SURGERY,M,1967
18698,NJ,CARDIOVASCULAR DISEASE,M,1968
18699,NM,DIAGNOSTIC RADIOLOGY,M,1966
18700,HI,INTERNAL MEDICINE,F,1963
18701,FL,INTERNAL MEDICINE,M,1968
18702,MD,PEDIATRICS,F,1968
18703,MO,PULMONARY CRITICAL CARE MEDICINE,M,1968
18704,IN,DERMATOLOGY,F,1968
18705,MS,INTERNAL MEDICINE,M,1967
18706,OH,OBSTETRICS & GYNECOLOGY,F,1966
18707,OR,FAMILY MEDICINE,M,1967
18708,MN,FAMILY MEDICINE,F,1968
18709,MI,FAMILY MEDICINE,M,1968
18710,FL,GASTROENTEROLOGY,M,1954
18711,MD,CARDIOVASCULAR DISEASE,M,1969
18712,LA,FAMILY MEDICINE,M,1967
18713,LA,EMERGENCY MEDICINE,M,1968
18714,LA,INTERNAL MEDICINE,M,1968
18715,SC,FAMILY MEDICINE,M,1968
18716,CA,FAMILY MEDICINE,F,1967
18717,GA,PSYCHIATRY,M,1969
18718,IA,FAMILY MEDICINE,M,1967
18719,TN,FAMILY MEDICINE,M,1966
18720,IN,FAMILY MEDICINE,F,1968
18721,IN,FAMILY MEDICINE,M,1968
18722,KY,DIAGNOSTIC RADIOLOGY,M,1967
18723,KY,PEDIATRICS,F,1964
18724,FL,DIAGNOSTIC RADIOLOGY,F,1969
18725,NY,ANESTHESIOLOGY,M,1966
18726,TX,DERMATOLOGY,F,1962
18727,ME,CARDIOVASCULAR DISEASE,M,1959
18728,OR,INTERVENTIONAL CARDIOLOGY,M,1965
18729,MD,FAMILY MEDICINE,M,1969
18730,WA,PEDIATRICS,M,1954
18731,AL,PULMONARY CRITICAL CARE MEDICINE,M,1967
18732,LA,FAMILY MEDICINE,M,1953
18733,CO,PSYCHIATRY,F,1953
18734,VA,DERMATOLOGY,F,1968
18735,KY,INTERNAL MEDICINE,M,1967
18736,KY,FAMILY MEDICINE,M,1968
18737,FL,INTERNAL MEDICINE,M,1968
18738,KS,INTERNAL MEDICINE,M,1968
18739,KS,FAMILY MEDICINE,F,1967
18740,MI,FAMILY MEDICINE,M,1962
18741,IN,ANATOMIC/CLINICAL PATHOLOGY,M,1967
18742,GA,CYTOPATHOLOGY,F,1967
18743,AL,FAMILY MEDICINE,M,1966
18744,FL,FAMILY MEDICINE,F,1968
18745,FL,CARDIOVASCULAR DISEASE,F,1968
18746,IL,EMERGENCY MEDICINE,F,1967
18747,CO,FAMILY MEDICINE,M,1967
18748,PA,GENERAL SURGERY,F,1964
18749,CA,EMERGENCY MEDICINE,M,1963
18750,PA,CLINICAL CARDIAC ELECTROPHYSIOLOGY,M,1968
18751,CA,EMERGENCY MEDICINE,M,1967
18752,CA,FAMILY MEDICINE,F,1965
18753,FL,ANATOMIC/CLINICAL PATHOLOGY,M,1969
18754,AL,FAMILY MEDICINE,M,1968
18755,CA,DIAGNOSTIC RADIOLOGY,M,1965
18756,FL,INTERNAL MEDICINE,F,1969
18757,TX,ANATOMIC/CLINICAL PATHOLOGY,F,1954
18758,NV,CARDIOVASCULAR DISEASE,M,1960
18759,CA,ORTHOPEDIC SURGERY,M,1966
18760,CO,PULMONARY CRITICAL CARE MEDICINE,M,1966
18761,CA,FAMILY MEDICINE,M,1968
18762,FL,DIAGNOSTIC RADIOLOGY,M,1968
18763,NC,RADIATION ONCOLOGY,M,1967
18764,FL,VASCULAR & INTERVENTIONAL RADIOLOGY,M,1969
18765,FL,GENERAL SURGERY,M,1968
18766,TX,ANESTHESIOLOGY,M,1967
18767,IL,CARDIOVASCULAR DISEASE,F,1963
18768,MO,EMERGENCY MEDICINE,M,1959
18769,AZ,FAMILY MEDICINE,M,1962
18770,CA,PEDIATRICS,F,1968
18771,CA,INTERNAL MEDICINE,M,1968
18772,PA,CARDIOVASCULAR DISEASE,M,1963
18773,TX,FAMILY MEDICINE,F,1968
18774,CA,INTERNAL MEDICINE/PEDIATRICS,F,1965
18775,OR,CARDIOVASCULAR DISEASE,M,1958
18776,CA,ORTHOPEDIC SURGERY,M,1958
18777,CA,EMERGENCY MEDICINE,F,1966
18778,AL,ORTHOPEDIC SURGERY,M,1966
18779,AR,ANATOMIC/CLINICAL PATHOLOGY,M,1962
18780,WY,VASCULAR SURGERY,M,1965
18781,MI,INTERNAL MEDICINE,F,1969
18782,CA,ANESTHESIOLOGY,M,1964
18783,IL,DIAGNOSTIC RADIOLOGY,M,1967
18784,CO,SPORTS MEDICINE (ORTHOPEDIC SURGERY),M,1965
18785,CA,EMERGENCY MEDICINE,F,1968
18786,CO,INTERNAL MEDICINE,M,1968
18787,CO,EMERGENCY MEDICINE,M,1964
18788,GA,FAMILY MEDICINE,M,1953
18789,CA,INTERNAL MEDICINE,F,1967
18790,AZ,DERMATOLOGY,M,1942
18791,AL,FAMILY MEDICINE,M,1969
18792,CA,NEUROLOGY,M,1966
18793,TX,GASTROENTEROLOGY,M,1956
18794,CA,DERMATOLOGY,M,1956
18795,CA,FAMILY MEDICINE,M,1966
18796,TN,FAMILY MEDICINE,M,1966
18797,CA,INTERNAL MEDICINE,F,1969
18798,SC,PODIATRIST,M,1906
18799,GA,INTERNAL MEDICINE,M,1956
18800,CA,DIAGNOSTIC RADIOLOGY,M,1966
18801,NV,ANATOMIC/CLINICAL PATHOLOGY,M,1966
18802,WA,PEDIATRICS,F,1968
18803,WA,INTERNAL MEDICINE,M,1965
18804,MI,EMERGENCY MEDICINE,M,1966
18805,TX,INTERNAL MEDICINE,M,1964
18806,FL,PEDIATRICS,M,1954
18807,GA,CARDIOVASCULAR DISEASE,M,1964
18808,AL,INTERNAL MEDICINE,M,1954
18809,CO,FAMILY MEDICINE,M,1967
18810,CA,DIAGNOSTIC RADIOLOGY,F,1960
18811,CA,ANESTHESIOLOGY,M,1966
18812,CA,CARDIOVASCULAR DISEASE,M,1956
18813,MN,THORACIC SURGERY,M,1968
18814,NY,PEDIATRICS,F,1961
18815,NY,PEDIATRIC EMERGENCY MEDICINE,M,1958
18816,CO,ALLERGY & IMMUNOLOGY,F,1963
18817,IL,ANATOMIC/CLINICAL PATHOLOGY,F,1964
18818,PA,"ENDOCRINOLOGY, DIABETES & METABOLISM",M,1962
18819,NV,FAMILY MEDICINE,M,1963
18820,MN,DIAGNOSTIC RADIOLOGY,M,1969
18821,GA,PEDIATRICS,F,1957
18822,TX,FAMILY MEDICINE,M,1959
18823,CA,GASTROENTEROLOGY,M,1955
18824,NY,CARDIOVASCULAR DISEASE,M,1968
18825,TX,FAMILY MEDICINE,F,1967
18826,NJ,PULMONARY CRITICAL CARE MEDICINE,F,1965
18827,NY,"ENDOCRINOLOGY, DIABETES & METABOLISM",F,1958
18828,CA,EMERGENCY MEDICINE,M,1960
18829,CA,NEUROLOGICAL SURGERY,M,1969
18830,AR,FAMILY MEDICINE,F,1959
18831,TX,OPHTHALMOLOGY,M,1966
18832,OH,NUCLEAR MEDICINE,M,1964
18833,MA,FAMILY MEDICINE,M,1957
18834,SC,INTERNAL MEDICINE,M,1953
18835,CA,PEDIATRICS,F,1967
18836,CT,CARDIOVASCULAR DISEASE,M,1956
18837,TX,CARDIOVASCULAR DISEASE,M,1967
18838,TX,INTERVENTIONAL CARDIOLOGY,M,1956
18839,LA,CARDIOVASCULAR DISEASE,M,1966
18840,CA,PSYCHIATRY,M,1942
18841,CA,CARDIOVASCULAR DISEASE,M,1969
18842,FL,CARDIOVASCULAR DISEASE,M,1961
18843,IL,PSYCHIATRY,M,1965
18844,NJ,CARDIOVASCULAR DISEASE,M,1967
18845,CT,INTERNAL MEDICINE,M,1953
18846,MI,HEMATOLOGY (PATHOLOGY),M,1959
18847,ME,ANATOMIC/CLINICAL PATHOLOGY,M,1962
18848,MI,FAMILY MEDICINE,F,1962
18849,MI,NEUROLOGY,M,1965
18850,NV,INTERNAL MEDICINE,F,1963
18851,NY,PEDIATRICS,F,1964
18852,TX,INTERNAL MEDICINE,M,1962
18853,TX,CARDIOVASCULAR DISEASE,M,1968
18854,NY,FAMILY MEDICINE,F,1948
18855,FL,RADIOLOGY,F,1963
18856,CA,GASTROENTEROLOGY,M,1965
18857,FL,FAMILY MEDICINE,F,1963
18858,NJ,PEDIATRICS,F,1958
18859,MD,INTERNAL MEDICINE,M,1968
18860,TX,BLOOD BANKING/TRANSFUSION MEDICINE,M,1957
18861,KY,CHILD & ADOLESCENT PSYCHIATRY,M,1965
18862,MI,INTERNAL MEDICINE,M,1967
18863,TX,ALLERGY & IMMUNOLOGY,M,1963
18864,TX,CARDIOVASCULAR DISEASE,F,1966
18865,TX,PEDIATRICS,M,1962
18866,MD,INTERNAL MEDICINE,M,1958
18867,FL,INTERNAL MEDICINE,M,1959
18868,MD,INTERNAL MEDICINE,M,1958
18869,FL,INTERNAL MEDICINE,M,1968
18870,WA,FAMILY MEDICINE,M,1952
18871,MI,CLINICAL CARDIAC ELECTROPHYSIOLOGY,M,1964
18872,PA,INFECTIOUS DISEASE,M,1968
18873,WA,RHEUMATOLOGY,F,1966
18874,CA,FAMILY MEDICINE,F,1959
18875,HI,INTERNAL MEDICINE,F,1955
18876,OR,DENTIST,M,
18877,KS,INTERNAL MEDICINE,M,1961
18878,NY,INTERNAL MEDICINE,F,1964
18879,FL,PSYCHIATRY,F,1955
18880,CA,INTERNAL MEDICINE,M,1956
18881,IL,CARDIOVASCULAR DISEASE,M,1963
18882,FL,INTERNAL MEDICINE,M,1968
18883,IA,CARDIOVASCULAR DISEASE,M,1952
18884,NJ,ANATOMIC/CLINICAL PATHOLOGY,F,1962
18885,CA,OPHTHALMOLOGY,M,1963
18886,OK,OTOLARYNGOLOGY,M,1952
18887,PA,FAMILY MEDICINE,M,1964
18888,TX,INTERNAL MEDICINE,M,1967
18889,AZ,INTERNAL MEDICINE,M,1967
18890,LA,RHEUMATOLOGY,M,1964
18891,IL,CARDIOVASCULAR DISEASE,M,1962
18892,NC,ANATOMIC/CLINICAL PATHOLOGY,M,1962
18893,RI,UROLOGY,M,1960
18894,NH,DIAGNOSTIC RADIOLOGY,M,1949
18895,MD,CARDIOVASCULAR DISEASE,M,1966
18896,TX,GASTROENTEROLOGY,M,1958
18897,AZ,INTERNAL MEDICINE,M,1955
18898,FL,PEDIATRICS,F,1959
18899,AL,UROLOGY,M,1959
18900,MS,FAMILY MEDICINE,M,1955
18901,MD,ANATOMIC/CLINICAL PATHOLOGY,M,1953
18902,MA,CARDIOVASCULAR DISEASE,M,1957
18903,GA,EMERGENCY MEDICINE,M,1961
18904,TX,CARDIOVASCULAR DISEASE,M,1950
18905,OH,NEPHROLOGY,F,1966
18906,OH,FAMILY MEDICINE,M,1963
18907,CA,EMERGENCY MEDICINE,M,1967
18908,MI,FAMILY MEDICINE,M,1967
18909,NC,INTERNAL MEDICINE,F,1953
18910,MI,OPHTHALMOLOGY,M,1961
18911,OH,EMERGENCY MEDICINE,M,1956
18912,TX,INTERNAL MEDICINE,M,1956
18913,OK,FAMILY MEDICINE,M,1963
18914,ME,NUCLEAR MEDICINE,M,1958
18915,NJ,PODIATRIST,F,
18916,MD,OPTOMETRIST,M,
18917,AZ,DENTIST,M,
18918,FL,NEPHROLOGY,M,1960
18919,NJ,CARDIOVASCULAR DISEASE,M,1961
18920,VA,FAMILY MEDICINE,M,1962
18921,OH,FAMILY MEDICINE,M,1964
18922,CT,EMERGENCY MEDICINE,M,1962
18923,MI,CARDIOVASCULAR DISEASE,M,1961
18924,NY,OPHTHALMOLOGY,M,1962
18925,PA,RHEUMATOLOGY,F,1960
18926,AZ,PSYCHIATRY,F,1951
18927,AZ,DERMATOLOGY,M,1957
18928,FL,FAMILY MEDICINE,F,1955
18929,AL,OPTOMETRIST,M,
18930,VA,INTERNAL MEDICINE,M,1965
18931,NY,INTERNAL MEDICINE,M,1967
18932,NY,PULMONARY DISEASE,M,1964
18933,NJ,FAMILY MEDICINE,M,1957
18934,CA,DIAGNOSTIC RADIOLOGY,M,1967
18935,CA,DIAGNOSTIC RADIOLOGY,F,1967
18936,TX,PULMONARY DISEASE,M,1965
18937,TX,UROLOGY,M,1961
18938,ME,CARDIOVASCULAR DISEASE,M,1962
18939,MI,DERMATOLOGY,F,1961
18940,FL,HOSPITALIST,F,1967
18941,IL,HOSPITALIST,F,1965
18942,CA,FAMILY MEDICINE,F,1963
18943,CA,GASTROENTEROLOGY,M,1962
18944,HI,EMERGENCY MEDICINE,F,1951
18945,OK,FAMILY MEDICINE,M,1962
18946,NV,INTERNAL MEDICINE,M,1954
18947,NJ,FAMILY MEDICINE,M,1967
18948,NY,INTERNAL MEDICINE,M,1960
18949,CA,CARDIOVASCULAR DISEASE,M,1963
18950,CA,EMERGENCY MEDICINE,M,1957
18951,NJ,FAMILY MEDICINE,M,1959
18952,TX,FAMILY MEDICINE,M,1946
18953,MD,ORTHOPEDIC SURGERY,M,1949
18954,HI,EMERGENCY MEDICINE,M,1967
18955,NV,CARDIOVASCULAR DISEASE,M,1964
18956,NC,FAMILY MEDICINE,M,1962
18957,CA,EMERGENCY MEDICINE,M,1961
18958,OK,FAMILY MEDICINE,F,1962
18959,FL,DERMATOLOGY,M,1956
18960,FL,CARDIOVASCULAR DISEASE,M,1953
18961,MD,PHYSICAL MEDICINE & REHABILITATION,M,1964
18962,FL,PEDIATRICS,F,1959
18963,TX,GENERAL PRACTICE,M,1958
18964,FL,FAMILY MEDICINE,F,1958
18965,OH,UROLOGY,M,1957
18966,IN,EMERGENCY MEDICINE,M,1967
18967,TX,FAMILY MEDICINE,M,1962
18968,NY,INFECTIOUS DISEASE,M,1964
18969,NJ,CARDIOVASCULAR DISEASE,F,1957
18970,NY,GASTROENTEROLOGY,M,1961
18971,NY,PEDIATRICS,M,1957
18972,NY,FAMILY MEDICINE,M,1966
18973,TX,FAMILY MEDICINE,M,1960
18974,MD,FAMILY MEDICINE,F,1967
18975,MI,OBSTETRICS & GYNECOLOGY,F,1965
18976,MI,PHYSICAL MEDICINE & REHABILITATION,M,1964
18977,NY,CARDIOVASCULAR DISEASE,M,1965
18978,MI,ANESTHESIOLOGY,M,1962
18979,NY,FAMILY MEDICINE,F,1964
18980,IL,ANESTHESIOLOGY,M,1964
18981,FL,DIAGNOSTIC RADIOLOGY,M,1958
18982,MO,FAMILY MEDICINE,M,1950
18983,NM,FAMILY MEDICINE,M,1947
18984,MI,GASTROENTEROLOGY,M,1968
18985,MI,CARDIOVASCULAR DISEASE,M,1956
18986,MI,FAMILY MEDICINE,M,1955
18987,FL,INFECTIOUS DISEASE,M,1947
18988,TX,PEDIATRICS,M,1962
18989,FL,HEMATOLOGY (PATHOLOGY),F,1964
18990,TX,FAMILY MEDICINE,M,1948
18991,TX,CARDIOVASCULAR DISEASE,M,1953
18992,PA,CARDIOVASCULAR DISEASE,M,1957
18993,PA,CARDIOVASCULAR DISEASE,M,1958
18994,NJ,FAMILY MEDICINE,F,1954
18995,TN,CARDIOVASCULAR DISEASE,M,1952
18996,FL,SLEEP MEDICINE,M,1968
18997,NY,ANATOMIC PATHOLOGY,M,1958
18998,NY,INTERNAL MEDICINE,M,1965
18999,FL,ALLERGY & IMMUNOLOGY,F,1957
19000,NJ,ANATOMIC PATHOLOGY,M,1966
19001,CA,INTERNAL MEDICINE,M,1945
19002,IL,ANATOMIC/CLINICAL PATHOLOGY,M,1945
19003,FL,PULMONARY CRITICAL CARE MEDICINE,M,1960
19004,MD,INTERNAL MEDICINE,F,1954
19005,MA,PSYCHIATRY,M,1943
19006,AL,NEURORADIOLOGY,M,1951
19007,NY,ANESTHESIOLOGY,M,1951
19008,LA,INTERNAL MEDICINE,M,1963
19009,MA,"ENDOCRINOLOGY, DIABETES & METABOLISM",M,1962
19010,RI,INTERNAL MEDICINE,M,1956
19011,TX,PEDIATRICS,F,1953
19012,NV,CARDIOVASCULAR DISEASE,F,1965
19013,MD,CARDIOVASCULAR DISEASE,M,1947
19014,TX,FAMILY MEDICINE,F,1965
19015,MD,RADIOLOGY,F,1949
19016,AL,DIAGNOSTIC RADIOLOGY,M,1957
19017,NY,GASTROENTEROLOGY,M,1952
19018,CA,INTERNAL MEDICINE,M,1958
19019,TX,RHEUMATOLOGY,F,1967
19020,OH,"ENDOCRINOLOGY, DIABETES & METABOLISM",M,1950
19021,NJ,GASTROENTEROLOGY,M,1951
19022,MO,FAMILY MEDICINE,F,1968
19023,OH,EMERGENCY MEDICINE,M,1942
19024,FL,PULMONARY DISEASE,M,1955
19025,CA,CARDIOVASCULAR DISEASE,M,1947
19026,PA,NEURORADIOLOGY,M,1962
19027,IL,CARDIOVASCULAR DISEASE,M,1947
19028,CA,EMERGENCY MEDICINE,M,1953
19029,IL,ANATOMIC/CLINICAL PATHOLOGY,F,1951
19030,OK,INTERNAL MEDICINE,F,1950
19031,MA,INTERNAL MEDICINE,F,1940
19032,MI,INTERNAL MEDICINE,M,1954
19033,TX,FAMILY MEDICINE,M,1947
19034,FL,GENERAL SURGERY,M,1950
19035,NJ,ANATOMIC/CLINICAL PATHOLOGY,M,1949
19036,NY,ANATOMIC/CLINICAL PATHOLOGY,F,1958
19037,CA,DIAGNOSTIC RADIOLOGY,M,1961
19038,FL,CLINICAL CARDIAC ELECTROPHYSIOLOGY,M,1961
19039,WI,ANESTHESIOLOGY,F,1944
19040,IL,INTERNAL MEDICINE,M,1967
19041,VA,ANESTHESIOLOGY,M,1948
19042,CA,CARDIOVASCULAR DISEASE,M,1953
19043,FL,PEDIATRICS,M,1953
19044,CA,MEDICAL ONCOLOGY,M,1959
19045,CA,NEPHROLOGY,M,1954
19046,CA,CARDIOVASCULAR DISEASE,M,1948
19047,IL,ANATOMIC/CLINICAL PATHOLOGY,M,1947
19048,VA,FAMILY MEDICINE,M,1966
19049,VA,FAMILY MEDICINE,F,1945
19050,OR,NEUROLOGY,F,1963
19051,FL,CARDIOVASCULAR DISEASE,M,1947
19052,CA,DIAGNOSTIC RADIOLOGY,M,1964
19053,HI,PSYCHIATRY,M,1941
19054,NC,DIAGNOSTIC RADIOLOGY,M,1945
19055,TX,FAMILY MEDICINE,M,1964
19056,MN,FAMILY MEDICINE,M,1948
19057,CA,DIAGNOSTIC RADIOLOGY,M,1958
19058,TX,NEURORADIOLOGY,M,1952
19059,MA,FAMILY MEDICINE,M,1960
19060,IN,GASTROENTEROLOGY,M,1949
19061,WI,DIAGNOSTIC RADIOLOGY,M,1965
19062,FL,GASTROENTEROLOGY,M,1948
19063,CO,CARDIOVASCULAR DISEASE,M,1966
19064,GA,CARDIOVASCULAR DISEASE,M,1944
19065,TX,CLINICAL CARDIAC ELECTROPHYSIOLOGY,M,1966
19066,VA,FAMILY MEDICINE,M,1946
19067,TN,FAMILY MEDICINE,F,1953
19068,MS,FAMILY MEDICINE,M,1933
19069,FL,PEDIATRICS,F,1965
19070,SC,PSYCHIATRY,M,1964
19071,MI,GASTROENTEROLOGY,M,1945
19072,WV,DIAGNOSTIC RADIOLOGY,M,1964
19073,CA,ANESTHESIOLOGY,F,1965
19074,TN,INTERNAL MEDICINE,M,1955
19075,FL,FAMILY MEDICINE,M,1951
19076,MI,DERMATOLOGY,M,1962
19077,MN,MEDICAL ONCOLOGY,F,1961
19078,FL,NEUROLOGY,M,1957
19079,MA,ANATOMIC/CLINICAL PATHOLOGY,M,1958
19080,VA,OBSTETRICS & GYNECOLOGY,F,1953
19081,TX,PEDIATRICS,M,1962
19082,FL,INTERNAL MEDICINE,F,1964
19083,SC,GASTROENTEROLOGY,M,1966
19084,OH,PEDIATRIC PULMONOLOGY,M,1942
19085,MI,GASTROENTEROLOGY,M,1949
19086,FL,PEDIATRIC OPHTHALMOLOGY,M,1962
19087,NV,FAMILY MEDICINE,M,1956
19088,PR,PEDIATRICS,M,1956
19089,CA,EMERGENCY MEDICINE,M,1952
19090,MI,SURGICAL CRITICAL CARE (SURGERY),F,1961
19091,CA,FAMILY MEDICINE,M,1943
19092,TX,GENERAL SURGERY,M,1957
19093,PA,PLASTIC SURGERY,M,1958
19094,PA,INTERVENTIONAL CARDIOLOGY,M,1947
19095,CO,INTERNAL MEDICINE,M,1946
19096,NY,PEDIATRIC NEPHROLOGY,M,1954
19097,MI,OBSTETRICS & GYNECOLOGY,F,1962
19098,GA,UROLOGY,M,1960
19099,NY,PEDIATRICS,M,1957
19100,OH,ANATOMIC PATHOLOGY,M,1952
19101,GA,OBSTETRICS & GYNECOLOGY,M,1952
19102,NY,INTERNAL MEDICINE,M,1965
19103,NY,CARDIOVASCULAR DISEASE,M,1948
19104,MO,PHYSICAL MEDICINE & REHABILITATION,F,1967
19105,PA,PAIN MEDICINE (ANESTHESIOLOGY),M,1964
19106,TX,INTERNAL MEDICINE,M,1942
19107,OH,PSYCHIATRY,M,1944
19108,CT,DIAGNOSTIC RADIOLOGY,M,1962
19109,ME,ANESTHESIOLOGY,F,1962
19110,NY,RADIOLOGY,M,1944
19111,NC,ANATOMIC/CLINICAL PATHOLOGY,M,1949
19112,NJ,DIAGNOSTIC RADIOLOGY,M,1950
19113,RI,EMERGENCY MEDICINE,M,1957
19114,NY,PULMONARY DISEASE,M,1956
19115,NY,DIAGNOSTIC RADIOLOGY,M,1964
19116,NY,PEDIATRICS,F,1967
19117,NJ,DIAGNOSTIC RADIOLOGY,M,1951
19118,MO,GERIATRIC MEDICINE (INTERNAL MEDICINE),M,1966
19119,AZ,DERMATOLOGY,M,1966
19120,TX,HEMATOLOGY/ONCOLOGY,F,1953
19121,PA,CARDIOVASCULAR DISEASE,M,1953
19122,NY,INTERNAL MEDICINE,M,1951
19123,IL,CARDIOVASCULAR DISEASE,M,1965
19124,CA,CARDIOVASCULAR DISEASE,M,1951
19125,CA,MATERNAL & FETAL MEDICINE,M,1949
19126,TX,OBSTETRICS & GYNECOLOGY,F,1963
19127,FL,HOSPITALIST,M,1964
19128,SD,ANESTHESIOLOGY,M,1955
19129,VA,PSYCHIATRY,M,1943
19130,NJ,PEDIATRIC RADIOLOGY,F,1962
19131,CA,EMERGENCY MEDICINE,M,1965
19132,CA,CARDIOVASCULAR DISEASE,M,1949
19133,MI,INTERNAL MEDICINE,M,1953
19134,MI,EMERGENCY MEDICINE,M,1952
19135,IL,DIAGNOSTIC RADIOLOGY,F,1964
19136,AZ,HEMATOLOGY/ONCOLOGY,M,1955
19137,FL,OBSTETRICS & GYNECOLOGY,F,1958
19138,CO,FAMILY MEDICINE,F,1955
19139,CA,CLINICAL CARDIAC ELECTROPHYSIOLOGY,M,1949
19140,CA,FAMILY MEDICINE,M,1944
19141,MO,EMERGENCY MEDICINE,M,1967
19142,CA,ALLERGY & IMMUNOLOGY,F,1954
19143,MO,GENERAL SURGERY,M,1954
19144,FL,CLINICAL CARDIAC ELECTROPHYSIOLOGY,M,1966
19145,CA,ANATOMIC/CLINICAL PATHOLOGY,M,1950
19146,FL,DIAGNOSTIC RADIOLOGY,M,1961
19147,LA,FORENSIC PATHOLOGY,M,1953
19148,KY,HEMATOLOGY (PATHOLOGY),M,1956
19149,MI,ANATOMIC/CLINICAL PATHOLOGY,M,1957
19150,FL,ANATOMIC/CLINICAL PATHOLOGY,M,1955
19151,TX,CARDIOVASCULAR DISEASE,M,1949
19152,IN,HEMATOLOGY/ONCOLOGY,M,1954
19153,FL,ANATOMIC/CLINICAL PATHOLOGY,M,1950
19154,CA,OBSTETRICS & GYNECOLOGY,M,1964
19155,WI,CARDIOVASCULAR DISEASE,M,1947
19156,MN,CARDIOVASCULAR DISEASE,M,1937
19157,IL,CLINICAL PATHOLOGY,F,1957
19158,IL,EMERGENCY MEDICINE,M,1952
19159,MD,CARDIOVASCULAR DISEASE,M,1966
19160,NE,ANATOMIC/CLINICAL PATHOLOGY,M,1950
19161,IL,DIAGNOSTIC RADIOLOGY,M,1966
19162,IL,EMERGENCY MEDICINE,M,1965
19163,IL,NEPHROLOGY,M,1956
19164,CA,FAMILY MEDICINE,M,1947
19165,CA,DIAGNOSTIC RADIOLOGY,M,1961
19166,TX,EMERGENCY MEDICINE,M,1965
19167,NC,CHILD NEUROLOGY,M,1953
19168,FL,INTERNAL MEDICINE,M,1967
19169,CO,ANATOMIC/CLINICAL PATHOLOGY,M,1943
19170,IA,CARDIOVASCULAR DISEASE,M,1961
19171,IN,PULMONARY DISEASE,M,1948
19172,CA,FAMILY MEDICINE,F,1961
19173,CA,DIAGNOSTIC RADIOLOGY,F,1954
19174,IL,BLOOD BANKING/TRANSFUSION MEDICINE,M,1950
19175,NY,INTERNAL MEDICINE,M,1952
19176,WA,GASTROENTEROLOGY,M,1961
19177,GA,ANATOMIC/CLINICAL PATHOLOGY,M,1947
19178,FL,DIAGNOSTIC RADIOLOGY,M,1955
19179,CA,ALLERGY & IMMUNOLOGY,F,1965
19180,VA,GASTROENTEROLOGY,F,1965
19181,OH,PEDIATRIC EMERGENCY MEDICINE (PEDIATRICS),M,1950
19182,CA,FAMILY MEDICINE,M,1935
19183,IL,FAMILY MEDICINE,F,1947
19184,GA,RADIATION ONCOLOGY,M,1964
19185,FL,ANATOMIC/CLINICAL PATHOLOGY,M,1957
19186,CA,DIAGNOSTIC RADIOLOGY,M,1953
19187,SC,DIAGNOSTIC RADIOLOGY,M,1954
19188,NM,INTERNAL MEDICINE,M,1955
19189,FL,FAMILY MEDICINE,M,1953
19190,PA,GASTROENTEROLOGY,M,1951
19191,NY,INTERNAL MEDICINE,M,1951
19192,NV,ANATOMIC/CLINICAL PATHOLOGY,M,1954
19193,OR,PEDIATRICS,F,1965
19194,CA,ANESTHESIOLOGY,M,1954
19195,IN,FAMILY MEDICINE,M,1960
19196,NY,GERIATRIC MEDICINE (INTERNAL MEDICINE),F,1952
19197,GA,UROLOGY,M,1953
19198,DC,EMERGENCY MEDICINE,M,1950
19199,RI,CARDIOVASCULAR DISEASE,M,1956
19200,PA,INFECTIOUS DISEASE,M,1956
19201,NY,PULMONARY DISEASE,M,1962
19202,CA,CARDIOVASCULAR DISEASE,M,1943
19203,CA,FAMILY MEDICINE,M,1949
19204,TN,INTERNAL MEDICINE,F,1960
19205,CA,PEDIATRICS,F,1967
19206,TX,FAMILY MEDICINE,M,1952
19207,TX,INTERNAL MEDICINE,M,1961
19208,IN,INTERVENTIONAL CARDIOLOGY,M,1961
19209,MA,ANATOMIC PATHOLOGY,M,1964
19210,PA,GENERAL SURGERY,M,1967
19211,MS,FAMILY MEDICINE,F,1952
19212,KY,FAMILY MEDICINE,M,1967
19213,MA,INTERNAL MEDICINE,F,1957
19214,CA,FAMILY MEDICINE,M,1961
19215,MD,INTERNAL MEDICINE,F,1966
19216,VA,PEDIATRICS,M,1962
19217,HI,FAMILY MEDICINE,F,1960
19218,MD,CARDIOVASCULAR DISEASE,M,1967
19219,IL,ANATOMIC/CLINICAL PATHOLOGY,M,1965
19220,FL,OTOLARYNGOLOGY,M,1963
19221,FL,HEMATOLOGY/ONCOLOGY,M,1948
19222,CA,FAMILY MEDICINE,M,1952
19223,CA,CARDIOVASCULAR DISEASE,M,1946
19224,CA,DIAGNOSTIC RADIOLOGY,M,1965
19225,AZ,INTERNAL MEDICINE,M,1954
19226,FL,INTERVENTIONAL CARDIOLOGY,M,1966
19227,TX,INTERNAL MEDICINE,M,1960
19228,TX,CARDIOVASCULAR DISEASE,M,1966
19229,CA,OBSTETRICS & GYNECOLOGY,F,1968
19230,MI,INTERNAL MEDICINE,M,1963
19231,MI,UROLOGY,M,1967
19232,CA,DIAGNOSTIC RADIOLOGY,F,1968
19233,AL,GASTROENTEROLOGY,M,1956
19234,TN,FAMILY MEDICINE,M,1953
19235,CA,CARDIOVASCULAR DISEASE,M,1964
19236,CA,CARDIOVASCULAR DISEASE,M,1963
19237,IN,CARDIOVASCULAR DISEASE,M,1965
19238,FL,INTERNAL MEDICINE,F,1967
19239,CA,INTERNAL MEDICINE,M,1963
19240,NY,CARDIOVASCULAR DISEASE,M,1958
19241,SC,OTOLARYNGOLOGY,M,1965
19242,MI,CARDIOVASCULAR DISEASE,M,1949
19243,NV,NEUROLOGICAL SURGERY,M,1965
19244,VA,HEMATOLOGY/ONCOLOGY,M,1968
19245,NV,PEDIATRIC CARDIOLOGY,M,1964
19246,UT,EMERGENCY MEDICINE,M,1967
19247,MD,INTERNAL MEDICINE,M,1966
19248,CA,FAMILY MEDICINE,F,1958
19249,TX,DIAGNOSTIC RADIOLOGY,M,1959
19250,FL,INFECTIOUS DISEASE,M,1962
19251,CA,EMERGENCY MEDICINE,M,1965
19252,TX,PEDIATRICS,F,1966
19253,TX,PEDIATRICS,M,1966
19254,NY,CARDIOVASCULAR DISEASE,M,1952
19255,IN,EMERGENCY MEDICINE,M,1961
19256,AZ,PEDIATRIC CARDIOLOGY,M,1964
19257,NY,PEDIATRICS,F,1967
19258,MI,INTERNAL MEDICINE,F,1964
19259,CA,PSYCHIATRY,M,1956
19260,CA,FAMILY MEDICINE,F,1961
19261,NJ,FAMILY MEDICINE,M,1953
19262,MN,NEPHROLOGY,M,1963
19263,NV,NEPHROLOGY,M,1963
19264,GA,HOSPITALIST,M,1968
19265,PA,PSYCHIATRY,M,1964
19266,FL,CARDIOVASCULAR DISEASE,M,1967
19267,CA,GASTROENTEROLOGY,M,1957
19268,NY,INTERNAL MEDICINE,M,1962
19269,AZ,CHILD & ADOLESCENT PSYCHIATRY,M,1960
19270,CA,INTERNAL MEDICINE,M,1961
19271,FL,CARDIOVASCULAR DISEASE,F,1966
19272,IA,FAMILY MEDICINE,F,1962
19273,MO,PULMONARY DISEASE,M,1967
19274,PA,FAMILY MEDICINE,M,1969
19275,MD,PEDIATRICS,F,1967
19276,MA,NEURORADIOLOGY,F,1954
19277,CA,INTERNAL MEDICINE,M,1949
19278,FL,FAMILY MEDICINE,M,1958
19279,CA,INTERNAL MEDICINE,M,1953
19280,GA,CARDIOVASCULAR DISEASE,M,1963
19281,FL,NEPHROLOGY,M,1957
19282,NJ,PEDIATRICS,F,1963
19283,FL,PEDIATRICS,M,1963
19284,CA,FAMILY MEDICINE,F,1963
19285,MI,DERMATOLOGY,M,1963
19286,WI,FAMILY MEDICINE,F,1964
19287,FL,INTERVENTIONAL CARDIOLOGY,M,1967
19288,MN,OPHTHALMOLOGY,F,1964
19289,NJ,EMERGENCY MEDICINE,M,1961
19290,CA,CARDIOVASCULAR DISEASE,M,1965
19291,NY,NEPHROLOGY,M,1954
19292,CA,HOSPITALIST,M,1967
19293,AK,GASTROENTEROLOGY,M,1965
19294,FL,FAMILY MEDICINE,M,1957
19295,FL,RADIATION ONCOLOGY,M,1957
19296,CT,INTERNAL MEDICINE,M,1963
19297,CA,PEDIATRICS,M,1961
19298,NY,CARDIOVASCULAR DISEASE,M,1961
19299,FL,FAMILY MEDICINE,M,1960
19300,IN,FAMILY MEDICINE,M,1963
19301,VA,CARDIOVASCULAR DISEASE,M,1961
19302,NY,PAIN MEDICINE (ANESTHESIOLOGY),F,1960
19303,IL,HOSPITALIST,M,1966
19304,NV,INTERVENTIONAL CARDIOLOGY,M,1963
19305,PA,ANESTHESIOLOGY,M,1966
19306,FL,CARDIOVASCULAR DISEASE,M,1966
19307,NY,CARDIOVASCULAR DISEASE,M,1960
19308,FL,HOSPITALIST,M,1964
19309,IN,FAMILY MEDICINE,M,1958
19310,FL,EMERGENCY MEDICINE,M,1960
19311,NY,COLON & RECTAL SURGERY,M,1959
19312,NV,GERIATRIC MEDICINE (INTERNAL MEDICINE),M,1952
19313,MA,GENERAL SURGERY,M,1959
19314,NC,FAMILY MEDICINE,F,1960
19315,OH,EMERGENCY MEDICINE,F,1949
19316,IL,INTERNAL MEDICINE,M,1961
19317,NY,NEUROLOGY,M,1958
19318,IL,CARDIOVASCULAR DISEASE,M,1961
19319,OR,CARDIOVASCULAR DISEASE,F,1960
19320,IL,ANATOMIC/CLINICAL PATHOLOGY,M,1963
19321,CA,INTERNAL MEDICINE,F,1963
19322,TX,HEMATOLOGY (PATHOLOGY),M,1965
19323,MO,ANATOMIC/CLINICAL PATHOLOGY,M,1965
19324,NY,CARDIOVASCULAR DISEASE,M,1962
19325,NJ,INTERNAL MEDICINE,F,1954
19326,MI,INTERNAL MEDICINE,F,1954
19327,IN,DIAGNOSTIC RADIOLOGY,M,1959
19328,MI,CARDIOVASCULAR DISEASE,M,1958
19329,FL,EMERGENCY MEDICINE,M,1960
19330,CA,PULMONARY DISEASE,F,1965
19331,CT,INTERNAL MEDICINE,F,1962
19332,FL,PSYCHIATRY,F,1948
19333,IL,CARDIOVASCULAR DISEASE,M,1956
19334,MI,"ENDOCRINOLOGY, DIABETES & METABOLISM",M,1954
19335,IL,INTERNAL MEDICINE,M,1951
19336,NJ,INTERNAL MEDICINE,M,1962
19337,MD,INTERNAL MEDICINE,F,1964
19338,CA,INTERNAL MEDICINE,M,1961
19339,MI,CLINICAL CARDIAC ELECTROPHYSIOLOGY,M,1966
19340,CA,PEDIATRICS,F,1956
19341,GA,FAMILY MEDICINE,F,1953
19342,CA,PEDIATRICS,F,1961
19343,CA,ANATOMIC/CLINICAL PATHOLOGY,F,1958
19344,NY,GASTROENTEROLOGY,M,1957
19345,MI,INTERVENTIONAL CARDIOLOGY,M,1963
19346,FL,FAMILY MEDICINE,M,1966
19347,CA,INTERNAL MEDICINE,F,1964
19348,FL,CARDIOVASCULAR DISEASE,M,1966
19349,FL,INTERNAL MEDICINE,F,1961
19350,CA,INTERVENTIONAL CARDIOLOGY,M,1965
19351,NJ,ANATOMIC/CLINICAL PATHOLOGY,M,1958
19352,NH,GENERAL SURGERY,M,1958
19353,NY,GASTROENTEROLOGY,M,1956
19354,TN,INTERNAL MEDICINE,M,1963
19355,NY,INTERNAL MEDICINE,M,1956
19356,WI,PSYCHIATRY,M,1955
19357,NY,INTERNAL MEDICINE,M,1960
19358,OK,INTERNAL MEDICINE,M,1955
19359,MO,INTERNAL MEDICINE,M,1964
19360,WA,DIAGNOSTIC RADIOLOGY,F,1965
19361,NJ,NEPHROLOGY,F,1958
19362,AZ,NEUROLOGY,M,1964
19363,FL,ANATOMIC/CLINICAL PATHOLOGY,F,1963
19364,TX,RHEUMATOLOGY,M,1948
19365,NJ,DERMATOPATHOLOGY,M,1965
19366,CA,CARDIOVASCULAR DISEASE,M,1962
19367,WI,FAMILY MEDICINE,M,1965
19368,CA,EMERGENCY MEDICINE,M,1966
19369,VA,EMERGENCY MEDICINE,M,1966
19370,MS,PEDIATRICS,F,1962
19371,FL,FAMILY MEDICINE,M,1963
19372,FL,INTERNAL MEDICINE,M,1956
19373,IL,CARDIOVASCULAR DISEASE,M,1964
19374,NJ,ANATOMIC/CLINICAL PATHOLOGY,M,1962
19375,SC,CARDIOVASCULAR DISEASE,M,1955
19376,OH,INTERNAL MEDICINE,M,1957
19377,CA,CARDIOVASCULAR DISEASE,M,1963
19378,VA,INTERNAL MEDICINE,M,1962
19379,TX,CARDIOVASCULAR DISEASE,M,1946
19380,MD,FAMILY MEDICINE,F,1946
19381,NJ,PSYCHIATRY,F,1957
19382,GA,FAMILY MEDICINE,F,1966
19383,FL,PSYCHIATRY,M,1942
19384,CA,CARDIOVASCULAR DISEASE,M,1959
19385,TN,GASTROENTEROLOGY,M,1950
19386,TX,NEUROLOGY,F,1960
19387,MD,INTERNAL MEDICINE,F,1964
19388,CA,NEUROLOGY,M,1965
19389,FL,HOSPITALIST,M,1955
19390,CA,ANATOMIC/CLINICAL PATHOLOGY,F,1957
19391,MI,CYTOPATHOLOGY,F,1956
19392,VA,INTERNAL MEDICINE,F,1963
19393,SC,INTERNAL MEDICINE,M,1954
19394,PA,HEMATOLOGY (PATHOLOGY),M,1963
19395,PA,EMERGENCY MEDICINE,M,1956
19396,TX,FAMILY MEDICINE,M,1957
19397,TX,DIAGNOSTIC RADIOLOGY,M,1967
19398,TX,ANESTHESIOLOGY,M,1966
19399,TX,PEDIATRIC DERMATOLOGY,M,1968
19400,TX,FORENSIC PATHOLOGY,M,1958
19401,DE,RHEUMATOLOGY,M,1961
19402,CO,PULMONARY CRITICAL CARE MEDICINE,M,1966
19403,OH,CARDIOVASCULAR DISEASE,M,1967
19404,NY,RADIOLOGY,M,1959
19405,LA,NEPHROLOGY,M,1954
19406,NY,PAIN MEDICINE (ANESTHESIOLOGY),M,1965
19407,KY,INTERNAL MEDICINE,M,1966
19408,NY,INTERNAL MEDICINE,M,1956
19409,NY,GASTROENTEROLOGY,M,1964
19410,CA,FAMILY MEDICINE,M,1958
19411,NY,INTERNAL MEDICINE,F,1952
19412,AR,HEMATOLOGY/ONCOLOGY,M,1956
19413,MD,PEDIATRICS,M,1945
19414,GA,INTERNAL MEDICINE,M,1965
19415,RI,PULMONARY DISEASE,M,1961
19416,FL,DIAGNOSTIC RADIOLOGY,M,1957
19417,NJ,PEDIATRICS,F,1956
19418,FL,ANESTHESIOLOGY,M,1966
19419,NY,INTERNAL MEDICINE,M,1953
19420,PA,PAIN MEDICINE,M,1962
19421,LA,NEUROLOGY,M,1954
19422,CT,DIAGNOSTIC RADIOLOGY,F,1967
19423,CT,EMERGENCY MEDICINE,M,1967
19424,VA,DIAGNOSTIC RADIOLOGY,M,1949
19425,OR,INTERNAL MEDICINE,F,1962
19426,TX,INTERNAL MEDICINE,M,1958
19427,TX,VASCULAR & INTERVENTIONAL RADIOLOGY,M,1965
19428,WI,PSYCHIATRY,F,1966
19429,VA,DIAGNOSTIC RADIOLOGY,F,1967
19430,MA,INTERNAL MEDICINE,F,1965
19431,MD,INTERNAL MEDICINE,F,1967
19432,PA,"ENDOCRINOLOGY, DIABETES & METABOLISM",M,1967
19433,TX,DERMATOLOGY,F,1966
19434,CA,INTERNAL MEDICINE,M,1967
19435,SC,NEUROLOGY,M,1967
19436,SC,ANESTHESIOLOGY,F,1967
19437,FL,DERMATOLOGY,M,1968
19438,GA,OPHTHALMOLOGY,M,1967
19439,PA,VASCULAR & INTERVENTIONAL RADIOLOGY,M,1966
19440,CA,INTERNAL MEDICINE,F,1959
19441,GA,OTOLARYNGOLOGY,M,1960
19442,NY,ANATOMIC/CLINICAL PATHOLOGY,M,1960
19443,FL,INFECTIOUS DISEASE,M,1964
19444,FL,ANATOMIC/CLINICAL PATHOLOGY,F,1960
19445,FL,CLINICAL PATHOLOGY,F,1964
19446,CA,FAMILY MEDICINE,F,1957
19447,OH,PEDIATRIC RADIOLOGY,M,1965
19448,WA,EMERGENCY MEDICINE,F,1963
19449,SC,EMERGENCY MEDICINE,M,1967
19450,PA,EMERGENCY MEDICINE,M,1958
19451,TX,OPHTHALMOLOGY,M,1966
19452,TX,INTERNAL MEDICINE,M,1965
19453,TX,INTERNAL MEDICINE,M,1964
19454,FL,VASCULAR SURGERY,M,1954
19455,TX,OPHTHALMOLOGY,M,1946
19456,TX,PEDIATRICS,M,1964
19457,TX,FAMILY MEDICINE,F,1955
19458,MD,FAMILY MEDICINE,M,1962
19459,TN,INTERNAL MEDICINE,F,1966
19460,CA,EMERGENCY MEDICINE,M,1964
19461,VA,GYNECOLOGICAL ONCOLOGY,F,1965
19462,TX,UROLOGY,M,1966
19463,ID,FAMILY MEDICINE,M,1966
19464,TN,FAMILY MEDICINE,M,1960
19465,TN,THORACIC SURGERY,M,1953
19466,TN,ANATOMIC/CLINICAL PATHOLOGY,M,1953
19467,WA,ANATOMIC/CLINICAL PATHOLOGY,M,1962
19468,TN,NEUROLOGICAL SURGERY,M,1967
19469,FL,DIAGNOSTIC RADIOLOGY,M,1967
19470,OH,PEDIATRIC HEMATOLOGY/ONCOLOGY,M,1967
19471,NY,DERMATOLOGY,F,1967
19472,NJ,OBSTETRICS & GYNECOLOGY,M,1959
19473,FL,OTOLARYNGOLOGY,M,1967
19474,AR,FAMILY MEDICINE,M,1965
19475,LA,GASTROENTEROLOGY,M,1961
19476,MN,NEPHROLOGY,F,1966
19477,WI,INTERNAL MEDICINE,F,1967
19478,PA,PEDIATRICS,F,1961
19479,WA,PEDIATRICS,F,1967
19480,TX,PEDIATRICS,F,1963
19481,TX,CARDIOVASCULAR DISEASE,M,1967
19482,TX,ANESTHESIOLOGY,M,1962
19483,TX,INTERNAL MEDICINE,M,1967
19484,TX,OBSTETRICS & GYNECOLOGY,F,1966
19485,LA,EMERGENCY MEDICINE,M,1954
19486,TN,INTERNAL MEDICINE,M,1967
19487,TN,INTERNAL MEDICINE,F,1967
19488,SC,CARDIOVASCULAR DISEASE,F,1968
19489,CA,GENERAL SURGERY,M,1955
19490,SC,EMERGENCY MEDICINE,M,1955
19491,PA,PHYSICAL MEDICINE & REHABILITATION,M,1967
19492,SC,FAMILY MEDICINE,F,1955
19493,NY,FAMILY MEDICINE,F,1959
19494,NY,DERMATOLOGY,M,1967
19495,NV,FAMILY MEDICINE,F,1964
19496,PA,EMERGENCY MEDICINE,M,1964
19497,GA,FAMILY MEDICINE,F,1957
19498,VA,HEMATOLOGY/ONCOLOGY,F,1967
19499,MN,VASCULAR MEDICINE,M,1967
19500,PA,INTERNAL MEDICINE,M,1966
19501,TX,CARDIOVASCULAR DISEASE,M,1964
19502,WA,PEDIATRICS,M,1964
19503,DE,CARDIOVASCULAR DISEASE,M,1962
19504,FL,OTOLARYNGOLOGY,F,1966
19505,PA,EMERGENCY MEDICINE,F,1960
19506,NM,EMERGENCY MEDICINE,M,1961
19507,OH,ANESTHESIOLOGY,M,1964
19508,MI,INTERNAL MEDICINE/FAMILY MEDICINE,F,1967
19509,ME,FAMILY MEDICINE,M,1966
19510,MI,FAMILY MEDICINE,M,1968
19511,MD,PEDIATRICS,M,1965
19512,MA,INTERNAL MEDICINE,M,1967
19513,MD,EMERGENCY MEDICINE,M,1967
19514,MN,FAMILY MEDICINE,M,1966
19515,NY,NEUROLOGY,M,1962
19516,NC,INTERNAL MEDICINE,M,1966
19517,NJ,EMERGENCY MEDICINE,M,1966
19518,CA,INTERNAL MEDICINE,M,1965
19519,CO,EMERGENCY MEDICINE,M,1966
19520,CA,INTERNAL MEDICINE,F,1955
19521,TX,FAMILY MEDICINE,M,1964
19522,NC,ANESTHESIOLOGY,M,1967
19523,VA,PEDIATRICS,F,1967
19524,SC,GASTROENTEROLOGY,M,1967
19525,FL,INTERNAL MEDICINE,M,1968
19526,NY,PEDIATRICS,M,1964
19527,GA,OBSTETRICS & GYNECOLOGY,F,1955
19528,MD,FAMILY MEDICINE,M,1965
19529,PA,EMERGENCY MEDICINE,M,1963
19530,CA,PAIN MEDICINE (ANESTHESIOLOGY),M,1963
19531,OH,FAMILY MEDICINE,F,1966
19532,SC,GASTROENTEROLOGY,M,1967
19533,DC,CARDIOVASCULAR DISEASE,F,1955
19534,OH,FAMILY MEDICINE,F,1967
19535,GA,CARDIOVASCULAR DISEASE,M,1943
19536,OH,INTERNAL MEDICINE,F,1966
19537,FL,OPHTHALMOLOGY,M,1967
19538,PA,INTERNAL MEDICINE,F,1965
19539,NY,OTOLARYNGOLOGY,M,1967
19540,VA,DIAGNOSTIC RADIOLOGY,F,1954
19541,NY,OTOLARYNGOLOGY,M,1967
19542,MO,ENDOVASCULAR SURGICAL NEURORADIOLOGY (NEUROLOGY),M,1963
19543,CA,FAMILY MEDICINE,M,1965
19544,CT,EMERGENCY MEDICINE,M,1964
19545,FL,DIAGNOSTIC RADIOLOGY,M,1966
19546,CT,DIAGNOSTIC RADIOLOGY,F,1964
19547,NY,PULMONARY CRITICAL CARE MEDICINE,F,1966
19548,TX,DERMATOLOGY,M,1969
19549,AZ,HEMATOLOGY/ONCOLOGY,F,1955
19550,AZ,INTERNAL MEDICINE,F,1959
19551,NJ,CARDIOVASCULAR DISEASE,M,1964
19552,AZ,VASCULAR & INTERVENTIONAL RADIOLOGY,M,1967
19553,CO,CARDIOVASCULAR DISEASE,M,1954
19554,ME,PSYCHIATRY,M,1967
19555,FL,FAMILY MEDICINE,M,1963
19556,OH,EMERGENCY MEDICINE,M,1966
19557,NJ,NUCLEAR MEDICINE,M,1967
19558,NC,DIAGNOSTIC RADIOLOGY,M,1964
19559,NY,CARDIOVASCULAR DISEASE,M,1967
19560,OH,DIAGNOSTIC RADIOLOGY,M,1964
19561,CO,ANATOMIC/CLINICAL PATHOLOGY,M,1964
19562,OR,INTERNAL MEDICINE,M,1966
19563,CT,INTERNAL MEDICINE,M,1966
19564,NY,FAMILY MEDICINE,M,1965
19565,NV,PHYSICAL MEDICINE & REHABILITATION,F,1966
19566,CT,PEDIATRICS,F,1967
19567,NJ,DIAGNOSTIC RADIOLOGY,M,1964
19568,WA,DIAGNOSTIC RADIOLOGY,M,1967
19569,NJ,RADIOLOGY,M,1968
19570,NY,INTERNAL MEDICINE,F,1963
19571,CA,DERMATOLOGY,M,1967
19572,NY,INTERNAL MEDICINE,M,1967
19573,CA,EMERGENCY MEDICINE,M,1967
19574,KY,INTERNAL MEDICINE,F,1965
19575,MA,PULMONARY CRITICAL CARE MEDICINE,M,1967
19576,NY,FAMILY MEDICINE,M,1965
19577,NJ,DIAGNOSTIC RADIOLOGY,M,1969
19578,NY,CARDIOVASCULAR DISEASE,M,1950
19579,MA,INTERNAL MEDICINE,M,1968
19580,RI,DIAGNOSTIC RADIOLOGY,M,1964
19581,AL,EMERGENCY MEDICINE,M,1967
19582,MS,DIAGNOSTIC RADIOLOGY,F,1967
19583,MS,EMERGENCY MEDICINE,M,1967
19584,MI,INTERNAL MEDICINE,F,1967
19585,MI,FAMILY MEDICINE,M,1964
19586,FL,FAMILY MEDICINE,M,1955
19587,GA,"ENDOCRINOLOGY, DIABETES & METABOLISM",M,1967
19588,LA,INTERNAL MEDICINE,M,1967
19589,MA,INTERNAL MEDICINE,F,1961
19590,MI,ORTHOPEDIC SURGERY,M,1966
19591,FL,EMERGENCY MEDICINE,M,1960
19592,AL,DIAGNOSTIC RADIOLOGY,M,1955
19593,CA,FAMILY MEDICINE,F,1954
19594,VA,DIAGNOSTIC RADIOLOGY,M,1965
19595,CT,VASCULAR & INTERVENTIONAL RADIOLOGY,M,1968
19596,OR,GENERAL SURGERY,M,1961
19597,NY,INTERNAL MEDICINE,M,1967
19598,TX,OBSTETRICS & GYNECOLOGY,M,1964
19599,NE,DIAGNOSTIC RADIOLOGY,M,1967
19600,MO,ORTHOPEDIC SURGERY,F,1967
19601,OH,FAMILY MEDICINE,M,1958
19602,MI,INTERNAL MEDICINE/PEDIATRICS,F,1958
19603,WA,FAMILY MEDICINE,F,1964
19604,FL,EMERGENCY MEDICINE,M,1966
19605,KY,INTERNAL MEDICINE/PEDIATRICS,F,1963
19606,MI,DIAGNOSTIC RADIOLOGY,M,1966
19607,NJ,DIAGNOSTIC RADIOLOGY,M,1949
19608,CA,NEURORADIOLOGY,F,1959
19609,MT,ANATOMIC/CLINICAL PATHOLOGY,M,1951
19610,MS,CARDIOVASCULAR DISEASE,M,1967
19611,MI,RADIOLOGY,M,1958
19612,MI,OPHTHALMOLOGY,M,1967
19613,MI,ORTHOPEDIC SURGERY OF THE SPINE,M,1966
19614,MI,FAMILY MEDICINE,F,1956
19615,NV,NEPHROLOGY,M,1950
19616,LA,FAMILY MEDICINE,M,1950
19617,CA,EMERGENCY MEDICINE,M,1966
19618,LA,DIAGNOSTIC RADIOLOGY,M,1966
19619,IN,CARDIOVASCULAR DISEASE,M,1966
19620,AZ,CARDIOVASCULAR DISEASE,F,1955
19621,NC,EMERGENCY MEDICINE,M,1962
19622,CO,CLINICAL CARDIAC ELECTROPHYSIOLOGY,M,1951
19623,MA,NEPHROLOGY,M,1965
19624,CA,DIAGNOSTIC RADIOLOGY,M,1953
19625,TX,INTERNAL MEDICINE,F,1967
19626,CA,FAMILY MEDICINE,F,1967
19627,MI,FAMILY MEDICINE,M,1967
19628,MI,FAMILY MEDICINE,M,1966
19629,ME,INTERNAL MEDICINE,M,1967
19630,FL,DIAGNOSTIC RADIOLOGY,M,1958
19631,MD,EMERGENCY MEDICINE,M,1967
19632,NC,DIAGNOSTIC RADIOLOGY,M,1967
19633,MI,SPORTS MEDICINE (ORTHOPEDIC SURGERY),M,1966
19634,MA,INTERNAL MEDICINE,M,1966
19635,NH,INTERNAL MEDICINE,M,1967
19636,CA,CLINICAL CARDIAC ELECTROPHYSIOLOGY,F,1966
19637,NY,PULMONARY CRITICAL CARE MEDICINE,M,1966
19638,MD,NEUROLOGY,M,1964
19639,LA,PEDIATRICS,F,1967
19640,NV,DIAGNOSTIC RADIOLOGY,F,1966
19641,LA,HEMATOLOGY/ONCOLOGY,F,1951
19642,LA,FAMILY MEDICINE,M,1966
19643,LA,EMERGENCY MEDICINE,F,1952
19644,KS,OBSTETRICS & GYNECOLOGY,M,1964
19645,TX,GENERAL SURGERY,M,1967
19646,IL,PEDIATRICS,M,1959
19647,CA,INTERNAL MEDICINE,M,1962
19648,CA,OBSTETRICS & GYNECOLOGY,F,1966
19649,IL,INTERNAL MEDICINE,M,1967
19650,HI,FAMILY MEDICINE,F,1956
19651,FL,EMERGENCY MEDICINE,M,1967
19652,GA,DIAGNOSTIC RADIOLOGY,M,1959
19653,GA,DIAGNOSTIC RADIOLOGY,M,1962
19654,GA,FAMILY MEDICINE,M,1967
19655,GA,INTERNAL MEDICINE,M,1952
19656,FL,DERMATOLOGY,M,1965
19657,FL,UROLOGY,M,1968
19658,WA,EMERGENCY MEDICINE,F,1965
19659,CA,FAMILY MEDICINE,F,1967
19660,IA,DIAGNOSTIC RADIOLOGY,M,1967
19661,MS,DIAGNOSTIC RADIOLOGY,M,1966
19662,VA,EMERGENCY MEDICINE,M,1964
19663,MN,DIAGNOSTIC RADIOLOGY,M,1964
19664,CA,INTERNAL MEDICINE,M,1952
19665,VA,EMERGENCY MEDICINE,M,1966
19666,MD,CARDIOVASCULAR DISEASE,F,1954
19667,LA,DERMATOLOGY,F,1966
19668,KY,ADDICTION MEDICINE,M,1968
19669,KY,DIAGNOSTIC RADIOLOGY,M,1951
19670,TX,OTOLARYNGOLOGY,M,1941
19671,AK,UROLOGY,M,1953
19672,CA,OPHTHALMOLOGY,M,1966
19673,AZ,RADIATION ONCOLOGY,M,1964
19674,KY,DIAGNOSTIC RADIOLOGY,M,1966
19675,CO,INTERNAL MEDICINE,M,1966
19676,FL,DERMATOLOGY,F,1967
19677,IN,EMERGENCY MEDICINE,M,1967
19678,AK,PSYCHIATRY,F,1958
19679,MN,DIAGNOSTIC RADIOLOGY,M,1967
19680,FL,VASCULAR & INTERVENTIONAL RADIOLOGY,M,1964
19681,IN,VASCULAR & INTERVENTIONAL RADIOLOGY,M,1967
19682,OH,VASCULAR SURGERY,M,1967
19683,IN,CARDIOVASCULAR DISEASE,F,1966
19684,TX,PEDIATRIC OTOLARYNGOLOGY,F,1967
19685,SC,INTERNAL MEDICINE,M,1947
19686,AL,NEPHROLOGY,M,1967
19687,FL,ANESTHESIOLOGY,M,1968
19688,CA,DERMATOLOGY,M,1966
19689,TX,CARDIOVASCULAR DISEASE,M,1967
19690,CA,INTERNAL MEDICINE,M,1966
19691,CO,FAMILY MEDICINE,F,1960
19692,MI,EMERGENCY MEDICINE,M,1968
19693,MI,DIAGNOSTIC RADIOLOGY,M,1966
19694,ID,FAMILY MEDICINE,F,1964
19695,FL,VASCULAR & INTERVENTIONAL RADIOLOGY,M,1964
19696,IL,EMERGENCY MEDICINE,M,1964
19697,CA,FAMILY MEDICINE,M,1962
19698,GA,EMERGENCY MEDICINE,M,1957
19699,GA,INTERNAL MEDICINE,M,1966
19700,MO,CARDIOVASCULAR DISEASE,M,1967
19701,AZ,ANATOMIC/CLINICAL PATHOLOGY,F,1967
19702,MA,CLINICAL PATHOLOGY,M,1958
19703,HI,NUCLEAR MEDICINE,M,1962
19704,GA,DIAGNOSTIC RADIOLOGY,M,1962
19705,GA,INTERNAL MEDICINE,M,1967
19706,MA,RADIATION ONCOLOGY,M,1966
19707,GA,INTERNAL MEDICINE,M,1965
19708,VA,GENERAL SURGERY,M,1968
19709,FL,UROLOGY,M,1966
19710,CA,PEDIATRICS,F,1965
19711,MD,CARDIOVASCULAR DISEASE,M,1964
19712,NC,PEDIATRICS,F,1963
19713,HI,DIAGNOSTIC RADIOLOGY,M,1965
19714,FL,VASCULAR SURGERY,M,1967
19715,NC,ALLERGY & IMMUNOLOGY,M,1967
19716,FL,INTERNAL MEDICINE,M,1969
19717,AZ,EMERGENCY MEDICINE,M,1967
19718,MD,OTOLARYNGOLOGY,M,1958
19719,VA,FAMILY MEDICINE,M,1959
19720,CT,ANESTHESIOLOGY,F,1966
19721,LA,EMERGENCY MEDICINE,M,1964
19722,CT,CARDIOVASCULAR DISEASE,F,1966
19723,CA,PEDIATRICS,M,1964
19724,CA,OPHTHALMOLOGY,M,1966
19725,CA,EMERGENCY MEDICINE,M,1963
19726,PA,OBSTETRICS & GYNECOLOGY,M,1955
19727,AL,CARDIOVASCULAR DISEASE,M,1967
19728,AL,VASCULAR & INTERVENTIONAL RADIOLOGY,M,1967
19729,IN,FAMILY MEDICINE,F,1959
19730,MN,INTERVENTIONAL CARDIOLOGY,M,1967
19731,MI,ANESTHESIOLOGY,M,1967
19732,CA,EMERGENCY MEDICINE,M,1966
19733,ID,CARDIOVASCULAR DISEASE,M,1957
19734,GA,FAMILY MEDICINE,F,1966
19735,PA,INTERNAL MEDICINE,F,1965
19736,CA,VASCULAR & INTERVENTIONAL RADIOLOGY,M,1967
19737,CA,FAMILY MEDICINE,M,1961
19738,IL,EMERGENCY MEDICINE,F,1964
19739,NY,CARDIOVASCULAR DISEASE,M,1967
19740,CO,CARDIOVASCULAR DISEASE,M,1953
19741,CA,DIAGNOSTIC RADIOLOGY,M,1968
19742,CA,DIAGNOSTIC RADIOLOGY,M,1967
19743,AR,FAMILY MEDICINE,M,1963
19744,OR,OTOLARYNGOLOGY,F,1962
19745,CA,EMERGENCY MEDICINE,M,1966
19746,AZ,GENERAL PRACTICE,M,1953
19747,NY,PODIATRIST,F,1965
19748,MI,EMERGENCY MEDICINE,F,1960
19749,IN,PULMONARY DISEASE,M,1955
19750,MI,ANATOMIC/CLINICAL PATHOLOGY,M,1962
19751,TX,INTERNAL MEDICINE,M,1936
19752,IL,PSYCHIATRY,F,1960
19753,LA,CARDIOVASCULAR DISEASE,M,1949
19754,CA,INTERNAL MEDICINE,M,1964
19755,OH,CARDIOVASCULAR DISEASE,F,1964
19756,AL,PULMONARY CRITICAL CARE MEDICINE,M,1959
19757,AZ,DERMATOLOGY,F,1966
19758,GA,FAMILY MEDICINE,F,1960
19759,FL,DIAGNOSTIC RADIOLOGY,M,1967
19760,CA,"ENDOCRINOLOGY, DIABETES & METABOLISM",M,1962
19761,MD,EMERGENCY MEDICINE,M,1963
19762,CA,INTERNAL MEDICINE,F,1967
19763,AL,DERMATOLOGY,F,1967
19764,AL,GASTROENTEROLOGY,M,1966
19765,MS,HOSPITALIST,M,1966
19766,NY,PODIATRIST,M,
19767,NC,DENTIST,F,
19768,FL,OTOLARYNGOLOGY,M,1964
19769,MI,OTOLARYNGOLOGY,M,1958
19770,MA,FAMILY MEDICINE,M,1964
19771,FL,PHYSICAL MEDICINE & REHABILITATION,M,1946
19772,NY,OBSTETRICS & GYNECOLOGY,F,1950
19773,TX,FAMILY MEDICINE,F,1957
19774,CA,INTERNAL MEDICINE/PEDIATRICS,M,1966
19775,MD,FAMILY MEDICINE,M,1965
19776,CA,OPHTHALMOLOGY,M,1963
19777,CA,EMERGENCY MEDICINE,F,1966
19778,CA,PEDIATRICS,M,1966
19779,CA,PEDIATRICS,M,1967
19780,PA,FAMILY MEDICINE,M,1963
19781,AL,GENERAL SURGERY,M,1966
19782,NV,EMERGENCY MEDICINE,M,1961
19783,FL,PSYCHIATRY,M,1955
19784,CO,EMERGENCY MEDICINE,M,1956
19785,FL,DERMATOLOGY,M,1958
19786,NY,FAMILY MEDICINE,M,1961
19787,MO,EMERGENCY MEDICINE,M,1955
19788,NE,HEMATOLOGY/ONCOLOGY,M,1960
19789,FL,CHILD & ADOLESCENT PSYCHIATRY,M,1957
19790,FL,ANATOMIC/CLINICAL PATHOLOGY,M,1961
19791,MI,DIAGNOSTIC RADIOLOGY,M,1960
19792,MI,FAMILY MEDICINE,F,1954
19793,SD,ANATOMIC/CLINICAL PATHOLOGY,M,1964
19794,SC,GASTROENTEROLOGY,M,1956
19795,TN,FAMILY MEDICINE,M,1954
19796,TN,NUCLEAR MEDICINE,M,1953
19797,NY,CARDIOVASCULAR DISEASE,M,1947
19798,FL,GASTROENTEROLOGY,M,1963
19799,NY,INTERNAL MEDICINE,M,1947
19800,VA,INTERNAL MEDICINE,M,1945
19801,NY,GERIATRIC MEDICINE (INTERNAL MEDICINE),F,1966
19802,NJ,CARDIOVASCULAR DISEASE,F,1957
19803,FL,INTERNAL MEDICINE,M,1963
19804,TX,INTERNAL MEDICINE,M,1949
19805,TX,INFECTIOUS DISEASE,M,1966
19806,TX,CARDIOVASCULAR DISEASE,M,1964
19807,GA,CARDIOVASCULAR DISEASE,M,1962
19808,NV,EMERGENCY MEDICINE,M,1944
19809,AL,FAMILY MEDICINE,M,1953
19810,MA,RADIATION ONCOLOGY,M,1951
19811,IN,PULMONARY DISEASE,M,1954
19812,FL,ANATOMIC PATHOLOGY,M,1956
19813,TX,GASTROENTEROLOGY,M,1961
19814,NJ,FAMILY MEDICINE,F,1966
19815,IL,OPHTHALMOLOGY,F,1965
19816,GA,EMERGENCY MEDICINE,M,1956
19817,WV,INTERNAL MEDICINE,M,1960
19818,MI,ANESTHESIOLOGY,F,1964
19819,MD,INTERNAL MEDICINE,M,1957
19820,CA,EMERGENCY MEDICINE,M,1960
19821,CA,DIAGNOSTIC RADIOLOGY,M,1958
19822,TX,FAMILY MEDICINE,M,1962
19823,FL,INTERNAL MEDICINE,M,1959
19824,FL,INTERNAL MEDICINE,M,1957
19825,IA,FAMILY MEDICINE,M,1958
19826,NY,PODIATRIST,F,
19827,NJ,ANESTHESIOLOGY,F,1966
19828,FL,FAMILY MEDICINE,M,1967
19829,NV,DIAGNOSTIC RADIOLOGY,F,1966
19830,MS,EMERGENCY MEDICINE,M,1964
19831,VA,PHYSICAL MEDICINE & REHABILITATION,M,1961
19832,NY,RADIOLOGY,M,1965
19833,NJ,EMERGENCY MEDICINE,M,1956
19834,PA,DERMATOLOGY,F,1963
19835,KY,EMERGENCY MEDICINE,M,1966
19836,DE,FAMILY MEDICINE,M,1966
19837,NC,EMERGENCY MEDICINE,M,1958
19838,WV,GENERAL SURGERY,M,1959
19839,FL,INTERNAL MEDICINE,M,1963
19840,NY,INTERNAL MEDICINE,M,1964
19841,TX,CARDIOVASCULAR DISEASE,M,1953
19842,TX,PHYSICIAN ASSISTANT,M,1959
19843,OK,CARDIOVASCULAR DISEASE,M,1963
19844,FL,NEPHROLOGY,M,1962
19845,NC,NEPHROLOGY,M,1951
19846,VA,FAMILY MEDICINE,M,1960
19847,FL,INTERNAL MEDICINE,F,1966
19848,IL,FAMILY MEDICINE,M,1966
19849,TX,INTERNAL MEDICINE,M,1965
19850,MI,DIAGNOSTIC RADIOLOGY,M,1962
19851,MS,CARDIOVASCULAR DISEASE,M,1960
19852,MD,INTERNAL MEDICINE,M,1947
19853,NY,NEUROLOGY,F,1956
19854,NE,PULMONARY CRITICAL CARE MEDICINE,M,1962
19855,NY,EMERGENCY MEDICINE,F,1952
19856,MI,DERMATOPATHOLOGY,M,1959
19857,CA,CARDIOVASCULAR DISEASE,M,1958
19858,MD,INTERNAL MEDICINE,M,1960
19859,FL,CARDIOVASCULAR DISEASE,M,1963
19860,CA,RADIATION ONCOLOGY,M,1963
19861,WI,PHYSICIAN ASSISTANT,F,1969
19862,AL,PEDIATRICS,F,1958
19863,CT,PULMONARY CRITICAL CARE MEDICINE,M,1962
19864,TX,GASTROENTEROLOGY,M,1967
19865,NJ,FAMILY MEDICINE,F,1954
19866,FL,FAMILY MEDICINE,M,1958
19867,KY,PODIATRIST,M,1966
19868,NH,FAMILY MEDICINE,M,1965
19869,FL,FAMILY MEDICINE,M,1965
19870,CA,FAMILY MEDICINE,M,1962
19871,MD,FAMILY MEDICINE,M,1964
19872,FL,FAMILY MEDICINE,M,1965
19873,MI,CARDIOVASCULAR DISEASE,M,1958
19874,KS,INTERNAL MEDICINE,M,1965
19875,NY,FAMILY MEDICINE,M,1968
19876,IL,EMERGENCY MEDICINE,M,1965
19877,TX,FAMILY MEDICINE,M,1962
19878,FL,FAMILY MEDICINE,M,1958
19879,TX,EMERGENCY MEDICINE,M,1951
19880,FL,ANESTHESIOLOGY,M,1963
19881,UT,INTERNAL MEDICINE,M,1959
19882,IA,OPTOMETRIST,M,1965
19883,OH,PHYSICIAN ASSISTANT,F,1963
19884,OR,PHYSICIAN ASSISTANT,F,1953
19885,CA,OPTOMETRIST,M,
19886,NC,PHYSICIAN ASSISTANT,F,1965
19887,WV,INTERNAL MEDICINE,M,1963
19888,FL,INTERNAL MEDICINE,M,1955
19889,AZ,INTERNAL MEDICINE,M,1963
19890,CA,INTERNAL MEDICINE,M,1950
19891,CA,INTERNAL MEDICINE,M,1964
19892,VA,FAMILY MEDICINE,M,1964
19893,VA,PSYCHIATRY,M,1965
19894,KY,GASTROENTEROLOGY,M,1965
19895,TX,FAMILY MEDICINE,F,1967
19896,VA,INFECTIOUS DISEASE,M,1954
19897,TX,HOSPITALIST,M,1966
19898,OH,INTERNAL MEDICINE,M,1965
19899,FL,GASTROENTEROLOGY,M,1965
19900,TX,PHYSICIAN ASSISTANT,M,1968
19901,MA,PEDIATRICS,F,1955
19902,CA,FAMILY MEDICINE,M,1961
19903,FL,INTERNAL MEDICINE,M,1962
19904,NV,FAMILY MEDICINE,F,1959
19905,MI,ANATOMIC/CLINICAL PATHOLOGY,M,1963
19906,NY,INTERNAL MEDICINE,F,1953
19907,TX,DIAGNOSTIC RADIOLOGY,F,1964
19908,NY,INTERNAL MEDICINE,M,1955
19909,IL,PEDIATRICS,M,1965
19910,GA,GASTROENTEROLOGY,M,1963
19911,TX,INTERNAL MEDICINE,M,1967
19912,TX,PEDIATRICS,M,1944
19913,AZ,CARDIOVASCULAR DISEASE,M,1956
19914,KY,CARDIOVASCULAR DISEASE,M,1961
19915,NY,INTERVENTIONAL CARDIOLOGY,F,1963
19916,CA,FAMILY MEDICINE,M,1951
19917,AZ,INTERNAL MEDICINE,M,1967
19918,TX,NEURORADIOLOGY,M,1966
19919,DE,EMERGENCY MEDICINE,M,1961
19920,TX,GENERAL SURGERY,F,1960
19921,MD,GENERAL SURGERY,M,1959
19922,LA,ANATOMIC/CLINICAL PATHOLOGY,M,1966
19923,TN,PEDIATRICS,F,1965
19924,SD,DIAGNOSTIC RADIOLOGY,F,1966
19925,OH,EMERGENCY MEDICINE,M,1959
19926,SC,EMERGENCY MEDICINE,M,1963
19927,TX,PULMONARY CRITICAL CARE MEDICINE,M,1964
19928,MD,EMERGENCY MEDICINE,M,1963
19929,TX,ANATOMIC/CLINICAL PATHOLOGY,M,1961
19930,KY,OPTOMETRIST,M,1960
19931,MA,INTERNAL MEDICINE,M,1964
19932,NY,VASCULAR SURGERY,M,1951
19933,VA,FAMILY MEDICINE,F,1956
19934,NY,INTERNAL MEDICINE,M,1961
19935,CT,CARDIOVASCULAR DISEASE,M,1962
19936,NY,PULMONARY DISEASE,M,1962
19937,CA,FAMILY MEDICINE,M,1961
19938,AK,PEDIATRICS,F,1963
19939,OK,MEDICAL ONCOLOGY,M,1959
19940,VA,PEDIATRICS,F,1966
19941,VA,HEMATOLOGY/ONCOLOGY,M,1966
19942,TX,FAMILY MEDICINE,M,1963
19943,UT,DERMATOLOGY,F,1971
19944,HI,PEDIATRIC HEMATOLOGY/ONCOLOGY,M,1964
19945,TN,DIAGNOSTIC RADIOLOGY,M,1965
19946,OH,PEDIATRIC RADIOLOGY,M,1961
19947,VA,PLASTIC SURGERY,M,1966
19948,CO,HEMATOLOGY/ONCOLOGY,M,1966
19949,ME,ANESTHESIOLOGY,M,1965
19950,UT,FAMILY MEDICINE,M,1962
19951,OH,PEDIATRICS,F,1966
19952,WA,PEDIATRICS,F,1965
19953,KY,DIAGNOSTIC RADIOLOGY,M,1965
19954,TN,RHEUMATOLOGY,M,1954
19955,SC,VASCULAR & INTERVENTIONAL RADIOLOGY,M,1963
19956,MI,OBSTETRICS & GYNECOLOGY,F,1965
19957,FL,CARDIOVASCULAR DISEASE,M,1966
19958,NJ,INTERNAL MEDICINE,M,1966
19959,AZ,EMERGENCY MEDICINE,M,1959
19960,OH,PEDIATRICS,F,1966
19961,SC,FAMILY MEDICINE,M,1963
19962,AZ,EMERGENCY MEDICINE,M,1966
19963,NV,NUCLEAR MEDICINE,M,1965
19964,VA,GENERAL SURGERY,M,1966
19965,NJ,PEDIATRICS,M,1961
19966,CT,DERMATOLOGY,F,1965
19967,MO,HEMATOLOGY/ONCOLOGY,M,1964
19968,NY,PEDIATRICS,F,1962
19969,FL,RHEUMATOLOGY,F,1967
19970,IN,GASTROENTEROLOGY,M,1956
19971,CA,PEDIATRICS,M,1958
19972,MI,INTERNAL MEDICINE,M,1955
19973,RI,PSYCHIATRY,M,1958
19974,WI,FAMILY MEDICINE,F,1953
19975,PA,INTERNAL MEDICINE,M,1963
19976,TX,EMERGENCY MEDICINE,M,1967
19977,TN,PEDIATRICS,F,1965
19978,NV,CARDIOVASCULAR DISEASE,F,1964
19979,TX,ANESTHESIOLOGY,M,1966
19980,TX,DIAGNOSTIC RADIOLOGY,M,1966
19981,TX,INTERNAL MEDICINE,M,1965
19982,TX,EMERGENCY MEDICINE,F,1959
19983,GA,GASTROENTEROLOGY,M,1966
19984,NV,DIAGNOSTIC RADIOLOGY,F,1961
19985,PR,ANATOMIC/CLINICAL PATHOLOGY,M,1965
19986,VA,PEDIATRICS,F,1965
19987,TX,FAMILY MEDICINE,M,1954
19988,FL,VASCULAR & INTERVENTIONAL RADIOLOGY,M,1963
19989,OH,DIAGNOSTIC RADIOLOGY,M,1966
19990,FL,EMERGENCY MEDICINE,F,1966
19991,CT,COLON & RECTAL SURGERY,M,1965
19992,CA,EMERGENCY MEDICINE,M,1963
19993,TX,CARDIOVASCULAR DISEASE,M,1967
19994,OR,INTERNAL MEDICINE,F,1962
19995,TN,OPHTHALMOLOGY,M,1966
19996,DE,CARDIOVASCULAR DISEASE,M,1966
19997,SC,OTOLARYNGOLOGY,M,1963
19998,MA,PULMONARY CRITICAL CARE MEDICINE,M,1967
19999,MA,PSYCHIATRY,F,1965
20000,MD,INTERNAL MEDICINE,M,1953
20001,DE,NEUROLOGY,M,1966
20002,NJ,CARDIOVASCULAR DISEASE,F,1968
20003,MN,DIAGNOSTIC RADIOLOGY,M,1963
20004,MD,UROLOGY,M,1966
20005,OH,DIAGNOSTIC RADIOLOGY,M,1963
20006,OH,INTERNAL MEDICINE,M,1968
20007,FL,EMERGENCY MEDICINE,F,1967
20008,NY,GYNECOLOGICAL ONCOLOGY,M,1966
20009,OH,HEMATOLOGY/ONCOLOGY,F,1966
20010,OH,FAMILY MEDICINE,F,1963
20011,NY,DERMATOLOGY,M,1964
20012,RI,DIAGNOSTIC RADIOLOGY,M,1967
20013,NJ,RADIOLOGY,M,1966
20014,NY,DERMATOLOGY,F,1964
20015,IA,GENERAL SURGERY,M,1964
20016,IN,GENERAL SURGERY,M,1966
20017,VA,ANATOMIC/CLINICAL PATHOLOGY,F,1957
20018,TX,INTERNAL MEDICINE,M,1962
20019,TX,FAMILY MEDICINE,M,1967
20020,TX,DIAGNOSTIC RADIOLOGY,F,1967
20021,FL,GASTROENTEROLOGY,M,1964
20022,NC,ORTHOPEDIC SURGERY,M,1966
20023,OH,DIAGNOSTIC RADIOLOGY,M,1964
20024,MD,EMERGENCY MEDICINE,F,1966
20025,FL,GENERAL SURGERY,M,1956
20026,IN,PEDIATRICS,F,1967
20027,OH,OBSTETRICS & GYNECOLOGY,F,1953
20028,CO,FAMILY MEDICINE,M,1960
20029,OH,INTERNAL MEDICINE,M,1964
20030,NC,EMERGENCY MEDICINE,M,1963
20031,CO,DIAGNOSTIC RADIOLOGY,M,1965
20032,NY,PEDIATRICS,F,1966
20033,WI,CARDIOVASCULAR DISEASE,M,1964
20034,DC,PEDIATRIC SURGERY,M,1961
20035,MO,OTOLARYNGOLOGY,M,1965
20036,OH,INTERNAL MEDICINE/PEDIATRICS,F,1964
20037,OH,DIAGNOSTIC RADIOLOGY,M,1966
20038,CA,INTERNAL MEDICINE,M,1964
20039,NY,DIAGNOSTIC RADIOLOGY,F,1959
20040,NY,UROLOGY,M,1966
20041,CA,DIAGNOSTIC RADIOLOGY,M,1964
20042,NY,GASTROENTEROLOGY,M,1966
20043,ID,CARDIOVASCULAR DISEASE,M,1961
20044,NM,FAMILY MEDICINE,M,1954
20045,MD,DIAGNOSTIC RADIOLOGY,M,1965
20046,VA,EMERGENCY MEDICINE,M,1967
20047,FL,ANATOMIC/CLINICAL PATHOLOGY,M,1966
20048,CA,DIAGNOSTIC RADIOLOGY,M,1966
20049,MS,VASCULAR & INTERVENTIONAL RADIOLOGY,M,1966
20050,CT,CARDIOVASCULAR DISEASE,F,1966
20051,VA,INTERNAL MEDICINE,M,1966
20052,TN,FAMILY MEDICINE,M,1965
20053,TN,UROLOGY,M,1966
20054,MA,GASTROENTEROLOGY,M,1966
20055,FL,EMERGENCY MEDICINE,M,1965
20056,DC,EMERGENCY MEDICINE,M,1966
20057,PA,ORTHOPEDIC SURGERY,M,1965
20058,OH,PEDIATRIC RADIOLOGY,F,1968
20059,FL,FAMILY MEDICINE,M,1965
20060,OH,NEUROLOGY,F,1966
20061,CO,EMERGENCY MEDICINE,M,1959
20062,FL,HAND SURGERY,M,1966
20063,NJ,EMERGENCY MEDICINE,F,1966
20064,RI,EMERGENCY MEDICINE,M,1966
20065,CT,INTERNAL MEDICINE,M,1965
20066,OR,FAMILY MEDICINE,F,1965
20067,NV,GYNECOLOGY,F,1966
20068,CA,EMERGENCY MEDICINE,F,1960
20069,UT,FAMILY MEDICINE,F,1959
20070,FL,UROLOGY,M,1961
20071,MI,INTERNAL MEDICINE,M,1965
20072,NY,CARDIOVASCULAR DISEASE,M,1967
20073,CT,OPHTHALMOLOGY,M,1966
20074,NJ,VASCULAR & INTERVENTIONAL RADIOLOGY,M,1966
20075,NJ,EMERGENCY MEDICINE,F,1966
20076,CT,PEDIATRICS,M,1966
20077,OR,DIAGNOSTIC RADIOLOGY,M,1964
20078,CO,INTERVENTIONAL CARDIOLOGY,M,1964
20079,FL,DIAGNOSTIC RADIOLOGY,F,1962
20080,MI,ANESTHESIOLOGY,M,1966
20081,CA,EMERGENCY MEDICINE,M,1966
20082,VA,OPHTHALMOLOGY,M,1961
20083,DE,NEURORADIOLOGY,M,1966
20084,AZ,FAMILY MEDICINE,F,1964
20085,WA,GENERAL SURGERY,M,1966
20086,LA,CHILD & ADOLESCENT PSYCHIATRY,M,1965
20087,CO,GASTROENTEROLOGY,M,1966
20088,MD,EMERGENCY MEDICINE,M,1966
20089,MD,PHYSICAL MEDICINE & REHABILITATION,M,1965
20090,LA,GASTROENTEROLOGY,M,1965
20091,CA,OPHTHALMOLOGY,M,1965
20092,GA,PEDIATRICS,F,1966
20093,IL,DIAGNOSTIC RADIOLOGY,M,1966
20094,NC,CHILD & ADOLESCENT PSYCHIATRY,M,1966
20095,NY,DIAGNOSTIC RADIOLOGY,M,1965
20096,AZ,PULMONARY CRITICAL CARE MEDICINE,M,1967
20097,CT,NEURORADIOLOGY,M,1962
20098,NY,DIAGNOSTIC RADIOLOGY,M,1966
20099,CT,EMERGENCY MEDICINE,M,1964
20100,CA,CARDIOVASCULAR DISEASE,M,1963
20101,CA,DERMATOPATHOLOGY,F,1967
20102,MN,PEDIATRICS,F,1966
20103,FL,EMERGENCY MEDICINE,M,1961
20104,MI,EMERGENCY MEDICINE,M,1966
20105,MI,DIAGNOSTIC RADIOLOGY,F,1966
20106,AZ,ANESTHESIOLOGY,M,1964
20107,MI,CARDIOVASCULAR DISEASE,M,1960
20108,GA,OTOLARYNGOLOGY,M,1965
20109,NY,NEUROLOGY,M,1967
20110,AZ,EMERGENCY MEDICINE,M,1964
20111,TX,UROLOGY,M,1963
20112,CA,PEDIATRICS,M,1966
20113,IN,EMERGENCY MEDICINE,M,1965
20114,CA,NEPHROLOGY,M,1964
20115,MN,CYTOPATHOLOGY,M,1966
20116,PA,ANATOMIC/CLINICAL PATHOLOGY,M,1966
20117,IL,DIAGNOSTIC RADIOLOGY,M,1966
20118,OR,CARDIOVASCULAR DISEASE,M,1966
20119,AL,OBSTETRICS & GYNECOLOGY,M,1966
20120,MA,ANATOMIC/CLINICAL PATHOLOGY,F,1966
20121,MI,PULMONARY CRITICAL CARE MEDICINE,M,1965
20122,MI,ANATOMIC/CLINICAL PATHOLOGY,M,1958
20123,PA,EMERGENCY MEDICINE,M,1966
20124,CA,EMERGENCY MEDICINE,M,1963
20125,NV,EMERGENCY MEDICINE,M,1966
20126,MI,DIAGNOSTIC RADIOLOGY,M,1962
20127,CA,OBSTETRICS & GYNECOLOGY,M,1965
20128,KS,CARDIOVASCULAR DISEASE,M,1964
20129,MN,DIAGNOSTIC RADIOLOGY,M,1965
20130,IN,DERMATOPATHOLOGY,M,1966
20131,IN,ANESTHESIOLOGY,M,1966
20132,IN,OTOLARYNGOLOGY,M,1965
20133,AZ,EMERGENCY MEDICINE,M,1965
20134,TX,FAMILY MEDICINE,M,1959
20135,MD,CARDIOVASCULAR DISEASE,M,1966
20136,MD,ORTHOPEDIC SURGERY,M,1964
20137,OR,FAMILY MEDICINE,M,1956
20138,ID,CARDIOVASCULAR DISEASE,M,1966
20139,CA,OPHTHALMOLOGY,F,1956
20140,NY,OBSTETRICS & GYNECOLOGY,F,1963
20141,NJ,UROLOGY,M,1966
20142,PA,ANESTHESIOLOGY,M,1964
20143,NJ,EMERGENCY MEDICINE,M,1965
20144,NJ,CARDIOVASCULAR DISEASE,M,1965
20145,NJ,FAMILY MEDICINE,M,1965
20146,IA,CARDIOVASCULAR DISEASE,M,1965
20147,CA,PEDIATRICS,F,1966
20148,MO,PHYSICAL MEDICINE & REHABILITATION,F,1968
20149,IL,DIAGNOSTIC RADIOLOGY,M,1966
20150,MN,INTERNAL MEDICINE,F,1965
20151,MD,CARDIOVASCULAR DISEASE,M,1960
20152,PA,DERMATOLOGY,M,1953
20153,LA,FAMILY MEDICINE,F,1965
20154,CA,ORTHOPEDIC SURGERY,M,1963
20155,CA,VASCULAR SURGERY,M,1967
20156,CA,OBSTETRICS & GYNECOLOGY,F,1965
20157,CA,INTERNAL MEDICINE,F,1967
20158,TN,INTERNAL MEDICINE,M,1965
20159,MI,UROLOGY,F,1965
20160,CA,ANESTHESIOLOGY,M,1965
20161,CO,CARDIOVASCULAR DISEASE,M,1966
20162,TX,ALLERGY & IMMUNOLOGY,F,1959
20163,TN,DERMATOLOGY,M,1966
20164,PA,EMERGENCY MEDICINE,M,1968
20165,PA,FAMILY MEDICINE,F,1964
20166,LA,HEMATOLOGY/ONCOLOGY,M,1966
20167,TX,ANATOMIC/CLINICAL PATHOLOGY,F,1966
20168,CA,PSYCHIATRY,M,1964
20169,CA,CARDIOVASCULAR DISEASE,M,1964
20170,MO,DIAGNOSTIC RADIOLOGY,F,1964
20171,TX,INTERNAL MEDICINE,M,1965
20172,FL,CARDIOVASCULAR DISEASE,M,1959
20173,AZ,ANATOMIC/CLINICAL PATHOLOGY,F,1967
20174,IL,FAMILY MEDICINE,F,1966
20175,GA,DIAGNOSTIC RADIOLOGY,M,1959
20176,CA,ANATOMIC/CLINICAL PATHOLOGY,F,1966
20177,MN,EMERGENCY MEDICINE,M,1967
20178,CA,NEURORADIOLOGY,M,1960
20179,CA,PEDIATRICS,F,1967
20180,OH,PODIATRIST,M,1964
20181,MA,CARDIOVASCULAR DISEASE,F,1968
20182,MA,ANESTHESIOLOGY,M,1966
20183,MD,VASCULAR & INTERVENTIONAL RADIOLOGY,M,1966
20184,MI,DERMATOLOGY,M,1961
20185,CA,EMERGENCY MEDICINE,M,1966
20186,LA,CARDIOVASCULAR DISEASE,M,1956
20187,MS,VASCULAR & INTERVENTIONAL RADIOLOGY,M,1965
20188,LA,PEDIATRICS,F,1965
20189,LA,INTERNAL MEDICINE,F,1960
20190,TN,RADIATION ONCOLOGY,M,1965
20191,ME,GENERAL SURGERY,M,1966
20192,FL,INFECTIOUS DISEASE,M,1960
20193,NC,DIAGNOSTIC RADIOLOGY,F,1966
20194,NC,NEPHROLOGY,M,1966
20195,CA,FAMILY MEDICINE,M,1964
20196,NH,PSYCHIATRY,M,1965
20197,TX,ORTHOPEDIC SURGERY,M,1961
20198,MD,DERMATOLOGY,M,1960
20199,CA,EMERGENCY MEDICINE,M,1963
20200,NY,NEUROLOGY,M,1966
20201,CA,RADIOLOGY,M,1966
20202,CA,FAMILY MEDICINE,M,1954
20203,CA,INTERNAL MEDICINE,M,1966
20204,CA,EMERGENCY MEDICINE,M,1964
20205,TX,EMERGENCY MEDICINE,M,1961
20206,HI,PEDIATRIC RADIOLOGY,F,1962
20207,SC,PULMONARY DISEASE,M,1965
20208,FL,EMERGENCY MEDICINE,M,1958
20209,FL,GASTROENTEROLOGY,M,1965
20210,FL,GYNECOLOGY,F,1966
20211,NC,DIAGNOSTIC RADIOLOGY,M,1966
20212,NH,ANESTHESIOLOGY,M,1966
20213,CO,PEDIATRIC EMERGENCY MEDICINE (PEDIATRICS),F,1962
20214,CA,INTERNAL MEDICINE,M,1956
20215,ME,ANESTHESIOLOGY,M,1965
20216,CA,NOT APPLICABLE,M,1964
20217,CO,FAMILY MEDICINE,M,1964
20218,GA,SPORTS MEDICINE (ORTHOPEDIC SURGERY),M,1965
20219,KY,DIAGNOSTIC RADIOLOGY,M,1957
20220,NJ,CARDIOVASCULAR DISEASE,M,1964
20221,TX,CARDIOVASCULAR DISEASE,M,1967
20222,AZ,ANESTHESIOLOGY,M,1964
20223,AZ,INTERNAL MEDICINE,M,1965
20224,NC,GERIATRIC MEDICINE (INTERNAL MEDICINE),F,1966
20225,GA,FAMILY MEDICINE,M,1964
20226,CA,INTERNAL MEDICINE,M,1965
20227,CA,ALLERGY & IMMUNOLOGY,M,1965
20228,AZ,EMERGENCY MEDICINE,M,1962
20229,AL,CARDIOVASCULAR DISEASE,M,1966
20230,TX,PEDIATRIC GASTROENTEROLOGY,M,1963
20231,KY,INTERNAL MEDICINE,M,1957
20232,TX,INTERNAL MEDICINE,M,1959
20233,TX,NEPHROLOGY,M,1964
20234,VA,OPHTHALMOLOGY,M,1966
20235,NJ,ANESTHESIOLOGY,M,1966
20236,CO,EMERGENCY MEDICINE,M,1966
20237,CA,DIAGNOSTIC RADIOLOGY,M,1966
20238,CA,EMERGENCY MEDICINE,M,1965
20239,CA,GENERAL PRACTICE,M,1955
20240,PA,FAMILY MEDICINE,M,1956
20241,LA,CARDIOVASCULAR DISEASE,M,1965
20242,GA,PEDIATRICS,M,1964
20243,GA,INTERNAL MEDICINE,M,1961
20244,MA,NEPHROLOGY,M,1963
20245,SC,INTERNAL MEDICINE,F,1961
20246,NY,FAMILY MEDICINE,F,1965
20247,PA,OTOLARYNGOLOGY,M,1963
20248,IA,CARDIOVASCULAR DISEASE,M,1957
20249,MI,INTERVENTIONAL CARDIOLOGY,M,1966
20250,VA,PEDIATRICS,M,1964
20251,AZ,ANESTHESIOLOGY,M,1959
20252,MD,DERMATOPATHOLOGY,F,1957
20253,CO,MEDICAL ONCOLOGY,F,1964
20254,TN,PEDIATRICS,F,1966
20255,MI,CARDIOVASCULAR DISEASE,M,1962
20256,AZ,INTERNAL MEDICINE,M,1964
20257,AL,INTERNAL MEDICINE,F,1963
20258,IN,CARDIOVASCULAR DISEASE,M,1960
20259,NJ,ANESTHESIOLOGY,M,1956
20260,FL,CARDIOVASCULAR DISEASE,M,1951
20261,CA,INTERNAL MEDICINE,M,1952
20262,CA,GENERAL PRACTICE,M,1955
20263,MN,CLINICAL CARDIAC ELECTROPHYSIOLOGY,M,1966
20264,VA,VASCULAR SURGERY,M,1967
20265,GA,DERMATOLOGY,F,1965
20266,AK,OPHTHALMOLOGY,M,1964
20267,AZ,DIAGNOSTIC RADIOLOGY,M,1965
20268,OH,INTERVENTIONAL CARDIOLOGY,M,1961
20269,MD,ALLERGY & IMMUNOLOGY,F,1962
20270,ME,ANESTHESIOLOGY,M,1963
20271,TX,GERIATRIC MEDICINE (INTERNAL MEDICINE),M,1957
20272,MI,CARDIOVASCULAR DISEASE,M,1962
20273,NC,NEPHROLOGY,M,1963
20274,FL,EMERGENCY MEDICINE,M,1960
20275,NV,GASTROENTEROLOGY,M,1966
20276,NJ,RHEUMATOLOGY,M,1960
20277,PA,CARDIOVASCULAR DISEASE,M,1961
20278,OH,CARDIOVASCULAR DISEASE,M,1964
20279,TN,FAMILY MEDICINE,M,1956
20280,IL,FAMILY MEDICINE,M,1962
20281,FL,DIAGNOSTIC RADIOLOGY,F,1955
20282,KY,CARDIOVASCULAR DISEASE,M,1962
20283,IL,EMERGENCY MEDICINE,M,1961
20284,NC,INTERNAL MEDICINE,M,1958
20285,MI,CARDIOVASCULAR DISEASE,M,1964
20286,MD,NEUROLOGY,F,1962
20287,OH,GASTROENTEROLOGY,M,1960
20288,WI,DIAGNOSTIC RADIOLOGY,M,1961
20289,CA,REPRODUCTIVE ENDOCRINOLOGY & INFERTILITY,M,1958
20290,NY,PEDIATRICS,F,1959
20291,TX,DIAGNOSTIC RADIOLOGY,M,1954
20292,CO,CARDIOVASCULAR DISEASE,M,1954
20293,MD,GASTROENTEROLOGY,F,1963
20294,MI,GASTROENTEROLOGY,M,1953
20295,MI,INTERNAL MEDICINE,M,1961
20296,CT,GENERAL SURGERY,M,1960
20297,TX,CARDIOVASCULAR DISEASE,M,1960
20298,PA,INTERNAL MEDICINE,M,1959
20299,FL,INTERNAL MEDICINE,M,1961
20300,VA,INTERNAL MEDICINE,F,1961
20301,WV,PSYCHIATRY,M,1960
20302,TX,DERMATOPATHOLOGY,F,1949
20303,CA,DIAGNOSTIC RADIOLOGY,M,1967
20304,FL,INTERNAL MEDICINE/PEDIATRICS,M,1957
20305,MI,GENERAL SURGERY,F,1962
20306,DE,CARDIOVASCULAR DISEASE,M,1963
20307,FL,RHEUMATOLOGY,M,1954
20308,MN,ANATOMIC/CLINICAL PATHOLOGY,M,1960
20309,FL,ALLERGY & IMMUNOLOGY,M,1959
20310,OH,FAMILY MEDICINE,M,1954
20311,WA,PEDIATRIC ENDOCRINOLOGY,F,1961
20312,CA,INTERNAL MEDICINE,M,1953
20313,FL,CARDIOVASCULAR DISEASE,M,1965
20314,IN,PSYCHIATRY,M,1953
20315,NY,EMERGENCY MEDICINE,M,1965
20316,TX,INTERNAL MEDICINE,M,1963
20317,FL,INTERNAL MEDICINE,M,1960
20318,MS,FAMILY MEDICINE,F,1960
20319,MI,INTERNAL MEDICINE,M,1956
20320,VA,DIAGNOSTIC RADIOLOGY,M,1955
20321,IA,CARDIOVASCULAR DISEASE,M,1957
20322,NJ,PEDIATRICS,F,1966
20323,NV,GENERAL PRACTICE,M,1957
20324,TX,CARDIOVASCULAR DISEASE,M,1963
20325,NY,INTERNAL MEDICINE,M,1951
20326,NJ,INTERNAL MEDICINE,M,1947
20327,TX,PULMONARY CRITICAL CARE MEDICINE,M,1965
20328,OH,INTERNAL MEDICINE,F,1960
20329,CA,GENERAL PRACTICE,M,1960
20330,CA,GENERAL SURGERY,M,1956
20331,ID,EMERGENCY MEDICINE,M,1960
20332,CA,PULMONARY DISEASE,M,1962
20333,GA,CARDIOVASCULAR DISEASE,M,1946
20334,CA,EMERGENCY MEDICINE,M,1964
20335,IN,MUSCULOSKELETAL ONCOLOGY,M,1958
20336,SD,REPRODUCTIVE ENDOCRINOLOGY & INFERTILITY,M,1957
20337,FL,GENERAL SURGERY,M,1956
20338,WA,FAMILY MEDICINE,M,1962
20339,CA,FAMILY MEDICINE,M,1952
20340,TX,EMERGENCY MEDICINE,M,1961
20341,NY,GASTROENTEROLOGY,M,1960
20342,TN,CARDIOVASCULAR DISEASE,M,1959
20343,NJ,FAMILY MEDICINE,M,1962
20344,NV,CARDIOVASCULAR DISEASE,M,1956
20345,FL,CARDIOVASCULAR DISEASE,M,1955
20346,FL,FAMILY MEDICINE,F,1959
20347,MO,INTERNAL MEDICINE,M,1954
20348,FL,INTERNAL MEDICINE,M,1965
20349,LA,INTERNAL MEDICINE,M,1959
20350,FL,CARDIOVASCULAR DISEASE,M,1966
20351,WA,FAMILY MEDICINE,F,1961
20352,MI,FAMILY MEDICINE,M,1955
20353,FL,GASTROENTEROLOGY,M,1962
20354,OR,OPTOMETRIST,M,
20355,CA,OPTOMETRIST,M,1955
20356,OR,OPTOMETRIST,F,1957
20357,MO,DENTIST,M,
20358,VA,PHYSICIAN ASSISTANT,F,1963
20359,FL,PHYSICIAN ASSISTANT,M,1965
20360,OR,PHYSICIAN ASSISTANT,F,1961
20361,AZ,OPTOMETRIST,F,1965
20362,NY,PHYSICIAN ASSISTANT,M,1963
20363,NY,PHYSICIAN ASSISTANT,M,1946
20364,TX,PHYSICIAN ASSISTANT,F,1964
20365,GA,PHYSICIAN ASSISTANT,F,1965
20366,CO,PHYSICIAN ASSISTANT,F,1963
20367,TX,PHYSICIAN ASSISTANT,F,1953
20368,NY,PHYSICIAN ASSISTANT,F,1955
20369,AZ,INTERNAL MEDICINE,F,1963
20370,TX,EMERGENCY MEDICINE,F,1963
20371,NE,PHYSICIAN ASSISTANT,M,1962
20372,MN,PHYSICIAN ASSISTANT,M,1958
20373,NY,PHYSICIAN ASSISTANT,M,1951
20374,TX,PHYSICIAN ASSISTANT,F,1957
20375,NY,PHYSICIAN ASSISTANT,M,1951
20376,FL,DERMATOLOGY,F,1952
20377,OH,PSYCHIATRY,M,1964
20378,MI,CARDIOVASCULAR DISEASE,M,1964
20379,NJ,EMERGENCY MEDICINE,M,1965
20380,CO,OBSTETRICS & GYNECOLOGY,M,1952
20381,PA,CARDIOVASCULAR DISEASE,M,1952
20382,NY,PHYSICAL MEDICINE & REHABILITATION,F,1964
20383,NJ,NEONATAL-PERINATAL MEDICINE,M,1964
20384,FL,DIAGNOSTIC RADIOLOGY,M,1962
20385,OH,DIAGNOSTIC RADIOLOGY,M,1959
20386,PA,DERMATOLOGY,M,1954
20387,MI,MEDICAL ONCOLOGY,M,1960
20388,FL,PSYCHIATRY,F,1962
20389,TX,FAMILY MEDICINE,M,1957
20390,TX,"ENDOCRINOLOGY, DIABETES & METABOLISM",M,1958
20391,NY,CYTOPATHOLOGY,F,1964
20392,CA,CARDIOVASCULAR DISEASE,M,1963
20393,FL,FAMILY MEDICINE,M,1958
20394,GA,PHYSICIAN ASSISTANT,F,1953
20395,IL,DIAGNOSTIC RADIOLOGY,M,1964
20396,MI,ANESTHESIOLOGY,F,1964
20397,MI,EMERGENCY MEDICINE,M,1965
20398,NJ,RADIATION ONCOLOGY,M,1964
20399,PA,INTERNAL MEDICINE,M,1964
20400,OH,PROCTOLOGY,M,1965
20401,NY,FAMILY MEDICINE,M,1965
20402,DE,CARDIOVASCULAR DISEASE,M,1965
20403,AR,EMERGENCY MEDICINE,M,1956
20404,OK,FAMILY MEDICINE,F,1966
20405,FL,FAMILY MEDICINE,M,1958
20406,MO,CARDIOVASCULAR DISEASE,M,1965
20407,OH,EMERGENCY MEDICINE,M,1963
20408,MO,PHYSICAL MEDICINE & REHABILITATION,M,1961
20409,TX,ADOLESCENT MEDICINE (PEDIATRICS),F,1960
20410,MD,GASTROENTEROLOGY,M,1962
20411,PA,GERIATRIC MEDICINE (INTERNAL MEDICINE),M,1962
20412,NJ,INTERNAL MEDICINE,M,1961
20413,TX,FAMILY MEDICINE,M,1954
20414,MI,HOSPITALIST,F,1960
20415,IL,RADIOLOGY,F,1959
20416,PA,FAMILY MEDICINE,M,1963
20417,RI,FAMILY MEDICINE,M,1958
20418,FL,HEMATOLOGY/ONCOLOGY,M,1958
20419,CA,EMERGENCY MEDICINE,M,1959
20420,MI,DIAGNOSTIC RADIOLOGY,M,1950
20421,FL,PSYCHIATRY,M,1948
20422,NJ,PEDIATRICS,M,1959
20423,FL,HOSPITALIST,M,1955
20424,MI,PEDIATRIC EMERGENCY MEDICINE,M,1962
20425,PA,PULMONARY DISEASE,M,1960
20426,NY,CARDIOVASCULAR DISEASE,M,1961
20427,NY,FAMILY MEDICINE,F,1961
20428,TX,FAMILY MEDICINE,M,1953
20429,NJ,INTERNAL MEDICINE,F,1961
20430,FL,PSYCHIATRY,M,1950
20431,CA,NEPHROLOGY,M,1959
20432,LA,INTERNAL MEDICINE,M,1957
20433,CA,INTERNAL MEDICINE,M,1962
20434,TX,PULMONARY DISEASE,M,1964
20435,MI,DIAGNOSTIC RADIOLOGY,M,1958
20436,TX,PEDIATRIC EMERGENCY MEDICINE (PEDIATRICS),M,1961
20437,NJ,UROLOGY,M,1953
20438,NY,COLON & RECTAL SURGERY,M,1955
20439,IN,NEUROLOGICAL SURGERY,M,1960
20440,PA,CARDIOVASCULAR DISEASE,F,1980
20441,CA,NURSE PRACTITIONER,M,
20442,IL,EMERGENCY MEDICINE,M,1966
20443,OH,INTERNAL MEDICINE,M,1964
20444,NJ,GASTROENTEROLOGY,M,1965
20445,KY,EMERGENCY MEDICINE,M,1963
20446,FL,DIAGNOSTIC RADIOLOGY,M,1965
20447,PA,INTERNAL MEDICINE,M,1965
20448,AK,DERMATOLOGY,M,1946
20449,NJ,FAMILY MEDICINE,M,1962
20450,CO,DIAGNOSTIC RADIOLOGY,F,1964
20451,NJ,GASTROENTEROLOGY,M,1963
20452,AZ,CARDIOVASCULAR DISEASE,M,1957
20453,TX,FAMILY MEDICINE,F,1953
20454,CA,FAMILY MEDICINE,M,1961
20455,NY,ALLERGY & IMMUNOLOGY,F,1959
20456,TN,OPHTHALMOLOGY,M,1956
20457,NY,PULMONARY DISEASE,M,1953
20458,GA,RHEUMATOLOGY,M,1963
20459,MI,INTERNAL MEDICINE,F,1957
20460,TX,INTERNAL MEDICINE,M,1962
20461,LA,INTERNAL MEDICINE,M,1956
20462,MI,HEMATOLOGY (PATHOLOGY),M,1951
20463,MD,DERMATOLOGY,M,1961
20464,NY,INTERNAL MEDICINE,F,1956
20465,NY,HOSPITALIST,M,1959
20466,NY,NEURORADIOLOGY,M,1964
20467,CA,ANATOMIC/CLINICAL PATHOLOGY,M,1954
20468,TX,PEDIATRICS,M,1953
20469,NC,DIAGNOSTIC RADIOLOGY,M,1954
20470,GA,OPHTHALMOLOGY,M,1962
20471,SC,FAMILY MEDICINE,F,1965
20472,CA,CARDIOVASCULAR DISEASE,M,1961
20473,TX,INTERNAL MEDICINE,M,1956
20474,TN,INTERNAL MEDICINE,M,1959
20475,MI,EMERGENCY MEDICINE,M,1961
20476,NY,ALLERGY & IMMUNOLOGY,F,1960
20477,FL,INTERNAL MEDICINE,M,1964
20478,IL,VASCULAR & INTERVENTIONAL RADIOLOGY,M,1965
20479,CA,OBSTETRICS & GYNECOLOGY,F,1963
20480,NY,PEDIATRICS,M,1960
20481,NY,PEDIATRIC EMERGENCY MEDICINE,F,1957
20482,PA,HAND SURGERY,M,1953
20483,NV,NURSE PRACTITIONER,F,1960
20484,OH,NURSE PRACTITIONER,F,1957
20485,MI,NURSE PRACTITIONER,F,
20486,MD,NURSE PRACTITIONER,F,1954
20487,VA,NURSE PRACTITIONER,F,
20488,MD,NURSE PRACTITIONER,F,
20489,SC,CERTIFIED NURSE ANESTHETIST,M,
20490,FL,NURSE PRACTITIONER,F,1948
20491,MD,NURSE PRACTITIONER,F,1979
20492,NV,PLASTIC SURGERY,M,1963
20493,OH,PSYCHIATRY,F,1959
20494,TX,CARDIOVASCULAR DISEASE,M,1956
20495,NJ,CARDIOVASCULAR DISEASE,M,1946
20496,FL,CARDIOVASCULAR DISEASE,M,1957
20497,TX,"ENDOCRINOLOGY, DIABETES & METABOLISM",M,1961
20498,TX,INTERNAL MEDICINE,M,1958
20499,CA,NEPHROLOGY,M,1956
20500,SC,NURSE PRACTITIONER,F,1953
20501,FL,CARDIOVASCULAR DISEASE,M,1959
20502,NY,GASTROENTEROLOGY,M,1959
20503,FL,GASTROENTEROLOGY,M,1964
20504,AZ,GASTROENTEROLOGY,M,1960
20505,MD,ANESTHESIOLOGY,M,1964
20506,ID,DIAGNOSTIC RADIOLOGY,M,1964
20507,WA,DIAGNOSTIC RADIOLOGY,M,1964
20508,AE,AEROSPACE MEDICINE,M,1961
20509,TX,FAMILY MEDICINE,F,1963
20510,TX,INTERNAL MEDICINE,M,1964
20511,TX,INTERNAL MEDICINE,M,1964
20512,TN,CARDIOVASCULAR DISEASE,M,1963
20513,CA,HEMATOLOGY/ONCOLOGY,F,1964
20514,OH,INTERNAL MEDICINE,M,1958
20515,TN,CARDIOVASCULAR DISEASE,M,1959
20516,SC,INTERNAL MEDICINE,M,1962
20517,PA,CARDIOVASCULAR DISEASE,M,1958
20518,FL,CARDIOVASCULAR DISEASE,F,1963
20519,FL,CARDIOVASCULAR DISEASE,M,1958
20520,CA,FAMILY MEDICINE,M,1953
20521,NY,EMERGENCY MEDICINE,M,1957
20522,TX,CARDIOVASCULAR DISEASE,M,1963
20523,NV,ANESTHESIOLOGY,M,1964
20524,IN,PLASTIC SURGERY,M,1963
20525,TX,HAND SURGERY,F,1964
20526,TN,OTOLARYNGOLOGY,M,1964
20527,AZ,DIAGNOSTIC RADIOLOGY,M,1962
20528,TX,COLON & RECTAL SURGERY,F,1964
20529,CA,FAMILY MEDICINE,M,1963
20530,PA,PEDIATRICS,F,1963
20531,NY,INTERNAL MEDICINE,M,1965
20532,VA,VASCULAR & INTERVENTIONAL RADIOLOGY,M,1965
20533,CA,DIAGNOSTIC RADIOLOGY,M,1963
20534,FL,NURSE PRACTITIONER,F,1948
20535,OH,EMERGENCY MEDICINE,F,1960
20536,TX,CARDIOVASCULAR DISEASE,M,1962
20537,MN,INTERNAL MEDICINE,M,1952
20538,TX,INTERNAL MEDICINE,M,1957
20539,MD,EMERGENCY MEDICINE,M,1947
20540,CA,FAMILY MEDICINE,M,1962
20541,OK,FAMILY MEDICINE,M,1962
20542,WA,EMERGENCY MEDICINE,M,1961
20543,WY,FAMILY MEDICINE,M,1965
20544,OR,FAMILY MEDICINE,F,1959
20545,TX,OTOLARYNGOLOGY,M,1958
20546,PA,FAMILY MEDICINE,M,1965
20547,TX,INTERVENTIONAL CARDIOLOGY,M,1965
20548,ID,EMERGENCY MEDICINE,F,1956
20549,WA,INTERVENTIONAL CARDIOLOGY,M,1965
20550,TX,DIAGNOSTIC RADIOLOGY,F,1966
20551,NE,FAMILY MEDICINE,M,1965
20552,TX,FAMILY MEDICINE,F,1964
20553,OH,ORTHOPEDIC SURGERY,M,1964
20554,MS,OPHTHALMOLOGY,M,1961
20555,NY,OPHTHALMOLOGY,M,1966
20556,CA,INTERNAL MEDICINE,M,1967
20557,TX,INTERNAL MEDICINE,M,1966
20558,IL,DERMATOPATHOLOGY,M,1965
20559,SC,EMERGENCY MEDICINE,M,1961
20560,NY,CARDIOVASCULAR DISEASE,M,1963
20561,RI,EMERGENCY MEDICINE,M,1963
20562,OK,DERMATOLOGY,M,1965
20563,OH,FAMILY MEDICINE,M,1961
20564,CA,FAMILY MEDICINE,M,1964
20565,OH,DIAGNOSTIC RADIOLOGY,M,1964
20566,MN,FAMILY MEDICINE,M,1963
20567,NY,DIAGNOSTIC RADIOLOGY,M,1965
20568,KS,INTERNAL MEDICINE,M,1963
20569,WA,FAMILY MEDICINE,M,1953
20570,ID,"ENDOCRINOLOGY, DIABETES & METABOLISM",F,1964
20571,FL,ANESTHESIOLOGY,M,1959
20572,VA,FAMILY MEDICINE,F,1965
20573,VA,DIAGNOSTIC RADIOLOGY,F,1964
20574,NJ,DIAGNOSTIC RADIOLOGY,M,1959
20575,GA,GASTROENTEROLOGY,M,1964
20576,TX,INTERNAL MEDICINE,M,1965
20577,TX,FAMILY MEDICINE,F,1964
20578,TX,NEURORADIOLOGY,M,1965
20579,TX,RHEUMATOLOGY,F,1965
20580,AZ,ANESTHESIOLOGY,F,1953
20581,TX,EMERGENCY MEDICINE,M,1964
20582,TX,INTERNAL MEDICINE,F,1963
20583,PR,GASTROENTEROLOGY,M,1966
20584,FL,EMERGENCY MEDICINE,M,1965
20585,FL,EMERGENCY MEDICINE,M,1962
20586,TN,ANATOMIC/CLINICAL PATHOLOGY,M,1965
20587,NJ,FAMILY MEDICINE,M,1965
20588,DE,CLINICAL CARDIAC ELECTROPHYSIOLOGY,M,1965
20589,NJ,ORTHOPEDIC SURGERY,M,1965
20590,FL,INTERNAL MEDICINE,M,1961
20591,NC,PAIN MEDICINE (ANESTHESIOLOGY),M,1964
20592,TX,INTERNAL MEDICINE,M,1965
20593,MO,ANESTHESIOLOGY,M,1963
20594,NJ,OBSTETRICS & GYNECOLOGY,F,
20595,MD,DIAGNOSTIC RADIOLOGY,M,1955
20596,GA,PHYSICAL MEDICINE & REHABILITATION,M,1962
20597,NC,DERMATOLOGY,M,1964
20598,OH,INTERNAL MEDICINE,F,1959
20599,CA,FAMILY MEDICINE,M,1965
20600,NY,OTOLARYNGOLOGY,M,1965
20601,SC,CARDIOVASCULAR DISEASE,M,1965
20602,NY,DIAGNOSTIC RADIOLOGY,M,1964
20603,MI,DIAGNOSTIC RADIOLOGY,M,1965
20604,FL,RADIOLOGY,M,1965
20605,FL,GERIATRIC MEDICINE (FAMILY MEDICINE),M,1956
20606,MI,HEMATOLOGY/ONCOLOGY,M,1964
20607,NY,UROLOGY,M,1965
20608,RI,DIAGNOSTIC RADIOLOGY,M,1965
20609,NY,DIAGNOSTIC RADIOLOGY,M,1965
20610,IA,HOSPITALIST,F,1956
20611,FL,CARDIOVASCULAR DISEASE,M,1964
20612,NJ,INTERNAL MEDICINE,F,1962
20613,OH,CARDIOVASCULAR DISEASE,M,1958
20614,MI,EMERGENCY MEDICINE,M,1961
20615,TX,INTERNAL MEDICINE,M,1964
20616,TX,ANATOMIC/CLINICAL PATHOLOGY,M,1964
20617,LA,FAMILY MEDICINE,M,1964
20618,MD,FAMILY MEDICINE,M,1965
20619,TX,ANATOMIC/CLINICAL PATHOLOGY,F,1965
20620,MO,INTERNAL MEDICINE,M,1963
20621,FL,FAMILY MEDICINE,M,1961
20622,CA,PSYCHIATRY,M,1964
20623,FL,CARDIOVASCULAR DISEASE,M,1965
20624,MD,CARDIOVASCULAR DISEASE,M,1960
20625,CA,PAIN MEDICINE (ANESTHESIOLOGY),M,1967
20626,FL,NEPHROLOGY,M,1965
20627,WA,CARDIOVASCULAR DISEASE,M,1963
20628,OR,EMERGENCY MEDICINE,F,1964
20629,LA,EMERGENCY MEDICINE,F,1963
20630,PA,CLINICAL CARDIAC ELECTROPHYSIOLOGY,M,1964
20631,NY,ALLERGY & IMMUNOLOGY,M,1963
20632,VA,PSYCHIATRY,M,1955
20633,NC,PEDIATRICS,F,1965
20634,VA,PEDIATRICS,F,1965
20635,NY,PULMONARY DISEASE,M,1965
20636,FL,ANATOMIC/CLINICAL PATHOLOGY,M,1964
20637,NJ,ANESTHESIOLOGY,M,1961
20638,TN,ANATOMIC/CLINICAL PATHOLOGY,M,1958
20639,IA,ANATOMIC/CLINICAL PATHOLOGY,F,1965
20640,KS,DIAGNOSTIC RADIOLOGY,M,1957
20641,LA,PEDIATRICS,M,1965
20642,OK,EMERGENCY MEDICINE,M,1964
20643,DC,DERMATOLOGY,F,1963
20644,CA,TRANSPLANT SURGERY,M,1965
20645,TX,INTERNAL MEDICINE,F,1963
20646,IL,PEDIATRIC RADIOLOGY,M,1964
20647,FL,DIAGNOSTIC RADIOLOGY,F,1965
20648,TN,DIAGNOSTIC RADIOLOGY,M,1964
20649,AL,ORTHOPEDIC SURGERY,M,1964
20650,FL,EMERGENCY MEDICINE,M,1963
20651,DE,GENERAL SURGERY,M,1965
20652,GA,PEDIATRICS,F,1966
20653,MD,ANESTHESIOLOGY,M,1965
20654,AZ,DIAGNOSTIC RADIOLOGY,M,1965
20655,OH,EMERGENCY MEDICINE,M,1967
20656,ME,DIAGNOSTIC RADIOLOGY,M,1965
20657,OH,DIAGNOSTIC RADIOLOGY,M,1964
20658,CA,DIAGNOSTIC RADIOLOGY,M,1963
20659,FL,CARDIOVASCULAR DISEASE,M,1962
20660,MI,GENERAL SURGERY,M,1964
20661,AZ,CARDIOVASCULAR DISEASE,M,1964
20662,NM,ANATOMIC/CLINICAL PATHOLOGY,M,1962
20663,CA,INTERNAL MEDICINE,M,1964
20664,TN,FAMILY MEDICINE,M,1965
20665,NJ,NEUROLOGY,F,1964
20666,NH,ORTHOPEDIC SURGERY,M,1952
20667,MO,CARDIOVASCULAR DISEASE,M,1967
20668,CT,EMERGENCY MEDICINE,M,1964
20669,CA,DIAGNOSTIC RADIOLOGY,F,1959
20670,PA,PSYCHIATRY,M,1965
20671,NH,HOSPITALIST,M,1964
20672,MD,PEDIATRICS,F,1964
20673,CO,ANATOMIC/CLINICAL PATHOLOGY,M,1960
20674,MO,CARDIOVASCULAR DISEASE,M,1965
20675,MN,FAMILY MEDICINE,M,1963
20676,AZ,PHYSICAL MEDICINE & REHABILITATION,F,1965
20677,MI,DIAGNOSTIC RADIOLOGY,M,1964
20678,MI,CARDIOVASCULAR DISEASE,M,1964
20679,OH,ANATOMIC/CLINICAL PATHOLOGY,M,1965
20680,MD,EMERGENCY MEDICINE,M,1963
20681,LA,EMERGENCY MEDICINE,M,1963
20682,LA,CARDIOVASCULAR DISEASE,M,1966
20683,LA,PEDIATRIC RADIOLOGY,M,1964
20684,LA,DIAGNOSTIC RADIOLOGY,M,1966
20685,LA,INTERNAL MEDICINE,F,1963
20686,CA,DIAGNOSTIC RADIOLOGY,M,1962
20687,KY,EMERGENCY MEDICINE,M,1963
20688,IN,GASTROENTEROLOGY,M,1965
20689,IN,CARDIOVASCULAR DISEASE,M,1965
20690,NC,INTERNAL MEDICINE,M,1962
20691,CA,PEDIATRICS,F,1965
20692,MA,EMERGENCY MEDICINE,F,1965
20693,VA,PEDIATRICS,M,1965
20694,NJ,ORTHOPEDIC SURGERY,M,1965
20695,TX,DERMATOLOGY,M,1962
20696,OH,FAMILY MEDICINE,F,1966
20697,FL,EMERGENCY MEDICINE,M,1965
20698,CA,NEUROLOGY,M,1964
20699,WA,DIAGNOSTIC RADIOLOGY,M,1960
20700,OH,PSYCHIATRY,M,1965
20701,MA,OPHTHALMOLOGY,M,1962
20702,NY,EMERGENCY MEDICINE,M,1963
20703,NY,UROLOGY,M,1966
20704,CA,INTERNAL MEDICINE,M,1959
20705,WI,OBSTETRICS & GYNECOLOGY,M,1961
20706,MN,DIAGNOSTIC RADIOLOGY,M,1964
20707,FL,INTERNAL MEDICINE,F,1965
20708,AZ,PEDIATRIC CARDIOLOGY,M,1963
20709,FL,ANESTHESIOLOGY,M,1958
20710,FL,UROLOGY,M,1964
20711,MD,ALLERGY & IMMUNOLOGY,M,1964
20712,NY,CARDIOVASCULAR DISEASE,F,1965
20713,HI,DIAGNOSTIC RADIOLOGY,M,1965
20714,MS,EMERGENCY MEDICINE,M,1955
20715,TX,GASTROENTEROLOGY,M,1964
20716,MI,FAMILY MEDICINE,M,1963
20717,CA,DIAGNOSTIC RADIOLOGY,M,1965
20718,MD,RADIATION ONCOLOGY,F,1960
20719,CO,DIAGNOSTIC RADIOLOGY,M,1965
20720,IN,DIAGNOSTIC RADIOLOGY,M,1965
20721,IN,DIAGNOSTIC RADIOLOGY,M,1964
20722,KY,CARDIOVASCULAR DISEASE,M,1965
20723,FL,PSYCHIATRY,M,1965
20724,SC,FAMILY MEDICINE,M,1964
20725,FL,ORTHOPEDIC SURGERY,M,1965
20726,MI,EMERGENCY MEDICINE,M,1963
20727,PA,ANATOMIC/CLINICAL PATHOLOGY,F,1965
20728,CA,EMERGENCY MEDICINE,M,1958
20729,CA,ANATOMIC/CLINICAL PATHOLOGY,F,1958
20730,FL,ANESTHESIOLOGY,M,1966
20731,NY,FAMILY MEDICINE,F,1965
20732,NY,OPHTHALMOLOGY,M,1964
20733,CT,EMERGENCY MEDICINE,M,1964
20734,NV,GENERAL SURGERY,M,1961
20735,MN,DIAGNOSTIC RADIOLOGY,M,1963
20736,IN,DIAGNOSTIC RADIOLOGY,M,1964
20737,MI,INTERVENTIONAL CARDIOLOGY,M,1965
20738,MI,CARDIOVASCULAR DISEASE,M,1960
20739,NY,RADIATION ONCOLOGY,M,1965
20740,MI,ORTHOPEDIC SURGERY,M,1965
20741,ME,FAMILY MEDICINE,M,1962
20742,FL,GENERAL PRACTICE,M,1964
20743,MN,CARDIOVASCULAR DISEASE,M,1944
20744,FL,ORTHOPEDIC SURGERY,M,1965
20745,LA,CARDIOVASCULAR DISEASE,M,1943
20746,OK,NEUROLOGY,M,1964
20747,IL,ANATOMIC/CLINICAL PATHOLOGY,M,1965
20748,CA,RADIOLOGY,M,1964
20749,CO,FAMILY MEDICINE,M,1958
20750,CA,DIAGNOSTIC RADIOLOGY,M,1966
20751,KY,FAMILY MEDICINE,M,1963
20752,KY,UROLOGY,M,1963
20753,FL,NEUROLOGICAL SURGERY,M,1964
20754,IN,ANATOMIC/CLINICAL PATHOLOGY,M,1964
20755,IL,PSYCHIATRY,F,1967
20756,FL,OTOLARYNGOLOGY,F,1965
20757,GA,GASTROENTEROLOGY,F,1965
20758,VA,DIAGNOSTIC RADIOLOGY,F,1964
20759,CT,DERMATOLOGY,F,1963
20760,CA,OPHTHALMOLOGY,F,1958
20761,OR,EMERGENCY MEDICINE,M,1963
20762,RI,EMERGENCY MEDICINE,M,1964
20763,AR,VASCULAR & INTERVENTIONAL RADIOLOGY,M,1965
20764,CA,FAMILY MEDICINE,F,1958
20765,FL,FAMILY MEDICINE,M,1962
20766,MI,INTERNAL MEDICINE,M,1960
20767,AZ,FAMILY MEDICINE,F,1965
20768,MI,DIAGNOSTIC RADIOLOGY,M,1963
20769,CO,INTERNAL MEDICINE,M,1965
20770,TX,UROLOGY,M,1964
20771,CA,DIAGNOSTIC RADIOLOGY,M,1967
20772,CA,GENERAL SURGERY,M,1964
20773,MI,NEURORADIOLOGY,M,1964
20774,HI,DIAGNOSTIC RADIOLOGY,M,1962
20775,GA,INTERNAL MEDICINE,M,1965
20776,GA,FAMILY MEDICINE,M,1962
20777,AL,INTERNAL MEDICINE,M,1964
20778,GA,OBSTETRICS & GYNECOLOGY,M,1962
20779,VA,PEDIATRICS,M,1965
20780,FL,INTERNAL MEDICINE,F,1966
20781,OH,ANESTHESIOLOGY,M,1963
20782,CO,CARDIOVASCULAR DISEASE,M,1965
20783,CO,PEDIATRICS,F,1965
20784,CA,ANESTHESIOLOGY,M,1965
20785,FL,EMERGENCY MEDICINE,F,1963
20786,VA,NEUROLOGY,M,1962
20787,CA,FAMILY MEDICINE,M,1964
20788,AL,CARDIOVASCULAR DISEASE,M,1962
20789,MD,EMERGENCY MEDICINE,F,1961
20790,CA,FAMILY MEDICINE,M,1963
20791,MA,ANESTHESIOLOGY,M,1964
20792,MD,VASCULAR & INTERVENTIONAL RADIOLOGY,F,1960
20793,LA,DERMATOPATHOLOGY,M,1967
20794,VA,PEDIATRICS,F,1966
20795,CO,UROLOGY,M,1965
20796,MI,OPHTHALMOLOGY,M,1964
20797,NE,ANATOMIC/CLINICAL PATHOLOGY,M,1965
20798,GA,VASCULAR & INTERVENTIONAL RADIOLOGY,M,1963
20799,NC,FAMILY MEDICINE,M,1965
20800,CO,PEDIATRIC RADIOLOGY,M,1966
20801,CO,GASTROENTEROLOGY,M,1965
20802,TX,CARDIOVASCULAR DISEASE,M,1964
20803,FL,OTOLARYNGOLOGY,F,1963
20804,CA,OBSTETRICS & GYNECOLOGY,M,1960
20805,AR,FAMILY MEDICINE,M,1965
20806,AL,EMERGENCY MEDICINE,M,1953
20807,CA,NEURORADIOLOGY,M,1963
20808,CA,VASCULAR & INTERVENTIONAL RADIOLOGY,M,1962
20809,GA,DIAGNOSTIC RADIOLOGY,M,1964
20810,SC,FAMILY MEDICINE,M,1965
20811,FL,DIAGNOSTIC RADIOLOGY,M,1963
20812,ME,OBSTETRICS & GYNECOLOGY,F,1965
20813,FL,UROLOGY,M,1965
20814,CA,ANATOMIC/CLINICAL PATHOLOGY,M,1963
20815,UT,HEMATOLOGY/ONCOLOGY,M,1963
20816,OK,PEDIATRICS,F,1961
20817,CO,GENERAL SURGERY,F,1964
20818,FL,PEDIATRICS,F,1964
20819,CA,DIAGNOSTIC RADIOLOGY,M,1963
20820,CA,GASTROENTEROLOGY,M,1965
20821,CA,OPHTHALMOLOGY,M,1960
20822,CO,HOSPICE & PALLIATIVE MEDICINE (INTERNAL MEDICINE),F,1964
20823,CA,EMERGENCY MEDICINE,M,1964
20824,CA,ANATOMIC PATHOLOGY,M,1956
20825,MS,DERMATOLOGY,M,1965
20826,NH,PODIATRIST,M,
20827,AZ,PEDIATRIC CRITICAL CARE MEDICINE,M,1978
20828,CA,DENTIST,M,1960
20829,MN,CARDIOVASCULAR DISEASE,M,1976
20830,MO,DENTIST,M,1952
20831,TN,PODIATRIST,M,1948
20832,NY,INTERNAL MEDICINE,M,1962
20833,FL,FAMILY MEDICINE,M,1957
20834,MI,ORTHOPEDIC SURGERY,M,1958
20835,NV,EMERGENCY MEDICINE,F,1960
20836,FL,FAMILY MEDICINE,M,1959
20837,MI,FAMILY MEDICINE,M,1962
20838,PA,FAMILY MEDICINE,M,1961
20839,OH,EMERGENCY MEDICINE,M,1956
20840,TX,FAMILY MEDICINE,F,1958
20841,MI,OBSTETRICS & GYNECOLOGY,M,1958
20842,OH,CARDIOVASCULAR DISEASE,F,1951
20843,FL,RADIOLOGY,M,1959
20844,CA,CARDIOVASCULAR DISEASE,M,1964
20845,NC,OBSTETRICS & GYNECOLOGY,M,1960
20846,GA,INTERNAL MEDICINE,F,1959
20847,MI,FAMILY MEDICINE,M,1961
20848,OH,VASCULAR MEDICINE,M,1962
20849,MI,EMERGENCY MEDICINE,M,1957
20850,PA,INTERNAL MEDICINE,M,1954
20851,FL,INTERNAL MEDICINE,F,1956
20852,KS,GENERAL SURGERY,M,1962
20853,MI,GASTROENTEROLOGY,M,1962
20854,OH,GENERAL SURGERY,M,1962
20855,PA,DIAGNOSTIC RADIOLOGY,M,1962
20856,MA,VASCULAR & INTERVENTIONAL RADIOLOGY,M,1960
20857,FL,GASTROENTEROLOGY,M,1961
20858,CA,OBSTETRICS & GYNECOLOGY,M,1954
20859,FL,PAIN MEDICINE,M,1962
20860,FL,GENERAL PRACTICE,M,1951
20861,FL,GENERAL PRACTICE,M,1955
20862,NY,HEMATOLOGY/ONCOLOGY,M,1961
20863,MI,FAMILY MEDICINE,M,1956
20864,MI,OBSTETRICS & GYNECOLOGY,F,1962
20865,TX,PEDIATRIC EMERGENCY MEDICINE (PEDIATRICS),M,1961
20866,MI,EMERGENCY MEDICINE,M,1960
20867,SC,RADIOLOGY,F,1956
20868,MI,INTERNAL MEDICINE,M,1960
20869,MI,ORTHOPEDIC SURGERY,M,1961
20870,ME,FAMILY MEDICINE,M,1962
20871,MI,INFECTIOUS DISEASE,F,1956
20872,SC,GENERAL SURGERY,M,1960
20873,FL,ORTHOPEDIC SURGERY,M,1959
20874,FL,PSYCHIATRY,M,1954
20875,PA,CARDIOVASCULAR DISEASE,F,1961
20876,MI,DIAGNOSTIC RADIOLOGY,M,1957
20877,OH,NEUROLOGY,M,1959
20878,FL,INTERNAL MEDICINE,M,1958
20879,CA,INTERNAL MEDICINE,M,1954
20880,CA,DIAGNOSTIC RADIOLOGY,F,1963
20881,RI,PSYCHIATRY,F,1951
20882,AZ,DIAGNOSTIC RADIOLOGY,M,1953
20883,FL,FAMILY MEDICINE,F,1966
20884,OH,DIAGNOSTIC RADIOLOGY,M,1962
20885,NJ,FAMILY MEDICINE,F,1963
20886,NM,FAMILY MEDICINE,M,1960
20887,TX,FAMILY MEDICINE,F,1957
20888,MN,DIAGNOSTIC RADIOLOGY,F,1961
20889,MI,INTERVENTIONAL CARDIOLOGY,M,1961
20890,MI,EMERGENCY MEDICINE,M,1962
20891,AZ,EMERGENCY MEDICINE,M,1960
20892,MI,EMERGENCY MEDICINE,M,1959
20893,TX,GENERAL SURGERY,M,1959
20894,DC,CARDIOVASCULAR DISEASE,M,1942
20895,MD,MEDICAL ONCOLOGY,F,1961
20896,VA,CARDIOVASCULAR DISEASE,M,1959
20897,MN,FAMILY MEDICINE,F,1962
20898,WA,CARDIOVASCULAR DISEASE,M,1958
20899,FL,FAMILY MEDICINE,F,1964
20900,FL,INTERVENTIONAL CARDIOLOGY,M,1955
20901,TX,ANATOMIC/CLINICAL PATHOLOGY,M,1954
20902,CA,ANESTHESIOLOGY,M,1963
20903,FL,GASTROENTEROLOGY,M,1960
20904,NY,EMERGENCY MEDICINE,M,1952
20905,PR,OCCUPATIONAL MEDICINE,M,1946
20906,FL,EMERGENCY MEDICINE,M,1962
20907,KY,GASTROENTEROLOGY,M,1963
20908,FL,EMERGENCY MEDICINE,M,1956
20909,PR,PSYCHIATRY,M,1953
20910,TX,CARDIOVASCULAR DISEASE,M,1960
20911,CA,INTERNAL MEDICINE,M,1960
20912,TX,OBSTETRICS & GYNECOLOGY,M,1964
20913,PR,GASTROENTEROLOGY,M,1958
20914,PR,PULMONARY DISEASE,M,1961
20915,NY,DIAGNOSTIC RADIOLOGY,M,1964
20916,NJ,CARDIOVASCULAR DISEASE,M,1958
20917,NY,UROLOGY,M,1957
20918,TX,NEPHROLOGY,M,1964
20919,NJ,PEDIATRICS,M,1962
20920,SC,PULMONARY DISEASE,M,1958
20921,PR,FAMILY MEDICINE,F,1952
20922,PA,GASTROENTEROLOGY,M,1958
20923,GA,GYNECOLOGY,M,1954
20924,FL,INTERNAL MEDICINE,F,1961
20925,VA,CARDIOVASCULAR DISEASE,M,1957
20926,MI,DIAGNOSTIC RADIOLOGY,M,1959
20927,IL,RHEUMATOLOGY,M,1958
20928,IL,DIAGNOSTIC RADIOLOGY,M,1953
20929,AZ,OPTOMETRIST,F,1963
20930,AL,OPTOMETRIST,F,1964
20931,NC,OPTOMETRIST,M,1962
20932,MN,OPTOMETRIST,F,1960
20933,PR,INTERNAL MEDICINE,F,1952
20934,FL,PEDIATRICS,F,1956
20935,MO,PULMONARY DISEASE,M,1956
20936,FL,FAMILY MEDICINE,M,1957
20937,CA,"ENDOCRINOLOGY, DIABETES & METABOLISM",M,1945
20938,AL,OPTOMETRIST,M,1954
20939,NJ,HEMATOLOGY/ONCOLOGY,M,1958
20940,RI,HOSPITALIST,M,1958
20941,TX,DIAGNOSTIC RADIOLOGY,M,1952
20942,CA,OPTOMETRIST,F,
20943,IN,OPTOMETRIST,M,1960
20944,IN,OPTOMETRIST,M,
20945,OK,OPTOMETRIST,M,1959
20946,SC,OPTOMETRIST,F,1961
20947,TX,OPTOMETRIST,M,1961
20948,CT,OPTOMETRIST,M,1953
20949,FL,OPTOMETRIST,M,
20950,OH,OPTOMETRIST,F,1956
20951,MA,OPTOMETRIST,M,
20952,OK,OPTOMETRIST,M,1947
20953,MI,OPTOMETRIST,M,
20954,CT,PODIATRIST,M,1966
20955,NY,PODIATRIST,M,1967
20956,FL,PODIATRIST,M,
20957,VA,PODIATRIST,M,
20958,OH,PODIATRIST,M,1962
20959,NH,EMERGENCY MEDICINE,M,1979
20960,NY,PODIATRIST,M,1953
20961,CA,PODIATRIST,M,
20962,CA,PODIATRIST,F,
20963,CO,PODIATRIST,M,
20964,FL,PODIATRIST,M,
20965,FL,PODIATRIST,M,
20966,UT,PODIATRIST,M,
20967,MA,PODIATRIST,M,1953
20968,CA,PODIATRIST,M,
20969,AZ,UROLOGY,M,1979
20970,NY,PODIATRIST,M,1959
20971,IL,PODIATRIST,M,
20972,FL,PODIATRIST,M,1963
20973,MD,PODIATRIST,M,
20974,FL,PODIATRIST,M,
20975,AL,PODIATRIST,M,1949
20976,MO,PODIATRIST,M,1956
20977,NY,PODIATRIST,M,
20978,NY,PODIATRIST,M,1952
20979,PA,PODIATRIST,M,
20980,NY,PODIATRIST,M,1954
20981,CA,PODIATRIST,M,
20982,LA,OPHTHALMOLOGY,M,1975
20983,NY,NEPHROLOGY,M,1974
20984,,VETERINARIAN,M,
20985,TX,EMERGENCY MEDICINE,M,1976
20986,LA,DENTIST,M,
20987,NV,DENTIST,M,
20988,MI,DENTIST,M,
20989,TX,DENTIST,M,1958
20990,FL,SURGICAL CRITICAL CARE (SURGERY),M,1975
20991,NY,CARDIOVASCULAR DISEASE,M,1962
20992,NY,INTERNAL MEDICINE,M,1961
20993,OR,INTERNAL MEDICINE,M,1956
20994,CO,FAMILY MEDICINE,F,1962
20995,VA,FAMILY MEDICINE,F,1962
20996,OH,CARDIOVASCULAR DISEASE,M,1960
20997,CA,FAMILY MEDICINE,M,1961
20998,PA,OBSTETRICS & GYNECOLOGY,M,1961
20999,NY,PEDIATRICS,M,1952
21000,IA,FAMILY MEDICINE,F,1962
21001,AL,FAMILY MEDICINE,M,1961
21002,PA,CARDIOVASCULAR DISEASE,M,1961
21003,GA,FAMILY MEDICINE,M,1958
21004,MD,CARDIOVASCULAR DISEASE,M,1958
21005,OH,PULMONARY CRITICAL CARE MEDICINE,M,1958
21006,IL,ANESTHESIOLOGY,F,1956
21007,FL,INTERNAL MEDICINE,M,1957
21008,TX,FAMILY MEDICINE,M,1954
21009,AL,NEPHROLOGY,M,1950
21010,IN,EMERGENCY MEDICINE,M,1956
21011,FL,PHYSICAL MEDICINE & REHABILITATION,M,1961
21012,MI,ANESTHESIOLOGY,M,1957
21013,OK,CARDIOVASCULAR DISEASE,M,1956
21014,MO,RHEUMATOLOGY,M,1960
21015,PA,FAMILY MEDICINE,M,1959
21016,PA,FAMILY MEDICINE,M,1958
21017,MN,DIAGNOSTIC RADIOLOGY,M,1948
21018,NY,FAMILY MEDICINE,M,1961
21019,CO,FAMILY MEDICINE,M,1957
21020,OH,EMERGENCY MEDICINE,M,1954
21021,IN,CARDIOVASCULAR DISEASE,M,1952
21022,SC,PULMONARY DISEASE,M,1952
21023,FL,CARDIOVASCULAR DISEASE,M,1955
21024,CA,GASTROENTEROLOGY,M,1957
21025,MI,GASTROENTEROLOGY,M,1961
21026,KY,GASTROENTEROLOGY,M,1954
21027,FL,HEMATOLOGY (PATHOLOGY),M,1957
21028,AK,RADIOLOGY,M,1961
21029,NJ,FAMILY MEDICINE,M,1963
21030,TX,FAMILY MEDICINE,M,1962
21031,PA,CARDIOVASCULAR DISEASE,M,1959
21032,TX,EMERGENCY MEDICINE,M,1959
21033,AZ,FAMILY MEDICINE,M,1962
21034,FL,FAMILY MEDICINE,M,1963
21035,IN,ORTHOPEDIC SURGERY,M,1962
21036,MD,FAMILY MEDICINE,M,1961
21037,FL,GASTROENTEROLOGY,M,1962
21038,MD,CARDIOVASCULAR DISEASE,M,1958
21039,ME,CARDIOVASCULAR DISEASE,F,1959
21040,MI,EMERGENCY MEDICINE,M,1959
21041,OH,INTERNAL MEDICINE,M,1958
21042,MI,FAMILY MEDICINE,M,1958
21043,MI,PULMONARY DISEASE,M,1946
21044,NJ,ANATOMIC/CLINICAL PATHOLOGY,M,1956
21045,MI,INTERNAL MEDICINE,M,1962
21046,MD,CARDIOVASCULAR DISEASE,M,1955
21047,FL,GYNECOLOGY,M,1961
21048,KY,PEDIATRICS,M,1957
21049,TX,FAMILY MEDICINE,M,1958
21050,MI,ORTHOPEDIC SURGERY,M,1954
21051,NJ,EMERGENCY MEDICINE,M,1957
21052,FL,FAMILY MEDICINE,F,1957
21053,NC,INTERNAL MEDICINE,M,1955
21054,FL,FAMILY MEDICINE,M,1950
21055,MI,PULMONARY CRITICAL CARE MEDICINE,M,1951
21056,NY,FAMILY MEDICINE,M,1947
21057,MI,EMERGENCY MEDICINE,M,1956
21058,CO,EMERGENCY MEDICINE,F,1957
21059,PA,INTERNAL MEDICINE,M,1954
21060,CA,EMERGENCY MEDICINE,M,1942
21061,OH,CARDIOVASCULAR DISEASE,M,1964
21062,GA,EMERGENCY MEDICINE,M,1957
21063,IL,CARDIOVASCULAR DISEASE,M,1956
21064,FL,NEUROLOGY,M,1950
21065,FL,DIAGNOSTIC RADIOLOGY,M,1944
21066,RI,INTERNAL MEDICINE,M,1957
21067,TX,CARDIOVASCULAR DISEASE,M,1952
21068,NY,CARDIOVASCULAR DISEASE,M,1960
21069,IN,GASTROENTEROLOGY,M,1956
21070,AR,DIAGNOSTIC RADIOLOGY,M,1961
21071,NJ,EMERGENCY MEDICINE,M,1955
21072,AL,RADIOLOGY,M,1954
21073,FL,DIAGNOSTIC RADIOLOGY,M,1941
21074,CA,PSYCHIATRY,M,1953
21075,PA,FAMILY MEDICINE,F,1957
21076,NY,INTERNAL MEDICINE,M,1942
21077,MD,ANATOMIC/CLINICAL PATHOLOGY,M,1961
21078,CA,INTERNAL MEDICINE,M,1954
21079,NY,GASTROENTEROLOGY,M,1953
21080,MI,OTOLARYNGOLOGY,M,1947
21081,FL,INTERNAL MEDICINE,M,1958
21082,CA,INTERNAL MEDICINE,M,1947
21083,CA,ANATOMIC/CLINICAL PATHOLOGY,F,1961
21084,OH,ANATOMIC/CLINICAL PATHOLOGY,M,1959
21085,GA,ANESTHESIOLOGY,F,1959
21086,NV,ALLERGY & IMMUNOLOGY,M,1957
21087,MA,ANATOMIC/CLINICAL PATHOLOGY,F,1957
21088,AZ,CARDIOVASCULAR DISEASE,M,1961
21089,MI,INTERNAL MEDICINE,M,1961
21090,CA,INTERNAL MEDICINE,M,1958
21091,CA,INTERNAL MEDICINE,M,1958
21092,TN,CARDIOVASCULAR DISEASE,M,1956
21093,TX,CARDIOVASCULAR DISEASE,M,1957
21094,MI,CARDIOVASCULAR DISEASE,M,1956
21095,OH,GASTROENTEROLOGY,M,1949
21096,IN,VASCULAR SURGERY,M,1955
21097,NJ,DERMATOLOGY,M,1962
21098,AZ,EMERGENCY MEDICINE,M,1951
21099,TX,ANATOMIC/CLINICAL PATHOLOGY,M,1952
21100,FL,GERIATRIC MEDICINE (INTERNAL MEDICINE),F,1957
21101,FL,MEDICAL ONCOLOGY,M,1958
21102,FL,CARDIOVASCULAR DISEASE,M,1958
12735,IA,FAMILY MEDICINE,F,1980
12736,NJ,CARDIOVASCULAR DISEASE,M,1975
12737,ME,CARDIOVASCULAR DISEASE,F,1977
12738,NJ,CARDIOVASCULAR DISEASE,M,1976
12739,VA,PEDIATRICS,F,1978
12740,MD,FAMILY MEDICINE,F,1974
12741,NJ,FAMILY MEDICINE,M,1974
12742,UT,FAMILY MEDICINE,M,1976
12743,FL,EMERGENCY MEDICINE,M,1976
12744,NY,PEDIATRICS,F,1978
12745,TN,DERMATOLOGY,F,1974
12746,NC,FAMILY MEDICINE,M,1978
12747,MO,INTERNAL MEDICINE,F,1980
12748,CA,GASTROENTEROLOGY,F,1977
12749,MI,INTERNAL MEDICINE,M,1900
12750,WY,FAMILY MEDICINE,F,1979
12751,SD,GASTROENTEROLOGY,M,1977
12752,PA,EMERGENCY MEDICINE,M,1975
12753,NY,PEDIATRICS,M,1978
12754,MN,FAMILY MEDICINE,M,1970
12755,IL,FAMILY MEDICINE,M,1976
12756,TX,HOSPITALIST,M,1976
12757,SC,CLINICAL CARDIAC ELECTROPHYSIOLOGY,M,1975
12758,TX,GERIATRIC MEDICINE (INTERNAL MEDICINE),F,1972
12759,CA,DIAGNOSTIC RADIOLOGY,M,1973
12760,KY,DERMATOLOGY,F,1974
12761,OR,GENERAL SURGERY,M,1964
12762,CA,PEDIATRIC ENDOCRINOLOGY,F,1975
12763,NJ,FAMILY MEDICINE,F,1955
12764,AZ,HEMATOLOGY/ONCOLOGY,M,1979
12765,MI,DERMATOLOGY,F,1981
12766,MI,NEUROLOGY,M,1980
12767,MD,ANESTHESIOLOGY,M,1979
12768,TX,CARDIOVASCULAR DISEASE,M,1973
12769,PA,EMERGENCY MEDICINE,M,1975
12770,TX,PEDIATRICS,F,1979
12771,TX,EMERGENCY MEDICINE,F,1976
12772,OH,INTERNAL MEDICINE,F,1976
12773,GA,FAMILY MEDICINE,M,1972
12774,PA,"ENDOCRINOLOGY, DIABETES & METABOLISM",M,1977
12775,IN,EMERGENCY MEDICINE,F,1978
12776,AZ,FAMILY MEDICINE,M,1963
12777,OH,FAMILY MEDICINE,F,1979
12778,NY,EMERGENCY MEDICINE,F,1978
12779,NY,EMERGENCY MEDICINE,M,1978
12780,CA,FAMILY MEDICINE,F,1969
12781,AL,NURSE PRACTITIONER,M,
12782,MD,FAMILY MEDICINE,F,1976
12783,NC,NURSE PRACTITIONER,F,
12784,DC,PEDIATRIC EMERGENCY MEDICINE (PEDIATRICS),F,1976
12785,FL,OPHTHALMOLOGY,M,1974
12786,DE,PEDIATRIC CARDIOLOGY,F,1975
12787,MI,EMERGENCY MEDICINE,F,1974
12788,NY,CARDIOVASCULAR DISEASE,M,1967
12789,WA,CARDIOVASCULAR DISEASE,M,1977
12790,CA,FAMILY MEDICINE,F,1974
12791,OH,INTERVENTIONAL CARDIOLOGY,M,1977
12792,CA,FAMILY MEDICINE,M,1975
12793,IA,OBSTETRICS & GYNECOLOGY,F,1975
12794,WI,PHYSICAL MEDICINE & REHABILITATION,M,1978
12795,MI,TRANSITIONAL YEAR,F,1977
12796,WI,NEURORADIOLOGY,M,1975
12797,NJ,HOSPITALIST,F,1976
12798,MD,PEDIATRICS,M,1971
12799,FL,GASTROENTEROLOGY,M,1974
12800,NY,DIAGNOSTIC RADIOLOGY,M,1967
12801,CA,ANATOMIC/CLINICAL PATHOLOGY,F,1971
12802,NC,INTERNAL MEDICINE,F,1972
12803,IL,PULMONARY DISEASE,F,1977
12804,OH,INTERNAL MEDICINE,M,1975
12805,NY,EMERGENCY MEDICINE,M,1975
12806,IL,INTERNAL MEDICINE,M,1977
12807,FL,VASCULAR SURGERY,F,1974
12808,NY,INTERNAL MEDICINE,F,1959
12809,MD,OBSTETRICS & GYNECOLOGY,F,1978
12810,TX,FAMILY MEDICINE,M,1977
12811,NV,FAMILY MEDICINE,F,1978
12812,MI,DIAGNOSTIC RADIOLOGY,M,1980
12813,IA,INTERNAL MEDICINE,F,1971
12814,FL,FAMILY MEDICINE,F,1979
12815,PA,INFECTIOUS DISEASE,F,1977
12816,OH,CARDIOVASCULAR DISEASE,M,1974
12817,FL,GERIATRIC MEDICINE (INTERNAL MEDICINE),M,1971
12818,TX,INTERNAL MEDICINE,M,1975
12819,MA,EMERGENCY MEDICINE,F,1976
12820,PA,INTERNAL MEDICINE,M,1970
12821,CA,INTERVENTIONAL CARDIOLOGY,M,1972
12822,TX,INTERVENTIONAL CARDIOLOGY,F,1975
12823,CA,FAMILY MEDICINE,F,1954
12824,CA,DIAGNOSTIC RADIOLOGY,M,1972
12825,IL,PSYCHIATRY,M,1972
12826,TX,CARDIOVASCULAR DISEASE,F,1972
12827,CA,INTERNAL MEDICINE,F,1974
12828,MD,FAMILY MEDICINE,F,1972
12829,NC,PEDIATRIC CRITICAL CARE MEDICINE,F,1976
12830,MO,FAMILY MEDICINE,F,1977
12831,GA,PEDIATRIC ANESTHESIOLOGY,F,1973
12832,NY,PEDIATRIC EMERGENCY MEDICINE (PEDIATRICS),F,1975
12833,NY,FAMILY MEDICINE,F,1973
12834,CT,INTERNAL MEDICINE,M,1970
12835,FL,ANATOMIC/CLINICAL PATHOLOGY,M,1970
12836,MS,CYTOPATHOLOGY,M,1969
12837,TN,VASCULAR & INTERVENTIONAL RADIOLOGY,M,1971
12838,WA,PEDIATRIC EMERGENCY MEDICINE (PEDIATRICS),F,1976
12839,IA,ANATOMIC/CLINICAL PATHOLOGY,M,1974
12840,NY,EMERGENCY MEDICINE,M,1964
12841,FL,ANATOMIC/CLINICAL PATHOLOGY,F,1964
12842,SC,FAMILY MEDICINE,M,1966
12843,NJ,EMERGENCY MEDICINE,F,1972
12844,AZ,INTERNAL MEDICINE,M,1974
12845,MI,EMERGENCY MEDICINE,M,1971
12846,SC,OBSTETRICS & GYNECOLOGY,M,1968
12847,CA,DIAGNOSTIC RADIOLOGY,M,1975
12848,OK,DIAGNOSTIC RADIOLOGY,M,1977
12849,NJ,INTERNAL MEDICINE,F,1975
12850,OH,GASTROENTEROLOGY,F,1977
12851,NY,INTERNAL MEDICINE,F,1973
12852,NJ,INTERNAL MEDICINE,M,1970
12853,CO,CLINICAL CARDIAC ELECTROPHYSIOLOGY,M,1976
12854,WI,CARDIOVASCULAR DISEASE,F,1964
12855,FL,ANATOMIC/CLINICAL PATHOLOGY,M,1970
12856,MI,FAMILY MEDICINE,M,1972
12857,NC,PEDIATRICS,F,1970
12858,NY,NEURORADIOLOGY,M,1975
12859,AR,INTERVENTIONAL CARDIOLOGY,M,1974
12860,FL,INTERNAL MEDICINE,M,1970
12861,NY,FAMILY MEDICINE,F,1970
12862,OK,DERMATOLOGY,F,1977
12863,MI,DIAGNOSTIC RADIOLOGY,M,1973
12864,IL,HOSPITALIST,M,1963
12865,WA,HOSPITALIST,M,1957
12866,CA,SELECTIVE PATHOLOGY,M,1976
12867,GA,ANATOMIC/CLINICAL PATHOLOGY,F,1976
12868,GA,PULMONARY CRITICAL CARE MEDICINE,M,1971
12869,NY,FAMILY MEDICINE,M,1960
12870,TX,CARDIOVASCULAR DISEASE,M,1975
12871,KS,UROLOGY,M,1973
12872,NM,FAMILY MEDICINE,F,1969
12873,CT,DIAGNOSTIC RADIOLOGY,F,1974
12874,NV,PULMONARY CRITICAL CARE MEDICINE,M,1978
12875,GA,INTERNAL MEDICINE,F,1973
12876,FL,FAMILY MEDICINE,M,1970
12877,CT,CYTOPATHOLOGY,F,1972
12878,MO,DIAGNOSTIC RADIOLOGY,M,1970
12879,NY,PHYSICAL MEDICINE & REHABILITATION,M,1970
12880,NY,INTERVENTIONAL CARDIOLOGY,M,1974
12881,CT,INTERNAL MEDICINE,F,1974
12882,NH,SLEEP MEDICINE,F,1966
12883,FL,INTERNAL MEDICINE,M,1974
12884,GA,INTERNAL MEDICINE,F,1977
12885,IL,NEPHROLOGY,M,1976
12886,NJ,PAIN MEDICINE,M,1975
12887,FL,INTERNAL MEDICINE,M,1967
12888,NY,FAMILY MEDICINE,F,1975
12889,NY,GENERAL SURGERY,F,1964
12890,CA,INTERNAL MEDICINE,M,1966
12891,TN,ANATOMIC/CLINICAL PATHOLOGY,M,1973
12892,AZ,GASTROENTEROLOGY,M,1976
12893,OR,ANATOMIC/CLINICAL PATHOLOGY,F,1971
12894,NY,"ENDOCRINOLOGY, DIABETES & METABOLISM",F,1975
12895,CA,DIAGNOSTIC RADIOLOGY,M,1975
12896,GA,ANESTHESIOLOGY,F,1962
12897,ME,CARDIOVASCULAR DISEASE,M,1970
12898,MN,DIAGNOSTIC RADIOLOGY,M,1973
12899,AZ,PEDIATRICS,M,1972
12900,MI,DIAGNOSTIC RADIOLOGY,M,1973
12901,NY,FAMILY MEDICINE,F,1968
12902,FL,ANATOMIC/CLINICAL PATHOLOGY,F,1971
12903,IL,DIAGNOSTIC RADIOLOGY,M,1973
12904,CA,DERMATOLOGY,M,1972
12905,FL,FAMILY MEDICINE,M,1976
12906,FL,DIAGNOSTIC RADIOLOGY,M,1961
12907,SC,CHILD & ADOLESCENT PSYCHIATRY,F,1970
12908,CA,FAMILY MEDICINE,M,1965
12909,FL,DIAGNOSTIC RADIOLOGY,M,1975
12910,CA,FAMILY MEDICINE,M,1973
12911,TX,CARDIOVASCULAR DISEASE,M,1974
12912,IL,EMERGENCY MEDICINE,F,1972
12913,CA,FAMILY MEDICINE,M,1973
12914,OK,FAMILY MEDICINE,M,1970
12915,PA,INTERNAL MEDICINE,M,1977
12916,MA,INTERNAL MEDICINE,F,1969
12917,IL,RADIOLOGY,M,1970
12918,MD,INTERNAL MEDICINE,F,1961
12919,IL,INTERNAL MEDICINE,F,1967
12920,AZ,ANATOMIC/CLINICAL PATHOLOGY,M,1972
12921,SC,UROLOGY,M,1978
12922,FL,HEMATOLOGY/ONCOLOGY,M,1978
12923,IL,CARDIOVASCULAR DISEASE,M,1971
12924,UT,SPORTS MEDICINE (FAMILY MEDICINE),M,1972
12925,KY,DIAGNOSTIC RADIOLOGY,M,1975
12926,MD,GASTROENTEROLOGY,M,1974
12927,NY,ANATOMIC/CLINICAL PATHOLOGY,M,1974
12928,MA,PEDIATRICS,M,1955
12929,OH,PULMONARY CRITICAL CARE MEDICINE,M,1966
12930,AL,GENERAL PRACTICE,M,1967
12931,IN,CYTOPATHOLOGY,M,1964
12932,FL,INTERNAL MEDICINE,M,1973
12933,DC,NEURORADIOLOGY,F,1976
12934,MN,NURSE PRACTITIONER,M,1972
12935,TX,INTERNAL MEDICINE,M,1974
12936,GA,DIAGNOSTIC RADIOLOGY,M,1960
12937,SD,ANATOMIC/CLINICAL PATHOLOGY,F,1974
12938,SC,RHEUMATOLOGY,F,1975
12939,KY,RHEUMATOLOGY,F,1975
12940,AZ,CYTOPATHOLOGY,M,1967
12941,CT,HOSPITALIST,F,1948
12942,NY,INTERNAL MEDICINE,F,1976
12943,FL,SURGICAL ONCOLOGY,M,1975
12944,GA,DIAGNOSTIC RADIOLOGY,M,1968
12945,NY,NEPHROLOGY,M,1974
12946,OH,DIAGNOSTIC RADIOLOGY,M,1968
12947,NY,CARDIOVASCULAR DISEASE,M,1976
12948,FL,PSYCHIATRY,M,1971
12949,CA,NUCLEAR MEDICINE,M,1975
12950,FL,NEUROLOGY,M,1967
12951,IL,VASCULAR & INTERVENTIONAL RADIOLOGY,F,1975
12952,CA,OBSTETRICS & GYNECOLOGY,F,1972
12953,FL,PULMONARY CRITICAL CARE MEDICINE,M,1978
12954,CA,PEDIATRICS,F,1977
12955,TX,ALLERGY & IMMUNOLOGY,F,1977
12956,AZ,COLON & RECTAL SURGERY,M,1974
12957,UT,EMERGENCY MEDICINE,M,1977
12958,CA,NEPHROLOGY,M,1962
12959,TX,CARDIOVASCULAR DISEASE,F,1973
12960,TX,INTERNAL MEDICINE,M,1969
12961,CA,FAMILY MEDICINE,M,1966
12962,SC,OBSTETRICS & GYNECOLOGY,M,1970
12963,KY,FAMILY MEDICINE,M,1976
12964,IL,FAMILY MEDICINE,F,1973
12965,CT,EMERGENCY MEDICINE,M,1976
12966,IL,DIAGNOSTIC RADIOLOGY,F,1972
12967,OH,DIAGNOSTIC RADIOLOGY,M,1971
12968,CA,EMERGENCY MEDICINE,M,1974
12969,FL,DIAGNOSTIC RADIOLOGY,M,1973
12970,MD,FAMILY MEDICINE,F,1974
12971,MI,INTERNAL MEDICINE,M,1962
12972,WA,VASCULAR & INTERVENTIONAL RADIOLOGY,M,1972
12973,VA,FAMILY MEDICINE,F,1959
12974,NC,FAMILY MEDICINE,F,1969
12975,NJ,GERIATRIC MEDICINE (INTERNAL MEDICINE),F,1964
12976,NY,FAMILY MEDICINE,M,1957
12977,GA,DERMATOPATHOLOGY,M,1976
12978,NJ,INTERNAL MEDICINE,F,1975
12979,IL,INTERNAL MEDICINE,M,1971
12980,NY,FAMILY MEDICINE,M,1966
12981,PA,INTERVENTIONAL CARDIOLOGY,M,1972
12982,NC,CARDIOVASCULAR DISEASE,M,1968
12983,NY,INTERNAL MEDICINE,F,1955
12984,TX,FAMILY MEDICINE,M,1970
12985,IN,NURSE PRACTITIONER,F,
12986,FL,NURSE PRACTITIONER,F,
12987,MO,DIAGNOSTIC RADIOLOGY,M,1977
12988,CA,DIAGNOSTIC RADIOLOGY,M,1974
12989,FL,DERMATOLOGY,F,1971
12990,NC,NEPHROLOGY,M,1977
12991,CA,PEDIATRICS,F,1974
12992,AZ,INTERNAL MEDICINE,M,1978
12993,CA,NEUROLOGY,M,1968
12994,TX,PEDIATRICS,M,1975
12995,WI,HEMATOLOGY (PATHOLOGY),M,1972
12996,NJ,HEPATOLOGY,M,1972
12997,AZ,INTERNAL MEDICINE,F,1968
12998,OK,NEURORADIOLOGY,M,1967
12999,TX,FAMILY MEDICINE,M,1973
13000,TX,NURSE PRACTITIONER,F,1972
13001,NY,FAMILY MEDICINE,F,1963
13002,FL,NURSE PRACTITIONER,F,
13003,RI,CARDIOVASCULAR DISEASE,F,1976
13004,FL,INTERNAL MEDICINE,M,1968
13005,GA,EMERGENCY MEDICINE,M,1975
13006,IL,INTERNAL MEDICINE,M,1972
13007,CA,FAMILY MEDICINE,F,1975
13008,NV,INTERNAL MEDICINE,M,1975
13009,WI,NURSE PRACTITIONER,F,1973
13010,FL,FAMILY MEDICINE,F,1976
13011,NY,NURSE PRACTITIONER,F,
13012,OH,NURSE PRACTITIONER,M,1970
13013,NJ,INTERNAL MEDICINE,F,1976
13014,AZ,INTERNAL MEDICINE,M,1976
13015,WA,NURSE PRACTITIONER,M,1974
13016,OH,PHYSICIAN ASSISTANT,M,1965
13017,IL,NEPHROLOGY,M,1975
13018,OR,DERMATOLOGY,F,1967
13019,TX,HOSPITALIST,F,1975
13020,LA,FAMILY MEDICINE,M,1972
13021,IN,NURSE PRACTITIONER,F,1974
13022,VA,PHYSICIAN ASSISTANT,M,1964
13023,FL,GASTROENTEROLOGY,F,1975
13024,NY,VASCULAR SURGERY,M,1979
13025,MI,CARDIOVASCULAR DISEASE,M,1971
13026,OR,NURSE PRACTITIONER,F,1962
13027,NY,PHYSICIAN ASSISTANT,F,1975
13028,WA,PHYSICIAN ASSISTANT,F,1972
13029,VA,NURSE PRACTITIONER,F,
13030,AL,FAMILY MEDICINE,M,1963
13031,FL,NEPHROLOGY,M,1978
13032,FL,FAMILY MEDICINE,F,1971
13033,FL,INTERVENTIONAL CARDIOLOGY,M,1971
13034,CO,PHYSICIAN ASSISTANT,F,1972
13035,NJ,EMERGENCY MEDICINE,F,1974
13036,OK,PHYSICIAN ASSISTANT,F,1972
13037,MO,NURSE PRACTITIONER,F,
13038,FL,HOSPITALIST,M,1971
13039,TX,NURSE PRACTITIONER,F,1963
13040,WA,NURSE PRACTITIONER,F,1951
13041,OH,NURSE PRACTITIONER,F,
13042,AL,NURSE PRACTITIONER,F,
13043,TX,NURSE PRACTITIONER,F,1973
13044,MO,NURSE PRACTITIONER,F,
13045,NY,PAIN MEDICINE,F,1979
13046,GA,INTERNAL MEDICINE,F,1974
13047,TX,RHEUMATOLOGY,M,1971
13048,FL,CARDIOVASCULAR DISEASE,M,1971
13049,NJ,NURSE PRACTITIONER,F,
13050,OH,HOSPITALIST,F,1977
13051,CA,FAMILY MEDICINE,M,1967
13052,AZ,PHYSICIAN ASSISTANT,F,
13053,NJ,NURSE PRACTITIONER,F,
13054,AL,CARDIOVASCULAR DISEASE,M,1970
13055,DE,PHYSICIAN ASSISTANT,F,1975
13056,PA,GASTROENTEROLOGY,F,1978
13057,TX,CARDIOVASCULAR DISEASE,M,1957
13058,CA,CARDIOVASCULAR DISEASE,M,1964
13059,NJ,PHYSICIAN ASSISTANT,M,1972
13060,CA,EMERGENCY MEDICINE,M,1972
13061,TX,FAMILY MEDICINE,F,1975
13062,CA,EMERGENCY MEDICINE,F,1975
13063,AZ,INTERNAL MEDICINE,F,1976
13064,CO,EMERGENCY MEDICINE,M,1975
13065,MA,PHYSICIAN ASSISTANT,F,1971
13066,IN,CLINICAL CARDIAC ELECTROPHYSIOLOGY,M,1971
13067,MI,EMERGENCY MEDICINE,F,1979
13068,KY,EMERGENCY MEDICINE,M,1974
13069,CA,PHYSICIAN ASSISTANT,F,1955
13070,MA,PHYSICIAN ASSISTANT,M,1967
13071,DE,NURSE PRACTITIONER,F,
13072,TX,FAMILY MEDICINE,F,1967
13073,TX,CARDIOVASCULAR DISEASE,M,1978
13074,IN,INTERNAL MEDICINE,F,1973
13075,NH,PHYSICIAN ASSISTANT,F,1965
13076,DC,INTERNAL MEDICINE,M,1964
13077,OR,EMERGENCY MEDICINE,M,1972
13078,AZ,NURSE PRACTITIONER,F,
13079,NC,PHYSICIAN ASSISTANT,F,1975
13080,OH,NURSE PRACTITIONER,F,1970
13081,CO,PHYSICIAN ASSISTANT,F,1962
13082,ME,ORAL & MAXILLOFACIAL SURGERY,M,1972
13083,MI,FAMILY MEDICINE,M,1957
13084,VA,NURSE PRACTITIONER,F,1950
13085,TX,FAMILY MEDICINE,F,1967
13086,CA,PHYSICIAN ASSISTANT,M,1972
13087,NV,FAMILY MEDICINE,F,1969
13088,TX,FAMILY MEDICINE,M,1974
13089,CA,FAMILY MEDICINE,F,1969
13090,NJ,CARDIOVASCULAR DISEASE,F,1974
13091,NM,NURSE PRACTITIONER,F,1950
13092,OH,EMERGENCY MEDICINE,M,1975
13093,OH,NURSE PRACTITIONER,F,1955
13094,GA,NURSE PRACTITIONER,M,1971
13095,CA,NOT APPLICABLE,F,
13096,MI,NEURORADIOLOGY,M,1971
13097,CA,GASTROENTEROLOGY,M,1969
13098,NJ,EMERGENCY MEDICINE,M,1975
13099,NY,PHYSICIAN ASSISTANT,F,
13100,AZ,NURSE PRACTITIONER,F,
13101,CA,PHYSICIAN ASSISTANT,F,1971
13102,CA,DENTIST,M,
13103,SC,DIAGNOSTIC RADIOLOGY,M,1974
13104,CA,DENTIST,M,
13105,CA,PHYSICIAN ASSISTANT,M,1972
13106,NM,NURSE PRACTITIONER,F,1965
13107,SC,NURSE PRACTITIONER,F,
13108,GA,INTERNAL MEDICINE,M,1973
13109,NY,GERIATRIC MEDICINE (INTERNAL MEDICINE),F,1976
13110,PA,GASTROENTEROLOGY,M,1974
13111,CA,GENERAL SURGERY,F,1973
13112,NY,ANATOMIC/CLINICAL PATHOLOGY,F,1976
13113,NY,PODIATRIST,M,
13114,NJ,CARDIOVASCULAR DISEASE,M,1977
13115,NJ,FAMILY MEDICINE,F,1974
13116,KS,EMERGENCY MEDICINE,M,1964
13117,CA,EMERGENCY MEDICINE,M,1973
13118,AR,GENERAL SURGERY,F,1974
13119,CA,FAMILY MEDICINE,F,1977
13120,MO,EMERGENCY MEDICINE,M,1977
13121,PA,FAMILY MEDICINE,M,1975
13122,AZ,PULMONARY CRITICAL CARE MEDICINE,F,1976
13123,AZ,INTERNAL MEDICINE,M,1963
13124,IN,FAMILY MEDICINE,M,1977
13125,MD,"ENDOCRINOLOGY, DIABETES & METABOLISM",M,1978
13126,MI,DIAGNOSTIC RADIOLOGY,F,1972
13127,PA,EMERGENCY MEDICINE,F,1973
13128,CA,PHYSICIAN ASSISTANT,M,1966
13129,AZ,NURSE PRACTITIONER,F,
13130,CA,INTERNAL MEDICINE,F,1970
13131,LA,EMERGENCY MEDICINE,M,1970
13132,CA,PAIN MEDICINE,M,1974
13133,FL,INTERNAL MEDICINE,F,1968
13134,CA,FAMILY MEDICINE,F,1976
13135,TX,FAMILY MEDICINE,M,1973
13136,PA,HOSPITALIST,M,1980
13137,FL,FAMILY MEDICINE,M,1968
13138,FL,NEUROLOGY,F,1977
13139,LA,CARDIOVASCULAR DISEASE,M,1974
13140,WA,EMERGENCY MEDICINE,M,1976
13141,CA,PHYSICIAN ASSISTANT,M,1957
13142,OK,OPTOMETRIST,M,1960
13143,FL,EMERGENCY MEDICINE,F,1977
13144,MI,CARDIOVASCULAR DISEASE,M,1970
13145,TX,PEDIATRICS,M,1977
13146,NC,EMERGENCY MEDICINE,M,1973
13147,NC,FAMILY MEDICINE,M,1974
13148,TX,NEUROLOGY,M,1973
13149,NY,INTERNAL MEDICINE,M,1973
13150,FL,EMERGENCY MEDICINE,M,1971
13151,FL,HOSPITALIST,M,1972
13152,NM,"ENDOCRINOLOGY, DIABETES & METABOLISM",F,1972
13153,WA,CRITICAL CARE MEDICINE (INTERNAL MEDICINE),M,1971
13154,NJ,"ENDOCRINOLOGY, DIABETES & METABOLISM",F,1974
13155,IL,PULMONARY CRITICAL CARE MEDICINE,M,1972
13156,GA,EMERGENCY MEDICINE,M,1963
13157,TX,INTERNAL MEDICINE,F,1974
13158,KY,EMERGENCY MEDICINE,M,1976
13159,WA,CARDIOVASCULAR DISEASE,M,1975
13160,TN,VASCULAR & INTERVENTIONAL RADIOLOGY,M,1973
13161,CA,CARDIOVASCULAR DISEASE,F,1977
13162,MD,ANATOMIC/CLINICAL PATHOLOGY,M,1972
13163,OH,OPHTHALMOLOGY,F,1977
13164,UT,CERTIFIED NURSE ANESTHETIST,F,
13165,NH,FAMILY MEDICINE,M,1955
13166,AZ,GENERAL SURGERY,M,1962
13167,TX,EMERGENCY MEDICINE,F,1980
13168,GA,DIAGNOSTIC RADIOLOGY,M,1977
13169,NJ,FAMILY MEDICINE,M,1978
13170,NV,RHEUMATOLOGY,M,1974
13171,KS,EMERGENCY MEDICINE,M,1976
13172,AZ,EMERGENCY MEDICINE,M,1977
13173,NJ,EMERGENCY MEDICINE,M,1977
13174,FL,EMERGENCY MEDICINE,F,1972
13175,TX,PHYSICAL MEDICINE & REHABILITATION,F,1974
13176,NY,PHYSICAL MEDICINE & REHABILITATION,M,1976
13177,RI,EMERGENCY MEDICINE,M,1976
13178,CA,EMERGENCY MEDICINE,M,1972
13179,FL,INTERNAL MEDICINE,F,1973
13180,OH,NEUROLOGICAL SURGERY,M,1970
13181,MT,FAMILY MEDICINE,F,1976
13182,FL,FAMILY MEDICINE,M,1975
13183,GA,EMERGENCY MEDICINE,F,1976
13184,TX,INTERNAL MEDICINE,M,1977
13185,TX,CYTOPATHOLOGY,F,1976
13186,TN,NUCLEAR MEDICINE,M,1964
13187,TX,OPHTHALMOLOGY,M,1977
13188,WA,DIAGNOSTIC RADIOLOGY,M,1976
13189,RI,INTERNAL MEDICINE,F,1976
13190,NJ,CARDIOVASCULAR DISEASE,F,1976
13191,FL,DIAGNOSTIC RADIOLOGY,M,1977
13192,OR,EMERGENCY MEDICINE,M,1974
13193,FL,PEDIATRICS,F,1973
13194,NY,ORTHOPEDIC SURGERY,M,1977
13195,OK,EMERGENCY MEDICINE,F,1976
13196,OH,DIAGNOSTIC RADIOLOGY,M,1979
13197,OH,EMERGENCY MEDICINE,M,1970
13198,OH,DIAGNOSTIC RADIOLOGY,M,1977
13199,PA,CARDIOVASCULAR DISEASE,M,1977
13200,NJ,INFECTIOUS DISEASE,M,1977
13201,NJ,FAMILY MEDICINE,F,1962
13202,NY,INTERNAL MEDICINE,M,1977
13203,NY,EMERGENCY MEDICINE,F,1977
13204,FL,GASTROENTEROLOGY,M,1977
13205,IL,EMERGENCY MEDICINE,M,1974
13206,NV,CARDIOVASCULAR DISEASE,M,1976
13207,MI,EMERGENCY MEDICINE,M,1975
13208,CA,EMERGENCY MEDICINE,M,1973
13209,MI,INTERNAL MEDICINE,M,1961
13210,TX,FAMILY MEDICINE,F,1973
13211,CA,PEDIATRICS,F,1976
13212,CA,FAMILY MEDICINE,M,1975
13213,WA,INTERNAL MEDICINE,F,1964
13214,NY,CARDIOVASCULAR DISEASE,M,1974
13215,OR,HEMATOLOGY/ONCOLOGY,M,1974
13216,MD,EMERGENCY MEDICINE,M,1972
13217,FL,UROLOGY,M,1976
13218,WA,FAMILY MEDICINE,M,1977
13219,AZ,INTERNAL MEDICINE,M,1975
13220,ID,EMERGENCY MEDICINE,M,1972
13221,MI,ALLERGY & IMMUNOLOGY,M,1973
13222,WA,PEDIATRICS,F,1973
13223,DC,EMERGENCY MEDICINE,F,1976
13224,TX,EMERGENCY MEDICINE,F,1971
13225,TX,ANESTHESIOLOGY,F,1975
13226,VA,CARDIOVASCULAR DISEASE,M,1970
13227,TX,EMERGENCY MEDICINE,M,1977
13228,GA,PSYCHIATRY,M,1977
13229,MI,ANATOMIC/CLINICAL PATHOLOGY,M,1969
13230,NY,DIAGNOSTIC RADIOLOGY,M,1977
13231,OR,EMERGENCY MEDICINE,M,1971
13232,OH,EMERGENCY MEDICINE,M,1976
13233,OR,FAMILY MEDICINE,M,1976
13234,WA,INTERNAL MEDICINE/PEDIATRICS,F,1976
13235,NJ,PULMONARY CRITICAL CARE MEDICINE,M,1969
13236,VA,EMERGENCY MEDICINE,M,1967
13237,CA,EMERGENCY MEDICINE,M,1976
13238,MN,CARDIOTHORACIC RADIOLOGY,F,1977
13239,OR,EMERGENCY MEDICINE,M,1976
13240,FL,VASCULAR & INTERVENTIONAL RADIOLOGY,M,1974
13241,NJ,VASCULAR & INTERVENTIONAL RADIOLOGY,M,1978
13242,MN,DIAGNOSTIC RADIOLOGY,M,1970
13243,TX,UROLOGY,F,1974
13244,MI,GASTROENTEROLOGY,M,1976
13245,TN,FAMILY MEDICINE,M,1971
13246,AL,DIAGNOSTIC RADIOLOGY,M,1976
13247,OR,DIAGNOSTIC RADIOLOGY,M,1970
13248,UT,FAMILY MEDICINE,F,1973
13249,MD,EMERGENCY MEDICINE,F,1978
13250,MI,GASTROENTEROLOGY,F,1977
13251,PA,EMERGENCY MEDICINE,F,1978
13252,CA,OBSTETRICS & GYNECOLOGY,F,1972
13253,NY,INTERVENTIONAL CARDIOLOGY,M,1973
13254,NY,FAMILY MEDICINE,F,1976
13255,GA,INTERNAL MEDICINE,M,1975
13256,MN,RADIOLOGY,M,1967
13257,NY,ANESTHESIOLOGY,M,1971
13258,PA,PHYSICAL MEDICINE & REHABILITATION,F,1977
13259,MA,DIAGNOSTIC RADIOLOGY,M,1976
13260,NV,EMERGENCY MEDICINE,M,1975
13261,PA,INFECTIOUS DISEASE,F,1960
13262,VA,PEDIATRICS,F,1975
13263,OH,PULMONARY CRITICAL CARE MEDICINE,M,1976
13264,FL,OPHTHALMOLOGY,M,1977
13265,NY,DIAGNOSTIC RADIOLOGY,M,1976
13266,NY,EMERGENCY MEDICINE,F,1976
13267,MN,FAMILY MEDICINE,M,1976
13268,FL,EMERGENCY MEDICINE,M,1975
13269,TX,HOSPITALIST,M,1976
13270,TX,CARDIOVASCULAR DISEASE,M,1977
13271,OK,FAMILY MEDICINE,M,1975
13272,TN,CARDIOVASCULAR DISEASE,M,1976
13273,ID,INTERVENTIONAL CARDIOLOGY,M,1971
13274,MN,DIAGNOSTIC RADIOLOGY,M,1973
13275,NY,OPHTHALMOLOGY,F,1977
13276,MN,RADIATION ONCOLOGY,F,1974
13277,PA,DIAGNOSTIC RADIOLOGY,M,1976
13278,NY,DERMATOLOGY,M,1976
13279,TN,CLINICAL CARDIAC ELECTROPHYSIOLOGY,F,1977
13280,TX,VASCULAR & INTERVENTIONAL RADIOLOGY,M,1976
13281,TX,EMERGENCY MEDICINE,M,1972
13282,FL,DERMATOLOGY,F,1976
13283,GA,ANATOMIC/CLINICAL PATHOLOGY,M,1974
13284,PA,ORTHOPEDIC SURGERY,M,1976
13285,AL,EMERGENCY MEDICINE,F,1975
13286,CA,FAMILY MEDICINE,F,1978
13287,NJ,FAMILY MEDICINE,F,1969
13288,NJ,INFECTIOUS DISEASE,M,1974
13289,CA,INTERVENTIONAL CARDIOLOGY,M,1975
13290,FL,NEURORADIOLOGY,M,1969
13291,NY,CARDIOVASCULAR DISEASE,M,1977
13292,MO,EMERGENCY MEDICINE,F,1977
13293,MD,DIAGNOSTIC RADIOLOGY,F,1975
13294,NY,DIAGNOSTIC RADIOLOGY,M,1977
13295,OH,PEDIATRICS,M,1977
13296,NY,UROLOGY,M,1976
13297,NY,EMERGENCY MEDICINE,M,1977
13298,MA,EMERGENCY MEDICINE,M,1975
13299,NY,PEDIATRIC EMERGENCY MEDICINE (PEDIATRICS),M,1977
13300,NY,EMERGENCY MEDICINE,M,1976
13301,MI,DIAGNOSTIC RADIOLOGY,M,1977
13302,GA,OPHTHALMOLOGY,F,1977
13303,CO,DIAGNOSTIC RADIOLOGY,M,1977
13304,CA,ANESTHESIOLOGY,M,1973
13305,TX,GASTROENTEROLOGY,F,1977
13306,LA,GENERAL SURGERY,M,1977
13307,IN,DIAGNOSTIC RADIOLOGY,M,1977
13308,MD,DERMATOLOGY,F,1977
13309,NY,EMERGENCY MEDICINE,F,1978
13310,MD,ANESTHESIOLOGY,M,1977
13311,NJ,INTERNAL MEDICINE/EMERGENCY MEDICINE,M,1977
13312,CA,HEMATOLOGY/ONCOLOGY,M,1971
13313,AZ,ANATOMIC/CLINICAL PATHOLOGY,M,1975
13314,CA,EMERGENCY MEDICINE,M,1974
13315,GA,EMERGENCY MEDICINE,M,1976
13316,RI,DIAGNOSTIC RADIOLOGY,M,1976
13317,MN,OBSTETRICS & GYNECOLOGY,F,1972
13318,AL,INTERVENTIONAL CARDIOLOGY,M,1976
13319,MI,DERMATOPATHOLOGY,F,1977
13320,MI,EMERGENCY MEDICINE,M,1970
13321,TX,PLASTIC SURGERY,F,1977
13322,OH,"ENDOCRINOLOGY, DIABETES & METABOLISM",F,1978
13323,GA,DERMATOLOGY,F,1974
13324,AZ,GYNECOLOGICAL ONCOLOGY,F,1974
13325,NV,VASCULAR & INTERVENTIONAL RADIOLOGY,M,1976
13326,IN,DIAGNOSTIC RADIOLOGY,M,1976
13327,CA,EMERGENCY MEDICINE,M,1978
13328,CO,ABDOMINAL RADIOLOGY,M,1976
13329,FL,DERMATOPATHOLOGY,M,1974
13330,NV,GASTROENTEROLOGY,M,1973
13331,CA,PEDIATRICS,F,1974
13332,GA,HOSPITALIST,M,1971
13333,NY,EMERGENCY MEDICINE,F,1972
13334,FL,HOSPITALIST,M,1972
13335,FL,DERMATOPATHOLOGY,M,1969
13336,CA,NEURORADIOLOGY,M,1962
13337,NY,INTERNAL MEDICINE,F,1965
13338,CA,FAMILY MEDICINE,M,1970
13339,MI,INTERNAL MEDICINE,M,1969
13340,MI,CARDIOVASCULAR DISEASE,M,1972
13341,LA,SLEEP MEDICINE,M,1971
13342,WA,EMERGENCY MEDICINE,M,1975
13343,CA,EMERGENCY MEDICINE,M,1975
13344,MD,CYTOPATHOLOGY,F,1976
13345,OH,DERMATOLOGY,M,1978
13346,NY,PEDIATRICS,F,1977
13347,NJ,PEDIATRICS,F,1977
13348,NE,SELECTIVE PATHOLOGY,M,1975
13349,TN,DERMATOPATHOLOGY,M,1974
13350,CA,EMERGENCY MEDICINE,M,1970
13351,WA,PEDIATRIC EMERGENCY MEDICINE (PEDIATRICS),F,1976
13352,IL,GASTROENTEROLOGY,M,1976
13353,MI,EMERGENCY MEDICINE,M,1976
13354,NV,INTERNAL MEDICINE,M,1966
13355,CA,INTERNAL MEDICINE,F,1963
13356,CA,EMERGENCY MEDICINE,M,1975
13357,FL,EMERGENCY MEDICINE,F,1970
13358,TN,UROLOGY,F,1975
13359,OR,UROLOGY,M,1976
13360,AL,OBSTETRICS & GYNECOLOGY,M,1969
13361,TX,CARDIOVASCULAR DISEASE,M,1975
13362,NJ,INTERNAL MEDICINE,F,1976
13363,CA,INFECTIOUS DISEASE,M,1967
13364,IL,EMERGENCY MEDICINE,M,1968
13365,FL,MOLECULAR GENETIC PATHOLOGY (PATHOLOGY),M,1956
13366,ND,HEMATOLOGY (PATHOLOGY),M,1957
13367,NY,INTERNAL MEDICINE,M,1972
13368,NJ,DIAGNOSTIC RADIOLOGY,M,1974
13369,NY,INTERNAL MEDICINE,M,1971
13370,MI,DIAGNOSTIC RADIOLOGY,M,1967
13371,OH,ANATOMIC/CLINICAL PATHOLOGY,F,1976
13372,CA,RHEUMATOLOGY,F,1976
13373,FL,EMERGENCY MEDICINE,M,1971
13374,FL,EMERGENCY MEDICINE,M,1974
13375,FL,"ENDOCRINOLOGY, DIABETES & METABOLISM",M,1975
13376,IL,EMERGENCY MEDICINE,M,1975
13377,FL,FAMILY MEDICINE,M,1970
13378,ME,EMERGENCY MEDICINE,F,1976
13379,CA,DERMATOPATHOLOGY,M,1975
13380,CA,"ENDOCRINOLOGY, DIABETES & METABOLISM",M,1963
13381,FL,CARDIOVASCULAR DISEASE,M,1977
13382,DE,PEDIATRICS,M,1976
13383,MD,EMERGENCY MEDICINE,M,1975
13384,SC,CARDIOVASCULAR DISEASE,M,1976
13385,CA,"ENDOCRINOLOGY, DIABETES & METABOLISM",F,1973
13386,NC,ORTHOPEDIC SURGERY,M,1966
13387,NC,INTERNAL MEDICINE,M,1973
13388,NV,GASTROENTEROLOGY,M,1973
13389,GA,CARDIOVASCULAR DISEASE,M,1976
13390,NY,PEDIATRICS,F,1974
13391,VA,DERMATOPATHOLOGY,M,1973
13392,FL,PEDIATRICS,F,1976
13393,NY,EMERGENCY MEDICINE,M,1976
13394,CA,EMERGENCY MEDICINE,M,1975
13395,NY,DIAGNOSTIC RADIOLOGY,M,1977
13396,MD,UROLOGY,M,1975
13397,WA,NEURORADIOLOGY,M,1973
13398,CA,EMERGENCY MEDICINE,F,1976
13399,CA,FAMILY MEDICINE,F,1973
13400,CA,INTERVENTIONAL CARDIOLOGY,M,1973
13401,CA,EMERGENCY MEDICINE,M,1974
13402,IL,GASTROENTEROLOGY,M,1975
13403,CA,CARDIOVASCULAR DISEASE,M,1976
13404,SC,PEDIATRICS,M,1976
13405,MD,GENERAL SURGERY,F,1977
13406,MA,INTERVENTIONAL CARDIOLOGY,M,1977
13407,MD,GASTROENTEROLOGY,F,1978
13408,CA,DIAGNOSTIC RADIOLOGY,M,1972
13409,OR,FAMILY MEDICINE,F,1976
13410,WI,PULMONARY CRITICAL CARE MEDICINE,M,1970
13411,OR,INTERNAL MEDICINE,F,1971
13412,FL,INTERNAL MEDICINE,M,1964
13413,FL,INTERNAL MEDICINE,M,1968
13414,WA,INTERNAL MEDICINE,M,1954
13415,PA,PULMONARY CRITICAL CARE MEDICINE,M,1975
13416,NJ,GERIATRIC MEDICINE (INTERNAL MEDICINE),M,1967
13417,PA,OBSTETRICS & GYNECOLOGY,F,1961
13418,PA,INTERNAL MEDICINE,F,1975
13419,WA,DIAGNOSTIC RADIOLOGY,M,1973
13420,CA,NEURORADIOLOGY,M,1976
13421,OK,FAMILY MEDICINE,M,1976
13422,UT,FAMILY MEDICINE,M,1972
13423,CA,CARDIOVASCULAR DISEASE,F,1974
13424,TX,FAMILY MEDICINE,F,1976
13425,WI,EMERGENCY MEDICINE,M,1973
13426,CA,INTERNAL MEDICINE,F,1975
13427,CA,UROLOGY,M,1974
13428,CA,SPORTS MEDICINE (FAMILY MEDICINE),M,1975
13429,FL,INFECTIOUS DISEASE,M,1976
13430,CO,CARDIOVASCULAR DISEASE,M,1964
13431,MI,HOSPITALIST,M,1970
13432,NC,NEURORADIOLOGY,F,1969
13433,MD,PEDIATRICS,F,1978
13434,AZ,OTOLARYNGOLOGY,M,1976
13435,MI,FAMILY MEDICINE,M,1975
13436,TX,INTERNAL MEDICINE,M,1963
13437,SD,ANESTHESIOLOGY,M,1973
13438,NC,FAMILY MEDICINE,F,1971
13439,TX,RHEUMATOLOGY,F,1968
13440,CT,FAMILY MEDICINE,M,1973
13441,WA,FAMILY MEDICINE,F,1972
13442,NV,EMERGENCY MEDICINE,M,1974
13443,TN,INTERNAL MEDICINE,M,1976
13444,CA,EMERGENCY MEDICINE,M,1963
13445,LA,PSYCHIATRY,M,1967
13446,CA,INTERVENTIONAL CARDIOLOGY,M,1975
13447,IL,NEPHROLOGY,M,1975
13448,MN,NEURORADIOLOGY,F,1976
13449,AZ,DIAGNOSTIC RADIOLOGY,M,1970
13450,CA,ANATOMIC/CLINICAL PATHOLOGY,M,1976
13451,NY,CARDIOVASCULAR DISEASE,M,1976
13452,CA,FAMILY MEDICINE,M,1975
13453,CA,FAMILY MEDICINE,F,1974
13454,TX,INTERVENTIONAL CARDIOLOGY,M,1974
13455,VA,FAMILY MEDICINE,M,1976
13456,CO,DIAGNOSTIC RADIOLOGY,F,1976
13457,OR,FAMILY MEDICINE,M,1967
13458,TX,ANESTHESIOLOGY,M,1974
13459,TX,INTERNAL MEDICINE,M,1969
13460,FL,DERMATOLOGY,M,1977
13461,GA,FAMILY MEDICINE,M,1977
13462,CA,PEDIATRICS,F,1976
13463,CA,FAMILY MEDICINE,M,1967
13464,AZ,FAMILY MEDICINE,M,1975
13465,IL,INTERNAL MEDICINE,F,1962
13466,TX,INTERVENTIONAL CARDIOLOGY,M,1974
13467,NH,INTERNAL MEDICINE,M,1976
13468,NV,INTERNAL MEDICINE,M,1972
13469,LA,PSYCHIATRY,F,1975
13470,AZ,EMERGENCY MEDICINE,F,1965
13471,VA,INTERNAL MEDICINE,F,1974
13472,IL,CARDIOVASCULAR DISEASE,M,1977
13473,CA,BLOOD BANKING/TRANSFUSION MEDICINE,F,1976
13474,NY,FAMILY MEDICINE,M,1973
13475,NY,GENERAL PRACTICE,F,1972
13476,CA,ORTHOPEDIC SURGERY,M,1972
13477,AZ,RADIATION ONCOLOGY,M,1973
13478,TX,DIAGNOSTIC RADIOLOGY,M,1970
13479,FL,EMERGENCY MEDICINE,M,1976
13480,TN,DIAGNOSTIC RADIOLOGY,M,1975
13481,VA,PEDIATRICS,M,1972
13482,TN,CARDIOVASCULAR DISEASE,M,1976
13483,FL,INTERNAL MEDICINE,F,1972
13484,MO,EMERGENCY MEDICINE,F,1977
13485,FL,EMERGENCY MEDICINE,F,1977
13486,CO,"ENDOCRINOLOGY, DIABETES & METABOLISM",F,1974
13487,CA,EMERGENCY MEDICINE,M,1972
13488,AL,GASTROENTEROLOGY,M,1976
13489,FL,DERMATOLOGY,M,1976
13490,AZ,EMERGENCY MEDICINE,M,1965
13491,VA,CYTOPATHOLOGY,M,1969
13492,NY,CARDIOVASCULAR DISEASE,M,1975
13493,MI,DIAGNOSTIC RADIOLOGY,M,1977
13494,FL,HEMATOLOGY/ONCOLOGY,M,1975
13495,MI,DIAGNOSTIC RADIOLOGY,M,1974
13496,NC,PEDIATRICS,M,1975
13497,OR,NEURORADIOLOGY,M,1974
13498,FL,DERMATOLOGY,F,1972
13499,MO,CARDIOVASCULAR DISEASE,M,1979
13500,MI,DIAGNOSTIC RADIOLOGY,M,1976
13501,CA,EMERGENCY MEDICINE,M,1973
13502,CA,CARDIOVASCULAR DISEASE,M,1974
13503,GA,INTERNAL MEDICINE,F,1973
13504,TX,GASTROENTEROLOGY,M,1973
13505,VA,OTOLARYNGOLOGY,M,1975
13506,TX,CARDIOVASCULAR DISEASE,M,1976
13507,TN,CARDIOVASCULAR DISEASE,M,1974
13508,CA,INTERVENTIONAL CARDIOLOGY,M,1975
13509,MI,HEMATOLOGY/ONCOLOGY,M,1961
13510,MI,DIAGNOSTIC RADIOLOGY,M,1969
13511,MN,EMERGENCY MEDICINE,F,1975
13512,MD,EMERGENCY MEDICINE,M,1959
13513,VA,DERMATOLOGY,F,1976
13514,TX,FAMILY MEDICINE,M,1976
13515,TX,NEURORADIOLOGY,M,1967
13516,TX,DIAGNOSTIC RADIOLOGY,M,1974
13517,TX,INTERVENTIONAL CARDIOLOGY,M,1965
13518,MI,CARDIOVASCULAR DISEASE,M,1974
13519,AZ,EMERGENCY MEDICINE,F,1974
13520,MD,OCCUPATIONAL MEDICINE,F,1973
13521,TN,CLINICAL NEUROPHYSIOLOGY,M,1976
13522,NY,CARDIOVASCULAR DISEASE,M,1974
13523,NJ,ORTHOPEDIC SURGERY OF THE SPINE,M,1977
13524,OH,EMERGENCY MEDICINE,M,1973
13525,PA,"ENDOCRINOLOGY, DIABETES & METABOLISM",F,1976
13526,OH,INTERNAL MEDICINE/EMERGENCY MEDICINE,M,1976
13527,SC,ANESTHESIOLOGY,M,1967
13528,FL,EMERGENCY MEDICINE,M,1973
13529,FL,NEUROLOGY,M,1973
13530,OR,PEDIATRICS,F,1976
13531,PA,DIAGNOSTIC RADIOLOGY,M,1977
13532,CA,GASTROENTEROLOGY,M,1976
13533,VA,PEDIATRICS,M,1975
13534,AR,HEMATOLOGY/ONCOLOGY,F,1974
13535,TX,OPHTHALMOLOGY,M,1976
13536,NY,EMERGENCY MEDICINE,M,1975
13537,PA,PEDIATRIC RADIOLOGY,M,1976
13538,CO,EMERGENCY MEDICINE,M,1975
13539,AR,FAMILY MEDICINE,M,1960
13540,OH,SPORTS MEDICINE (FAMILY MEDICINE),F,1973
13541,MD,INTERNAL MEDICINE,M,1975
13542,FL,NEURORADIOLOGY,M,1972
13543,ID,EMERGENCY MEDICINE,M,1969
13544,IL,NEURORADIOLOGY,M,1974
13545,FL,DIAGNOSTIC RADIOLOGY,M,1972
13546,IL,EMERGENCY MEDICINE,F,1976
13547,CA,RADIATION ONCOLOGY,M,1974
13548,NH,INTERNAL MEDICINE,M,1972
13549,TN,CLINICAL CARDIAC ELECTROPHYSIOLOGY,M,1975
13550,NJ,DERMATOLOGY,M,1976
13551,NY,CARDIOVASCULAR DISEASE,F,1977
13552,VA,DIAGNOSTIC RADIOLOGY,F,1975
13553,TX,ANESTHESIOLOGY,M,1977
13554,MD,PEDIATRICS,M,1975
13555,PA,ANESTHESIOLOGY,M,1977
13556,TX,INTERNAL MEDICINE,M,1972
13557,CA,EMERGENCY MEDICINE,F,1977
13558,MO,DERMATOPATHOLOGY,M,1976
13559,NJ,DIAGNOSTIC RADIOLOGY,M,1975
13560,SC,EMERGENCY MEDICINE,M,1977
13561,NJ,NEPHROLOGY,M,1975
13562,NY,CARDIOVASCULAR DISEASE,M,1976
13563,MI,NEURORADIOLOGY,M,1974
13564,NY,DERMATOPATHOLOGY,F,1972
13565,NY,ORTHOPEDIC SURGERY,M,1977
13566,NJ,INTERNAL MEDICINE,M,1974
13567,PA,MEDICAL TOXICOLOGY (EMERGENCY MEDICINE),M,1975
13568,CA,CARDIOVASCULAR DISEASE,M,1975
13569,NY,CLINICAL NEUROPHYSIOLOGY,F,1974
13570,MN,DIAGNOSTIC RADIOLOGY,F,1975
13571,MO,EMERGENCY MEDICINE,M,1975
13572,CA,NEURORADIOLOGY,M,1973
13573,NV,EMERGENCY MEDICINE,M,1974
13574,IL,DERMATOLOGY,F,1974
13575,NY,ANESTHESIOLOGY,M,1974
13576,MD,DERMATOLOGY,F,1974
13577,IA,NEURORADIOLOGY,M,1976
13578,TN,PEDIATRIC EMERGENCY MEDICINE (PEDIATRICS),F,1975
13579,WA,EMERGENCY MEDICINE,M,1969
13580,MD,FAMILY MEDICINE,F,1975
13581,IL,FAMILY MEDICINE,F,1973
13582,CO,NEPHROLOGY,M,1977
13583,NC,DERMATOLOGY,M,1975
13584,PA,DIAGNOSTIC RADIOLOGY,F,1973
13585,NY,EMERGENCY MEDICINE,M,1973
13586,IL,FAMILY MEDICINE,F,1973
13587,OH,PEDIATRIC HEMATOLOGY/ONCOLOGY,F,1971
13588,TX,DIAGNOSTIC RADIOLOGY,M,1970
13589,TN,SLEEP MEDICINE,M,1973
13590,DC,PEDIATRICS,F,1971
13591,CO,FAMILY MEDICINE,F,1976
13592,PA,DIAGNOSTIC RADIOLOGY,M,1974
13593,WA,GENERAL SURGERY,F,1971
13594,TX,PEDIATRICS,F,1976
13595,NY,INTERVENTIONAL CARDIOLOGY,M,1975
13596,TX,FAMILY MEDICINE,F,1968
13597,CA,NEUROLOGICAL SURGERY,M,1970
13598,TX,DIAGNOSTIC RADIOLOGY,M,1975
13599,MD,OPHTHALMOLOGY,M,1975
13600,OH,EMERGENCY MEDICINE,M,1970
13601,MI,MOLECULAR GENETIC PATHOLOGY (PATHOLOGY),F,1971
13602,CA,PEDIATRICS,M,1976
13603,CA,CARDIOVASCULAR DISEASE,F,1973
13604,NM,FAMILY MEDICINE,F,1973
13605,NJ,DERMATOLOGY,M,1977
13606,SC,RADIOLOGY,M,1975
13607,TX,OTOLARYNGOLOGY,F,1979
13608,CA,GASTROENTEROLOGY,F,1975
13609,NC,CHILD NEUROLOGY,F,1976
13610,MI,EMERGENCY MEDICINE,M,1976
13611,LA,DIAGNOSTIC RADIOLOGY,M,1976
13612,MN,CARDIOVASCULAR DISEASE,M,1973
13613,NJ,CARDIOVASCULAR DISEASE,M,1976
13614,FL,OPHTHALMOLOGY,M,1976
13615,FL,FAMILY MEDICINE,M,1976
13616,CA,INTERNAL MEDICINE,F,1975
13617,AK,DIAGNOSTIC RADIOLOGY,M,1977
13618,CA,ORTHOPEDIC SURGERY,M,1976
13619,VA,FAMILY MEDICINE,M,1963
13620,AZ,PULMONARY DISEASE,M,1973
13621,WA,NUCLEAR MEDICINE,M,1975
13622,AZ,DIAGNOSTIC RADIOLOGY,M,1976
13623,AZ,DERMATOLOGY,F,1968
13624,TX,DERMATOLOGY,F,1974
13625,NY,UROLOGY,M,1976
13626,CA,FAMILY MEDICINE,F,1977
13627,PA,INTERNAL MEDICINE/PEDIATRICS,M,1976
13628,TN,CARDIOVASCULAR DISEASE,M,1979
13629,NY,CARDIOVASCULAR DISEASE,M,1976
13630,NY,GASTROENTEROLOGY,M,1974
13631,MD,DIAGNOSTIC RADIOLOGY,M,1977
13632,TN,DIAGNOSTIC RADIOLOGY,F,1974
13633,OR,OTOLARYNGOLOGY,M,1976
13634,NC,EMERGENCY MEDICINE,M,1977
13635,IN,EMERGENCY MEDICINE,M,1975
13636,PA,THORACIC SURGERY,M,1975
13637,WI,DIAGNOSTIC RADIOLOGY,M,1975
13638,OH,DIAGNOSTIC RADIOLOGY,F,1974
13639,CA,EMERGENCY MEDICINE,M,1975
13640,CA,GASTROENTEROLOGY,M,1976
13641,CA,INTERNAL MEDICINE,F,1976
13642,TX,FAMILY MEDICINE,M,1975
13643,CO,DIAGNOSTIC RADIOLOGY,M,1975
13644,PA,FAMILY MEDICINE,M,1977
13645,AR,NEPHROLOGY,M,1976
13646,OH,HOSPITALIST,M,1977
13647,TX,PEDIATRICS,F,1976
13648,WI,NEURORADIOLOGY,M,1976
13649,TX,OPHTHALMOLOGY,M,1977
13650,OH,CLINICAL CARDIAC ELECTROPHYSIOLOGY,M,1976
13651,FL,PEDIATRIC RADIOLOGY,M,1977
13652,WI,ALLERGY & IMMUNOLOGY,F,1974
13653,SC,EMERGENCY MEDICINE,M,1976
13654,OH,EMERGENCY MEDICINE,M,1976
13655,SC,FAMILY MEDICINE,M,1975
13656,DE,GASTROENTEROLOGY,M,1975
13657,MD,EMERGENCY MEDICINE,F,1976
13658,FL,FAMILY MEDICINE,F,1976
13659,GA,EMERGENCY MEDICINE,M,1978
13660,MS,FAMILY MEDICINE,M,1976
13661,OH,DIAGNOSTIC RADIOLOGY,M,1974
13662,CA,EMERGENCY MEDICINE,M,1975
13663,WI,EMERGENCY MEDICINE,F,1972
13664,CA,INTERNAL MEDICINE,M,1974
13665,GA,EMERGENCY MEDICINE,F,1976
13666,MI,CARDIOVASCULAR DISEASE,F,1977
13667,DE,INTERNAL MEDICINE/EMERGENCY MEDICINE,M,1976
13668,SC,FAMILY MEDICINE,M,1975
13669,TX,PEDIATRIC RADIOLOGY,F,1978
13670,GA,SPORTS MEDICINE (ORTHOPEDIC SURGERY),M,1977
13671,CA,FAMILY MEDICINE,F,1975
13672,CA,EMERGENCY MEDICINE,M,1975
13673,CA,EMERGENCY MEDICINE,F,1975
13674,CA,ORTHOPEDIC SURGERY,M,1976
13675,AR,ALLERGY & IMMUNOLOGY,F,1977
13676,NJ,GASTROENTEROLOGY,F,1977
13677,CA,OPHTHALMOLOGY,F,1976
13678,NC,EMERGENCY MEDICINE,M,1972
13679,OR,FAMILY MEDICINE,F,1972
13680,TX,GENERAL PRACTICE,M,1973
13681,MI,DIAGNOSTIC RADIOLOGY,M,1974
13682,NJ,CLINICAL CARDIAC ELECTROPHYSIOLOGY,M,1976
13683,MD,FAMILY MEDICINE,M,1976
13684,MO,UROLOGY,M,1971
13685,MD,INTERNAL MEDICINE,F,1974
13686,MD,INTERNAL MEDICINE/PEDIATRICS,F,1973
13687,CA,GASTROENTEROLOGY,M,1973
13688,CA,DERMATOLOGY,M,1973
13689,CA,GASTROENTEROLOGY,M,1973
13690,OK,GENERAL SURGERY,M,1975
13691,AZ,ADULT RECONSTRUCTIVE ORTHOPEDICS,M,1976
13692,CO,CARDIOVASCULAR DISEASE,M,1976
13693,FL,DIAGNOSTIC RADIOLOGY,M,1968
13694,NJ,INFECTIOUS DISEASE,F,1975
13695,NY,CARDIOVASCULAR DISEASE,M,1972
13696,MN,DIAGNOSTIC RADIOLOGY,M,1975
13697,MI,OBSTETRICS & GYNECOLOGY,F,1975
13698,OR,GENERAL SURGERY,M,1968
13699,MI,EMERGENCY MEDICINE,M,1975
13700,LA,OTOLARYNGOLOGY,M,1975
13701,OH,PEDIATRIC EMERGENCY MEDICINE (PEDIATRICS),F,1977
13702,GA,EMERGENCY MEDICINE,F,1972
13703,IN,GASTROENTEROLOGY,M,1975
13704,CA,DIAGNOSTIC RADIOLOGY,M,1973
13705,GA,OBSTETRICS & GYNECOLOGY,F,1978
13706,CA,FAMILY MEDICINE,F,1975
13707,CA,OBSTETRICS & GYNECOLOGY,F,1969
13708,FL,ANATOMIC/CLINICAL PATHOLOGY,M,1977
13709,TX,ANESTHESIOLOGY,F,1972
13710,GA,ORTHOPEDIC SURGERY OF THE SPINE,M,1975
13711,TX,EMERGENCY MEDICINE,F,1973
13712,CA,RADIATION ONCOLOGY,M,1974
13713,CA,ANATOMIC/CLINICAL PATHOLOGY,F,1976
13714,TN,FAMILY MEDICINE,M,1976
13715,CA,DIAGNOSTIC RADIOLOGY,M,1976
13716,UT,FAMILY MEDICINE,M,1972
13717,AL,CARDIOVASCULAR DISEASE,M,1976
13718,AL,DIAGNOSTIC RADIOLOGY,M,1970
13719,MA,NEPHROLOGY,M,1972
13720,NJ,CARDIOVASCULAR DISEASE,M,1974
13721,CA,PAIN MEDICINE,M,1974
13722,CA,INTERNAL MEDICINE,M,1968
13723,FL,HEMATOLOGY (PATHOLOGY),M,1964
13724,AZ,EMERGENCY MEDICINE,M,1971
13725,MI,DIAGNOSTIC RADIOLOGY,M,1972
13726,TX,ANESTHESIOLOGY,M,1961
13727,AZ,UROLOGY,M,1973
13728,CA,DERMATOLOGY,M,1976
13729,CA,EMERGENCY MEDICINE,M,1970
13730,ME,GASTROENTEROLOGY,M,1975
13731,CA,FAMILY MEDICINE,F,1975
13732,CA,FAMILY MEDICINE,F,1975
13733,WA,HEMATOLOGY/ONCOLOGY,M,1975
13734,CA,ALLERGY & IMMUNOLOGY,M,1975
13735,MI,EMERGENCY MEDICINE,M,1975
13736,MN,PHYSICAL MEDICINE & REHABILITATION,M,1971
13737,NY,DERMATOLOGY,F,1974
13738,CA,DIAGNOSTIC RADIOLOGY,M,1973
13739,CA,DIAGNOSTIC RADIOLOGY,M,1974
13740,TX,OTOLARYNGOLOGY,M,1974
13741,TX,CARDIOVASCULAR DISEASE,M,1975
13742,AR,NEURORADIOLOGY,M,1977
13743,MN,EMERGENCY MEDICINE,M,1974
13744,UT,UROLOGY,M,1972
13745,CA,DIAGNOSTIC RADIOLOGY,M,1972
13746,NY,FAMILY MEDICINE,M,1957
13747,CA,PULMONARY DISEASE,M,1970
13748,MI,DIAGNOSTIC RADIOLOGY,M,1963
13749,CA,EMERGENCY MEDICINE,M,1972
13750,NJ,DIAGNOSTIC RADIOLOGY,M,1973
13751,AZ,EMERGENCY MEDICINE,M,1972
13752,CO,NEPHROLOGY,M,1973
13753,CA,CARDIOVASCULAR DISEASE,M,1973
13754,NV,DIAGNOSTIC RADIOLOGY,M,1971
13755,MO,"ENDOCRINOLOGY, DIABETES & METABOLISM",F,1960
13756,WA,EMERGENCY MEDICINE,M,1969
13757,IL,EMERGENCY MEDICINE,M,1972
13758,IL,FAMILY MEDICINE,M,1966
13759,MD,RADIOLOGY,M,1970
13760,PA,INTERNAL MEDICINE,M,1974
13761,MN,DIAGNOSTIC RADIOLOGY,M,1964
13762,CA,OPHTHALMOLOGY,M,1969
13763,CA,INTERNAL MEDICINE,F,1973
13764,MI,ANATOMIC/CLINICAL PATHOLOGY,M,1969
13765,CA,CLINICAL PATHOLOGY,F,1966
13766,CO,VASCULAR & INTERVENTIONAL RADIOLOGY,M,1970
13767,TX,CARDIOVASCULAR DISEASE,M,1974
13768,TX,RADIOLOGY,M,1973
13769,SC,GASTROENTEROLOGY,M,1971
13770,PA,FAMILY MEDICINE,M,1972
13771,TX,ANATOMIC/CLINICAL PATHOLOGY,F,1973
13772,TX,EMERGENCY MEDICINE,M,1973
13773,OH,EMERGENCY MEDICINE,M,1973
13774,OH,DIAGNOSTIC RADIOLOGY,M,1973
13775,WA,RADIOLOGY,M,1968
13776,AZ,CARDIOVASCULAR DISEASE,M,1976
13777,MI,DIAGNOSTIC RADIOLOGY,M,1969
13778,CO,EMERGENCY MEDICINE,F,1973
13779,MA,EMERGENCY MEDICINE,M,1973
13780,IL,DIAGNOSTIC RADIOLOGY,M,1973
13781,OH,PEDIATRIC RADIOLOGY,M,1973
13782,MA,EMERGENCY MEDICINE,M,1970
13783,MI,RADIOLOGY,F,1973
13784,MI,ABDOMINAL RADIOLOGY,F,1964
13785,MI,FAMILY MEDICINE,M,1971
13786,OH,EMERGENCY MEDICINE,M,1973
13787,DC,EMERGENCY MEDICINE,M,1967
13788,AZ,VASCULAR & INTERVENTIONAL RADIOLOGY,M,1976
13789,OH,DIAGNOSTIC RADIOLOGY,M,1966
13790,OK,SLEEP MEDICINE,M,1972
13791,FL,CLINICAL PATHOLOGY,M,1972
13792,MI,NEPHROLOGY,F,1970
13793,MA,"ENDOCRINOLOGY, DIABETES & METABOLISM",F,1972
13794,MA,OPHTHALMOLOGY,M,1972
13795,MI,INTERNAL MEDICINE,M,1976
13796,NY,UROLOGY,M,1974
13797,FL,OPHTHALMOLOGY,M,1974
13798,CA,EMERGENCY MEDICINE,M,1975
13799,AZ,PHYSICAL MEDICINE & REHABILITATION,M,1972
13800,SC,INTERVENTIONAL CARDIOLOGY,M,1974
13801,MD,FAMILY MEDICINE,F,1967
13802,MN,ORTHOPEDIC SURGERY OF THE SPINE,M,1973
13803,MI,THORACIC SURGERY,M,1975
13804,CT,CARDIOVASCULAR DISEASE,M,1974
13805,MI,DIAGNOSTIC RADIOLOGY,M,1972
13806,PA,ANESTHESIOLOGY,M,1969
13807,CA,EMERGENCY MEDICINE,M,1973
13808,WI,OPHTHALMOLOGY,M,1967
13809,CA,FAMILY MEDICINE,M,1972
13810,NJ,HEMATOLOGY/ONCOLOGY,F,1975
13811,CA,PSYCHIATRY,M,1965
13812,GA,ANATOMIC/CLINICAL PATHOLOGY,F,1958
13813,GA,DIAGNOSTIC RADIOLOGY,M,1971
13814,FL,OPHTHALMOLOGY,F,1974
13815,NJ,ANATOMIC/CLINICAL PATHOLOGY,M,1970
13816,CA,GENERAL PRACTICE,F,1966
13817,WI,EMERGENCY MEDICINE,M,1973
13818,OH,DIAGNOSTIC RADIOLOGY,M,1973
13819,AL,DIAGNOSTIC RADIOLOGY,M,1972
13820,FL,INTERNAL MEDICINE,M,1974
13821,FL,INTERNAL MEDICINE,F,1965
13822,MI,EMERGENCY MEDICINE,F,1972
13823,FL,DIAGNOSTIC RADIOLOGY,M,1972
13824,SC,DIAGNOSTIC RADIOLOGY,M,1971
13825,FL,OBSTETRICS & GYNECOLOGY,F,1976
13826,FL,PEDIATRICS,M,1973
13827,FL,GASTROENTEROLOGY,M,1972
13828,KS,SELECTIVE PATHOLOGY,M,1963
13829,FL,NEURORADIOLOGY,M,1976
13830,FL,NEURORADIOLOGY,F,1967
13831,NY,NUCLEAR MEDICINE,F,1971
13832,MI,INTERVENTIONAL CARDIOLOGY,M,1977
13833,MD,INTERNAL MEDICINE,F,1967
13834,FL,ANATOMIC PATHOLOGY,M,1970
13835,MD,ENDOVASCULAR SURGICAL NEURORADIOLOGY (RADIOLOGY),F,1973
13836,CA,EMERGENCY MEDICINE,M,1972
13837,NJ,EMERGENCY MEDICINE,M,1973
13838,TX,RADIOLOGY,M,1961
13839,SC,EMERGENCY MEDICINE,M,1974
13840,KS,PULMONARY CRITICAL CARE MEDICINE,M,1974
13841,MD,INTERNAL MEDICINE,M,1958
13842,TX,DIAGNOSTIC RADIOLOGY,M,1971
13843,FL,INTERNAL MEDICINE,M,1959
13844,NY,INTERNAL MEDICINE,M,1955
13845,NC,INTERNAL MEDICINE,M,1967
13846,TX,CARDIOVASCULAR DISEASE,M,1977
13847,MN,PSYCHIATRY/NEUROLOGY,F,1970
13848,FL,PULMONARY DISEASE,M,1970
13849,CA,GASTROENTEROLOGY,M,1976
13850,IN,CYTOPATHOLOGY,F,1964
13851,FL,HEMATOLOGY/ONCOLOGY,F,1965
13852,TX,PEDIATRICS,M,1972
13853,CA,PEDIATRICS,M,1971
13854,NC,INTERNAL MEDICINE,F,1973
13855,TX,ANATOMIC/CLINICAL PATHOLOGY,F,1961
13856,NY,DERMATOPATHOLOGY,F,1962
13857,CA,HEMATOLOGY/ONCOLOGY,F,1975
13858,PA,CARDIOVASCULAR DISEASE,M,1974
13859,NY,INTERNAL MEDICINE,M,1970
13860,AZ,PEDIATRIC CRITICAL CARE MEDICINE,M,1959
13861,PA,HEMATOLOGY (PATHOLOGY),F,1969
13862,NC,PEDIATRIC ENDOCRINOLOGY,F,1973
13863,OH,CYTOPATHOLOGY,F,1959
13864,NJ,FAMILY MEDICINE,F,1970
13865,PA,PEDIATRICS,F,1974
13866,PA,CARDIOVASCULAR DISEASE,M,1972
13867,OH,OBSTETRICS & GYNECOLOGY,F,1966
13868,CA,DIAGNOSTIC RADIOLOGY,F,1973
13869,NY,PEDIATRICS,M,1969
13870,TX,FAMILY MEDICINE,F,1965
13871,CA,PEDIATRIC SURGERY,F,1974
13872,MD,INTERNAL MEDICINE,F,1969
13873,TX,PEDIATRICS,F,1974
13874,TX,ANATOMIC PATHOLOGY,F,1972
13875,TX,EMERGENCY MEDICINE,M,1972
13876,NJ,CARDIOVASCULAR DISEASE,M,1974
13877,NJ,INTERNAL MEDICINE,F,1968
13878,NC,EMERGENCY MEDICINE,M,1969
13879,FL,PULMONARY CRITICAL CARE MEDICINE,M,1972
13880,FL,CYTOPATHOLOGY,F,1965
13881,NJ,INTERNAL MEDICINE,F,1974
13882,PA,INTERNAL MEDICINE,M,1972
13883,MD,FAMILY MEDICINE,M,1968
13884,NJ,GASTROENTEROLOGY,M,1966
13885,KY,FAMILY MEDICINE,M,1967
13886,NJ,DIAGNOSTIC RADIOLOGY,F,1972
13887,CA,ANESTHESIOLOGY,F,1973
13888,OR,INTERNAL MEDICINE,F,1972
13889,SC,CARDIOTHORACIC RADIOLOGY,M,1971
13890,NY,NEUROLOGY,M,1966
13891,MI,DIAGNOSTIC RADIOLOGY,M,1975
13892,AZ,PSYCHIATRY,F,1967
13893,DC,DERMATOLOGY,M,1973
13894,GA,DIAGNOSTIC RADIOLOGY,M,1965
13895,NJ,SPORTS MEDICINE (ORTHOPEDIC SURGERY),M,1975
13896,NC,PEDIATRICS,M,1974
13897,PA,SELECTIVE PATHOLOGY,M,1973
13898,NV,CARDIOVASCULAR DISEASE,M,1974
13899,TX,PEDIATRICS,F,1962
13900,OH,EMERGENCY MEDICINE,F,1975
13901,MD,VASCULAR & INTERVENTIONAL RADIOLOGY,M,1972
13902,TN,DIAGNOSTIC RADIOLOGY,F,1973
13903,TN,EMERGENCY MEDICINE,M,1973
13904,SC,GASTROENTEROLOGY,M,1973
13905,TN,CARDIOVASCULAR DISEASE,F,1975
13906,VA,GENERAL SURGERY,M,1973
13907,MD,PEDIATRICS,F,1970
13908,CA,PEDIATRIC RADIOLOGY,M,1975
13909,IL,ABDOMINAL RADIOLOGY,F,1974
13910,GA,DIAGNOSTIC RADIOLOGY,M,1976
13911,WA,CARDIOVASCULAR DISEASE,F,1975
13912,NC,CYTOPATHOLOGY,M,1975
13913,OH,DIAGNOSTIC RADIOLOGY,M,1975
13914,WA,DIAGNOSTIC RADIOLOGY,M,1973
13915,FL,GASTROENTEROLOGY,M,1975
13916,TX,EMERGENCY MEDICINE,F,1976
13917,NE,FAMILY MEDICINE,M,1966
13918,CA,EMERGENCY MEDICINE,M,1970
13919,FL,CARDIOVASCULAR DISEASE,M,1972
13920,NJ,FAMILY MEDICINE,M,1974
13921,FL,INTERNAL MEDICINE,F,1974
13922,OH,EMERGENCY MEDICINE,M,1974
13923,NJ,RHEUMATOLOGY,F,1974
13924,CT,DIAGNOSTIC RADIOLOGY,M,1974
13925,NY,INTERNAL MEDICINE,F,1971
13926,AZ,PEDIATRIC EMERGENCY MEDICINE (PEDIATRICS),M,1973
13927,UT,EMERGENCY MEDICINE,M,1973
13928,PA,NEPHROLOGY,M,1973
13929,OH,DIAGNOSTIC RADIOLOGY,F,1969
13930,FL,OPHTHALMOLOGY,M,1974
13931,TX,INTERNAL MEDICINE,M,1972
13932,TX,PEDIATRICS,M,1975
13933,TN,CARDIOVASCULAR DISEASE,M,1974
13934,CA,EMERGENCY MEDICINE,M,1972
13935,CA,EMERGENCY MEDICINE,M,1974
13936,AZ,UROLOGY,M,1974
13937,NJ,MUSCULOSKELETAL RADIOLOGY,M,1974
13938,PA,SPORTS MEDICINE (ORTHOPEDIC SURGERY),M,1974
13939,NY,INFECTIOUS DISEASE,F,1973
13940,WA,OPHTHALMOLOGY,F,1971
13941,WI,INTERVENTIONAL CARDIOLOGY,M,1975
13942,TX,NEURORADIOLOGY,M,1972
13943,VA,DIAGNOSTIC RADIOLOGY,M,1970
13944,SC,ANATOMIC/CLINICAL PATHOLOGY,M,1972
13945,TX,PEDIATRICS,F,1974
13946,AK,FAMILY MEDICINE,M,1975
13947,TX,EMERGENCY MEDICINE,M,1975
13948,NJ,NEURORADIOLOGY,M,1975
13949,MN,DIAGNOSTIC RADIOLOGY,F,1971
13950,MD,NEUROLOGY,M,1974
13951,NJ,EMERGENCY MEDICINE,F,1974
13952,MN,CYTOPATHOLOGY,M,1975
13953,NC,EMERGENCY MEDICINE,M,1976
13954,VA,EMERGENCY MEDICINE,M,1973
13955,MI,OBSTETRICS & GYNECOLOGY,F,1975
13956,TX,ANATOMIC/CLINICAL PATHOLOGY,M,1974
13957,CA,FAMILY MEDICINE,F,1972
13958,OR,DIAGNOSTIC RADIOLOGY,F,1975
13959,CA,EMERGENCY MEDICINE,M,1976
13960,OH,CARDIOVASCULAR DISEASE,M,1975
13961,LA,NEPHROLOGY,M,1975
13962,TX,DERMATOLOGY,F,1968
13963,VA,DIAGNOSTIC RADIOLOGY,F,1966
13964,TX,DIAGNOSTIC RADIOLOGY,M,1974
13965,CA,EMERGENCY MEDICINE,M,1972
13966,VA,FAMILY MEDICINE,F,1975
13967,TX,FAMILY MEDICINE,M,1971
13968,PA,NEUROLOGY,M,1970
13969,TN,UROLOGY,M,1974
13970,AL,INTERVENTIONAL CARDIOLOGY,M,1974
13971,FL,EMERGENCY MEDICINE,M,1974
13972,DC,CARDIOVASCULAR DISEASE,M,1972
13973,AK,DIAGNOSTIC RADIOLOGY,F,1972
13974,NY,NEUROLOGICAL SURGERY,M,1975
13975,NJ,PEDIATRICS,F,1974
13976,NY,UROLOGY,F,1972
13977,VA,CARDIOVASCULAR DISEASE,F,1974
13978,FL,RADIATION ONCOLOGY,M,1973
13979,NM,FAMILY MEDICINE,M,1962
13980,PA,FAMILY MEDICINE,M,1969
13981,TX,PEDIATRICS,F,1975
13982,TX,PEDIATRICS,F,1975
13983,SC,EMERGENCY MEDICINE,M,1973
13984,PA,NEURORADIOLOGY,M,1974
13985,WA,EMERGENCY MEDICINE,M,1957
13986,OH,DIAGNOSTIC RADIOLOGY,M,1974
13987,NY,PLASTIC SURGERY WITHIN THE HEAD & NECK (OTOLARYNGOLOGY),M,1974
13988,TX,EMERGENCY MEDICINE,F,1975
13989,CA,FAMILY MEDICINE,F,1971
13990,CA,OPHTHALMOLOGY,M,1969
13991,VA,PULMONARY DISEASE,M,1975
13992,NC,CLINICAL CARDIAC ELECTROPHYSIOLOGY,M,1974
13993,AZ,UROLOGY,M,1974
13994,MO,DERMATOLOGY,F,1975
13995,CA,EMERGENCY MEDICINE,F,1975
13996,CA,CLINICAL PATHOLOGY,M,1970
13997,NJ,ABDOMINAL RADIOLOGY,F,1974
13998,IL,ANESTHESIOLOGY,M,1972
13999,MI,DIAGNOSTIC RADIOLOGY,M,1970
14000,AZ,PEDIATRIC HEMATOLOGY/ONCOLOGY,F,1975
14001,OH,DIAGNOSTIC RADIOLOGY,M,1974
14002,WA,DIAGNOSTIC RADIOLOGY,M,1975
14003,OH,VASCULAR & INTERVENTIONAL RADIOLOGY,M,1975
14004,CA,DIAGNOSTIC RADIOLOGY,F,1972
14005,VA,GENERAL SURGERY,F,1975
14006,NY,EMERGENCY MEDICINE,F,1972
14007,AR,ANATOMIC/CLINICAL PATHOLOGY,M,1968
14008,FL,GENERAL SURGERY,M,1974
14009,CA,DIAGNOSTIC RADIOLOGY,M,1972
14010,CA,DIAGNOSTIC RADIOLOGY,F,1976
14011,CO,ORTHOPEDIC SURGERY,M,1968
14012,CA,EMERGENCY MEDICINE,M,1968
14013,VA,PEDIATRICS,F,1967
14014,NY,EMERGENCY MEDICINE,M,1970
14015,TN,INTERNAL MEDICINE,M,1976
14016,WI,HOSPITALIST,M,1975
14017,NJ,DIAGNOSTIC RADIOLOGY,F,1973
14018,MS,EMERGENCY MEDICINE,F,1973
14019,OH,DIAGNOSTIC RADIOLOGY,M,1970
14020,CA,OPHTHALMOLOGY,F,1975
14021,CO,PEDIATRIC EMERGENCY MEDICINE (PEDIATRICS),M,1974
14022,NY,PEDIATRIC EMERGENCY MEDICINE (PEDIATRICS),M,1975
14023,NJ,INFECTIOUS DISEASE,M,1976
14024,MA,EMERGENCY MEDICINE,M,1969
14025,CA,EMERGENCY MEDICINE,F,1974
14026,NJ,INFECTIOUS DISEASE,F,1976
14027,MA,CARDIOVASCULAR DISEASE,F,1964
14028,NY,FAMILY MEDICINE,F,1974
14029,CT,SLEEP MEDICINE,M,1973
14030,OH,PEDIATRIC RADIOLOGY,F,1975
14031,MI,DIAGNOSTIC RADIOLOGY,F,1974
14032,OH,EMERGENCY MEDICINE,M,1973
14033,CO,NUCLEAR MEDICINE,M,1973
14034,CO,OPHTHALMOLOGY,M,1974
14035,DC,CLINICAL CARDIAC ELECTROPHYSIOLOGY,M,1972
14036,UT,ANATOMIC/CLINICAL PATHOLOGY,F,1974
14037,MN,DIAGNOSTIC RADIOLOGY,M,1975
14038,WA,NEURORADIOLOGY,M,1967
14039,TX,INTERVENTIONAL CARDIOLOGY,M,1973
14040,CA,INTERNAL MEDICINE/PEDIATRICS,F,1971
14041,CA,PEDIATRICS,M,1970
14042,GA,CARDIOVASCULAR DISEASE,M,1974
14043,FL,DIAGNOSTIC RADIOLOGY,M,1974
14044,AZ,PEDIATRIC EMERGENCY MEDICINE (PEDIATRICS),F,1976
14045,NC,CARDIOVASCULAR DISEASE,M,1974
14046,VA,RADIATION ONCOLOGY,F,1973
14047,TN,HEMATOLOGY/ONCOLOGY,F,1970
14048,NC,PEDIATRIC RADIOLOGY,M,1967
14049,CA,ANESTHESIOLOGY,M,1972
14050,MI,ANATOMIC/CLINICAL PATHOLOGY,M,1969
14051,MA,ALLERGY & IMMUNOLOGY,F,1975
14052,IA,EMERGENCY MEDICINE,M,1974
14053,LA,PEDIATRICS,F,1974
14054,TN,SPORTS MEDICINE (FAMILY MEDICINE),M,1971
14055,IN,PULMONARY CRITICAL CARE MEDICINE,M,1972
14056,SC,EMERGENCY MEDICINE,M,1974
14057,CA,INTERNAL MEDICINE,M,1973
14058,CA,NEUROLOGY,M,1958
14059,AZ,GENERAL SURGERY,M,1975
14060,MO,INTERVENTIONAL CARDIOLOGY,M,1970
14061,FL,HEMATOLOGY/ONCOLOGY,M,1974
14062,NJ,INTERNAL MEDICINE,F,1957
14063,VA,DIAGNOSTIC RADIOLOGY,M,1969
14064,PA,GASTROENTEROLOGY,M,1971
14065,CA,EMERGENCY MEDICINE,M,1970
14066,CA,DIAGNOSTIC RADIOLOGY,M,1974
14067,MD,PEDIATRICS,M,1969
14068,OR,DERMATOPATHOLOGY,M,1975
14069,NJ,EMERGENCY MEDICINE,M,1973
14070,SD,DERMATOLOGY,F,1975
14071,MA,FAMILY MEDICINE,F,1974
14072,OH,DIAGNOSTIC RADIOLOGY,M,1974
14073,GA,OBSTETRICS & GYNECOLOGY,M,1974
14074,MN,EMERGENCY MEDICINE,M,1974
14075,IL,FAMILY MEDICINE,M,1962
14076,IL,DIAGNOSTIC RADIOLOGY,M,1974
14077,FL,PEDIATRICS,F,1973
14078,IL,DIAGNOSTIC RADIOLOGY,M,1974
14079,MN,PEDIATRIC ENDOCRINOLOGY,F,1969
14080,MD,CARDIOVASCULAR DISEASE,M,1971
14081,NM,EMERGENCY MEDICINE,M,1966
14082,CA,CARDIOVASCULAR DISEASE,M,1976
14083,CA,DIAGNOSTIC RADIOLOGY,M,1974
14084,TX,FAMILY MEDICINE,F,1967
14085,KY,HOSPITALIST,M,1966
14086,NY,GASTROENTEROLOGY,M,1972
14087,PA,DIAGNOSTIC RADIOLOGY,M,1968
14088,TX,VASCULAR & INTERVENTIONAL RADIOLOGY,M,1974
14089,NY,PEDIATRIC ENDOCRINOLOGY,F,1960
14090,TX,PEDIATRIC CARDIOLOGY,M,1971
14091,MO,DIAGNOSTIC RADIOLOGY,M,1970
14092,AL,NEPHROLOGY,M,1975
14093,GA,CARDIOVASCULAR DISEASE,M,1975
14094,FL,RADIATION ONCOLOGY,F,1971
14095,CA,INTERNAL MEDICINE,M,1973
14096,HI,PEDIATRIC SURGERY,M,1975
14097,AL,DERMATOPATHOLOGY,M,1972
14098,NY,DERMATOLOGIC SURGERY,F,1974
14099,NJ,FAMILY MEDICINE,M,1969
14100,NY,CARDIOVASCULAR DISEASE,M,1975
14101,PA,PULMONARY CRITICAL CARE MEDICINE,M,1972
14102,FL,INTERNAL MEDICINE,M,1963
14103,FL,INTERNAL MEDICINE,M,1965
14104,OH,EMERGENCY MEDICINE,M,1973
14105,VA,PEDIATRICS,M,1973
14106,CA,DIAGNOSTIC RADIOLOGY,M,1960
14107,NY,ANESTHESIOLOGY,M,1959
14108,TX,INTERNAL MEDICINE,F,1972
14109,NJ,EMERGENCY MEDICINE,M,1973
14110,NJ,PHYSICAL MEDICINE & REHABILITATION,F,1962
14111,NY,PAIN MEDICINE (ANESTHESIOLOGY),M,1965
14112,CA,FAMILY MEDICINE,F,1967
14113,FL,UROLOGY,M,1974
14114,WI,CYTOPATHOLOGY,F,1973
14115,IL,ANATOMIC/CLINICAL PATHOLOGY,F,1973
14116,FL,CARDIOVASCULAR DISEASE,M,1975
14117,SC,CLINICAL CARDIAC ELECTROPHYSIOLOGY,M,1972
14118,CA,EMERGENCY MEDICINE,M,1974
14119,AZ,GENERAL SURGERY,F,1975
14120,MN,MEDICAL ONCOLOGY,M,1971
14121,TX,DIAGNOSTIC RADIOLOGY,M,1972
14122,AL,OPHTHALMOLOGY,M,1967
14123,FL,NEURORADIOLOGY,F,1975
14124,NY,INFECTIOUS DISEASE,M,1974
14125,NC,PEDIATRICS,F,1965
14126,AZ,PULMONARY DISEASE,F,1975
14127,NY,FAMILY MEDICINE,M,1962
14128,CA,PAIN MEDICINE (ANESTHESIOLOGY),M,1968
14129,NJ,INTERNAL MEDICINE,M,1973
14130,NY,EMERGENCY MEDICINE,M,1974
14131,AZ,ANESTHESIOLOGY,M,1973
14132,CA,OBSTETRICS & GYNECOLOGY,M,1972
14133,NY,CARDIOVASCULAR DISEASE,F,1973
14134,NY,NUCLEAR MEDICINE,M,1956
14135,NY,EMERGENCY MEDICINE,F,1971
14136,FL,PHYSICAL MEDICINE & REHABILITATION,M,1961
14137,NY,NEPHROLOGY,F,1958
14138,OH,DIAGNOSTIC RADIOLOGY,M,1980
14139,IN,INTERNAL MEDICINE,M,1963
14140,NJ,EMERGENCY MEDICINE,M,1974
14141,NY,PEDIATRICS,F,1974
14142,MA,INTERNAL MEDICINE,F,1968
14143,TX,GASTROENTEROLOGY,M,1972
14144,CT,PHYSICIAN ASSISTANT,F,1972
14145,OH,PEDIATRIC RADIOLOGY,M,1975
14146,NJ,EMERGENCY MEDICINE,F,1968
14147,MI,DIAGNOSTIC RADIOLOGY,M,1968
14148,NV,SELECTIVE PATHOLOGY,F,1969
14149,CA,EMERGENCY MEDICINE,M,1974
14150,TX,FAMILY MEDICINE,M,1967
14151,NJ,RHEUMATOLOGY,M,1975
14152,GA,INTERNAL MEDICINE,M,1975
14153,NY,OBSTETRICS & GYNECOLOGY,F,1961
14154,NY,PEDIATRICS,F,1959
14155,TX,FAMILY MEDICINE,M,1961
14156,MI,PAIN MEDICINE (ANESTHESIOLOGY),M,1966
14157,NV,DIAGNOSTIC RADIOLOGY,M,1972
14158,PA,PHYSICAL MEDICINE & REHABILITATION,F,1973
14159,CA,EMERGENCY MEDICINE,M,1968
14160,MD,DERMATOLOGY,M,1959
14161,AL,ANATOMIC/CLINICAL PATHOLOGY,F,1977
14162,NJ,ANESTHESIOLOGY,M,1975
14163,PA,PAIN MEDICINE,F,1977
14164,CA,EMERGENCY MEDICINE,M,1971
14165,OH,INTERNAL MEDICINE,M,1975
14166,TN,PULMONARY DISEASE,M,1975
14167,CT,NURSE PRACTITIONER,F,1974
14168,IL,CARDIOVASCULAR DISEASE,M,1973
14169,AK,PSYCHIATRY,F,1975
14170,AZ,PULMONARY DISEASE,M,1976
14171,NV,FAMILY MEDICINE,F,1975
14172,GA,FAMILY MEDICINE,F,1971
14173,FL,FAMILY MEDICINE,M,1957
14174,NY,INTERNAL MEDICINE,M,1971
14175,TN,EMERGENCY MEDICINE,M,1977
14176,AZ,INTERNAL MEDICINE,M,1972
14177,GA,PEDIATRICS,F,1975
14178,TX,EMERGENCY MEDICINE,M,1974
14179,SC,EMERGENCY MEDICINE,M,1973
14180,WA,EMERGENCY MEDICINE,M,1972
14181,CA,NEUROLOGY,F,1973
14182,MI,FAMILY MEDICINE,M,1973
14183,OH,DERMATOLOGY,M,1976
14184,FL,ANESTHESIOLOGY,M,1975
14185,TX,RADIATION ONCOLOGY,M,1973
14186,CO,PULMONARY CRITICAL CARE MEDICINE,M,1967
14187,PA,VASCULAR & INTERVENTIONAL RADIOLOGY,M,1975
14188,LA,PAIN MEDICINE (ANESTHESIOLOGY),M,1971
14189,CA,OPHTHALMOLOGY,F,1971
14190,TX,RADIOLOGY,M,1973
14191,MN,DIAGNOSTIC RADIOLOGY,M,1974
14192,FL,CARDIOVASCULAR DISEASE,M,1977
14193,OH,PULMONARY CRITICAL CARE MEDICINE,M,1971
14194,CO,EMERGENCY MEDICINE,F,1975
14195,MO,INTERNAL MEDICINE,M,1973
14196,CA,FAMILY MEDICINE,M,1960
14197,GA,PAIN MEDICINE,M,1970
14198,HI,EMERGENCY MEDICINE,M,1974
14199,HI,EMERGENCY MEDICINE,F,1965
14200,FL,INTERNAL MEDICINE,F,1972
14201,GA,FAMILY MEDICINE,F,1964
14202,TX,DENTIST,M,1969
14203,MI,FAMILY MEDICINE,M,1968
14204,IL,GERIATRIC MEDICINE (INTERNAL MEDICINE),F,1966
14205,GA,INTERNAL MEDICINE,M,1973
14206,NY,NURSE PRACTITIONER,F,
14207,CA,CARDIOVASCULAR DISEASE,M,1975
14208,NM,GASTROENTEROLOGY,F,1967
14209,CA,DIAGNOSTIC RADIOLOGY,M,1975
14210,CA,PEDIATRICS,F,1974
14211,MS,NURSE PRACTITIONER,F,1974
14212,OH,EMERGENCY MEDICINE,F,1975
14213,FL,NEUROLOGY,F,1969
14214,CA,CRITICAL CARE MEDICINE (INTERNAL MEDICINE),M,1975
14215,ME,FAMILY MEDICINE,F,1970
14216,TX,FAMILY MEDICINE,M,1959
14217,CA,INTERNAL MEDICINE,M,1971
14218,NY,ANESTHESIOLOGY,M,1961
14219,NM,HAND SURGERY,M,1969
14220,NC,INTERNAL MEDICINE,F,1970
14221,FL,PHYSICIAN ASSISTANT,M,1958
14222,PA,PHYSICIAN ASSISTANT,F,1980
14223,FL,EMERGENCY MEDICINE,F,1974
14224,MN,FAMILY MEDICINE,F,1969
14225,CA,PEDIATRIC EMERGENCY MEDICINE,F,1976
14226,FL,EMERGENCY MEDICINE,M,1968
14227,IL,FAMILY MEDICINE,F,1971
14228,CA,EMERGENCY MEDICINE,M,1974
14229,CO,CARDIOVASCULAR DISEASE,M,1971
14230,IL,DIAGNOSTIC RADIOLOGY,M,1968
14231,NY,FAMILY MEDICINE,F,1959
14232,IL,EMERGENCY MEDICINE,M,1972
14233,CO,INTERNAL MEDICINE,F,1972
14234,AZ,RADIATION ONCOLOGY,M,1972
14235,CA,NURSE PRACTITIONER,F,
14236,NY,EMERGENCY MEDICINE,F,1974
14237,NJ,NURSE PRACTITIONER,F,
14238,CA,RHEUMATOLOGY,F,1973
14239,FL,FAMILY MEDICINE,F,1976
14240,CO,PHYSICIAN ASSISTANT,F,1972
14241,IL,EMERGENCY MEDICINE,M,1975
14242,MN,EMERGENCY MEDICINE,M,1976
14243,FL,HOSPITALIST,F,1970
14244,CA,NURSE PRACTITIONER,F,
14245,FL,PEDIATRICS,F,1955
14246,TX,NEUROLOGY,F,1974
14247,WA,PHYSICIAN ASSISTANT,M,1973
14248,NY,PHYSICIAN ASSISTANT,F,1968
14249,NC,PEDIATRICS,F,1976
14250,LA,EMERGENCY MEDICINE,M,1974
14251,WA,FAMILY MEDICINE,F,1973
14252,MD,CARDIOVASCULAR DISEASE,F,1977
14253,NJ,INTERNAL MEDICINE,F,1970
14254,NC,PHYSICIAN ASSISTANT,F,1975
14255,MO,DIAGNOSTIC RADIOLOGY,F,1975
14256,UT,PHYSICIAN ASSISTANT,F,1961
14257,WA,PHYSICIAN ASSISTANT,M,1975
14258,IL,INTERNAL MEDICINE,F,1967
14259,OH,CARDIOVASCULAR DISEASE,M,1972
14260,PA,EMERGENCY MEDICINE,M,1974
14261,NY,PHYSICIAN ASSISTANT,M,1964
14262,PA,INFECTIOUS DISEASE,M,1968
14263,CA,DERMATOLOGY,M,1971
14264,MA,DERMATOLOGIC SURGERY,M,1973
14265,NC,DERMATOPATHOLOGY,M,1975
14266,FL,EMERGENCY MEDICINE,M,1969
14267,WA,FAMILY MEDICINE,M,1970
14268,CA,PSYCHIATRY,M,1974
14269,MD,FAMILY MEDICINE,F,1964
14270,NY,NURSE PRACTITIONER,F,
14271,TX,EMERGENCY MEDICINE,M,1969
14272,AZ,HEMATOLOGY/ONCOLOGY,M,1975
14273,WA,PHYSICIAN ASSISTANT,M,1961
14274,IN,NURSE PRACTITIONER,F,
14275,DE,INTERNAL MEDICINE,F,1971
14276,CA,PHYSICIAN ASSISTANT,F,1974
14277,MO,RHEUMATOLOGY,F,1975
14278,KY,EMERGENCY MEDICINE,M,1973
14279,RI,DIAGNOSTIC RADIOLOGY,M,1976
14280,NJ,INTERVENTIONAL CARDIOLOGY,M,1976
14281,LA,EMERGENCY MEDICINE,M,1976
14282,SC,EMERGENCY MEDICINE,M,1975
14283,LA,EMERGENCY MEDICINE,M,1972
14284,CA,DIAGNOSTIC RADIOLOGY,M,1975
14285,TX,UROLOGY,M,1971
14286,FL,PHYSICIAN ASSISTANT,M,1963
14287,OK,EMERGENCY MEDICINE,M,1957
14288,TX,FAMILY MEDICINE,F,1965
14289,NC,OPHTHALMOLOGY,M,1969
14290,NJ,NEPHROLOGY,M,1970
14291,SC,EMERGENCY MEDICINE,M,1977
14292,MI,FAMILY MEDICINE,F,1972
14293,FL,INTERNAL MEDICINE,F,1974
14294,NY,UROLOGY,M,1975
14295,MA,PEDIATRICS,F,1975
14296,MD,FAMILY MEDICINE,F,1972
14297,WA,FAMILY MEDICINE,M,1969
14298,FL,DERMATOLOGY,F,1970
14299,NY,NURSE PRACTITIONER,F,
14300,WA,NURSE PRACTITIONER,F,1962
14301,LA,CARDIOVASCULAR DISEASE,M,1968
14302,OH,EMERGENCY MEDICINE,M,1972
14303,PA,NURSE PRACTITIONER,F,
14304,IL,INTERNAL MEDICINE,F,1972
14305,FL,CARDIOVASCULAR DISEASE,M,1977
14306,TX,FAMILY MEDICINE,F,1968
14307,MI,CLINICAL CARDIAC ELECTROPHYSIOLOGY,M,1976
14308,MI,RADIATION ONCOLOGY,M,1975
14309,OH,INTERNAL MEDICINE,F,1975
14310,NV,INTERNAL MEDICINE,F,1954
14311,CA,FAMILY MEDICINE,F,1972
14312,CA,PEDIATRICS,M,1973
14313,GA,HEMATOLOGY/ONCOLOGY,F,1968
14314,WA,PEDIATRIC NEPHROLOGY,F,1969
14315,WA,INTERVENTIONAL CARDIOLOGY,M,1976
14316,NC,PHYSICIAN ASSISTANT,F,1979
14317,CO,CLINICAL CARDIAC ELECTROPHYSIOLOGY,M,1975
14318,FL,INTERNAL MEDICINE,M,1966
14319,CA,DIAGNOSTIC RADIOLOGY,F,1976
14320,MI,FAMILY MEDICINE,F,1977
14321,MA,EMERGENCY MEDICINE,M,1969
14322,WI,CARDIOVASCULAR DISEASE,M,1974
14323,NY,OBSTETRICS & GYNECOLOGY,F,1968
14324,FL,CARDIOVASCULAR DISEASE,M,1969
14325,MA,NEPHROLOGY,F,1970
14326,CT,NEPHROLOGY,M,1976
14327,MI,INTERNAL MEDICINE,F,1968
14328,MI,"ENDOCRINOLOGY, DIABETES & METABOLISM",F,1974
14329,MO,EMERGENCY MEDICINE,M,1967
14330,VA,FAMILY MEDICINE,F,1974
14331,AL,FAMILY MEDICINE,M,1968
14332,MI,PSYCHIATRY,M,1966
14333,AR,RHEUMATOLOGY,M,1970
14334,MO,EMERGENCY MEDICINE,F,1974
14335,VA,FAMILY MEDICINE,M,1954
14336,ME,NURSE PRACTITIONER,F,1974
14337,GA,EMERGENCY MEDICINE,M,1965
14338,IL,FAMILY MEDICINE,M,1966
14339,CA,CARDIOVASCULAR DISEASE,M,1972
14340,FL,CARDIOVASCULAR DISEASE,M,1977
14341,FL,DERMATOLOGY,M,1977
14342,NJ,INFECTIOUS DISEASE,M,1978
14343,TX,INTERNAL MEDICINE,F,1975
14344,MO,NEURORADIOLOGY,M,1974
14345,MS,INFECTIOUS DISEASE,M,1962
14346,GA,INTERNAL MEDICINE,F,1975
14347,OR,PHYSICIAN ASSISTANT,M,1970
14348,TN,INTERNAL MEDICINE/PEDIATRICS,M,1971
14349,CT,NURSE PRACTITIONER,F,1975
14350,FL,RADIATION ONCOLOGY,M,1963
14351,GA,INTERNAL MEDICINE,M,1972
14352,MA,PEDIATRICS,F,1974
14353,NJ,PHYSICIAN ASSISTANT,F,1980
14354,CA,NURSE PRACTITIONER,F,
14355,NY,DERMATOLOGY,F,1976
14356,LA,PHYSICIAN ASSISTANT,M,1974
14357,SC,OPHTHALMOLOGY,M,1976
14358,CA,NEUROLOGY,M,1963
14359,CO,PEDIATRIC RADIOLOGY,M,1973
14360,KY,CARDIOVASCULAR DISEASE,M,1971
14361,WA,CARDIOVASCULAR DISEASE,M,1976
14362,UT,GASTROENTEROLOGY,M,1975
14363,DE,NURSE PRACTITIONER,F,
14364,NJ,CARDIOVASCULAR DISEASE,M,1972
14365,FL,INTERNAL MEDICINE,M,1972
14366,CO,INTERNAL MEDICINE/PEDIATRICS,M,1975
14367,GA,EMERGENCY MEDICINE,M,1969
14368,NC,FAMILY MEDICINE,M,1966
14369,LA,FAMILY MEDICINE,M,1972
14370,WA,CARDIOVASCULAR DISEASE,F,1976
14371,OH,NEUROLOGY,M,1974
14372,MT,RADIATION ONCOLOGY,M,1970
14373,TX,NURSE PRACTITIONER,F,1955
14374,OH,NURSE PRACTITIONER,F,1970
14375,MI,EMERGENCY MEDICINE,M,1973
14376,MD,FAMILY MEDICINE,F,1969
14377,NY,FAMILY MEDICINE,M,1973
14378,KS,DIAGNOSTIC RADIOLOGY,M,1973
14379,FL,GENERAL PRACTICE,M,1970
14380,CT,PAIN MEDICINE,M,1975
14381,WA,ABDOMINAL RADIOLOGY,F,1978
14382,WA,PEDIATRIC RADIOLOGY,M,1974
14383,MI,EMERGENCY MEDICINE,M,1977
14384,OH,UROLOGY,M,1974
14385,CO,INTERNAL MEDICINE,F,1972
14386,NJ,CARDIOVASCULAR DISEASE,M,1974
14387,CA,"ENDOCRINOLOGY, DIABETES & METABOLISM",M,1973
14388,MO,DIAGNOSTIC RADIOLOGY,M,1975
14389,SC,INTERNAL MEDICINE,M,1974
14390,CA,NEPHROLOGY,F,1971
14391,FL,FAMILY MEDICINE,F,1961
14392,WA,PEDIATRICS,F,1974
14393,NE,PSYCHIATRY,F,1972
14394,DC,EMERGENCY MEDICINE,M,1976
14395,MO,INTERNAL MEDICINE,M,1968
14396,FL,EMERGENCY MEDICINE,M,1968
14397,CA,INTERNAL MEDICINE,M,1967
14398,OR,EMERGENCY MEDICINE,M,1969
14399,FL,DERMATOLOGY,M,1969
14400,CO,CARDIOVASCULAR DISEASE,F,1974
14401,RI,FAMILY MEDICINE,M,1956
14402,CO,PEDIATRICS,M,1974
14403,MD,GENERAL SURGERY,M,1974
14404,IL,DIAGNOSTIC RADIOLOGY,M,1977
14405,TX,INTERNAL MEDICINE,M,1953
14406,PR,EMERGENCY MEDICINE,M,1975
14407,NY,GASTROENTEROLOGY,M,1974
14408,GA,PHYSICAL MEDICINE & REHABILITATION,F,1972
14409,TX,PULMONARY CRITICAL CARE MEDICINE,F,1976
14410,TX,FAMILY MEDICINE,M,1958
14411,MD,EMERGENCY MEDICINE,M,1974
14412,MO,HOSPITALIST,F,1968
14413,CA,PULMONARY CRITICAL CARE MEDICINE,F,1966
14414,MD,EMERGENCY MEDICINE,M,1972
14415,TN,CARDIOVASCULAR DISEASE,M,1967
14416,LA,FAMILY MEDICINE,M,1975
14417,CA,CARDIOVASCULAR DISEASE,M,1972
14418,CA,DERMATOLOGY,M,1973
14419,CA,NURSE PRACTITIONER,F,
14420,MO,INTERNAL MEDICINE,M,1971
14421,KY,PULMONARY CRITICAL CARE MEDICINE,M,1970
14422,TX,EMERGENCY MEDICINE,F,1975
14423,KY,NURSE PRACTITIONER,M,1967
14424,MI,FAMILY MEDICINE,M,1975
14425,FL,INTERNAL MEDICINE,M,1971
14426,VA,PULMONARY CRITICAL CARE MEDICINE,M,1969
14427,MD,PHYSICIAN ASSISTANT,F,1968
14428,TX,PEDIATRICS,F,1970
14429,NC,EMERGENCY MEDICINE,M,1962
14430,NY,FAMILY MEDICINE,F,1962
14431,FL,INTERNAL MEDICINE,M,1971
14432,NY,INTERNAL MEDICINE,M,1971
14433,NH,ANESTHESIOLOGY,M,1973
14434,MO,FAMILY MEDICINE,F,1976
14435,CA,INTERNAL MEDICINE,M,1965
14436,GA,PULMONARY DISEASE,M,1973
14437,AZ,RADIOLOGY,M,1969
14438,TX,EMERGENCY MEDICINE,M,1975
14439,WI,FAMILY MEDICINE,M,1972
14440,OH,DIAGNOSTIC RADIOLOGY,M,1976
14441,CA,EMERGENCY MEDICINE,M,1974
14442,FL,HEMATOLOGY (PATHOLOGY),M,1971
14443,NY,FAMILY MEDICINE,M,1971
14444,IL,NEPHROLOGY,M,1973
14445,WA,FAMILY MEDICINE,M,1970
14446,AZ,GASTROENTEROLOGY,M,1971
14447,OH,INTERNAL MEDICINE,F,1973
14448,NC,NEPHROLOGY,M,1975
14449,MI,FAMILY MEDICINE,M,1961
14450,IA,FAMILY MEDICINE,M,1977
14451,MD,"ENDOCRINOLOGY, DIABETES & METABOLISM",M,1975
14452,IN,NEUROLOGY,M,1973
14453,FL,FAMILY MEDICINE,M,1970
14454,OR,FAMILY MEDICINE,M,1968
14455,TX,CARDIOVASCULAR DISEASE,M,1975
14456,LA,PULMONARY CRITICAL CARE MEDICINE,M,1976
14457,MO,FAMILY MEDICINE,M,1975
14458,FL,PEDIATRICS,M,1973
14459,OH,GASTROENTEROLOGY,M,1970
14460,CA,CARDIOVASCULAR DISEASE,M,1978
14461,OH,FORENSIC PSYCHIATRY,M,1973
14462,NY,INTERNAL MEDICINE,M,1973
14463,CA,INTERNAL MEDICINE,M,1974
14464,GA,FAMILY MEDICINE,M,1976
14465,NJ,PHYSICIAN ASSISTANT,M,1967
14466,LA,FAMILY MEDICINE,M,1971
14467,AZ,GASTROENTEROLOGY,M,1972
14468,MI,EMERGENCY MEDICINE,F,1971
14469,NJ,PHYSICAL MEDICINE & REHABILITATION,M,1976
14470,CA,FAMILY MEDICINE,F,1974
14471,AL,EMERGENCY MEDICINE,F,1972
14472,OH,PROCEDURAL DERMATOLOGY,F,1974
14473,FL,NEURORADIOLOGY,M,1968
14474,MD,GASTROENTEROLOGY,M,1975
14475,NY,UROLOGY,M,1974
14476,NJ,FAMILY MEDICINE,F,1974
14477,TX,CARDIOVASCULAR DISEASE,F,1972
14478,TX,EMERGENCY MEDICINE,M,1969
14479,GA,INTERVENTIONAL CARDIOLOGY,M,1974
14480,NY,DIAGNOSTIC RADIOLOGY,F,1977
14481,TX,GERIATRIC MEDICINE (FAMILY MEDICINE),F,1970
14482,OK,EMERGENCY MEDICINE,M,1975
14483,NJ,DERMATOLOGY,F,1970
14484,AL,INTERNAL MEDICINE/PEDIATRICS,F,1975
14485,NJ,CARDIOVASCULAR DISEASE,M,1977
14486,MA,CARDIOVASCULAR DISEASE,M,1972
14487,PA,NEUROLOGY,F,1973
14488,NJ,EMERGENCY MEDICINE,M,1965
14489,NJ,EMERGENCY MEDICINE,M,1973
14490,NV,EMERGENCY MEDICINE,M,1973
14491,AZ,PHYSICIAN ASSISTANT,M,1968
14492,FL,NEUROLOGY,F,1963
14493,AL,EMERGENCY MEDICINE,M,1971
14494,OR,EMERGENCY MEDICINE,M,1965
14495,TX,EMERGENCY MEDICINE,M,1973
14496,FL,RHEUMATOLOGY,M,1970
14497,OH,OBSTETRICS & GYNECOLOGY,F,1978
14498,TX,CHILD & ADOLESCENT PSYCHIATRY,M,1978
14499,MA,INTERNAL MEDICINE,F,1971
14500,FL,INTERNAL MEDICINE,M,1968
14501,TN,CARDIOVASCULAR DISEASE,M,1974
14502,PA,FAMILY MEDICINE,M,1975
14503,IA,FAMILY MEDICINE,F,1973
14504,PA,INTERNAL MEDICINE,F,1972
14505,MI,EMERGENCY MEDICINE,M,1968
14506,PA,DIAGNOSTIC RADIOLOGY,M,1975
14507,CA,EMERGENCY MEDICINE,M,1974
14508,MD,INTERNAL MEDICINE,M,1971
14509,FL,CARDIOVASCULAR DISEASE,M,1973
14510,NY,CARDIOVASCULAR DISEASE,F,1975
14511,NJ,GASTROENTEROLOGY,M,1970
14512,FL,EMERGENCY MEDICINE,M,1976
14513,WA,PULMONARY CRITICAL CARE MEDICINE,F,1975
14514,SC,INTERNAL MEDICINE,F,1974
14515,VA,PEDIATRICS,M,1972
14516,AZ,NEUROLOGY,M,1971
14517,LA,DERMATOLOGY,M,1976
14518,OH,GASTROENTEROLOGY,F,1975
14519,NJ,HEMATOLOGY/ONCOLOGY,M,1974
14520,CO,FAMILY MEDICINE,F,1973
14521,FL,HEMATOLOGY/ONCOLOGY,F,1972
14522,CA,FAMILY MEDICINE,M,1970
14523,PA,FAMILY MEDICINE,M,1969
14524,CT,NEUROLOGY,M,1975
14525,TX,EMERGENCY MEDICINE,F,1973
14526,MD,GASTROENTEROLOGY,F,1979
14527,AR,GASTROENTEROLOGY,M,1974
14528,NJ,NEUROLOGY,F,1974
14529,TX,EMERGENCY MEDICINE,M,1976
14530,TX,DIAGNOSTIC RADIOLOGY,M,1975
14531,UT,FAMILY MEDICINE,M,1974
14532,NY,FAMILY MEDICINE,F,1977
14533,FL,INTERNAL MEDICINE,M,1967
14534,TX,EMERGENCY MEDICINE,F,1975
14535,TX,FAMILY MEDICINE,F,1976
14536,HI,INTERNAL MEDICINE,F,1976
14537,FL,CARDIOVASCULAR DISEASE,M,1972
14538,WV,FAMILY MEDICINE,M,1964
14539,TX,INTERNAL MEDICINE/PEDIATRICS,M,1974
14540,CA,PSYCHIATRY,F,1971
14541,RI,EMERGENCY MEDICINE,M,1974
14542,IL,EMERGENCY MEDICINE,M,1972
14543,OH,EMERGENCY MEDICINE,M,1976
14544,TX,PSYCHIATRY,M,1969
14545,TX,HOSPITALIST,F,1973
14546,WA,MEDICAL ONCOLOGY,M,1958
14547,HI,CARDIOVASCULAR DISEASE,F,1973
14548,VA,HEMATOLOGY/ONCOLOGY,M,1972
14549,FL,CARDIOVASCULAR DISEASE,M,1975
14550,PA,VASCULAR SURGERY,F,1976
14551,OH,INTERNAL MEDICINE,F,1965
14552,GA,INTERNAL MEDICINE,M,1954
14553,RI,PULMONARY CRITICAL CARE MEDICINE,M,1974
14554,FL,"ENDOCRINOLOGY, DIABETES & METABOLISM",M,1973
14555,LA,DERMATOLOGY,F,1976
14556,FL,CARDIOVASCULAR DISEASE,F,1973
14557,FL,CLINICAL CARDIAC ELECTROPHYSIOLOGY,M,1977
14558,PA,CARDIOVASCULAR DISEASE,F,1974
14559,GA,FAMILY MEDICINE,M,1974
14560,PA,PEDIATRICS,M,1972
14561,MO,FAMILY MEDICINE,M,1974
14562,MD,OTOLARYNGOLOGY,M,1973
14563,TX,NEUROLOGY,M,1974
14564,NM,FAMILY MEDICINE,M,1973
14565,TX,INTERNAL MEDICINE,F,1975
14566,WA,NURSE PRACTITIONER,F,
14567,LA,GASTROENTEROLOGY,M,1975
14568,MO,FAMILY MEDICINE,F,1975
14569,FL,CLINICAL CARDIAC ELECTROPHYSIOLOGY,M,1975
14570,TX,HOSPITALIST,M,1967
14571,SC,HEMATOLOGY/ONCOLOGY,F,1973
14572,AZ,CARDIOVASCULAR DISEASE,M,1975
14573,TX,NUCLEAR MEDICINE,M,1976
14574,OR,ANESTHESIOLOGY,M,1976
14575,CA,FAMILY MEDICINE,M,1968
14576,OH,PHYSICIAN ASSISTANT,F,1970
14577,OH,PHYSICAL MEDICINE & REHABILITATION,M,1965
14578,MS,GASTROENTEROLOGY,M,1965
14579,GA,FAMILY MEDICINE,M,1972
14580,CA,INTERNAL MEDICINE,M,1976
14581,MD,CARDIOVASCULAR DISEASE,M,1975
14582,DE,NURSE PRACTITIONER,F,
14583,CA,PSYCHIATRY,F,1974
14584,NY,PULMONARY DISEASE,M,1968
14585,TX,FAMILY MEDICINE,F,1963
14586,CA,FAMILY MEDICINE,M,1972
14587,FL,EMERGENCY MEDICINE,M,1973
14588,SC,GENERAL SURGERY,M,1973
14589,CA,PHYSICAL MEDICINE & REHABILITATION,M,1975
14590,GA,FAMILY MEDICINE,M,1973
14591,CA,INTERVENTIONAL CARDIOLOGY,M,1977
14592,MN,ORTHOPEDIC SURGERY,M,1975
14593,OR,NURSE PRACTITIONER,F,1969
14594,MI,EMERGENCY MEDICINE,M,1966
14595,NY,INTERNAL MEDICINE,F,1970
14596,LA,DERMATOLOGY,F,1974
14597,LA,INTERNAL MEDICINE,M,1970
14598,AZ,CARDIOVASCULAR DISEASE,M,1975
14599,NJ,FAMILY MEDICINE,M,1976
14600,WA,ANESTHESIOLOGY,F,1974
14601,OH,FAMILY MEDICINE,M,1976
14602,VA,FAMILY MEDICINE,M,1973
14603,TX,OBSTETRICS & GYNECOLOGY,F,1968
14604,TX,"ENDOCRINOLOGY, DIABETES & METABOLISM",M,1976
14605,IN,NEPHROLOGY,M,1975
14606,CA,INFECTIOUS DISEASE,M,1975
14607,TX,NEUROLOGY,F,1974
14608,TX,HEMATOLOGY/ONCOLOGY,F,1967
14609,TX,FAMILY MEDICINE,F,1976
14610,IL,FAMILY MEDICINE,M,1966
14611,AZ,INFECTIOUS DISEASE,F,1970
14612,CO,FAMILY MEDICINE,F,1972
14613,FL,FAMILY MEDICINE,M,1964
14614,AZ,PSYCHIATRY,F,1969
14615,MA,EMERGENCY MEDICINE,F,1975
14616,MD,RHEUMATOLOGY,F,1976
14617,OH,INTERNAL MEDICINE,F,1957
14618,TX,INTERVENTIONAL CARDIOLOGY,M,1975
14619,TX,FAMILY MEDICINE,M,1973
14620,KY,EMERGENCY MEDICINE,M,1971
14621,CT,FAMILY MEDICINE,F,1956
14622,CA,CARDIOVASCULAR DISEASE,M,1963
14623,CA,GENERAL PRACTICE,F,1968
14624,LA,NEPHROLOGY,M,1968
14625,PA,RHEUMATOLOGY,F,1972
14626,MA,GERIATRIC MEDICINE (INTERNAL MEDICINE),M,1973
14627,TX,NURSE PRACTITIONER,F,1972
14628,AZ,DERMATOLOGY,M,1970
14629,MD,INTERNAL MEDICINE,M,1974
14630,CA,PHYSICIAN ASSISTANT,M,1974
14631,NV,CARDIOVASCULAR DISEASE,M,1971
14632,OH,PSYCHIATRY,M,1976
14633,LA,RHEUMATOLOGY,F,1973
14634,CO,PSYCHIATRY,M,1973
14635,OR,FAMILY MEDICINE,F,1970
14636,OH,PEDIATRIC RADIOLOGY,M,1966
14637,NE,INTERVENTIONAL CARDIOLOGY,F,1976
14638,SC,EMERGENCY MEDICINE,M,1975
14639,PA,PHYSICIAN ASSISTANT,F,1975
14640,TX,GASTROENTEROLOGY,M,1975
14641,OR,NURSE PRACTITIONER,M,
14642,IN,INTERNAL MEDICINE,F,1977
14643,OH,FAMILY MEDICINE,M,1975
14644,MI,NURSE PRACTITIONER,F,
14645,WI,FAMILY MEDICINE,F,1970
14646,NJ,DIAGNOSTIC RADIOLOGY,M,1976
14647,CA,INTERNAL MEDICINE,F,1969
14648,MI,NEUROLOGY,M,1973
14649,IL,CARDIOVASCULAR DISEASE,M,1975
14650,TX,INTERNAL MEDICINE/PEDIATRICS,M,1970
14651,KY,PEDIATRICS,M,1973
14652,VA,PEDIATRICS,M,1966
14653,MI,FAMILY MEDICINE,M,1967
14654,NY,CARDIOVASCULAR DISEASE,M,1972
14655,AR,FAMILY MEDICINE,M,1975
14656,OH,FAMILY MEDICINE,M,1967
14657,IN,FAMILY MEDICINE,F,1974
14658,FL,NURSE PRACTITIONER,M,
14659,TN,FAMILY MEDICINE,M,1976
14660,AL,NURSE PRACTITIONER,F,
14661,NV,PHYSICIAN ASSISTANT,M,1973
14662,ME,PHYSICIAN ASSISTANT,M,1973
14663,MI,INFECTIOUS DISEASE,M,1967
14664,MI,GASTROENTEROLOGY,M,1973
14665,CA,EMERGENCY MEDICINE,F,1974
14666,TX,CLINICAL CARDIAC ELECTROPHYSIOLOGY,M,1975
14667,MA,CARDIOVASCULAR DISEASE,M,1977
14668,IL,INTERNAL MEDICINE,M,1959
14669,HI,EMERGENCY MEDICINE,M,1973
14670,MI,GERIATRIC MEDICINE (INTERNAL MEDICINE),F,1976
14671,FL,NURSE PRACTITIONER,M,1964
14672,TX,FAMILY MEDICINE,M,1971
14673,NJ,INFECTIOUS DISEASE,F,1967
14674,MI,EMERGENCY MEDICINE,F,1967
14675,LA,INTERNAL MEDICINE,M,1973
14676,VA,INFECTIOUS DISEASE,M,1965
14677,VA,EMERGENCY MEDICINE,M,1971
14678,CA,FAMILY MEDICINE,M,1965
14679,TX,CLINICAL NEUROPHYSIOLOGY,M,1972
14680,OH,NURSE PRACTITIONER,F,1956
14681,TN,PEDIATRIC PULMONOLOGY,M,1967
14682,NV,INTERNAL MEDICINE,M,1974
14683,LA,ANATOMIC/CLINICAL PATHOLOGY,M,1973
14684,OH,PHYSICIAN ASSISTANT,M,1960
14685,FL,PHYSICIAN ASSISTANT,M,1955
14686,FL,ANESTHESIOLOGY,M,1971
14687,CA,OPHTHALMOLOGY,M,1973
14688,TX,PHYSICIAN ASSISTANT,F,1976
14689,FL,HEMATOLOGY/ONCOLOGY,F,1976
14690,MA,CARDIOVASCULAR DISEASE,F,1974
14691,TX,CARDIOVASCULAR DISEASE,M,1974
14692,TN,NURSE PRACTITIONER,F,1978
14693,FL,GENERAL PRACTICE,F,1971
14694,MI,CARDIOVASCULAR DISEASE,M,1970
14695,FL,FAMILY MEDICINE,F,1977
14696,TX,OBSTETRICS & GYNECOLOGY,F,1977
14697,IL,DERMATOLOGY,F,1976
14698,TN,HEMATOLOGY/ONCOLOGY,M,1970
14699,VA,CARDIOVASCULAR DISEASE,F,1967
14700,LA,EMERGENCY MEDICINE,F,1974
14701,NJ,FAMILY MEDICINE,M,1972
14702,MI,PHYSICIAN ASSISTANT,M,1979
14703,LA,CLINICAL CARDIAC ELECTROPHYSIOLOGY,M,1972
14704,CA,DERMATOLOGY,M,1973
14705,NC,FAMILY MEDICINE,F,1971
14706,MI,FAMILY MEDICINE,F,1971
14707,WA,INTERNAL MEDICINE,F,1974
14708,SC,PEDIATRICS,M,1971
14709,NY,FAMILY MEDICINE,M,1973
14710,NY,GASTROENTEROLOGY,M,1976
14711,VA,PSYCHIATRY,M,1952
14712,CA,GASTROENTEROLOGY,M,1970
14713,AR,COLON & RECTAL SURGERY,M,1970
14714,TX,INTERNAL MEDICINE,F,1974
14715,FL,INTERNAL MEDICINE,M,1964
14716,MD,INTERNAL MEDICINE,F,1971
14717,MD,CARDIOVASCULAR DISEASE,M,1969
14718,DC,EMERGENCY MEDICINE,M,1974
14719,KS,DIAGNOSTIC RADIOLOGY,M,1978
14720,KS,FAMILY MEDICINE,M,1974
14721,AZ,HOSPITALIST,M,1973
14722,FL,NURSE PRACTITIONER,F,1960
14723,GA,PHYSICIAN ASSISTANT,M,1956
14724,AZ,INTERNAL MEDICINE,M,1974
14725,MS,FAMILY MEDICINE,M,1966
14726,CA,PHYSICIAN ASSISTANT,F,1970
14727,NY,NURSE PRACTITIONER,F,
14728,DC,CHILD & ADOLESCENT PSYCHIATRY,F,1962
14729,CA,UROLOGY,M,1972
14730,CO,NURSE PRACTITIONER,F,1952
14731,CA,GERIATRIC MEDICINE (INTERNAL MEDICINE),M,1972
14732,TX,INTERNAL MEDICINE,M,1973
14733,MO,FAMILY MEDICINE,F,1966
14734,NY,NURSE PRACTITIONER,F,
14735,CA,DERMATOPATHOLOGY,M,1970
14736,WI,CHILD & ADOLESCENT PSYCHIATRY,F,1972
14737,AZ,NEUROLOGY,M,1963
14738,SC,EMERGENCY MEDICINE,M,1972
14739,CA,OPTOMETRIST,M,
14740,MI,NURSE PRACTITIONER,F,
14741,NJ,OPTOMETRIST,M,
14742,MI,FAMILY MEDICINE,M,1974
14743,MI,CHILD & ADOLESCENT PSYCHIATRY,M,1970
14744,MI,PHYSICIAN ASSISTANT,F,1972
14745,KY,EMERGENCY MEDICINE,M,1962
14746,TX,GASTROENTEROLOGY,F,1973
14747,FL,INFECTIOUS DISEASE,M,1969
14748,NC,UROLOGY,F,1973
14749,TN,NURSE PRACTITIONER,F,1952
14750,FL,NURSE PRACTITIONER,F,1950
14751,CT,OBSTETRICS & GYNECOLOGY,F,1969
14752,TX,PHYSICIAN ASSISTANT,F,1957
14753,UT,PHYSICIAN ASSISTANT,M,1969
14754,MI,PHYSICIAN ASSISTANT,F,1970
14755,NY,PEDIATRICS,F,1966
14756,MI,NURSE PRACTITIONER,F,
14757,NY,NURSE PRACTITIONER,F,
14758,IL,PSYCHIATRY,M,1974
14759,SC,NURSE PRACTITIONER,F,
14760,CA,PHYSICIAN ASSISTANT,M,1961
14761,CT,PHYSICIAN ASSISTANT,F,1974
14762,MA,PSYCHIATRY,F,1974
14763,AL,NURSE PRACTITIONER,F,
14764,GA,NURSE PRACTITIONER,F,
14765,NV,FAMILY MEDICINE,M,1966
14766,FL,PSYCHIATRY,M,1957
14767,NY,PSYCHIATRY,M,1974
14768,KS,FAMILY MEDICINE,M,1963
14769,AZ,OTOLARYNGOLOGY,M,1971
14770,NH,OPTOMETRIST,M,1972
14771,OH,CARDIOVASCULAR DISEASE,M,1972
14772,GA,CARDIOVASCULAR DISEASE,F,1974
14773,GA,CARDIOVASCULAR DISEASE,M,1972
14774,TX,GASTROENTEROLOGY,M,1975
14775,PR,GENERAL PRACTICE,M,1973
14776,FL,FAMILY MEDICINE,F,1969
14777,PR,GENERAL PRACTICE,M,1971
14778,NJ,GASTROENTEROLOGY,M,1971
14779,FL,FAMILY MEDICINE,M,1964
14780,VA,DIAGNOSTIC RADIOLOGY,M,1970
14781,OH,PHYSICIAN ASSISTANT,F,1976
14782,CT,"FOOT & ANKLE, ORTHOPEDICS",M,1974
14783,NJ,INTERNAL MEDICINE,F,1972
14784,NE,PEDIATRIC ANESTHESIOLOGY,M,1971
14785,MD,NURSE PRACTITIONER,F,
14786,MA,INTERNAL MEDICINE,F,1972
14787,TN,NURSE PRACTITIONER,F,1969
14788,MS,NURSE PRACTITIONER,F,
14789,IL,EMERGENCY MEDICINE,M,1974
14790,LA,NURSE PRACTITIONER,M,
14791,OK,PHYSICIAN ASSISTANT,F,1969
14792,TX,PULMONARY CRITICAL CARE MEDICINE,M,1970
14793,AZ,PULMONARY CRITICAL CARE MEDICINE,M,1957
14794,TX,PEDIATRICS,F,1975
14795,VA,DERMATOPATHOLOGY,F,1972
14796,OH,PHYSICIAN ASSISTANT,M,1966
14797,MN,PHYSICIAN ASSISTANT,F,1975
14798,CO,PHYSICIAN ASSISTANT,F,1967
14799,MN,CARDIOVASCULAR DISEASE,F,1973
14800,MI,FAMILY MEDICINE,M,1966
14801,FL,PSYCHIATRY,M,1956
14802,WY,HEMATOLOGY/ONCOLOGY,F,1970
14803,AL,NUCLEAR MEDICINE,M,1975
14804,GA,INTERNAL MEDICINE,F,1973
14805,NV,FAMILY MEDICINE,F,1969
14806,MO,HOSPICE & PALLIATIVE MEDICINE,M,1975
14807,KY,NURSE PRACTITIONER,F,1975
14808,UT,EMERGENCY MEDICINE,M,1971
14809,FL,CARDIOVASCULAR DISEASE,M,1973
14810,FL,NURSE PRACTITIONER,M,1963
14811,CA,FAMILY MEDICINE,F,1968
14812,MI,INTERVENTIONAL CARDIOLOGY,M,1973
14813,FL,GERIATRIC MEDICINE (INTERNAL MEDICINE),M,1976
14814,AR,NURSE PRACTITIONER,F,1941
14815,IN,CARDIOVASCULAR DISEASE,M,1971
14816,GA,CARDIOVASCULAR DISEASE,M,1974
14817,OH,RADIATION ONCOLOGY,M,1973
14818,FL,EMERGENCY MEDICINE,M,1972
14819,MN,PHYSICIAN ASSISTANT,F,1957
14820,OH,GERIATRIC MEDICINE (FAMILY MEDICINE),F,1973
14821,MN,EMERGENCY MEDICINE,M,1974
14822,CA,FAMILY MEDICINE,F,1971
14823,TX,PULMONARY DISEASE,M,1973
14824,SC,OBSTETRICS & GYNECOLOGY,F,1970
14825,FL,OPHTHALMOLOGY,F,1978
14826,MI,PULMONARY DISEASE,M,1969
14827,FL,INTERNAL MEDICINE,F,1962
14828,CA,CARDIOVASCULAR DISEASE,F,1973
14829,CA,FAMILY MEDICINE,F,1977
14830,GA,INTERNAL MEDICINE,F,1973
14831,MD,PHYSICIAN ASSISTANT,M,1978
14832,CA,NURSE PRACTITIONER,F,
14833,NV,EMERGENCY MEDICINE,M,1970
14834,TX,RADIOLOGY,M,1967
14835,FL,FAMILY MEDICINE,M,1969
14836,FL,FAMILY MEDICINE,M,1963
14837,NC,PHYSICIAN ASSISTANT,F,1959
14838,MI,PHYSICIAN ASSISTANT,F,1971
14839,IL,VASCULAR & INTERVENTIONAL RADIOLOGY,F,1976
14840,TX,HEMATOLOGY/ONCOLOGY,F,1974
14841,CA,FAMILY MEDICINE,F,1973
14842,NE,OBSTETRICS & GYNECOLOGY,F,1975
14843,AR,EMERGENCY MEDICINE,M,1973
14844,AL,FAMILY MEDICINE,M,1967
14845,FL,INTERNAL MEDICINE,M,1969
14846,OK,NURSE PRACTITIONER,F,1971
14847,CA,NURSE PRACTITIONER,F,
14848,NV,NEPHROLOGY,M,1967
14849,FL,FAMILY MEDICINE,F,1970
14850,OH,HOSPITALIST,M,1976
14851,MS,PULMONARY CRITICAL CARE MEDICINE,M,1974
14852,MI,ALLERGY & IMMUNOLOGY,M,1974
14853,CA,INTERNAL MEDICINE,F,1974
14854,CA,INTERNAL MEDICINE,F,1973
14855,CA,PHYSICIAN ASSISTANT,F,1959
14856,OR,PHYSICIAN ASSISTANT,F,1961
14857,PA,PODIATRIST,M,1971
14858,IN,EMERGENCY MEDICINE,M,1975
14859,SC,GASTROENTEROLOGY,M,1975
14860,CA,FAMILY MEDICINE,M,1972
14861,TX,INTERNAL MEDICINE,M,1967
14862,LA,FAMILY MEDICINE,M,1973
14863,CT,INTERNAL MEDICINE,M,1973
14864,MA,INTERNAL MEDICINE/PEDIATRICS,M,1975
14865,FL,INTERVENTIONAL CARDIOLOGY,M,1975
14866,AL,EMERGENCY MEDICINE,M,1969
14867,MN,NURSE PRACTITIONER,F,1971
14868,FL,FAMILY MEDICINE,F,1973
14869,KY,NURSE PRACTITIONER,F,1970
14870,CT,NURSE PRACTITIONER,F,
14871,IN,FAMILY MEDICINE,M,1971
14872,NY,OBSTETRICS & GYNECOLOGY,F,1969
14873,NV,PHYSICIAN ASSISTANT,F,1973
14874,NV,EMERGENCY MEDICINE,M,1974
14875,MD,FAMILY MEDICINE,F,1969
14876,SC,PHYSICIAN ASSISTANT,M,1974
14877,MI,PHYSICIAN ASSISTANT,F,1977
14878,TN,NURSE PRACTITIONER,M,1969
14879,NC,FAMILY MEDICINE,F,1976
14880,MI,DERMATOLOGY,F,1973
14881,TX,HEMATOLOGY/ONCOLOGY,M,1975
14882,FL,PSYCHIATRY,M,
14883,CT,NURSE PRACTITIONER,F,1972
14884,MI,NURSE PRACTITIONER,F,1972
14885,MI,EMERGENCY MEDICINE,M,1976
14886,NJ,NURSE PRACTITIONER,F,
14887,FL,INTERNAL MEDICINE,F,1974
14888,CA,FAMILY MEDICINE,F,1970
14889,MI,INTERNAL MEDICINE,F,1976
14890,MI,PHYSICIAN ASSISTANT,M,1962
14891,KY,FAMILY MEDICINE,M,1964
14892,TN,FAMILY MEDICINE,M,1958
14893,TX,FAMILY MEDICINE,F,1966
14894,FL,PHYSICIAN ASSISTANT,M,1974
14895,AZ,PHYSICIAN ASSISTANT,F,1973
14896,MD,INFECTIOUS DISEASE,M,1974
14897,CA,PHYSICIAN ASSISTANT,F,1975
14898,FL,EMERGENCY MEDICINE,M,1974
14899,VA,PHYSICIAN ASSISTANT,F,1977
14900,NY,NURSE PRACTITIONER,F,1900
14901,IA,FAMILY MEDICINE,M,1974
14902,MA,FAMILY MEDICINE,M,1971
14903,NV,PHYSICIAN ASSISTANT,F,1975
14904,NY,INTERNAL MEDICINE,F,1952
14905,MN,EMERGENCY MEDICINE,F,1975
14906,MI,FAMILY MEDICINE,F,1971
14907,IN,FAMILY MEDICINE,F,1971
14908,IL,NURSE PRACTITIONER,F,
14909,MA,INTERNAL MEDICINE,F,1960
14910,CA,FAMILY MEDICINE,M,1974
14911,KS,INTERNAL MEDICINE,F,1965
14912,LA,FAMILY MEDICINE,M,1975
14913,MA,FAMILY MEDICINE,F,1971
14914,MO,DERMATOLOGY,F,1973
14915,IL,INTERNAL MEDICINE,F,1971
14916,CA,INTERNAL MEDICINE,M,1972
14917,KY,DERMATOLOGY,F,1973
14918,MI,INTERNAL MEDICINE/PEDIATRICS,F,1975
14919,NY,DERMATOLOGY,M,1971
14920,OR,OTOLARYNGOLOGY,F,1973
14921,NY,FAMILY MEDICINE,F,1971
14922,MA,PHYSICIAN ASSISTANT,M,1969
14923,MA,NURSE PRACTITIONER,F,1957
14924,MI,FAMILY MEDICINE,F,1976
14925,AL,OPTOMETRIST,F,1975
14926,TN,NURSE PRACTITIONER,F,1969
14927,PA,NURSE PRACTITIONER,F,
14928,MI,CARDIOVASCULAR DISEASE,M,1973
14929,TX,DERMATOLOGY,F,1972
14930,KY,NURSE PRACTITIONER,F,
14931,TX,CARDIOVASCULAR DISEASE,M,1970
14932,NC,HOSPITALIST,M,1971
14933,FL,FAMILY MEDICINE,M,1971
14934,MI,FAMILY MEDICINE,M,1966
14935,SD,FAMILY MEDICINE,M,1974
14936,MD,NURSE PRACTITIONER,F,1973
14937,KY,DERMATOPATHOLOGY,F,1974
14938,AL,NURSE PRACTITIONER,F,
14939,TX,INTERNAL MEDICINE,F,1970
14940,NC,FAMILY MEDICINE,F,1975
14941,MA,GASTROENTEROLOGY,M,1974
14942,MI,INTERNAL MEDICINE,M,1966
14943,FL,PSYCHIATRY,M,1968
14944,OR,INTERNAL MEDICINE,M,1968
14945,CA,INTERNAL MEDICINE/PEDIATRICS,F,1967
14946,CA,FAMILY MEDICINE,F,1970
14947,NY,INTERNAL MEDICINE,M,1972
14948,FL,GENERAL PRACTICE,F,1971
14949,LA,NURSE PRACTITIONER,M,
14950,SC,FAMILY MEDICINE,M,1970
14951,FL,GERIATRIC MEDICINE (INTERNAL MEDICINE),M,1973
14952,MO,EMERGENCY MEDICINE,F,1977
14953,WV,INTERNAL MEDICINE,M,1973
14954,PA,DENTIST,M,
14955,OK,"ENDOCRINOLOGY, DIABETES & METABOLISM",M,1974
14956,FL,EMERGENCY MEDICINE,M,1969
14957,CA,FAMILY MEDICINE,M,1965
14958,FL,FAMILY MEDICINE,M,1955
14959,MT,PHYSICIAN ASSISTANT,M,1964
14960,FL,FAMILY MEDICINE,M,1965
14961,CO,PULMONARY CRITICAL CARE MEDICINE,M,1972
14962,MI,DERMATOLOGY,M,1972
14963,TN,ANATOMIC/CLINICAL PATHOLOGY,M,1976
14964,MI,GERIATRIC MEDICINE (INTERNAL MEDICINE),F,1975
14965,FL,INTERNAL MEDICINE,F,1964
14966,MI,FAMILY MEDICINE,F,1966
14967,CA,CLINICAL CARDIAC ELECTROPHYSIOLOGY,M,1972
14968,WA,FAMILY MEDICINE,M,1965
14969,SC,FAMILY MEDICINE,M,1972
14970,NC,FAMILY MEDICINE,F,1967
14971,CO,PHYSICIAN ASSISTANT,M,1972
14972,AZ,OPTOMETRIST,F,1972
14973,MD,PHYSICIAN ASSISTANT,F,1972
14974,NC,PSYCHIATRY,M,1958
14975,TX,HEMATOLOGY/ONCOLOGY,M,1971
14976,CA,FAMILY MEDICINE,M,1964
14977,FL,DERMATOLOGY,M,1971
14978,FL,INTERNAL MEDICINE,M,1971
14979,MT,INTERNAL MEDICINE,M,1972
14980,NY,PODIATRIST,M,
14981,OH,NURSE PRACTITIONER,F,1959
14982,TX,FAMILY MEDICINE,M,1975
14983,IL,HOSPITALIST,M,1974
14984,FL,DERMATOLOGY,M,1975
14985,PA,FAMILY MEDICINE,M,1974
14986,MI,DERMATOLOGY,M,1975
14987,NE,PHYSICIAN ASSISTANT,M,1966
14988,NY,PEDIATRIC ENDOCRINOLOGY,F,1966
14989,TX,NURSE PRACTITIONER,F,1953
14990,AZ,INTERNAL MEDICINE,F,1965
14991,AR,FAMILY MEDICINE,M,1972
14992,CA,NURSE PRACTITIONER,F,
14993,FL,HEMATOLOGY/ONCOLOGY,F,1975
14994,NJ,INTERNAL MEDICINE,M,1966
14995,AR,FAMILY MEDICINE,M,1966
14996,OK,FAMILY MEDICINE,M,1973
14997,IA,INTERNAL MEDICINE,M,1972
14998,SC,FAMILY MEDICINE,F,1967
14999,MO,CARDIOVASCULAR DISEASE,M,1974
15000,MI,EMERGENCY MEDICINE,M,1975
15001,AZ,RADIATION ONCOLOGY,M,1977
15002,MI,MEDICAL ONCOLOGY,M,1975
15003,MI,"ENDOCRINOLOGY, DIABETES & METABOLISM",F,1974
15004,VA,INTERNAL MEDICINE,M,1970
15005,TX,PHYSICIAN ASSISTANT,M,1959
15006,KS,EMERGENCY MEDICINE,M,1972
15007,OK,PHYSICIAN ASSISTANT,F,1971
15008,TX,CARDIOVASCULAR DISEASE,M,1972
15009,FL,DIAGNOSTIC RADIOLOGY,M,1976
15010,FL,GASTROENTEROLOGY,F,1977
15011,PA,FAMILY MEDICINE,M,1974
15012,TN,INTERVENTIONAL CARDIOLOGY,M,1975
15013,VA,FAMILY MEDICINE,F,1975
15014,NY,INTERNAL MEDICINE,F,1967
15015,GA,FAMILY MEDICINE,M,1957
15016,VA,NEPHROLOGY,M,1966
15017,TX,INTERNAL MEDICINE,F,1963
15018,KY,HOSPITALIST,M,1973
15019,MI,OTOLARYNGOLOGY,M,1969
15020,GA,EMERGENCY MEDICINE,M,1963
15021,KS,FAMILY MEDICINE,F,1973
15022,NE,FAMILY MEDICINE,M,1975
15023,TX,FAMILY MEDICINE,M,1972
15024,MI,HOSPITALIST,M,1975
15025,SC,PHYSICIAN ASSISTANT,F,1977
15026,NJ,OTOLARYNGOLOGY,M,1975
15027,FL,NURSE PRACTITIONER,F,1900
15028,OH,HOSPITALIST,F,1965
15029,TX,PHYSICIAN ASSISTANT,F,1975
15030,VA,CLINICAL NEUROPHYSIOLOGY,M,1968
15031,TX,NURSE PRACTITIONER,F,1964
15032,MD,INTERNAL MEDICINE,M,1965
15033,NH,PHYSICIAN ASSISTANT,F,1969
15034,FL,FAMILY MEDICINE,M,1966
15035,TN,NURSE PRACTITIONER,F,1959
15036,CA,PHYSICIAN ASSISTANT,F,1972
15037,ID,CARDIOVASCULAR DISEASE,M,1971
15038,TX,NEPHROLOGY,M,1961
15039,MI,FAMILY MEDICINE,F,1972
15040,NY,PULMONARY DISEASE,M,1972
15041,FL,DIAGNOSTIC RADIOLOGY,M,1975
15042,MI,FAMILY MEDICINE,F,1971
15043,FL,PEDIATRIC EMERGENCY MEDICINE (PEDIATRICS),M,1967
15044,IN,PHYSICIAN ASSISTANT,F,1979
15045,CA,DERMATOLOGY,M,1973
15046,WI,HEMATOLOGY/ONCOLOGY,M,1975
15047,CA,PHYSICIAN ASSISTANT,F,1973
15048,CA,DIAGNOSTIC RADIOLOGY,F,1975
15049,VA,FAMILY MEDICINE,M,1974
15050,TX,PHYSICIAN ASSISTANT,F,1975
15051,CA,NURSE PRACTITIONER,F,
15052,GA,FAMILY MEDICINE,F,1973
15053,TN,NEPHROLOGY,M,1975
15054,IL,CARDIOVASCULAR DISEASE,M,1973
15055,MO,EMERGENCY MEDICINE,M,1972
15056,NY,EMERGENCY MEDICINE,F,1973
15057,CA,"FOOT & ANKLE, ORTHOPEDICS",M,1973
15058,AL,GENERAL SURGERY,F,1974
15059,MO,CARDIOVASCULAR DISEASE,M,1974
15060,GA,ORTHOPEDIC SURGERY,M,1969
15061,NC,PHYSICIAN ASSISTANT,M,1966
15062,MI,PODIATRIST,M,
15063,OK,PHYSICIAN ASSISTANT,M,1959
15064,OH,PHYSICIAN ASSISTANT,M,1965
15065,NV,PHYSICIAN ASSISTANT,M,1972
15066,OH,FAMILY MEDICINE,F,1973
15067,OH,SPORTS MEDICINE (FAMILY MEDICINE),M,1973
15068,AZ,GERIATRIC MEDICINE (INTERNAL MEDICINE),M,1969
15069,CA,INTERNAL MEDICINE,F,1972
15070,GA,FAMILY MEDICINE,M,1973
15071,IN,NURSE PRACTITIONER,F,1969
15072,MD,GASTROENTEROLOGY,M,1974
15073,FL,FAMILY MEDICINE,M,1962
15074,NC,EMERGENCY MEDICINE,F,1971
15075,KY,FAMILY MEDICINE,M,1966
15076,MN,FAMILY MEDICINE,M,1970
15077,FL,NURSE PRACTITIONER,F,1955
15078,CA,OPTOMETRIST,M,
15079,CA,FAMILY MEDICINE,M,1971
15080,FL,DERMATOLOGY,F,1961
15081,FL,PSYCHIATRY,M,1965
15082,OH,FAMILY MEDICINE,M,1963
15083,NM,CARDIOVASCULAR DISEASE,F,1971
15084,NY,PODIATRIST,M,
15085,OH,INTERVENTIONAL CARDIOLOGY,M,1976
15086,MI,NURSE PRACTITIONER,F,2000
15087,KS,CARDIOVASCULAR DISEASE,M,1971
15088,FL,ANATOMIC/CLINICAL PATHOLOGY,M,1972
15089,SD,FAMILY MEDICINE,F,1971
15090,FL,PHYSICIAN ASSISTANT,M,1974
15091,FL,PHYSICIAN ASSISTANT,M,1968
15092,PA,FAMILY MEDICINE,M,1967
15093,CA,OBSTETRICS & GYNECOLOGY,F,1971
15094,OH,EMERGENCY MEDICINE,M,1975
15095,AR,NURSE PRACTITIONER,F,1972
15096,FL,NURSE PRACTITIONER,F,1967
15097,NC,PHYSICIAN ASSISTANT,F,1979
15098,FL,INTERNAL MEDICINE,M,1974
15099,FL,PSYCHIATRY,F,1970
15100,MI,ANESTHESIOLOGY,M,1975
15101,AK,OPTOMETRIST,M,1971
15102,DE,NURSE PRACTITIONER,F,
15103,OR,PHYSICIAN ASSISTANT,M,1970
15104,MO,HEMATOLOGY/ONCOLOGY,M,1960
15105,GA,PHYSICIAN ASSISTANT,F,1978
15106,MN,PODIATRIST,M,1966
15107,TN,FAMILY MEDICINE,F,1971
15108,CA,PULMONARY DISEASE,F,1972
15109,MD,NURSE PRACTITIONER,F,1967
15110,IN,NURSE PRACTITIONER,F,1962
15111,OK,PHYSICIAN ASSISTANT,M,1972
15112,OH,EMERGENCY MEDICINE,M,1977
15113,GA,CARDIOVASCULAR DISEASE,M,1969
15114,IN,GASTROENTEROLOGY,M,1970
15115,CO,FAMILY MEDICINE,F,1969
15116,FL,OSTEOPATHIC MANIPULATIVE MEDICINE,M,1974
15117,CA,DERMATOLOGY,F,1974
15118,PA,PHYSICAL MEDICINE & REHABILITATION,M,1958
15119,FL,FAMILY MEDICINE,F,1956
15120,FL,PHYSICIAN ASSISTANT,M,1955
15121,FL,PHYSICIAN ASSISTANT,M,1960
15122,VA,PHYSICIAN ASSISTANT,F,1967
15123,MI,NEPHROLOGY,F,1971
15124,AR,OPTOMETRIST,M,
15125,NC,NEPHROLOGY,M,1974
15126,CO,EMERGENCY MEDICINE,M,1969
15127,AK,GASTROENTEROLOGY,M,1968
15128,IL,EMERGENCY MEDICINE,M,1969
15129,CA,FAMILY MEDICINE,M,1955
15130,TN,FAMILY MEDICINE,M,1974
15131,FL,FAMILY MEDICINE,M,1972
15132,NV,PHYSICIAN ASSISTANT,F,1972
15133,OH,UROLOGY,M,1971
15134,NY,FAMILY MEDICINE,F,1972
15135,SD,NURSE PRACTITIONER,F,1959
15136,MD,NURSE PRACTITIONER,F,
15137,NY,COLON & RECTAL SURGERY,M,1973
15138,CA,PHYSICIAN ASSISTANT,F,1973
15139,CA,HEMATOLOGY/ONCOLOGY,M,1973
15140,NV,PHYSICIAN ASSISTANT,F,1965
15141,NJ,NEPHROLOGY,M,1975
15142,AL,VASCULAR & INTERVENTIONAL RADIOLOGY,M,1974
15143,OR,OTOLARYNGOLOGY,M,1975
15144,OH,PHYSICIAN ASSISTANT,F,1960
15145,TX,INTERNAL MEDICINE,M,1969
15146,TX,NURSE PRACTITIONER,F,1973
15147,NY,NURSE PRACTITIONER,F,
15148,CA,DERMATOLOGY,M,1974
15149,NY,INFECTIOUS DISEASE,F,1969
15150,NC,PEDIATRICS,M,1969
15151,WA,UROLOGY,M,1975
15152,GA,FAMILY MEDICINE,M,1975
15153,FL,"ENDOCRINOLOGY, DIABETES & METABOLISM",F,1974
15154,KY,NURSE PRACTITIONER,F,
15155,OH,PHYSICIAN ASSISTANT,F,1974
15156,NV,NURSE PRACTITIONER,F,
15157,NC,PHYSICIAN ASSISTANT,F,1972
15158,MI,DERMATOPATHOLOGY,M,1971
15159,TN,PHYSICIAN ASSISTANT,F,1975
15160,NY,HEMATOLOGY/ONCOLOGY,M,1971
15161,IL,PEDIATRICS,F,1969
15162,MO,FAMILY MEDICINE,M,1973
15163,SC,PHYSICIAN ASSISTANT,M,1949
15164,MN,HEMATOLOGY/ONCOLOGY,M,1969
15165,NY,GENERAL SURGERY,M,1970
15166,DC,INTERNAL MEDICINE,F,1971
15167,CO,RADIATION ONCOLOGY,M,1973
15168,CO,CARDIOVASCULAR DISEASE,M,1973
15169,OH,CARDIOVASCULAR DISEASE,M,1972
15170,CA,HEMATOLOGY/ONCOLOGY,F,1969
15171,FL,INTERVENTIONAL CARDIOLOGY,M,1971
15172,FL,PHYSICIAN ASSISTANT,M,1948
15173,MI,PHYSICIAN ASSISTANT,F,1976
15174,NM,PHYSICIAN ASSISTANT,F,1971
15175,FL,DERMATOLOGY,M,1966
15176,TX,RHEUMATOLOGY,F,1974
15177,KY,NURSE PRACTITIONER,F,1967
15178,FL,INTERNAL MEDICINE,F,1969
15179,FL,GERIATRIC MEDICINE (INTERNAL MEDICINE),M,1969
15180,MI,PULMONARY CRITICAL CARE MEDICINE,M,1968
15181,MA,CARDIOVASCULAR DISEASE,M,1969
15182,NJ,ANESTHESIOLOGY,M,1969
15183,VA,RHEUMATOLOGY,F,1968
15184,FL,CARDIOVASCULAR DISEASE,M,1968
15185,AZ,FAMILY MEDICINE,F,1971
15186,NY,EMERGENCY MEDICINE,F,1968
15187,OH,CYTOPATHOLOGY,M,1967
15188,OH,FAMILY MEDICINE,M,1970
15189,FL,GENERAL PRACTICE,F,1971
15190,VA,PODIATRIST,M,1972
15191,OR,PHYSICIAN ASSISTANT,F,1969
15192,TN,NURSE PRACTITIONER,M,1970
15193,TN,FAMILY MEDICINE,M,1960
15194,PA,PHYSICIAN ASSISTANT,F,1975
15195,CO,NURSE PRACTITIONER,F,1967
15196,SC,NURSE PRACTITIONER,F,1973
15197,CA,PHYSICIAN ASSISTANT,F,1973
15198,OH,PULMONARY CRITICAL CARE MEDICINE,M,1970
15199,MI,INFECTIOUS DISEASE,F,1972
15200,NV,OBSTETRICS & GYNECOLOGY,F,1973
15201,WA,PEDIATRIC EMERGENCY MEDICINE (PEDIATRICS),F,1965
15202,PA,PHYSICIAN ASSISTANT,F,1965
15203,PA,INTERNAL MEDICINE,F,1969
15204,UT,NURSE PRACTITIONER,F,
15205,NM,PHYSICIAN ASSISTANT,M,1970
15206,TX,NURSE PRACTITIONER,M,1961
15207,FL,NEPHROLOGY,F,1975
15208,MN,NURSE PRACTITIONER,F,1967
15209,OH,INTERNAL MEDICINE,M,1973
15210,CO,INTERNAL MEDICINE,M,1969
15211,GA,PEDIATRICS,F,1967
15212,CA,INTERNAL MEDICINE,F,1967
15213,OH,NURSE PRACTITIONER,F,1964
15214,OK,PHYSICIAN ASSISTANT,F,1976
15215,MN,PODIATRIST,M,1961
15216,AL,NURSE PRACTITIONER,F,1969
15217,CO,NURSE PRACTITIONER,F,1965
15218,NY,PULMONARY CRITICAL CARE MEDICINE,F,1975
15219,TX,DIAGNOSTIC RADIOLOGY,M,1975
15220,NY,PEDIATRICS,F,1975
15221,WI,EMERGENCY MEDICINE,M,1975
15222,OH,DIAGNOSTIC RADIOLOGY,M,1975
15223,FL,EMERGENCY MEDICINE,M,1968
15224,KY,FAMILY MEDICINE,M,1974
15225,WA,CLINICAL CARDIAC ELECTROPHYSIOLOGY,M,1975
15226,MN,NEPHROLOGY,M,1968
15227,NJ,EMERGENCY MEDICINE,F,1975
15228,MS,OBSTETRICS & GYNECOLOGY,F,1970
15229,NM,OBSTETRICS & GYNECOLOGY,F,1975
15230,IN,PODIATRIST,M,
15231,NE,ORAL & MAXILLOFACIAL SURGERY,M,1954
15232,CA,FAMILY MEDICINE,F,1975
15233,CA,DIAGNOSTIC RADIOLOGY,F,1974
15234,TN,NURSE PRACTITIONER,F,1951
15235,MI,DIAGNOSTIC RADIOLOGY,M,1975
15236,FL,INFECTIOUS DISEASE,M,1968
15237,FL,GASTROENTEROLOGY,F,1975
15238,NC,FAMILY MEDICINE,M,1972
15239,PA,PHYSICIAN ASSISTANT,M,1970
15240,KS,PHYSICIAN ASSISTANT,F,1975
15241,NJ,PODIATRIST,M,
15242,LA,PHYSICIAN ASSISTANT,M,1972
15243,FL,GENERAL SURGERY,F,1974
15244,MO,NURSE PRACTITIONER,F,
15245,AZ,NURSE PRACTITIONER,F,1946
15246,GA,PODIATRIST,M,1964
15247,CO,PHYSICIAN ASSISTANT,F,1974
15248,MD,NURSE PRACTITIONER,F,1965
15249,HI,EMERGENCY MEDICINE,M,1968
15250,TN,INTERNAL MEDICINE,M,1967
15251,NY,ORAL & MAXILLOFACIAL SURGERY,F,1969
15252,CA,EMERGENCY MEDICINE,M,1967
15253,CA,INTERNAL MEDICINE,F,1975
15254,PA,FAMILY MEDICINE,M,1974
15255,KS,NURSE PRACTITIONER,F,1960
15256,TX,FAMILY MEDICINE,F,1975
15257,VA,PHYSICIAN ASSISTANT,F,1966
15258,MD,NURSE PRACTITIONER,F,
15259,KY,PHYSICIAN ASSISTANT,M,
15260,KS,DIAGNOSTIC RADIOLOGY,F,1974
15261,TX,PHYSICIAN ASSISTANT,M,1966
15262,WI,NURSE PRACTITIONER,F,1957
15263,AZ,PHYSICIAN ASSISTANT,M,1965
15264,IN,NURSE PRACTITIONER,F,1949
15265,CO,NURSE PRACTITIONER,F,1969
15266,CO,NURSE PRACTITIONER,F,1958
15267,FL,INTERNAL MEDICINE,F,1958
15268,FL,NURSE PRACTITIONER,F,1964
15269,AK,PHYSICIAN ASSISTANT,M,1968
15270,TX,NURSE PRACTITIONER,M,1968
15271,OR,INTERNAL MEDICINE,F,1975
15272,CA,NURSE PRACTITIONER,F,1955
15273,IA,PHYSICIAN ASSISTANT,F,1960
15274,TX,PHYSICIAN ASSISTANT,M,1961
15275,NY,PHYSICIAN ASSISTANT,F,1973
15276,FL,INTERVENTIONAL CARDIOLOGY,M,1972
15277,TN,NURSE PRACTITIONER,M,1960
15278,MD,EMERGENCY MEDICINE,M,1963
15279,IN,NURSE PRACTITIONER,F,1959
15280,NH,PHYSICIAN ASSISTANT,M,1949
15281,OK,PHYSICIAN ASSISTANT,M,1951
15282,AZ,PHYSICIAN ASSISTANT,M,1965
15283,TX,PHYSICIAN ASSISTANT,M,1975
15284,TX,DERMATOLOGY,F,1959
15285,RI,NURSE PRACTITIONER,F,1960
15286,WA,PHYSICIAN ASSISTANT,M,1964
15287,NY,PHYSICIAN ASSISTANT,M,1972
15288,KS,PHYSICIAN ASSISTANT,F,1976
15289,DE,NURSE PRACTITIONER,F,
15290,TN,PHYSICIAN ASSISTANT,F,1970
15291,TN,NURSE PRACTITIONER,F,1962
15292,TN,NURSE PRACTITIONER,M,1966
15293,PA,NURSE PRACTITIONER,F,
15294,NJ,INTERNAL MEDICINE,F,1968
15295,DE,PHYSICIAN ASSISTANT,F,1955
15296,CA,NURSE PRACTITIONER,F,
15297,NJ,NURSE PRACTITIONER,F,
15298,CA,NURSE PRACTITIONER,F,
15299,FL,PHYSICIAN ASSISTANT,M,1972
15300,NC,NURSE PRACTITIONER,M,1967
15301,TX,NURSE PRACTITIONER,M,1959
15302,TX,GASTROENTEROLOGY,M,1973
15303,TX,PHYSICIAN ASSISTANT,M,1966
15304,VA,PHYSICIAN ASSISTANT,M,1968
15305,OH,EMERGENCY MEDICINE,M,1969
15306,CA,GASTROENTEROLOGY,M,1972
15307,GA,OBSTETRICS & GYNECOLOGY,M,1973
15308,ID,INTERVENTIONAL CARDIOLOGY,M,1973
15309,CA,PHYSICIAN ASSISTANT,M,1966
15310,FL,NURSE PRACTITIONER,F,
15311,CA,PHYSICIAN ASSISTANT,F,1959
15312,FL,CARDIOVASCULAR DISEASE,M,1974
15313,NC,PHYSICIAN ASSISTANT,F,1973
15314,TX,FAMILY MEDICINE,M,1968
15315,GA,PHYSICIAN ASSISTANT,M,1973
15316,AL,PHYSICIAN ASSISTANT,M,1964
15317,NE,PHYSICIAN ASSISTANT,M,1962
15318,SC,NURSE PRACTITIONER,F,1962
15319,NY,PHYSICIAN ASSISTANT,F,1977
15320,PA,PHYSICIAN ASSISTANT,F,1977
15321,KY,NURSE PRACTITIONER,F,1964
15322,KY,NURSE PRACTITIONER,F,1941
15323,CO,DIAGNOSTIC RADIOLOGY,M,1974
15324,TX,NURSE PRACTITIONER,F,1957
15325,AK,NURSE PRACTITIONER,F,1961
15326,CA,PHYSICIAN ASSISTANT,F,1971
15327,VA,NURSE PRACTITIONER,M,1964
15328,CA,INTERNAL MEDICINE,F,1978
15329,SC,NURSE PRACTITIONER,F,1963
15330,NV,PHYSICIAN ASSISTANT,M,1965
15331,WI,PHYSICIAN ASSISTANT,M,1971
15332,CA,PHYSICIAN ASSISTANT,F,1970
15333,TN,NURSE PRACTITIONER,M,1960
15334,SD,NURSE PRACTITIONER,F,
15335,SC,PODIATRIST,M,1970
15336,KY,NURSE PRACTITIONER,F,1955
15337,NV,PHYSICIAN ASSISTANT,F,1971
15338,IN,NEUROLOGY,M,1971
15339,WI,NURSE PRACTITIONER,F,1969
15340,MI,NURSE PRACTITIONER,F,1968
15341,NE,PHYSICIAN ASSISTANT,M,1966
15342,FL,FAMILY MEDICINE,F,1957
15343,TN,NURSE PRACTITIONER,F,1969
15344,NJ,INTERVENTIONAL CARDIOLOGY,F,1960
15345,TX,NURSE PRACTITIONER,F,1958
15346,TN,PHYSICIAN ASSISTANT,M,1962
15347,FL,NURSE PRACTITIONER,F,1962
15348,UT,PHYSICIAN ASSISTANT,M,1966
15349,OK,PHYSICIAN ASSISTANT,F,1963
15350,AZ,CARDIOVASCULAR DISEASE,M,1970
15351,MS,GENERAL SURGERY,M,1968
15352,MI,PHYSICIAN ASSISTANT,F,1953
15353,NV,OPTOMETRIST,F,
15354,NV,EMERGENCY MEDICINE,M,1969
15355,MO,FAMILY MEDICINE,F,1968
15356,FL,PHYSICIAN ASSISTANT,M,1900
15357,UT,NURSE PRACTITIONER,M,
15358,NJ,PHYSICIAN ASSISTANT,F,1965
15359,AL,NURSE PRACTITIONER,F,
15360,MO,NURSE PRACTITIONER,F,1951
15361,KY,NURSE PRACTITIONER,F,1976
15362,NV,PHYSICIAN ASSISTANT,M,1955
15363,SC,PHYSICIAN ASSISTANT,F,1972
15364,TX,PHYSICIAN ASSISTANT,M,1959
15365,MS,NURSE PRACTITIONER,F,
15366,MO,NURSE PRACTITIONER,F,1957
15367,RI,PHYSICIAN ASSISTANT,F,1966
15368,OK,PHYSICIAN ASSISTANT,F,1973
15369,SC,DIAGNOSTIC RADIOLOGY,M,1972
15370,CA,HOSPITALIST,F,1962
15371,MD,INTERNAL MEDICINE,M,1971
15372,AZ,NEPHROLOGY,F,1974
15373,CA,ANATOMIC/CLINICAL PATHOLOGY,F,1968
15374,SD,DERMATOLOGY,F,1971
15375,WI,CARDIOVASCULAR DISEASE,M,1973
15376,CA,INTERNAL MEDICINE,F,1971
15377,MT,OBSTETRICS & GYNECOLOGY,M,1973
15378,OK,DERMATOLOGY,F,1968
15379,FL,OBSTETRICS & GYNECOLOGY,M,1971
15380,OH,CARDIOVASCULAR DISEASE,M,1963
15381,DC,PEDIATRIC EMERGENCY MEDICINE (PEDIATRICS),F,1972
15382,MD,EMERGENCY MEDICINE,M,1973
15383,VA,DIAGNOSTIC RADIOLOGY,M,1972
15384,CA,ORTHOPEDIC SURGERY,M,1971
15385,TN,FAMILY MEDICINE,M,1975
15386,CA,ANATOMIC/CLINICAL PATHOLOGY,M,1968
15387,TX,INTERNAL MEDICINE,M,1973
15388,WY,FAMILY MEDICINE,M,1971
15389,CA,PHYSICIAN ASSISTANT,M,1965
15390,OH,PHYSICIAN ASSISTANT,F,1966
15391,CT,PHYSICIAN ASSISTANT,M,1963
15392,FL,GENERAL SURGERY,F,1958
15393,NY,NEPHROLOGY,F,1967
15394,OH,PULMONARY DISEASE,M,1967
15395,ID,FAMILY MEDICINE,M,1970
15396,CA,INTERNAL MEDICINE,F,1969
15397,FL,GYNECOLOGICAL ONCOLOGY,M,1970
15398,MI,PHYSICIAN ASSISTANT,M,1951
15399,NH,INTERNAL MEDICINE,F,1974
15400,MD,PHYSICIAN ASSISTANT,F,1955
15401,NJ,CARDIOVASCULAR DISEASE,M,1971
15402,VA,HOSPITALIST,F,1970
15403,NY,SPORTS MEDICINE (ORTHOPEDIC SURGERY),M,1969
15404,TX,"ENDOCRINOLOGY, DIABETES & METABOLISM",M,1973
15405,GA,CARDIOVASCULAR DISEASE,F,1972
15406,TX,INTERNAL MEDICINE/PEDIATRICS,M,1969
15407,GA,PHYSICAL MEDICINE & REHABILITATION,M,1971
15408,MD,OBSTETRICS & GYNECOLOGY,F,1971
15409,WA,INTERNAL MEDICINE,F,1968
15410,PA,UROLOGY,M,1970
15411,CA,DIAGNOSTIC RADIOLOGY,M,1968
15412,DE,NEUROLOGY,M,1972
15413,TX,INTERNAL MEDICINE,M,1972
15414,CA,DIAGNOSTIC RADIOLOGY,M,1973
15415,NY,NURSE PRACTITIONER,F,
15416,IL,INFECTIOUS DISEASE,M,1968
15417,NY,INTERNAL MEDICINE,F,1969
15418,CA,INTERNAL MEDICINE,F,1970
15419,CA,ANATOMIC/CLINICAL PATHOLOGY,F,1973
15420,WA,DIAGNOSTIC RADIOLOGY,M,1969
15421,FL,GENERAL SURGERY,M,1963
15422,NY,PEDIATRICS,M,1970
15423,MA,EMERGENCY MEDICINE,M,1973
15424,NM,NEPHROLOGY,M,1971
15425,CA,OBSTETRICS & GYNECOLOGY,M,1967
15426,IN,GASTROENTEROLOGY,M,1974
15427,WI,OBSTETRICS & GYNECOLOGY,M,1973
15428,HI,INTERNAL MEDICINE,M,1972
15429,OR,FAMILY MEDICINE,F,1972
15430,TX,EMERGENCY MEDICINE,M,1973
15431,PA,NEURORADIOLOGY,M,1968
15432,NJ,CLINICAL CARDIAC ELECTROPHYSIOLOGY,M,1973
15433,CA,DIAGNOSTIC RADIOLOGY,F,1970
15434,PA,INTERNAL MEDICINE,M,1973
15435,OK,FAMILY MEDICINE,F,1971
15436,NY,OPHTHALMOLOGY,M,1974
15437,VA,DERMATOPATHOLOGY,F,1972
15438,KS,DERMATOLOGY,F,1971
15439,KY,CLINICAL CARDIAC ELECTROPHYSIOLOGY,M,1973
15440,MI,CLINICAL CARDIAC ELECTROPHYSIOLOGY,M,1973
15441,MA,INFECTIOUS DISEASE,F,1974
15442,CA,HAND SURGERY,M,1972
15443,NJ,GASTROENTEROLOGY,M,1973
15444,OH,NEURORADIOLOGY,M,1969
15445,NY,INTERNAL MEDICINE,F,1973
15446,CA,NEURORADIOLOGY,M,1973
15447,TX,FAMILY MEDICINE,F,1973
15448,CA,PEDIATRICS,F,1972
15449,TX,ANESTHESIOLOGY,M,1972
15450,OR,GASTROENTEROLOGY,M,1973
15451,TX,DIAGNOSTIC RADIOLOGY,M,1973
15452,TX,FAMILY MEDICINE,M,1955
15453,TX,EMERGENCY MEDICINE,M,1969
15454,VA,RADIATION ONCOLOGY,M,1973
15455,TN,OTOLARYNGOLOGY,M,1973
15456,SC,MOLECULAR GENETIC PATHOLOGY (PATHOLOGY),F,1966
15457,CA,FAMILY MEDICINE,M,1972
15458,CA,OBSTETRICS & GYNECOLOGY,F,1976
15459,PA,OBSTETRICS & GYNECOLOGY,F,1973
15460,NY,EMERGENCY MEDICINE,M,1967
15461,TX,EMERGENCY MEDICINE,M,1972
15462,TX,EMERGENCY MEDICINE,M,1973
15463,LA,ORTHOPEDIC SURGERY,M,1969
15464,TX,RADIOLOGY,M,1973
15465,MA,INTERNAL MEDICINE,F,1964
15466,MS,FAMILY MEDICINE,M,1971
15467,TN,DERMATOLOGY,F,1972
15468,TN,HOSPITALIST,M,1973
15469,TN,FAMILY MEDICINE,M,1972
15470,TN,UROLOGY,M,1971
15471,TX,FAMILY MEDICINE,F,1973
15472,IL,PEDIATRICS,F,1973
15473,NJ,DIAGNOSTIC RADIOLOGY,M,1973
15474,OH,PEDIATRIC EMERGENCY MEDICINE (PEDIATRICS),M,1972
15475,NH,OPHTHALMOLOGY,M,1970
15476,TX,FAMILY MEDICINE,F,1964
15477,CO,HEMATOLOGY/ONCOLOGY,M,1970
15478,PA,DIAGNOSTIC RADIOLOGY,M,1973
15479,CA,THORACIC SURGERY,M,1975
15480,WA,EMERGENCY MEDICINE,M,1971
15481,MN,OBSTETRICS & GYNECOLOGY,F,1970
15482,TX,CARDIOVASCULAR DISEASE,M,1972
15483,WA,NUCLEAR MEDICINE,F,1973
15484,MS,EMERGENCY MEDICINE,M,1970
15485,TX,EMERGENCY MEDICINE,M,1973
15486,MS,OBSTETRICS & GYNECOLOGY,F,1971
15487,AZ,FAMILY MEDICINE,F,1971
15488,AL,FAMILY MEDICINE,M,1971
15489,TX,FAMILY MEDICINE,F,1973
15490,TX,FAMILY MEDICINE,M,1961
15491,TX,EMERGENCY MEDICINE,M,1973
15492,MA,PEDIATRICS,M,1974
15493,PA,ORTHOPEDIC SURGERY,M,1972
15494,IA,ANATOMIC/CLINICAL PATHOLOGY,M,1969
15495,OR,DIAGNOSTIC RADIOLOGY,M,1972
15496,SC,EMERGENCY MEDICINE,F,1973
15497,TN,FAMILY MEDICINE,M,1973
15498,CA,RADIOLOGY,M,1958
15499,GA,CARDIOVASCULAR DISEASE,M,1975
15500,OH,INTERVENTIONAL CARDIOLOGY,M,1974
15501,IN,NEURORADIOLOGY,M,1973
15502,MI,EMERGENCY MEDICINE,M,1975
15503,OH,EMERGENCY MEDICINE,F,1956
15504,GA,VASCULAR & INTERVENTIONAL RADIOLOGY,M,1974
15505,NY,UROLOGY,M,1975
15506,PA,EMERGENCY MEDICINE,M,1971
15507,NY,PAIN MEDICINE,M,1974
15508,MD,DERMATOLOGY,M,1972
15509,CA,INTERNAL MEDICINE,M,1972
15510,PA,OBSTETRICS & GYNECOLOGY,M,1970
15511,PA,FAMILY MEDICINE,M,1973
15512,OH,EMERGENCY MEDICINE,M,1970
15513,WA,PEDIATRICS,M,1968
15514,VA,SPORTS MEDICINE (ORTHOPEDIC SURGERY),M,1968
15515,NY,INTERNAL MEDICINE,F,1971
15516,PA,UROLOGY,M,1970
15517,OH,PULMONARY CRITICAL CARE MEDICINE,M,1972
15518,MA,FAMILY MEDICINE,F,1968
15519,OH,CARDIOVASCULAR DISEASE,M,1972
15520,TX,INTERNAL MEDICINE,M,1971
15521,OH,EMERGENCY MEDICINE,M,1970
15522,MA,INTERNAL MEDICINE,M,1973
15523,NY,DIAGNOSTIC RADIOLOGY,M,1960
15524,IL,ANATOMIC/CLINICAL PATHOLOGY,F,1974
15525,FL,PULMONARY CRITICAL CARE MEDICINE,M,1974
15526,MI,FAMILY MEDICINE,M,1972
15527,MI,FAMILY MEDICINE,M,1971
15528,CA,DIAGNOSTIC RADIOLOGY,M,1970
15529,MA,CARDIOVASCULAR DISEASE,F,1972
15530,CA,COLON & RECTAL SURGERY,F,1971
15531,PA,EMERGENCY MEDICINE,M,1971
15532,MD,INTERNAL MEDICINE,M,1969
15533,VA,MEDICAL ONCOLOGY,F,1975
15534,MS,DIAGNOSTIC RADIOLOGY,M,1972
15535,MA,INTERNAL MEDICINE,M,1969
15536,LA,EMERGENCY MEDICINE,M,1974
15537,TX,PEDIATRICS,F,1973
15538,GA,CARDIOVASCULAR DISEASE,M,1971
15539,CO,CLINICAL CARDIAC ELECTROPHYSIOLOGY,M,1970
15540,IN,FAMILY MEDICINE,F,1972
15541,TX,DIAGNOSTIC RADIOLOGY,M,1970
15542,TX,INTERVENTIONAL CARDIOLOGY,M,1970
15543,FL,NEURORADIOLOGY,M,1973
15544,TX,GASTROENTEROLOGY,M,1973
15545,NY,PEDIATRIC RHEUMATOLOGY,F,1972
15546,CA,FAMILY MEDICINE,F,1972
15547,CA,PEDIATRICS,F,1971
15548,NJ,OBSTETRICS & GYNECOLOGY,F,1973
15549,NY,OPHTHALMOLOGY,F,1974
15550,NY,UROLOGY,M,1973
15551,NY,DIAGNOSTIC RADIOLOGY,F,1974
15552,CA,FAMILY MEDICINE,M,1971
15553,NV,EMERGENCY MEDICINE,F,1971
15554,MN,EMERGENCY MEDICINE,M,1973
15555,NE,GYNECOLOGY,F,1973
15556,CA,FAMILY MEDICINE,F,1971
15557,WA,TRANSPLANT HEPATOLOGY (INTERNAL MEDICINE),M,1973
15558,CO,EMERGENCY MEDICINE,M,1969
15559,AZ,DIAGNOSTIC RADIOLOGY,M,1971
15560,AR,EMERGENCY MEDICINE,F,1975
15561,TX,EMERGENCY MEDICINE,M,1975
15562,AR,EMERGENCY MEDICINE,M,1975
15563,MS,GENERAL SURGERY,M,1973
15564,MI,ANATOMIC/CLINICAL PATHOLOGY,M,1971
15565,FL,EMERGENCY MEDICINE,M,1972
15566,CA,INTERNAL MEDICINE,F,1971
15567,MD,DERMATOLOGY,F,1972
15568,AL,EMERGENCY MEDICINE,M,1969
15569,NJ,GASTROENTEROLOGY,M,1973
15570,AK,DIAGNOSTIC RADIOLOGY,F,1973
15571,IN,EMERGENCY MEDICINE,M,1971
15572,CA,ANESTHESIOLOGY,M,1974
15573,VA,INTERNAL MEDICINE,M,1973
15574,CA,FAMILY MEDICINE,F,1971
15575,IN,DERMATOPATHOLOGY,F,1971
15576,FL,EMERGENCY MEDICINE,M,1966
15577,NY,EMERGENCY MEDICINE,F,1974
15578,MD,CARDIOVASCULAR DISEASE,M,1974
15579,MS,FAMILY MEDICINE,M,1970
15580,NV,EMERGENCY MEDICINE,M,1971
15581,KY,INTERNAL MEDICINE/PEDIATRICS,F,1973
15582,FL,DERMATOLOGY,M,1973
15583,KS,RADIOLOGY,M,1973
15584,IN,PEDIATRICS,F,1960
15585,OH,GASTROENTEROLOGY,M,1972
15586,IL,DIAGNOSTIC RADIOLOGY,M,1972
15587,NV,GASTROENTEROLOGY,M,1973
15588,VT,EMERGENCY MEDICINE,M,1969
15589,GA,EMERGENCY MEDICINE,M,1971
15590,AZ,PEDIATRIC HEMATOLOGY/ONCOLOGY,F,1969
15591,TX,INTERNAL MEDICINE,F,1968
15592,FL,DERMATOLOGY,M,1961
15593,MD,INTERNAL MEDICINE,F,1969
15594,OH,EMERGENCY MEDICINE,M,1969
15595,OK,DERMATOLOGY,M,1970
15596,TN,EMERGENCY MEDICINE,M,1969
15597,TX,INTERVENTIONAL CARDIOLOGY,M,1972
15598,AZ,DERMATOLOGY,F,1970
15599,LA,EMERGENCY MEDICINE,F,1973
15600,MD,EMERGENCY MEDICINE,M,1972
15601,NC,EMERGENCY MEDICINE,M,1973
15602,TN,CARDIOVASCULAR DISEASE,M,1972
15603,MD,RADIATION ONCOLOGY,M,1972
15604,MD,DIAGNOSTIC RADIOLOGY,M,1970
15605,VA,EMERGENCY MEDICINE,M,1972
15606,MI,DIAGNOSTIC RADIOLOGY,M,1973
15607,MA,EMERGENCY MEDICINE,M,1971
15608,OR,FAMILY MEDICINE,F,1972
15609,CA,OPHTHALMOLOGY,F,1972
15610,MA,DERMATOLOGIC SURGERY,M,1973
15611,AL,CARDIOVASCULAR DISEASE,M,1962
15612,LA,PSYCHIATRY,M,1972
15613,TX,EMERGENCY MEDICINE,M,1969
15614,MI,DIAGNOSTIC RADIOLOGY,M,1972
15615,OR,EMERGENCY MEDICINE,M,1973
15616,VA,DIAGNOSTIC RADIOLOGY,F,1974
15617,AR,UROLOGY,M,1972
15618,AL,GASTROENTEROLOGY,M,1973
15619,NH,HAND SURGERY,M,1973
15620,MI,COLON & RECTAL SURGERY,M,1973
15621,MN,DIAGNOSTIC RADIOLOGY,M,1971
15622,MI,FAMILY MEDICINE,M,1971
15623,IN,DIAGNOSTIC RADIOLOGY,M,1972
15624,FL,DIAGNOSTIC RADIOLOGY,M,1970
15625,CO,INTERVENTIONAL CARDIOLOGY,M,1974
15626,CO,DIAGNOSTIC RADIOLOGY,M,1972
15627,WA,FAMILY MEDICINE,F,1972
15628,TX,ANATOMIC/CLINICAL PATHOLOGY,M,1973
15629,FL,VASCULAR & INTERVENTIONAL RADIOLOGY,M,1972
15630,SD,FAMILY MEDICINE,F,1972
15631,MI,EMERGENCY MEDICINE,F,1962
15632,WA,FAMILY MEDICINE,M,1961
15633,NY,OTOLARYNGOLOGY,M,1973
15634,MA,INTERNAL MEDICINE,M,1972
15635,WI,DIAGNOSTIC RADIOLOGY,M,1969
15636,FL,PEDIATRICS,M,1973
15637,IL,FAMILY MEDICINE,F,1969
15638,MD,NEPHROLOGY,M,1973
15639,CA,CARDIOVASCULAR DISEASE,M,1973
15640,IL,UROLOGY,M,1973
15641,MD,CARDIOVASCULAR DISEASE,M,1973
15642,MA,PEDIATRICS,F,1973
15643,CA,EMERGENCY MEDICINE,M,1973
15644,CA,PEDIATRICS,F,1972
15645,IA,EMERGENCY MEDICINE,M,1973
15646,CA,EMERGENCY MEDICINE,M,1972
15647,AZ,CARDIOVASCULAR DISEASE,M,1971
15648,IN,EMERGENCY MEDICINE,M,1973
15649,TX,OPTOMETRIST,M,1969
15650,RI,NEPHROLOGY,M,1970
15651,NJ,EMERGENCY MEDICINE,M,1973
15652,NJ,INTERNAL MEDICINE,M,1958
15653,VA,FAMILY MEDICINE,F,1972
15654,CT,HAND SURGERY,M,1963
15655,OR,OPHTHALMOLOGY,M,1970
15656,MS,HOSPITALIST,M,1972
15657,AL,PEDIATRICS,F,1970
15658,GA,FAMILY MEDICINE,M,1972
15659,MN,ORTHOPEDIC SURGERY,M,1971
15660,WI,FAMILY MEDICINE,F,1973
15661,CA,DIAGNOSTIC RADIOLOGY,M,1973
15662,CO,NEPHROLOGY,M,1973
15663,IL,FAMILY MEDICINE,F,1972
15664,IL,EMERGENCY MEDICINE,M,1972
15665,TN,ANESTHESIOLOGY,M,1968
15666,NY,OPHTHALMOLOGY,M,1969
15667,MO,OPHTHALMOLOGY,F,1972
15668,IL,RADIATION ONCOLOGY,M,1972
15669,MD,OTOLARYNGOLOGY,M,1973
15670,NM,DIAGNOSTIC RADIOLOGY,M,1972
15671,IL,INTERNAL MEDICINE,M,1969
15672,CA,DIAGNOSTIC RADIOLOGY,M,1974
15673,NV,CARDIOVASCULAR DISEASE,M,1968
15674,GA,CARDIOVASCULAR DISEASE,M,1971
15675,GA,DERMATOLOGY,M,1973
15676,NJ,GENERAL SURGERY,M,1973
15677,GA,CARDIOVASCULAR DISEASE,M,1972
15678,NY,DERMATOLOGY,F,1971
15679,CO,OBSTETRICS & GYNECOLOGY,F,1973
15680,CO,FAMILY MEDICINE,F,1970
15681,GA,INTERNAL MEDICINE,M,1973
15682,KY,INTERNAL MEDICINE,M,1973
15683,KY,PEDIATRICS,M,1972
15684,IA,DIAGNOSTIC RADIOLOGY,M,1970
15685,VA,PEDIATRIC EMERGENCY MEDICINE (PEDIATRICS),F,1973
15686,AZ,FAMILY MEDICINE,M,1971
15687,IN,GASTROENTEROLOGY,M,1973
15688,CA,EMERGENCY MEDICINE,M,1969
15689,CA,VASCULAR & INTERVENTIONAL RADIOLOGY,M,1970
15690,FL,UROLOGY,M,1973
15691,GA,EMERGENCY MEDICINE,F,1971
15692,CA,FAMILY MEDICINE,F,1972
15693,IL,INTERNAL MEDICINE,F,1972
15694,AR,DIAGNOSTIC RADIOLOGY,M,1955
15695,AR,FAMILY MEDICINE,M,1971
15696,DE,EMERGENCY MEDICINE,M,1969
15697,MA,NURSE PRACTITIONER,F,
15698,AL,CARDIOVASCULAR DISEASE,F,1958
15699,MS,NURSE PRACTITIONER,M,
15700,CO,FAMILY MEDICINE,M,1974
15701,TX,DERMATOLOGY,F,1970
15702,MI,MUSCULOSKELETAL RADIOLOGY,F,1968
15703,FL,CARDIOVASCULAR DISEASE,F,1972
15704,FL,ANESTHESIOLOGY,M,1972
15705,MD,INTERNAL MEDICINE,M,1973
15706,MD,EMERGENCY MEDICINE,M,1973
15707,NY,EMERGENCY MEDICINE,M,1972
15708,GA,INTERNAL MEDICINE,M,1971
15709,PA,DERMATOLOGY,M,1972
15710,AZ,EMERGENCY MEDICINE,F,1972
15711,CA,EMERGENCY MEDICINE,F,1967
15712,AR,FAMILY MEDICINE,M,1971
15713,MO,INTERVENTIONAL CARDIOLOGY,M,1972
15714,AZ,DIAGNOSTIC RADIOLOGY,F,1973
15715,CA,FAMILY MEDICINE,M,1970
15716,CA,FAMILY MEDICINE,F,1968
15717,GA,CARDIOVASCULAR DISEASE,M,1973
15718,GA,CARDIOVASCULAR DISEASE,M,1972
15719,IL,PEDIATRICS,F,1972
15720,TX,DIAGNOSTIC RADIOLOGY,M,1973
15721,MD,DERMATOLOGY,F,1972
15722,CA,INTERNAL MEDICINE,M,1965
15723,CA,INTERNAL MEDICINE,F,1966
15724,CA,CARDIOVASCULAR DISEASE,M,1973
15725,CA,EMERGENCY MEDICINE,M,1968
15726,CA,UROLOGY,M,1974
15727,CA,DIAGNOSTIC RADIOLOGY,F,1974
15728,AR,DIAGNOSTIC RADIOLOGY,M,1973
15729,NV,PHYSICIAN ASSISTANT,M,1964
15730,CA,FAMILY MEDICINE,M,1953
15731,AR,NURSE PRACTITIONER,F,1975
15732,MI,INTERVENTIONAL CARDIOLOGY,M,1972
15733,CA,DERMATOLOGY,M,1971
15734,CA,ANATOMIC/CLINICAL PATHOLOGY,M,1968
15735,GA,CARDIOVASCULAR DISEASE,M,1971
15736,NC,PEDIATRICS,M,1973
15737,KY,OBSTETRICS & GYNECOLOGY,M,1969
15738,SC,FAMILY MEDICINE,F,1972
15739,FL,EMERGENCY MEDICINE,M,1972
15740,FL,ANESTHESIOLOGY,M,1973
15741,FL,OBSTETRICS & GYNECOLOGY,M,1971
15742,MO,INTERVENTIONAL CARDIOLOGY,M,1970
15743,AL,VASCULAR SURGERY,M,1969
15744,FL,PHYSICIAN ASSISTANT,M,1949
15745,PA,FAMILY MEDICINE,F,1967
15746,TX,FAMILY MEDICINE,F,1973
15747,TX,PHYSICIAN ASSISTANT,F,1974
15748,TN,NURSE PRACTITIONER,F,1966
15749,AL,OBSTETRICS & GYNECOLOGY,M,1973
15750,MI,FAMILY MEDICINE,M,1972
15751,MI,NURSE PRACTITIONER,F,
15752,NY,EMERGENCY MEDICINE,F,1967
15753,OH,NURSE PRACTITIONER,F,1964
15754,FL,NEUROLOGY,M,1964
15755,AR,FAMILY MEDICINE,M,1974
15756,MD,DERMATOLOGY,M,1973
15757,VA,DERMATOLOGY,F,1970
15758,CA,DIAGNOSTIC RADIOLOGY,F,1973
15759,CA,EMERGENCY MEDICINE,F,1973
15760,CA,DERMATOLOGY,M,1966
15761,TX,PHYSICIAN ASSISTANT,M,1947
15762,KS,PHYSICIAN ASSISTANT,F,1957
15763,NV,OPTOMETRIST,M,1967
15764,VA,NURSE PRACTITIONER,F,1954
15765,IL,PHYSICIAN ASSISTANT,F,1957
15766,FL,EMERGENCY MEDICINE,F,1974
15767,TN,PHYSICIAN ASSISTANT,M,1964
15768,FL,INTERNAL MEDICINE,M,1960
15769,MS,NURSE PRACTITIONER,M,
15770,TX,EMERGENCY MEDICINE,M,1972
15771,VA,ANESTHESIOLOGY,F,1974
15772,MS,NURSE PRACTITIONER,F,1953
15773,FL,NURSE PRACTITIONER,F,1944
15774,PA,RHEUMATOLOGY,M,1970
15775,NY,PHYSICIAN ASSISTANT,M,1957
15776,FL,EMERGENCY MEDICINE,M,1970
15777,PA,PHYSICIAN ASSISTANT,F,1970
15778,NH,PHYSICIAN ASSISTANT,M,1965
15779,FL,GASTROENTEROLOGY,M,1973
15780,PA,NURSE PRACTITIONER,F,
15781,CA,PHYSICIAN ASSISTANT,F,1951
15782,MA,INTERNAL MEDICINE,F,1964
15783,TN,NURSE PRACTITIONER,F,1958
15784,OH,PHYSICIAN ASSISTANT,F,1960
15785,CA,NURSE PRACTITIONER,F,
15786,FL,PHYSICIAN ASSISTANT,M,1964
15787,NJ,PHYSICIAN ASSISTANT,F,1974
15788,FL,PHYSICIAN ASSISTANT,M,
15789,CA,PHYSICIAN ASSISTANT,F,1969
15790,NY,INTERNAL MEDICINE,M,1972
15791,OH,EMERGENCY MEDICINE,M,1969
15792,NV,EMERGENCY MEDICINE,M,1971
15793,CA,NEURORADIOLOGY,M,1973
15794,OK,PHYSICIAN ASSISTANT,F,1965
15795,MO,DERMATOLOGY,F,1973
15796,IA,FAMILY MEDICINE,F,1970
15797,FL,FAMILY MEDICINE,M,1971
15798,TX,PHYSICIAN ASSISTANT,F,1963
15799,MI,PHYSICIAN ASSISTANT,F,1960
15800,FL,CARDIOVASCULAR DISEASE,M,1973
15801,WI,PHYSICIAN ASSISTANT,M,1971
15802,CA,NURSE PRACTITIONER,F,1962
15803,TX,PHYSICIAN ASSISTANT,F,1964
15804,NY,DERMATOLOGY,F,1972
15805,NE,CARDIOVASCULAR DISEASE,F,1973
15806,MS,NURSE PRACTITIONER,F,
15807,NE,PHYSICIAN ASSISTANT,M,1972
15808,MO,INTERNAL MEDICINE,M,1975
15809,IN,PHYSICIAN ASSISTANT,M,1970
15810,TN,PHYSICIAN ASSISTANT,F,1962
15811,AZ,NURSE PRACTITIONER,F,
15812,FL,PHYSICIAN ASSISTANT,F,1966
15813,CA,PHYSICIAN ASSISTANT,F,1968
15814,NV,INTERNAL MEDICINE/PEDIATRICS,M,1972
15815,MS,NURSE PRACTITIONER,F,
15816,CA,FAMILY MEDICINE,F,1974
15817,MD,EMERGENCY MEDICINE,M,1968
15818,FL,EMERGENCY MEDICINE,M,1973
15819,MI,CARDIOVASCULAR DISEASE,M,1969
15820,FL,NURSE PRACTITIONER,F,
15821,CA,EMERGENCY MEDICINE,M,1969
15822,SC,NURSE PRACTITIONER,F,1955
15823,MO,NURSE PRACTITIONER,F,
15824,FL,CARDIOVASCULAR DISEASE,M,1973
15825,NJ,ANESTHESIOLOGY,M,1971
15826,GA,GASTROENTEROLOGY,M,1969
15827,CA,NURSE PRACTITIONER,F,1962
15828,MS,NURSE PRACTITIONER,F,
15829,KS,PHYSICIAN ASSISTANT,F,1963
15830,TN,PHYSICIAN ASSISTANT,F,1974
15831,MO,DERMATOPATHOLOGY,F,1974
15832,PA,NURSE PRACTITIONER,M,1900
15833,MI,PHYSICIAN ASSISTANT,M,1957
15834,MI,NURSE PRACTITIONER,F,
15835,NV,PHYSICIAN ASSISTANT,F,1957
15836,FL,INTERNAL MEDICINE,F,1976
15837,CA,PHYSICIAN ASSISTANT,F,1953
15838,FL,FAMILY MEDICINE,F,1963
15839,TX,PHYSICIAN ASSISTANT,F,1968
15840,FL,NURSE PRACTITIONER,F,1961
15841,CA,PHYSICIAN ASSISTANT,F,1963
15842,KS,PHYSICIAN ASSISTANT,M,1959
15843,CA,INTERNAL MEDICINE/PEDIATRICS,F,1971
15844,KY,PHYSICIAN ASSISTANT,M,1972
15845,TX,PHYSICIAN ASSISTANT,M,1963
15846,NY,PHYSICIAN ASSISTANT,M,1971
15847,MS,NURSE PRACTITIONER,F,
15848,GA,PHYSICIAN ASSISTANT,M,1971
15849,CO,PHYSICIAN ASSISTANT,F,1972
15850,FL,PHYSICIAN ASSISTANT,F,
15851,AL,GASTROENTEROLOGY,M,1973
15852,PA,PHYSICIAN ASSISTANT,M,1974
15853,SC,NURSE PRACTITIONER,F,
15854,NC,INTERNAL MEDICINE,F,1972
15855,NJ,PHYSICIAN ASSISTANT,F,1955
15856,AZ,NURSE PRACTITIONER,F,
15857,NM,PHYSICIAN ASSISTANT,F,1964
15858,RI,EMERGENCY MEDICINE,M,1968
15859,MI,NURSE PRACTITIONER,F,
15860,CA,PHYSICIAN ASSISTANT,M,1970
15861,FL,NURSE PRACTITIONER,F,1961
15862,KY,PHYSICIAN ASSISTANT,F,1971
15863,CA,NURSE PRACTITIONER,M,
15864,LA,NURSE PRACTITIONER,F,1954
15865,PA,PHYSICIAN ASSISTANT,F,1970
15866,AL,FAMILY MEDICINE,M,1973
15867,GA,EMERGENCY MEDICINE,M,1974
15868,FL,ANATOMIC/CLINICAL PATHOLOGY,F,1968
15869,MI,INTERNAL MEDICINE,F,1966
15870,FL,ANATOMIC/CLINICAL PATHOLOGY,F,1952
15871,HI,PEDIATRICS,F,1961
15872,FL,PSYCHIATRY,M,1970
15873,FL,RADIOLOGY,F,1964
15874,VA,INTERNAL MEDICINE,F,1966
15875,GA,NEPHROLOGY,F,1970
15876,LA,INTERNAL MEDICINE,F,1966
15877,OK,PHYSICIAN ASSISTANT,F,1970
15878,NY,PHYSICIAN ASSISTANT,M,1963
15879,SD,PHYSICIAN ASSISTANT,M,1968
15880,WA,PHYSICIAN ASSISTANT,M,1969
15881,PA,EMERGENCY MEDICINE,M,1974
15882,NC,PHYSICIAN ASSISTANT,M,1958
15883,NC,PHYSICIAN ASSISTANT,F,1965
15884,NY,"ENDOCRINOLOGY, DIABETES & METABOLISM",M,1969
15885,NY,EMERGENCY MEDICINE,F,1970
15886,OH,BLOOD BANKING/TRANSFUSION MEDICINE,M,1966
15887,LA,HEMATOLOGY/ONCOLOGY,M,1972
15888,TX,PEDIATRICS,M,1957
15889,CA,DIAGNOSTIC RADIOLOGY,F,1958
15890,MN,NEPHROLOGY,M,1973
15891,MI,INTERNAL MEDICINE,M,1964
15892,SC,PEDIATRICS,M,1957
15893,TX,PEDIATRICS,M,1968
15894,NY,PEDIATRICS,M,1964
15895,FL,EMERGENCY MEDICINE,M,1960
15896,NY,PEDIATRIC RADIOLOGY,F,1967
15897,NY,GASTROENTEROLOGY,M,1960
15898,IN,FAMILY MEDICINE,M,1961
15899,MA,PHYSICIAN ASSISTANT,F,1969
15900,FL,CARDIOVASCULAR DISEASE,F,1973
15901,FL,PHYSICIAN ASSISTANT,M,1970
15902,MA,NURSE PRACTITIONER,F,
15903,AZ,FAMILY MEDICINE,F,1973
15904,WA,CARDIOVASCULAR DISEASE,F,1972
15905,TX,PULMONARY CRITICAL CARE MEDICINE,M,1967
15906,NY,PODIATRIST,F,
15907,MA,INTERNAL MEDICINE,M,1965
15908,SC,HOSPITALIST,M,1969
15909,IN,PEDIATRICS,M,1963
15910,WA,DIAGNOSTIC RADIOLOGY,M,1969
15911,CA,NEURORADIOLOGY,M,1963
15912,PA,PEDIATRICS,M,1971
15913,TN,HOSPITALIST,M,1966
15914,IL,RHEUMATOLOGY,F,1967
15915,NJ,EMERGENCY MEDICINE,M,1970
15916,AL,PODIATRIST,M,1970
15917,CA,FAMILY MEDICINE,M,1968
15918,TX,GASTROENTEROLOGY,F,1972
15919,CA,INTERNAL MEDICINE,M,1958
15920,CT,VASCULAR & INTERVENTIONAL RADIOLOGY,M,1974
15921,CA,DIAGNOSTIC RADIOLOGY,F,1971
15922,RI,PHYSICIAN ASSISTANT,F,1971
15923,KY,NURSE PRACTITIONER,F,1959
15924,PA,PULMONARY CRITICAL CARE MEDICINE,M,1963
15925,AZ,INFECTIOUS DISEASE,M,1968
15926,TX,PEDIATRIC PULMONOLOGY,M,1968
15927,KY,PULMONARY CRITICAL CARE MEDICINE,M,1964
15928,MD,FAMILY MEDICINE,M,1964
15929,MD,DIAGNOSTIC RADIOLOGY,F,1961
15930,FL,ANATOMIC/CLINICAL PATHOLOGY,F,1968
15931,CA,PSYCHIATRY,M,1959
15932,IN,INTERNAL MEDICINE,F,1970
15933,CA,FAMILY MEDICINE,F,1971
15934,CA,RADIATION ONCOLOGY,M,1969
15935,FL,FAMILY MEDICINE,M,1955
15936,NJ,FAMILY MEDICINE,F,1973
15937,OH,DIAGNOSTIC RADIOLOGY,F,1968
15938,MO,PSYCHIATRY,F,1969
15939,TX,HOSPICE & PALLIATIVE MEDICINE,M,1968
15940,MI,NEURORADIOLOGY,M,1961
15941,MI,RADIOLOGY,F,1962
15942,CA,INTERNAL MEDICINE,F,1969
15943,MA,CLINICAL CARDIAC ELECTROPHYSIOLOGY,M,1967
15944,NY,CARDIOVASCULAR DISEASE,M,1970
15945,NC,INTERNAL MEDICINE,M,1969
15946,MN,VASCULAR & INTERVENTIONAL RADIOLOGY,M,1972
15947,WA,INTERNAL MEDICINE,F,1968
15948,LA,CARDIOVASCULAR DISEASE,M,1964
15949,MS,CARDIOVASCULAR DISEASE,M,1972
15950,DE,ANATOMIC/CLINICAL PATHOLOGY,M,1970
15951,NY,ANATOMIC/CLINICAL PATHOLOGY,M,1968
15952,TX,INTERNAL MEDICINE,F,1972
15953,CT,INTERNAL MEDICINE,F,1969
15954,NY,ANESTHESIOLOGY,M,1967
15955,NJ,PEDIATRICS,F,1966
15956,MI,ADULT CARDIOTHORACIC ANESTHESIOLOGY,M,1962
15957,CA,"ENDOCRINOLOGY, DIABETES & METABOLISM",F,1972
15958,TX,PEDIATRICS,F,1953
15959,NY,MUSCULOSKELETAL RADIOLOGY,F,1962
15960,NC,FAMILY MEDICINE,F,1962
15961,FL,SELECTIVE PATHOLOGY,M,1962
15962,PA,DIAGNOSTIC RADIOLOGY,M,1959
15963,VA,NEUROLOGY,M,1960
15964,FL,INTERNAL MEDICINE,M,1959
15965,TX,PSYCHIATRY,M,1955
15966,NV,NEPHROLOGY,M,1970
15967,TX,PEDIATRICS,M,1969
15968,MI,ANESTHESIOLOGY,M,1962
15969,NV,PHYSICIAN ASSISTANT,M,1969
15970,WA,PHYSICIAN ASSISTANT,M,1970
15971,TX,PAIN MEDICINE,M,1967
15972,NV,EMERGENCY MEDICINE,M,1965
15973,MA,NURSE PRACTITIONER,F,1977
15974,RI,NURSE PRACTITIONER,F,1970
15975,FL,PHYSICIAN ASSISTANT,M,1970
15976,MI,DIAGNOSTIC RADIOLOGY,M,1965
15977,OH,DIAGNOSTIC RADIOLOGY,M,1966
15978,FL,CARDIOVASCULAR DISEASE,M,1967
15979,NY,PEDIATRIC PATHOLOGY,M,1957
15980,CA,FAMILY MEDICINE,M,1964
15981,NY,PSYCHIATRY,M,1958
15982,IN,NURSE PRACTITIONER,F,
15983,NY,NURSE PRACTITIONER,F,1968
15984,PA,PSYCHIATRY,M,1963
15985,TN,CHILD & ADOLESCENT PSYCHIATRY,F,1966
15986,TX,PULMONARY CRITICAL CARE MEDICINE,M,1974
15987,FL,INFECTIOUS DISEASE,F,1972
15988,CA,INTERNAL MEDICINE,M,1963
15989,AZ,CLINICAL CARDIAC ELECTROPHYSIOLOGY,M,1975
15990,NY,PEDIATRICS,F,1971
15991,NJ,CYTOPATHOLOGY,F,1962
15992,TX,INTERNAL MEDICINE,M,1957
15993,FL,NEURORADIOLOGY,M,1966
15994,NJ,CARDIOVASCULAR DISEASE,F,1968
15995,GA,CARDIOVASCULAR DISEASE,M,1971
15996,CA,INTERNAL MEDICINE,F,1972
15997,TX,"ENDOCRINOLOGY, DIABETES & METABOLISM",M,1969
15998,AL,CARDIOVASCULAR DISEASE,F,1972
15999,TX,PEDIATRICS,M,1959
16000,IN,NURSE PRACTITIONER,F,
16001,CA,PHYSICIAN ASSISTANT,M,1965
16002,AZ,PHYSICIAN ASSISTANT,F,1967
16003,OH,PODIATRIST,F,1970
16004,TX,PSYCHIATRY,F,1971
16005,MD,HEMATOLOGY/ONCOLOGY,M,1972
16006,MI,INFECTIOUS DISEASE,F,1971
16007,FL,CARDIOVASCULAR DISEASE,M,1969
16008,FL,DIAGNOSTIC RADIOLOGY,F,1972
16009,GA,NEPHROLOGY,F,1969
16010,SC,ANATOMIC/CLINICAL PATHOLOGY,M,1964
16011,IL,DIAGNOSTIC RADIOLOGY,F,1972
16012,GA,CARDIOVASCULAR DISEASE,M,1972
16013,NJ,DIAGNOSTIC RADIOLOGY,M,1970
16014,IN,HOSPITALIST,M,1967
16015,CA,INTERNAL MEDICINE,M,1970
16016,FL,PEDIATRICS,M,1969
16017,NJ,GERIATRIC MEDICINE (INTERNAL MEDICINE),M,1973
16018,CA,GENERAL SURGERY,M,1972
16019,WA,FAMILY MEDICINE,F,1967
16020,PA,DIAGNOSTIC RADIOLOGY,F,1971
16021,PA,INTERNAL MEDICINE,M,1971
16022,VA,INTERNAL MEDICINE,M,1966
16023,FL,INTERVENTIONAL CARDIOLOGY,M,1970
16024,FL,PEDIATRICS,M,1968
16025,CA,INTERNAL MEDICINE,F,1967
16026,TX,DIAGNOSTIC RADIOLOGY,M,1972
16027,FL,INTERNAL MEDICINE,M,1958
16028,MI,FAMILY MEDICINE,M,1970
16029,FL,FAMILY MEDICINE,F,1967
16030,NY,INTERNAL MEDICINE,M,1970
16031,TX,CARDIOVASCULAR DISEASE,M,1973
16032,GA,HEMATOLOGY/ONCOLOGY,F,1969
16033,TX,FAMILY MEDICINE,F,1971
16034,GA,CARDIOVASCULAR DISEASE,M,1972
16035,CO,DIAGNOSTIC RADIOLOGY,F,1972
16036,FL,GASTROENTEROLOGY,F,1970
16037,SC,PHYSICIAN ASSISTANT,M,1961
16038,DE,PHYSICIAN ASSISTANT,F,1968
16039,TX,PEDIATRICS,M,1963
16040,MA,GASTROENTEROLOGY,F,1973
16041,MD,NEURORADIOLOGY,F,1974
16042,AR,PODIATRIST,M,
16043,CA,FAMILY MEDICINE,F,1962
16044,OH,EMERGENCY MEDICINE,M,1972
16045,MD,FAMILY MEDICINE,F,1972
16046,OK,INTERVENTIONAL CARDIOLOGY,M,1971
16047,RI,INTERNAL MEDICINE,F,1959
16048,TX,PHYSICIAN ASSISTANT,M,1965
16049,OH,OPTOMETRIST,M,
16050,IL,OPTOMETRIST,M,
16051,CA,EMERGENCY MEDICINE,M,1969
16052,SC,PODIATRIST,M,
16053,PA,CARDIOVASCULAR DISEASE,M,1972
16054,MI,OBSTETRICS & GYNECOLOGY,F,1973
16055,FL,FAMILY MEDICINE,M,1969
16056,NH,FAMILY MEDICINE,M,1963
16057,MD,FAMILY MEDICINE,M,1972
16058,CO,FAMILY MEDICINE,M,1968
16059,AR,FAMILY MEDICINE,M,1969
16060,MD,INTERNAL MEDICINE,M,1971
16061,FL,FAMILY MEDICINE,M,1970
16062,MN,DIAGNOSTIC RADIOLOGY,M,1962
16063,FL,GASTROENTEROLOGY,M,1972
16064,CA,INTERNAL MEDICINE,F,1954
16065,CT,INTERNAL MEDICINE,F,1957
16066,TX,PODIATRIST,M,1955
16067,WI,INTERNAL MEDICINE,M,1966
16068,LA,INTERNAL MEDICINE,M,1959
16069,PR,GENERAL PRACTICE,M,1968
16070,NC,PHYSICIAN ASSISTANT,M,1963
16071,NY,PHYSICAL MEDICINE & REHABILITATION,M,1966
16072,KS,FAMILY MEDICINE,M,1971
16073,CA,FAMILY MEDICINE,F,1963
16074,PA,FAMILY MEDICINE,M,1971
16075,CA,INTERNAL MEDICINE,F,1965
16076,FL,OPTOMETRIST,F,1973
16077,NY,INTERVENTIONAL CARDIOLOGY,M,1957
16078,NV,PEDIATRICS,M,1971
16079,MD,INTERNAL MEDICINE,F,1969
16080,WI,CARDIOVASCULAR DISEASE,F,1966
16081,IN,ANATOMIC/CLINICAL PATHOLOGY,M,1963
16082,NJ,FAMILY MEDICINE,M,1968
16083,FL,EMERGENCY MEDICINE,M,1971
16084,CA,HOSPITALIST,M,1971
16085,CA,FAMILY MEDICINE,M,1961
16086,TX,FAMILY MEDICINE,M,1970
16087,IN,GASTROENTEROLOGY,M,1971
16088,NV,EMERGENCY MEDICINE,M,1970
16089,NY,PEDIATRICS,F,1972
16090,NY,DERMATOLOGY,M,1969
16091,PA,INTERNAL MEDICINE,F,1972
16092,NJ,FAMILY MEDICINE,M,1970
16093,PA,FAMILY MEDICINE,F,1971
16094,FL,FAMILY MEDICINE,M,1969
16095,NY,EMERGENCY MEDICINE,F,1964
16096,PA,INTERNAL MEDICINE,F,1971
16097,IN,CARDIOVASCULAR DISEASE,M,1967
16098,DE,DERMATOLOGY,M,1969
16099,NY,INTERNAL MEDICINE,F,1971
16100,PA,DIAGNOSTIC RADIOLOGY,M,1970
16101,NC,DERMATOLOGY,M,1969
16102,AZ,EMERGENCY MEDICINE,M,1970
16103,AZ,NEUROLOGY,M,1972
16104,TX,FAMILY MEDICINE,F,1969
16105,CA,PSYCHIATRY,M,1951
16106,NY,DIAGNOSTIC RADIOLOGY,F,1965
16107,AZ,PHYSICIAN ASSISTANT,M,1963
16108,AZ,"ENDOCRINOLOGY, DIABETES & METABOLISM",M,1968
16109,VA,CHILD & ADOLESCENT PSYCHIATRY,M,1964
16110,NC,NURSE PRACTITIONER,F,1955
16111,AK,FAMILY MEDICINE,M,1963
16112,PA,INTERNAL MEDICINE,M,1971
16113,NY,EMERGENCY MEDICINE,F,1970
16114,NY,INTERNAL MEDICINE,M,1969
16115,TX,PEDIATRICS,F,1959
16116,IL,DIAGNOSTIC RADIOLOGY,F,1969
16117,IN,PEDIATRICS,F,1965
16118,NH,HOSPITALIST,F,1971
16119,FL,FAMILY MEDICINE,M,1959
16120,NY,PEDIATRICS,F,1961
16121,MI,EMERGENCY MEDICINE,M,1971
16122,FL,FAMILY MEDICINE,F,1968
16123,WA,EMERGENCY MEDICINE,M,1971
16124,NJ,INTERNAL MEDICINE,M,1971
16125,NY,PEDIATRIC EMERGENCY MEDICINE (PEDIATRICS),F,1970
16126,FL,PSYCHIATRY,M,1967
16127,CT,FAMILY MEDICINE,M,1966
16128,AL,FAMILY MEDICINE,F,1959
16129,NC,EMERGENCY MEDICINE,M,1964
16130,CA,NEURORADIOLOGY,M,1964
16131,WV,NURSE PRACTITIONER,F,1955
16132,NY,NEPHROLOGY,M,1978
16133,MO,EMERGENCY MEDICINE,M,1967
16134,OH,DIAGNOSTIC RADIOLOGY,M,1966
16135,TX,FAMILY MEDICINE,M,1935
16136,TX,CARDIOVASCULAR DISEASE,M,1972
16137,NY,CARDIOVASCULAR DISEASE,F,1970
16138,MS,FAMILY MEDICINE,M,1970
16139,OH,GERIATRIC MEDICINE (INTERNAL MEDICINE),F,1971
16140,AL,INTERVENTIONAL CARDIOLOGY,M,1966
16141,MI,OPHTHALMOLOGY,F,1960
16142,AZ,GERIATRIC MEDICINE (INTERNAL MEDICINE),F,1966
16143,CA,INTERNAL MEDICINE,M,1961
16144,TX,DERMATOLOGY,M,1971
16145,FL,DIAGNOSTIC RADIOLOGY,M,1971
16146,CA,FAMILY MEDICINE,F,1972
16147,CT,FAMILY MEDICINE,M,1970
16148,NJ,DERMATOLOGY,M,1971
16149,CA,EMERGENCY MEDICINE,M,1971
16150,FL,VASCULAR SURGERY,M,1971
16151,HI,GERIATRIC MEDICINE (INTERNAL MEDICINE),F,1969
16152,MI,INTERNAL MEDICINE,M,1972
16153,PA,FAMILY MEDICINE,M,1970
16154,PA,FAMILY MEDICINE,F,1972
16155,MD,PEDIATRICS,F,1972
16156,FL,EMERGENCY MEDICINE,M,1970
16157,CO,FAMILY MEDICINE,M,1971
16158,MI,OPHTHALMOLOGY,M,1970
16159,VA,FAMILY MEDICINE,M,1971
16160,WY,FAMILY MEDICINE,F,1964
16161,NC,DIAGNOSTIC RADIOLOGY,M,1969
16162,UT,NURSE PRACTITIONER,M,
16163,NY,NURSE PRACTITIONER,F,1942
16164,MI,ANATOMIC/CLINICAL PATHOLOGY,F,1961
16165,FL,INTERNAL MEDICINE,M,1963
16166,PA,INFECTIOUS DISEASE,M,1969
16167,MI,NEURORADIOLOGY,M,1970
16168,AZ,PEDIATRICS,M,1967
16169,NJ,FAMILY MEDICINE,F,1969
16170,WI,PULMONARY DISEASE,M,1968
16171,NJ,CARDIOVASCULAR DISEASE,M,1970
16172,OH,INTERNAL MEDICINE,M,1968
16173,NJ,COLON & RECTAL SURGERY,M,1968
16174,NJ,CARDIOVASCULAR DISEASE,M,1971
16175,OK,CARDIOVASCULAR DISEASE,M,1970
16176,WA,ANATOMIC/CLINICAL PATHOLOGY,M,1963
16177,CA,INTERNAL MEDICINE,M,1958
16178,AZ,VASCULAR & INTERVENTIONAL RADIOLOGY,M,1961
16179,NY,PSYCHIATRY,F,1968
16180,MD,EMERGENCY MEDICINE,M,1962
16181,KY,NEUROLOGY,M,1956
16182,NY,PEDIATRICS,F,1960
16183,CA,HEMATOLOGY/ONCOLOGY,M,1963
16184,WA,FAMILY MEDICINE,M,1967
16185,TX,FAMILY MEDICINE,F,1968
16186,IL,ANATOMIC/CLINICAL PATHOLOGY,M,1971
16187,CA,SELECTIVE PATHOLOGY,M,1970
16188,MD,GENERAL SURGERY,M,1965
16189,OH,NUCLEAR MEDICINE,M,1962
16190,FL,FAMILY MEDICINE,M,1961
16191,NJ,FAMILY MEDICINE,M,1973
16192,MA,ANESTHESIOLOGY,M,1969
16193,NV,INTERNAL MEDICINE,F,1963
16194,TX,HEMATOLOGY/ONCOLOGY,F,1971
16195,CT,PEDIATRICS,F,1968
16196,NY,CARDIOVASCULAR DISEASE,M,1961
16197,TX,INTERNAL MEDICINE,M,1968
16198,MI,INTERVENTIONAL CARDIOLOGY,M,1970
16199,GA,DIAGNOSTIC RADIOLOGY,M,1964
16200,IL,HOSPITALIST,M,1963
16201,MI,DERMATOLOGY,M,1970
16202,TX,CARDIOVASCULAR DISEASE,M,1969
16203,NV,CARDIOVASCULAR DISEASE,F,1971
16204,MI,GASTROENTEROLOGY,M,1973
16205,KY,PHYSICAL MEDICINE & REHABILITATION,M,1955
16206,NY,PEDIATRICS,M,1962
16207,DC,INTERNAL MEDICINE,M,1956
16208,TX,DIAGNOSTIC RADIOLOGY,M,1969
16209,IN,GASTROENTEROLOGY,M,1971
16210,IA,FAMILY MEDICINE,F,1953
16211,GA,NEPHROLOGY,M,1965
16212,MD,INTERNAL MEDICINE,M,1966
16213,FL,GERIATRIC PSYCHIATRY,M,1962
16214,TX,INTERNAL MEDICINE,M,1967
16215,FL,HEMATOLOGY/ONCOLOGY,M,1956
16216,FL,PEDIATRICS,F,1964
16217,FL,GASTROENTEROLOGY,M,1964
16218,GA,FAMILY MEDICINE,F,1967
16219,TN,DIAGNOSTIC RADIOLOGY,M,1958
16220,WA,PEDIATRICS,F,1971
16221,VA,PLASTIC SURGERY,M,1970
16222,FL,PEDIATRICS,F,1971
16223,TX,FAMILY MEDICINE,M,1973
16224,TX,DERMATOLOGY,F,1970
16225,TX,INTERNAL MEDICINE,M,1973
16226,OR,DERMATOLOGY,M,1971
16227,TX,INTERNAL MEDICINE,M,1970
16228,TX,PEDIATRICS,M,1972
16229,TX,DERMATOLOGY,M,1972
16230,NC,INTERNAL MEDICINE,F,1971
16231,SC,FAMILY MEDICINE,F,1970
16232,TN,FAMILY MEDICINE,F,1972
16233,VA,INTERNAL MEDICINE,M,1967
16234,CA,RHEUMATOLOGY,F,1968
16235,CT,INTERNAL MEDICINE,M,1968
16236,MI,DIAGNOSTIC RADIOLOGY,M,1966
16237,MO,"ENDOCRINOLOGY, DIABETES & METABOLISM",F,1971
16238,TX,THORACIC SURGERY,M,1963
16239,DE,HEMATOLOGY (PATHOLOGY),M,1964
16240,NY,INTERNAL MEDICINE,F,1964
16241,CA,HEMATOLOGY/ONCOLOGY,F,1972
16242,VA,INTERNAL MEDICINE,M,1968
16243,MD,INFECTIOUS DISEASE,F,1965
16244,MI,INTERNAL MEDICINE,F,1974
16245,TX,PULMONARY CRITICAL CARE MEDICINE,M,1970
16246,VA,NEPHROLOGY,M,1969
16247,AZ,INTERNAL MEDICINE,F,1968
16248,AZ,PAIN MEDICINE,M,1963
16249,CA,INTERNAL MEDICINE,F,1963
16250,FL,FAMILY MEDICINE,M,1961
16251,TX,GENERAL SURGERY,M,1967
16252,NY,INTERNAL MEDICINE,M,1965
16253,NJ,GERIATRIC MEDICINE (INTERNAL MEDICINE),F,1970
16254,OH,ANESTHESIOLOGY,F,1970
16255,NV,GASTROENTEROLOGY,M,1973
16256,NY,INTERNAL MEDICINE,M,1968
16257,VA,INTERNAL MEDICINE,F,1967
16258,NY,PULMONARY CRITICAL CARE MEDICINE,M,1969
16259,IL,HEMATOLOGY/ONCOLOGY,M,1969
16260,NM,INTERNAL MEDICINE,M,1971
16261,WA,CARDIOVASCULAR DISEASE,M,1969
16262,NC,"ENDOCRINOLOGY, DIABETES & METABOLISM",F,1972
16263,CA,EMERGENCY MEDICINE,M,1970
16264,TX,FAMILY MEDICINE,F,1972
16265,TX,VASCULAR & INTERVENTIONAL RADIOLOGY,M,1973
16266,TX,EMERGENCY MEDICINE,M,1968
16267,PA,PLASTIC SURGERY,M,1972
16268,TN,INTERNAL MEDICINE,M,1970
16269,UT,PSYCHIATRY,M,1970
16270,TN,INTERVENTIONAL CARDIOLOGY,M,1968
16271,MI,DIAGNOSTIC RADIOLOGY,M,1972
16272,NJ,NEPHROLOGY,M,1973
16273,CA,INTERNAL MEDICINE,M,1967
16274,GA,ANESTHESIOLOGY,F,1971
16275,MI,INTERNAL MEDICINE,M,1968
16276,SC,GERIATRIC MEDICINE (INTERNAL MEDICINE),F,1960
16277,FL,HOSPITALIST,F,1966
16278,NY,ANESTHESIOLOGY,F,1960
16279,SD,FAMILY MEDICINE,M,1968
16280,NY,INTERNAL MEDICINE,M,1967
16281,NY,INTERVENTIONAL CARDIOLOGY,F,1971
16282,OH,GERIATRIC PSYCHIATRY,F,1967
16283,CA,INTERNAL MEDICINE,M,1955
16284,FL,INTERNAL MEDICINE,M,1963
16285,TX,GASTROENTEROLOGY,M,1956
16286,TX,CARDIOVASCULAR DISEASE,M,1964
16287,OR,INTERNAL MEDICINE,F,1968
16288,AZ,DIAGNOSTIC RADIOLOGY,M,1970
16289,FL,ANESTHESIOLOGY,M,1966
16290,FL,FAMILY MEDICINE,M,1961
16291,FL,CARDIOVASCULAR DISEASE,M,1967
16292,PA,DIAGNOSTIC RADIOLOGY,M,1970
16293,WA,DIAGNOSTIC RADIOLOGY,M,1972
16294,CT,INTERNAL MEDICINE,M,1969
16295,WA,DIAGNOSTIC RADIOLOGY,M,1969
16296,PA,INTERNAL MEDICINE,F,1962
16297,MA,DERMATOPATHOLOGY,F,1961
16298,NJ,ANESTHESIOLOGY,M,1954
16299,MI,INTERNAL MEDICINE,F,1963
16300,MA,CARDIOVASCULAR DISEASE,M,1972
16301,AZ,OBSTETRICS & GYNECOLOGY,F,1972
16302,OH,ALLERGY & IMMUNOLOGY,M,1972
16303,VA,DIAGNOSTIC RADIOLOGY,M,1965
16304,ME,CARDIOVASCULAR DISEASE,M,1970
16305,UT,FAMILY MEDICINE,M,1970
16306,NC,CARDIOVASCULAR DISEASE,M,1971
16307,FL,DERMATOLOGY,M,1964
16308,CA,SPORTS MEDICINE (ORTHOPEDIC SURGERY),F,1972
16309,PA,PEDIATRICS,M,1972
16310,CA,DERMATOLOGY,F,1972
16311,CA,ANATOMIC/CLINICAL PATHOLOGY,F,1971
16312,MD,INTERNAL MEDICINE,M,1971
16313,OH,DIAGNOSTIC RADIOLOGY,F,1970
16314,OH,DERMATOLOGY,M,1972
16315,OH,INTERNAL MEDICINE/PEDIATRICS,F,1968
16316,CA,PLASTIC SURGERY,F,1972
16317,IN,PHYSICAL MEDICINE & REHABILITATION,M,1971
16318,NY,INTERNAL MEDICINE,F,1973
16319,MA,CARDIOVASCULAR DISEASE,M,1971
16320,GA,EMERGENCY MEDICINE,F,1973
16321,NY,GASTROENTEROLOGY,M,1969
16322,UT,EMERGENCY MEDICINE,M,1971
16323,MI,VASCULAR & INTERVENTIONAL RADIOLOGY,M,1963
16324,FL,ANATOMIC/CLINICAL PATHOLOGY,M,1966
16325,MD,INTERNAL MEDICINE,M,1962
16326,CA,INTERNAL MEDICINE,M,1971
16327,LA,INTERNAL MEDICINE,M,1967
16328,TX,FAMILY MEDICINE,M,1969
16329,WI,FAMILY MEDICINE,F,1972
16330,UT,DERMATOLOGY,M,1966
16331,TX,FAMILY MEDICINE,F,1971
16332,TX,INTERNAL MEDICINE,F,1967
16333,HI,DIAGNOSTIC RADIOLOGY,M,1971
16334,TX,PEDIATRICS,F,1957
16335,TX,EMERGENCY MEDICINE,M,1971
16336,TX,VASCULAR & INTERVENTIONAL RADIOLOGY,M,1969
16337,TN,CYTOPATHOLOGY,M,1972
16338,TX,EMERGENCY MEDICINE,F,1971
16339,IL,PSYCHIATRY,M,1971
16340,TN,DIAGNOSTIC RADIOLOGY,M,1973
16341,TX,FAMILY MEDICINE,M,1972
16342,TX,CARDIOVASCULAR DISEASE,M,1971
16343,TX,FAMILY MEDICINE,M,1970
16344,TX,ANESTHESIOLOGY,M,1960
16345,TX,OBSTETRICS & GYNECOLOGY,F,1964
16346,KY,CARDIOVASCULAR DISEASE,M,1971
16347,TN,OTOLARYNGOLOGY,M,1972
16348,ME,PEDIATRICS,F,1963
16349,TX,INTERNAL MEDICINE,M,1969
16350,TX,PEDIATRICS,F,1970
16351,NV,NEURORADIOLOGY,M,1971
16352,SD,FAMILY MEDICINE,M,1967
16353,SC,EMERGENCY MEDICINE,M,1972
16354,PA,HOSPITALIST,M,1961
16355,OH,CARDIOVASCULAR DISEASE,F,1974
16356,AZ,DERMATOLOGY,M,1974
16357,IN,VASCULAR & INTERVENTIONAL RADIOLOGY,M,1971
16358,OH,DIAGNOSTIC RADIOLOGY,F,1971
16359,OH,GASTROENTEROLOGY,F,1971
16360,MN,FAMILY MEDICINE,M,1972
16361,NC,INTERNAL MEDICINE,M,1969
16362,NY,MEDICAL TOXICOLOGY (EMERGENCY MEDICINE),M,1973
16363,OH,NEURORADIOLOGY,F,1972
16364,PA,GASTROENTEROLOGY,M,1971
16365,FL,FACIAL PLASTIC SURGERY,M,1969
16366,CT,INTERNAL MEDICINE,M,1969
16367,FL,DERMATOLOGY,F,1971
16368,NM,FAMILY MEDICINE,M,1957
16369,NJ,DIAGNOSTIC RADIOLOGY,F,1972
16370,NJ,INTERNAL MEDICINE,F,1964
16371,CO,EMERGENCY MEDICINE,M,1969
16372,FL,PSYCHIATRY,M,1968
16373,NE,FAMILY MEDICINE,M,1967
16374,MN,ANATOMIC/CLINICAL PATHOLOGY,M,1968
16375,NY,CARDIOVASCULAR DISEASE,M,1967
16376,DE,DIAGNOSTIC RADIOLOGY,M,1961
16377,WA,MEDICAL ONCOLOGY,F,1964
16378,MO,CARDIOVASCULAR DISEASE,M,1969
16379,WI,EMERGENCY MEDICINE,M,1969
16380,WI,CARDIOVASCULAR DISEASE,F,1971
16381,AK,DIAGNOSTIC RADIOLOGY,M,1972
16382,AK,EMERGENCY MEDICINE,M,1964
16383,VA,GASTROENTEROLOGY,M,1972
16384,SC,INTERNAL MEDICINE,M,1970
16385,SC,OCCUPATIONAL MEDICINE,F,1962
16386,WI,CLINICAL CARDIAC ELECTROPHYSIOLOGY,M,1973
16387,IN,CARDIOVASCULAR DISEASE,M,1973
16388,CA,FAMILY MEDICINE,F,1969
16389,MI,EMERGENCY MEDICINE,M,1971
16390,VA,EMERGENCY MEDICINE,M,1970
16391,IL,NEPHROLOGY,M,1974
16392,CA,PULMONARY DISEASE,M,1974
16393,GA,DERMATOPATHOLOGY,M,1974
16394,AZ,DERMATOLOGY,M,1965
16395,OH,OTOLARYNGOLOGY,M,1970
16396,TX,INTERNAL MEDICINE,F,1969
16397,NY,EMERGENCY MEDICINE,F,1971
16398,PA,EMERGENCY MEDICINE,M,1971
16399,FL,CARDIOVASCULAR DISEASE,M,1971
16400,FL,FAMILY MEDICINE,F,1973
16401,OH,DIAGNOSTIC RADIOLOGY,M,1974
16402,CA,EMERGENCY MEDICINE,M,1970
16403,NH,FAMILY MEDICINE,F,1971
16404,CO,DIAGNOSTIC RADIOLOGY,M,1971
16405,OH,INTERNAL MEDICINE/PEDIATRICS,F,1972
16406,CA,INTERNAL MEDICINE,M,1970
16407,IL,CARDIOVASCULAR DISEASE,F,1967
16408,PA,OBSTETRICS & GYNECOLOGY,F,1971
16409,MD,ORTHOPEDIC SURGERY,F,1972
16410,CA,ORTHOPEDIC SURGERY,M,1966
16411,NM,DERMATOLOGY,M,1973
16412,IA,INTERNAL MEDICINE,M,1971
16413,NC,PEDIATRICS,M,1973
16414,CA,REPRODUCTIVE ENDOCRINOLOGY & INFERTILITY,M,1970
16415,WA,EMERGENCY MEDICINE,M,1969
16416,MS,FAMILY MEDICINE,M,1969
16417,LA,EMERGENCY MEDICINE,M,1972
16418,MI,DERMATOLOGY,M,1967
16419,MA,FAMILY MEDICINE,M,1972
16420,NJ,UROLOGY,F,1973
16421,IN,NEPHROLOGY,M,1971
16422,FL,DERMATOLOGY,F,1973
16423,MA,DERMATOLOGY,F,1972
16424,NV,CARDIOVASCULAR DISEASE,F,1972
16425,TN,PEDIATRIC RADIOLOGY,F,1966
16426,KY,PSYCHIATRY,F,1969
16427,TX,PULMONARY CRITICAL CARE MEDICINE,M,1972
16428,FL,CARDIOVASCULAR DISEASE,M,1972
16429,FL,DIAGNOSTIC RADIOLOGY,M,1965
16430,IL,EMERGENCY MEDICINE,M,1972
16431,GA,PEDIATRICS,M,1970
16432,WA,PEDIATRICS,F,1970
16433,SC,GASTROENTEROLOGY,M,1971
16434,SC,FAMILY MEDICINE,M,1970
16435,FL,INTERNAL MEDICINE,F,1970
16436,GA,PEDIATRICS,F,1972
16437,CA,FAMILY MEDICINE,F,1970
16438,NJ,NEURORADIOLOGY,M,1965
16439,CT,PEDIATRICS,F,1968
16440,NY,INTERNAL MEDICINE,M,1970
16441,NY,DERMATOLOGY,M,1967
16442,OH,EMERGENCY MEDICINE,F,1967
16443,GA,MUSCULOSKELETAL RADIOLOGY,M,1972
16444,CA,FAMILY MEDICINE,M,1965
16445,NY,OBSTETRICS & GYNECOLOGY,M,1971
16446,NY,DIAGNOSTIC RADIOLOGY,F,1966
16447,OH,EMERGENCY MEDICINE,M,1965
16448,WA,CARDIOVASCULAR DISEASE,M,1969
16449,NY,PEDIATRIC EMERGENCY MEDICINE (PEDIATRICS),M,1969
16450,NY,CARDIOVASCULAR DISEASE,M,1971
16451,MI,FAMILY MEDICINE,F,1972
16452,NY,EMERGENCY MEDICINE,F,1973
16453,NY,PEDIATRICS,F,1972
16454,MI,EMERGENCY MEDICINE,M,1971
16455,FL,INTERVENTIONAL CARDIOLOGY,M,1971
16456,TX,GASTROENTEROLOGY,F,1959
16457,PA,NEURORADIOLOGY,M,1970
16458,OK,FAMILY MEDICINE,M,1971
16459,VA,VASCULAR & INTERVENTIONAL RADIOLOGY,M,1971
16460,TX,FAMILY MEDICINE,M,1972
16461,CA,DIAGNOSTIC RADIOLOGY,M,1970
16462,IL,DIAGNOSTIC RADIOLOGY,M,1971
16463,CA,EMERGENCY MEDICINE,F,1973
16464,GA,OBSTETRICS & GYNECOLOGY,M,1959
16465,FL,INTERNAL MEDICINE,M,1972
16466,TN,CARDIOVASCULAR DISEASE,M,1973
16467,FL,EMERGENCY MEDICINE,M,1972
16468,NH,EMERGENCY MEDICINE,M,1970
16469,CT,OPHTHALMOLOGY,M,1958
16470,TN,CARDIOVASCULAR DISEASE,M,1970
16471,PA,INTERNAL MEDICINE,M,1965
16472,NC,RADIATION ONCOLOGY,F,1972
16473,UT,EMERGENCY MEDICINE,M,1971
16474,MD,OBSTETRICS & GYNECOLOGY,M,1972
16475,OH,CARDIOVASCULAR DISEASE,M,1972
16476,NC,GASTROENTEROLOGY,F,1971
16477,CA,ANATOMIC/CLINICAL PATHOLOGY,M,1972
16478,NJ,DIAGNOSTIC RADIOLOGY,M,1971
16479,NJ,GASTROENTEROLOGY,M,1972
16480,NE,"ENDOCRINOLOGY, DIABETES & METABOLISM",F,1972
16481,CT,EMERGENCY MEDICINE,M,1973
16482,MI,ORTHOPEDIC SURGERY,M,1970
16483,IN,HEMATOLOGY/ONCOLOGY,M,1971
16484,WA,INTERNAL MEDICINE,F,1970
16485,WA,FAMILY MEDICINE,F,1963
16486,PA,INTERNAL MEDICINE,M,1968
16487,CO,DIAGNOSTIC RADIOLOGY,M,1972
16488,WA,DIAGNOSTIC RADIOLOGY,M,1971
16489,MA,INTERNAL MEDICINE,M,1970
16490,WA,CARDIOVASCULAR DISEASE,M,1968
16491,NC,OCCUPATIONAL MEDICINE,M,1969
16492,KY,INTERNAL MEDICINE,M,1972
16493,IN,DERMATOLOGY,M,1971
16494,UT,PULMONARY CRITICAL CARE MEDICINE,M,1972
16495,IN,OTOLARYNGOLOGY,M,1971
16496,IN,NEURORADIOLOGY,M,1954
16497,OH,DIAGNOSTIC RADIOLOGY,F,1969
16498,IL,INTERNAL MEDICINE,M,1972
16499,IL,FAMILY MEDICINE,M,1970
16500,TX,CARDIOVASCULAR DISEASE,M,1972
16501,TX,PLASTIC SURGERY,M,1973
16502,KY,NEURORADIOLOGY,M,1970
16503,DC,INTERNAL MEDICINE,F,1969
16504,CT,NEPHROLOGY,M,1960
16505,MA,INTERNAL MEDICINE,M,1970
16506,CA,GASTROENTEROLOGY,F,1971
16507,CA,FAMILY MEDICINE,M,1971
16508,CA,PEDIATRICS,M,1973
16509,CA,EMERGENCY MEDICINE,F,1972
16510,CA,PEDIATRICS,F,1973
16511,AZ,DERMATOLOGY,F,1971
16512,AK,GASTROENTEROLOGY,F,1968
16513,AL,GERIATRIC MEDICINE (INTERNAL MEDICINE),F,1969
16514,NC,CARDIOVASCULAR DISEASE,M,1972
16515,NY,GASTROENTEROLOGY,M,1973
16516,OR,INTERNAL MEDICINE,F,1972
16517,NY,EMERGENCY MEDICINE,M,1959
16518,CA,DERMATOLOGY,M,1972
16519,CA,DIAGNOSTIC RADIOLOGY,M,1970
16520,NJ,PULMONARY DISEASE,M,1972
16521,CA,EMERGENCY MEDICINE,M,1973
16522,MA,GASTROENTEROLOGY,M,1973
16523,OR,DIAGNOSTIC RADIOLOGY,M,1966
16524,GA,GENERAL SURGERY,M,1966
16525,TX,FAMILY MEDICINE,M,1970
16526,MD,PEDIATRICS,F,1969
16527,TX,DIAGNOSTIC RADIOLOGY,M,1972
16528,CA,PEDIATRICS,F,1971
16529,PA,"ENDOCRINOLOGY, DIABETES & METABOLISM",F,1972
16530,TX,DIAGNOSTIC RADIOLOGY,M,1972
16531,IA,FAMILY MEDICINE,F,1971
16532,CA,ORTHOPEDIC SURGERY,M,1963
16533,OH,PULMONARY CRITICAL CARE MEDICINE,M,1970
16534,MD,INTERVENTIONAL CARDIOLOGY,M,1972
16535,MD,INTERNAL MEDICINE,M,1973
16536,LA,DIAGNOSTIC RADIOLOGY,M,1972
16537,TX,EMERGENCY MEDICINE,M,1972
16538,KY,PEDIATRICS,F,1972
16539,IN,FAMILY MEDICINE,F,1972
16540,IL,CARDIOVASCULAR DISEASE,F,1973
16541,MA,NEUROLOGY,M,1971
16542,NY,DIAGNOSTIC RADIOLOGY,M,1970
16543,NY,DERMATOLOGY,M,1970
16544,AL,FAMILY MEDICINE,M,1972
16545,NC,FAMILY MEDICINE,M,1972
16546,IN,CARDIOVASCULAR DISEASE,M,1970
16547,IN,DIAGNOSTIC RADIOLOGY,M,1970
16548,MI,EMERGENCY MEDICINE,M,1971
16549,NV,ALLERGY & IMMUNOLOGY,M,1971
16550,FL,PEDIATRICS,F,1972
16551,MD,NEUROLOGY,F,1972
16552,AZ,CARDIOVASCULAR DISEASE,M,1966
16553,NY,HOSPITALIST,M,1964
16554,CO,ANATOMIC/CLINICAL PATHOLOGY,M,1972
16555,CO,INTERNAL MEDICINE,M,1972
16556,VA,OTOLARYNGOLOGY,M,1972
16557,CA,PLASTIC SURGERY,M,1973
16558,GA,PULMONARY CRITICAL CARE MEDICINE,F,1970
16559,CA,DIAGNOSTIC RADIOLOGY,M,1961
16560,MN,FAMILY MEDICINE,F,1971
16561,KY,ANATOMIC/CLINICAL PATHOLOGY,M,1971
16562,ME,FAMILY MEDICINE,F,1966
16563,TX,OPHTHALMOLOGY,M,1973
16564,CA,FAMILY MEDICINE,F,1969
16565,NC,EMERGENCY MEDICINE,M,1965
16566,FL,CARDIOVASCULAR DISEASE,M,1971
16567,CA,HEMATOLOGY/ONCOLOGY,M,1972
16568,GA,FAMILY MEDICINE,F,1972
16569,IL,EMERGENCY MEDICINE,F,1972
16570,GA,PEDIATRICS,M,1970
16571,DC,DERMATOLOGY,M,1972
16572,MD,PEDIATRICS,M,1970
16573,OH,INTERNAL MEDICINE,M,1972
16574,AL,CARDIOVASCULAR DISEASE,M,1972
16575,WI,OPHTHALMOLOGY,F,1972
16576,OH,PULMONARY CRITICAL CARE MEDICINE,M,1972
16577,IL,INTERNAL MEDICINE,M,1964
16578,SC,FAMILY MEDICINE,M,1971
16579,FL,DIAGNOSTIC RADIOLOGY,F,1971
16580,FL,HOSPITALIST,M,1972
16581,MD,GASTROENTEROLOGY,F,1965
16582,NJ,OPHTHALMOLOGY,M,1971
16583,IL,EMERGENCY MEDICINE,F,1971
16584,GA,FAMILY MEDICINE,M,1969
16585,GA,GASTROENTEROLOGY,M,1969
16586,GA,OBSTETRICS & GYNECOLOGY,F,1970
16587,IN,FAMILY MEDICINE,M,1966
16588,FL,DIAGNOSTIC RADIOLOGY,M,1972
16589,NJ,EMERGENCY MEDICINE,F,1971
16590,FL,DERMATOPATHOLOGY,M,1968
16591,GA,FAMILY MEDICINE,M,1968
16592,NY,FAMILY MEDICINE,M,1957
16593,SC,NEPHROLOGY,M,1972
16594,PA,ANESTHESIOLOGY,M,1956
16595,KY,FAMILY MEDICINE,F,1961
16596,FL,ANATOMIC/CLINICAL PATHOLOGY,M,1969
16597,WI,FAMILY MEDICINE,M,1968
16598,FL,ANATOMIC PATHOLOGY,M,1967
16599,GA,EMERGENCY MEDICINE,M,1960
16600,NJ,DERMATOLOGY,M,1973
16601,DC,EMERGENCY MEDICINE,M,1971
16602,MD,DIAGNOSTIC RADIOLOGY,M,1972
16603,LA,FAMILY MEDICINE,M,1972
16604,LA,FAMILY MEDICINE,M,1972
16605,LA,PEDIATRICS,F,1971
16606,KY,INTERNAL MEDICINE/FAMILY MEDICINE,M,1971
16607,OR,DERMATOLOGY,M,1971
16608,SC,ANESTHESIOLOGY,M,1972
16609,IL,PEDIATRICS,F,1972
16610,CA,EMERGENCY MEDICINE,F,1970
16611,TX,INTERNAL MEDICINE,M,1971
16612,CO,EMERGENCY MEDICINE,M,1968
16613,CA,SURGICAL CRITICAL CARE (SURGERY),M,1969
16614,TX,PEDIATRICS,F,1972
16615,CA,GENERAL SURGERY,M,1971
16616,AR,FAMILY MEDICINE,M,1971
16617,NE,EMERGENCY MEDICINE,F,1971
16618,AL,OPHTHALMOLOGY,M,1972
16619,TN,OTOLARYNGOLOGY,M,1971
16620,WA,PHYSICIAN ASSISTANT,F,1964
16621,NJ,DIAGNOSTIC RADIOLOGY,M,1971
16622,CA,ALLERGY & IMMUNOLOGY,M,1971
16623,MI,PEDIATRICS,F,1971
16624,TX,CLINICAL CARDIAC ELECTROPHYSIOLOGY,M,1971
16625,CA,FAMILY MEDICINE,M,1969
16626,CA,EMERGENCY MEDICINE,M,1971
16627,AL,INTERNAL MEDICINE/PEDIATRICS,F,1971
16628,IL,HOSPITALIST,M,1970
16629,AL,CYTOPATHOLOGY,M,1967
16630,AR,CARDIOVASCULAR DISEASE,M,1972
16631,WI,CARDIOVASCULAR DISEASE,M,1962
16632,MN,DERMATOLOGY,M,1965
16633,AZ,INTERNAL MEDICINE,F,1968
16634,FL,FAMILY MEDICINE,M,1957
16635,FL,EMERGENCY MEDICINE,M,1968
16636,LA,INTERNAL MEDICINE,M,1964
16637,GA,PODIATRIST,M,
16638,WI,CARDIOVASCULAR DISEASE,M,1971
16639,TX,GASTROENTEROLOGY,M,1967
16640,CO,EMERGENCY MEDICINE,M,1965
16641,WA,PEDIATRIC NEPHROLOGY,M,1968
16642,CA,CARDIOVASCULAR DISEASE,M,1972
16643,GA,INTERNAL MEDICINE,M,1970
16644,FL,PEDIATRICS,F,1973
16645,CA,PSYCHIATRY,F,1972
16646,CA,ALLERGY & IMMUNOLOGY,M,1971
16647,NY,MUSCULOSKELETAL RADIOLOGY,M,1971
16648,MA,EMERGENCY MEDICINE,M,1971
16649,AZ,GENERAL SURGERY,F,1958
16650,CA,EMERGENCY MEDICINE,M,1971
16651,WA,NEURORADIOLOGY,M,1967
16652,NJ,GASTROENTEROLOGY,M,1967
16653,KY,OPTOMETRIST,M,1969
16654,DC,INFECTIOUS DISEASE,F,1971
16655,CA,HEMATOLOGY/ONCOLOGY,M,1971
16656,MO,FAMILY MEDICINE,F,1962
16657,CA,FAMILY MEDICINE,F,1964
16658,CA,INTERNAL MEDICINE,M,1970
16659,AR,FAMILY MEDICINE,F,1972
16660,GA,FAMILY MEDICINE,M,1972
16661,OH,CARDIOVASCULAR DISEASE,M,1968
16662,IL,PEDIATRICS,F,1971
16663,NY,DERMATOLOGY,M,1957
16664,NY,FAMILY MEDICINE,F,1963
16665,CA,DIAGNOSTIC RADIOLOGY,M,1963
16666,CT,ANESTHESIOLOGY,M,1959
16667,FL,FAMILY MEDICINE,M,1965
16668,TX,FAMILY MEDICINE,M,1968
16669,NC,FAMILY MEDICINE,F,1969
16670,NV,PHYSICIAN ASSISTANT,M,1959
16671,CA,FAMILY MEDICINE,F,1959
16672,TX,INTERNAL MEDICINE,M,1972
16673,NY,INTERNAL MEDICINE,F,1970
16674,IL,INTERNAL MEDICINE,M,1972
16675,NJ,PEDIATRICS,F,1970
16676,UT,INTERNAL MEDICINE,M,1960
16677,CA,FAMILY MEDICINE,F,1958
16678,MN,HEMATOLOGY/ONCOLOGY,M,1968
16679,NM,PHYSICIAN ASSISTANT,M,1964
16680,LA,CARDIOVASCULAR DISEASE,M,1969
16681,NY,FAMILY MEDICINE,M,1958
16682,IL,PSYCHIATRY,M,1970
16683,DE,OPTOMETRIST,F,
16684,MN,PHYSICIAN ASSISTANT,M,1967
16685,MA,NURSE PRACTITIONER,F,
16686,FL,HOSPITALIST,M,1954
16687,MI,FAMILY MEDICINE,M,1968
16688,PA,INTERNAL MEDICINE,M,1970
16689,AR,GERIATRIC MEDICINE (INTERNAL MEDICINE),M,1970
16690,NJ,OBSTETRICS & GYNECOLOGY,M,1959
16691,NY,FAMILY MEDICINE,M,1969
16692,MI,INTERNAL MEDICINE,M,1971
16693,FL,PEDIATRIC EMERGENCY MEDICINE (PEDIATRICS),M,1969
16694,FL,INTERNAL MEDICINE,M,1966
16695,AZ,CARDIOVASCULAR DISEASE,M,1968
16696,FL,CARDIOVASCULAR DISEASE,M,1971
16697,CT,INTERNAL MEDICINE,F,1961
16698,FL,PULMONARY CRITICAL CARE MEDICINE,F,1973
16699,NY,ANESTHESIOLOGY,F,1965
16700,FL,PEDIATRICS,M,1961
16701,OH,FAMILY MEDICINE,M,1966
16702,MN,PHYSICIAN ASSISTANT,F,1961
16703,NC,PHYSICIAN ASSISTANT,F,1963
16704,NY,NURSE PRACTITIONER,F,
16705,CT,DIAGNOSTIC RADIOLOGY,M,1957
16706,OH,CARDIOVASCULAR DISEASE,M,1968
16707,MO,NEPHROLOGY,M,1969
16708,NY,FAMILY MEDICINE,M,1964
16709,MD,EMERGENCY MEDICINE,M,1968
16710,NY,NURSE PRACTITIONER,F,
16711,NJ,INTERNAL MEDICINE,M,1963
16712,CA,PEDIATRICS,F,1967
16713,NY,INTERNAL MEDICINE,M,1962
16714,NJ,EMERGENCY MEDICINE,M,1970
16715,NJ,FAMILY MEDICINE,F,1970
16716,OK,FAMILY MEDICINE,F,1965
16717,OH,EMERGENCY MEDICINE,M,1970
16718,NJ,FAMILY MEDICINE,M,1966
16719,CA,FAMILY MEDICINE,M,1962
16720,NY,FAMILY MEDICINE,M,1960
16721,OR,FAMILY MEDICINE,F,1966
16722,WA,FAMILY MEDICINE,M,1949
16723,MD,DIAGNOSTIC RADIOLOGY,F,1970
16724,PA,EMERGENCY MEDICINE,M,1968
16725,OH,DIAGNOSTIC RADIOLOGY,M,1970
16726,CA,ALLERGY & IMMUNOLOGY,M,1967
16727,NC,EMERGENCY MEDICINE,M,1969
16728,OR,INTERNAL MEDICINE,M,1968
16729,NY,NURSE PRACTITIONER,F,
16730,FL,FAMILY MEDICINE,M,1973
16731,OH,EMERGENCY MEDICINE,M,1968
16732,CA,FAMILY MEDICINE,F,1976
16733,WV,INTERNAL MEDICINE/PEDIATRICS,M,1970
16734,WA,CARDIOVASCULAR DISEASE,M,1964
16735,IA,OTOLARYNGOLOGY,M,1969
16736,IN,DIAGNOSTIC RADIOLOGY,M,1971
16737,GA,FAMILY MEDICINE,M,1969
16738,TX,VASCULAR SURGERY,M,1970
16739,GA,FAMILY MEDICINE,M,1969
16740,TN,DIAGNOSTIC RADIOLOGY,M,1960
16741,VA,OTOLARYNGOLOGY,M,1971
16742,SC,DERMATOPATHOLOGY,M,1970
16743,NV,CARDIOVASCULAR DISEASE,M,1971
16744,CT,FAMILY MEDICINE,F,1970
16745,FL,NEUROLOGY,M,1968
16746,PA,CARDIOVASCULAR DISEASE,M,1971
16747,VA,FAMILY MEDICINE,F,1972
16748,MO,NEUROLOGY,F,1966
16749,MI,FAMILY MEDICINE,F,1958
16750,CA,ANATOMIC/CLINICAL PATHOLOGY,F,1958
16751,SD,PHYSICIAN ASSISTANT,F,1962
16752,TX,NURSE PRACTITIONER,F,1968
16753,DE,PHYSICIAN ASSISTANT,M,1960
16754,OH,PODIATRIST,F,1969
16755,PA,FAMILY MEDICINE,M,1971
16756,NJ,EMERGENCY MEDICINE,M,1970
16757,NC,EMERGENCY MEDICINE,M,1966
16758,TX,FAMILY MEDICINE,M,1967
16759,FL,FAMILY MEDICINE,M,1969
16760,CA,EMERGENCY MEDICINE,M,1968
16761,TX,DIAGNOSTIC RADIOLOGY,M,1961
16762,FL,FAMILY MEDICINE,F,1969
16763,FL,ALLERGY & IMMUNOLOGY,M,1971
16764,TX,FAMILY MEDICINE,M,1970
16765,MO,FAMILY MEDICINE,M,1971
16766,FL,GENERAL PRACTICE,M,1951
16767,CA,INTERNAL MEDICINE,F,1968
16768,MI,NEUROLOGY,M,1970
16769,PA,INTERNAL MEDICINE,M,1971
16770,FL,DIAGNOSTIC RADIOLOGY,M,1969
16771,MI,DIAGNOSTIC RADIOLOGY,M,1969
16772,MI,INTERNAL MEDICINE,M,1968
16773,CA,INTERNAL MEDICINE,M,1967
16774,MI,NEUROLOGY,M,1968
16775,TX,FAMILY MEDICINE,M,1964
16776,TX,EMERGENCY MEDICINE,M,1971
16777,VA,INTERNAL MEDICINE/PEDIATRICS,F,1971
16778,MO,DIAGNOSTIC RADIOLOGY,M,1969
16779,OH,CARDIOVASCULAR DISEASE,F,1971
16780,FL,DIAGNOSTIC RADIOLOGY,M,1969
16781,CA,EMERGENCY MEDICINE,M,1970
16782,PA,PEDIATRICS,F,1968
16783,PA,RADIOLOGY,M,1966
16784,OK,FAMILY MEDICINE,F,1966
16785,GA,DIAGNOSTIC RADIOLOGY,M,1970
16786,IN,EMERGENCY MEDICINE,M,1971
16787,OH,HOSPITALIST,F,1970
16788,NC,FAMILY MEDICINE,M,1971
16789,OH,FAMILY MEDICINE,M,1969
16790,NY,EMERGENCY MEDICINE,M,1970
16791,NH,OTOLARYNGOLOGY,M,1967
16792,NY,FAMILY MEDICINE,M,1966
16793,PA,INFECTIOUS DISEASE,M,1970
16794,TX,FAMILY MEDICINE,M,1971
16795,TX,INTERNAL MEDICINE,M,1969
16796,MO,NEUROLOGY,M,1966
16797,TX,FAMILY MEDICINE,F,1970
16798,WA,PEDIATRICS,M,1969
16799,VA,EMERGENCY MEDICINE,M,1964
16800,DE,PLASTIC SURGERY,M,1971
16801,TX,ANATOMIC/CLINICAL PATHOLOGY,M,1971
16802,TX,ANATOMIC/CLINICAL PATHOLOGY,M,1970
16803,TX,FAMILY MEDICINE,M,1970
16804,OK,FAMILY MEDICINE,M,1971
16805,ID,ORTHOPEDIC SURGERY,M,1970
16806,NY,DIAGNOSTIC RADIOLOGY,M,1971
16807,MA,DERMATOLOGY,F,1968
16808,WA,EMERGENCY MEDICINE,M,1969
16809,TX,FAMILY MEDICINE,M,1969
16810,TX,EMERGENCY MEDICINE,M,1968
16811,TX,FAMILY MEDICINE,M,1970
16812,CA,FAMILY MEDICINE,M,1969
16813,TX,FAMILY MEDICINE,F,1969
16814,KY,DIAGNOSTIC RADIOLOGY,M,1970
16815,TX,DERMATOPATHOLOGY,M,1971
16816,TX,EMERGENCY MEDICINE,M,1969
16817,AL,OBSTETRICS & GYNECOLOGY,F,1971
16818,AL,OBSTETRICS & GYNECOLOGY,F,1969
16819,CO,INTERNAL MEDICINE,M,1967
16820,MA,OPHTHALMOLOGY,M,1969
16821,OK,INTERVENTIONAL CARDIOLOGY,M,1970
16822,CA,DERMATOLOGY,M,1971
16823,VA,PEDIATRICS,F,1971
16824,FL,DIAGNOSTIC RADIOLOGY,M,1971
16825,CA,UROLOGY,M,1972
16826,AZ,FAMILY MEDICINE,F,1972
16827,OR,CLINICAL CARDIAC ELECTROPHYSIOLOGY,M,1969
16828,NC,RHEUMATOLOGY,M,1970
16829,VA,OTOLARYNGOLOGY,M,1970
16830,NV,EMERGENCY MEDICINE,M,1968
16831,NC,EMERGENCY MEDICINE,M,1971
16832,OH,EMERGENCY MEDICINE,M,1970
16833,MI,EMERGENCY MEDICINE,M,1966
16834,DE,DERMATOLOGY,M,1966
16835,AR,HOSPITALIST,M,1970
16836,MI,GENERAL PRACTICE,M,1969
16837,OH,EMERGENCY MEDICINE,M,1966
16838,OR,FAMILY MEDICINE,F,1955
16839,WA,EMERGENCY MEDICINE,M,1966
16840,WV,CARDIOVASCULAR DISEASE,F,1968
16841,NV,GASTROENTEROLOGY,M,1966
16842,TX,OBSTETRICS & GYNECOLOGY,F,1972
16843,TX,FAMILY MEDICINE,M,1970
16844,TX,NEUROLOGICAL SURGERY,M,1971
16845,TX,DIAGNOSTIC RADIOLOGY,M,1966
16846,SC,DIAGNOSTIC RADIOLOGY,M,1965
16847,SD,FAMILY MEDICINE,M,1969
16848,SC,CARDIOVASCULAR DISEASE,M,1971
16849,SC,NEURORADIOLOGY,M,1970
16850,SC,FAMILY MEDICINE,M,1958
16851,PA,FAMILY MEDICINE,F,1971
16852,FL,OTOLARYNGOLOGY,M,1971
16853,MD,GYNECOLOGY,F,1971
16854,FL,EMERGENCY MEDICINE,F,1973
16855,FL,EMERGENCY MEDICINE,F,1969
16856,NJ,INTERNAL MEDICINE,M,1971
16857,MD,EMERGENCY MEDICINE,F,1971
16858,PA,SPORTS MEDICINE (PEDIATRICS),F,1968
16859,CA,PEDIATRICS,F,1971
16860,TX,DIAGNOSTIC RADIOLOGY,M,1964
16861,SC,PEDIATRICS,M,1970
16862,ID,PHYSICAL MEDICINE & REHABILITATION,M,1965
16863,NH,FAMILY MEDICINE,M,1971
16864,FL,EMERGENCY MEDICINE,M,1969
16865,CA,VASCULAR & INTERVENTIONAL RADIOLOGY,M,1971
16866,MI,FAMILY MEDICINE,M,1972
16867,NJ,INTERNAL MEDICINE,M,1970
16868,RI,GASTROENTEROLOGY,M,1970
16869,NY,HOSPITALIST,M,1971
16870,NY,UROLOGY,M,1971
16871,FL,VASCULAR & INTERVENTIONAL RADIOLOGY,M,1971
16872,CA,EMERGENCY MEDICINE,F,1971
16873,NY,CARDIOVASCULAR DISEASE,M,1968
16874,CA,NEUROLOGY,M,1968
16875,TX,UROLOGY,M,1971
16876,NC,HEMATOLOGY/ONCOLOGY,M,1963
16877,PA,CRITICAL CARE MEDICINE (INTERNAL MEDICINE),F,1970
16878,PA,EMERGENCY MEDICINE,F,1970
16879,IA,INTERNAL MEDICINE,F,1970
16880,IL,EMERGENCY MEDICINE,M,1969
16881,WA,FAMILY MEDICINE,F,1970
16882,MN,EMERGENCY MEDICINE,M,1970
16883,MO,ANESTHESIOLOGY,M,1969
16884,MS,PEDIATRICS,M,1970
16885,MI,CARDIOVASCULAR DISEASE,M,1969
16886,MI,DIAGNOSTIC RADIOLOGY,M,1971
16887,MI,DIAGNOSTIC RADIOLOGY,M,1969
16888,MI,EMERGENCY MEDICINE,M,1971
16889,MI,FAMILY MEDICINE,F,1971
16890,MI,RADIOLOGY,M,1969
16891,ME,BLOOD BANKING/TRANSFUSION MEDICINE,M,1971
16892,MN,DIAGNOSTIC RADIOLOGY,M,1963
16893,WA,ALLERGY & IMMUNOLOGY,M,1968
16894,TX,FAMILY MEDICINE,M,1971
16895,CO,HEMATOLOGY/ONCOLOGY,M,1970
16896,CA,FAMILY MEDICINE,F,1970
16897,TN,PEDIATRICS,M,1971
16898,CA,DIAGNOSTIC RADIOLOGY,M,1966
16899,MA,DIAGNOSTIC RADIOLOGY,M,1973
16900,PA,FAMILY MEDICINE,F,1971
16901,OH,FAMILY MEDICINE,M,1969
16902,CA,INTERNAL MEDICINE,M,1970
16903,NC,ANESTHESIOLOGY,M,1969
16904,OH,INTERNAL MEDICINE,M,1970
16905,MD,FAMILY MEDICINE,M,1968
16906,IL,INTERVENTIONAL CARDIOLOGY,M,1969
16907,NC,FAMILY MEDICINE,M,1970
16908,FL,ORTHOPEDIC SURGERY,M,1971
16909,NJ,DERMATOLOGY,M,1969
16910,FL,DERMATOLOGY,M,1969
16911,NY,EMERGENCY MEDICINE,M,1971
16912,NY,INTERNAL MEDICINE,M,1954
16913,NJ,UROLOGY,M,1968
16914,OH,CARDIOVASCULAR DISEASE,M,1970
16915,TX,INTERNAL MEDICINE/PEDIATRICS,F,1970
16916,OH,EMERGENCY MEDICINE,M,1971
16917,FL,ANESTHESIOLOGY,M,1969
16918,OH,OTOLARYNGOLOGY,M,1971
16919,GA,FAMILY MEDICINE,F,1969
16920,MN,OPHTHALMOLOGY,M,1968
16921,TX,EMERGENCY MEDICINE,M,1972
16922,NY,INTERNAL MEDICINE,M,1969
16923,NY,DERMATOLOGY,M,1971
16924,RI,GASTROENTEROLOGY,M,1971
16925,OR,PEDIATRICS/EMERGENCY MEDICINE,M,1967
16926,MN,GASTROENTEROLOGY,M,1970
16927,MI,EMERGENCY MEDICINE,M,1970
16928,MI,CARDIOVASCULAR DISEASE,F,1958
16929,MI,FAMILY MEDICINE,M,1971
16930,CT,PSYCHIATRY,M,1969
16931,TN,INTERNAL MEDICINE,F,1971
16932,WA,INTERNAL MEDICINE/PSYCHIATRY,M,1971
16933,VA,INTERNAL MEDICINE,F,1971
16934,SC,INTERNAL MEDICINE/PEDIATRICS,F,1973
16935,GA,FAMILY MEDICINE,F,1970
16936,LA,CARDIOVASCULAR DISEASE,M,1971
16937,KY,PULMONARY CRITICAL CARE MEDICINE,M,1970
16938,IA,FAMILY MEDICINE,F,1970
16939,VA,OBSTETRICS & GYNECOLOGY,F,1971
16940,NC,PEDIATRICS,M,1972
16941,CA,INTERNAL MEDICINE,M,1969
16942,TX,FAMILY MEDICINE,F,1956
16943,NC,OPHTHALMOLOGY,M,1969
16944,GA,FAMILY MEDICINE,F,1970
16945,FL,GERIATRIC MEDICINE (INTERNAL MEDICINE),F,1971
16946,CO,CRITICAL CARE MEDICINE (INTERNAL MEDICINE),M,1971
16947,NC,FAMILY MEDICINE,M,1970
16948,CA,PULMONARY DISEASE,M,1970
16949,NY,UROLOGY,M,1973
16950,NY,VASCULAR & INTERVENTIONAL RADIOLOGY,M,1967
16951,MN,DIAGNOSTIC RADIOLOGY,M,1966
8506,IL,DERMATOLOGY,F,1979
8507,KY,NURSE PRACTITIONER,M,
8508,FL,INTERNAL MEDICINE,M,1976
8509,KY,PEDIATRIC RADIOLOGY,M,1979
8510,OR,RADIOLOGY,M,1978
8511,FL,GENERAL PRACTICE,F,1971
8512,TX,OBSTETRICS & GYNECOLOGY,F,1979
8513,PA,DIAGNOSTIC RADIOLOGY,F,1969
8514,TX,PEDIATRICS,M,1974
8515,FL,FAMILY MEDICINE,M,1967
8516,FL,GENERAL SURGERY,M,1974
8517,MD,INTERNAL MEDICINE,F,1977
8518,MD,INTERNAL MEDICINE,F,1972
8519,CO,INTERNAL MEDICINE,M,1975
8520,SD,NURSE PRACTITIONER,F,
8521,OH,CARDIOVASCULAR DISEASE,F,1981
8522,LA,INTERNAL MEDICINE,M,1980
8523,FL,OPHTHALMOLOGY,M,1977
8524,GA,GENERAL SURGERY,M,1980
8525,IL,PEDIATRICS,F,1983
8526,NJ,INFECTIOUS DISEASE,F,1979
8527,NY,CLINICAL NEUROPHYSIOLOGY,F,1983
8528,MA,INTERNAL MEDICINE,F,1982
8529,OR,FAMILY MEDICINE,M,1977
8530,CA,VASCULAR & INTERVENTIONAL RADIOLOGY,M,1975
8531,IA,PHYSICIAN ASSISTANT,F,1984
8532,DE,INTERNAL MEDICINE,M,1981
8533,FL,NEUROLOGY,M,1970
8534,CA,OBSTETRICS & GYNECOLOGY,F,1979
8535,OK,INTERNAL MEDICINE,F,1981
8536,MI,FAMILY MEDICINE,M,1974
8537,FL,OBSTETRICS & GYNECOLOGY,F,1972
8538,TX,VASCULAR & INTERVENTIONAL RADIOLOGY,M,1972
8539,ID,PHYSICIAN ASSISTANT,F,1984
8540,TX,PHYSICIAN ASSISTANT,F,1980
8541,VA,INTERNAL MEDICINE,F,1978
8542,MA,HEMATOLOGY/ONCOLOGY,M,1973
8543,TX,OBSTETRICS & GYNECOLOGY,F,1980
8544,NY,EMERGENCY MEDICINE,M,1980
8545,NY,PHYSICIAN ASSISTANT,F,1963
8546,CA,EMERGENCY MEDICINE,F,1973
8547,CT,GERIATRIC MEDICINE (INTERNAL MEDICINE),F,1974
8548,NY,INTERVENTIONAL CARDIOLOGY,M,1970
8549,MD,FAMILY MEDICINE,F,1958
8550,CT,ANATOMIC PATHOLOGY,F,1972
8551,IA,DIAGNOSTIC RADIOLOGY,M,1978
8552,CO,DIAGNOSTIC RADIOLOGY,M,1980
8553,GA,PSYCHIATRY,M,1982
8554,PA,INTERNAL MEDICINE,M,1979
8555,WV,INFECTIOUS DISEASE,F,1979
8556,IL,ANATOMIC/CLINICAL PATHOLOGY,F,1967
8557,OH,FAMILY MEDICINE,F,1982
8558,FL,PULMONARY DISEASE,M,1976
8559,NY,CARDIOVASCULAR DISEASE,F,1966
8560,MD,"ENDOCRINOLOGY, DIABETES & METABOLISM",F,1979
8561,WA,ORTHOPEDIC SURGERY,M,1977
8562,CO,FAMILY MEDICINE,F,1975
8563,FL,NEUROLOGY,M,1979
8564,AL,FAMILY MEDICINE,F,1981
8565,CA,CRITICAL CARE MEDICINE (ANESTHESIOLOGY),F,1976
8566,DE,EMERGENCY MEDICINE,F,1979
8567,TX,PHYSICIAN ASSISTANT,M,1984
8568,NJ,CARDIOVASCULAR DISEASE,M,1983
8569,WA,CARDIOVASCULAR DISEASE,M,1983
8570,CA,PEDIATRICS,F,1979
8571,MI,PSYCHOLOGY,M,
8572,FL,PEDIATRICS,F,1981
8573,WI,DERMATOPATHOLOGY,M,1977
8574,CA,DIAGNOSTIC RADIOLOGY,M,1975
8575,TX,DIAGNOSTIC RADIOLOGY,F,1970
8576,MO,DIAGNOSTIC RADIOLOGY,M,1981
8577,SC,BLOOD BANKING/TRANSFUSION MEDICINE,M,1978
8578,WA,OBSTETRICS & GYNECOLOGY,F,1983
8579,MS,CARDIOVASCULAR DISEASE,M,1980
8580,OH,DIAGNOSTIC RADIOLOGY,M,1982
8581,CA,ANESTHESIOLOGY,M,1981
8582,MI,PULMONARY DISEASE,M,1982
8583,MI,GASTROENTEROLOGY,M,1979
8584,NY,DIAGNOSTIC RADIOLOGY,M,1977
8585,TX,NURSE PRACTITIONER,M,1978
8586,VA,"ENDOCRINOLOGY, DIABETES & METABOLISM",F,1981
8587,MS,GENERAL SURGERY,M,1982
8588,GA,FAMILY MEDICINE,M,1971
8589,CA,DERMATOLOGY,M,1979
8590,FL,FAMILY MEDICINE,M,1981
8591,DE,CARDIOVASCULAR DISEASE,F,1978
8592,HI,NEPHROLOGY,M,1984
8593,CA,DERMATOLOGY,F,1983
8594,NY,OTOLARYNGOLOGY,F,1978
8595,TX,FAMILY MEDICINE,M,1971
8596,NV,HEMATOLOGY/ONCOLOGY,M,1973
8597,TN,NURSE PRACTITIONER,F,
8598,PR,GENERAL PRACTICE,F,
8599,CA,EMERGENCY MEDICINE,M,1971
8600,TN,ANATOMIC/CLINICAL PATHOLOGY,F,1967
8601,NC,PHYSICIAN ASSISTANT,M,1976
8602,CT,FAMILY MEDICINE,M,1970
8603,KY,FAMILY MEDICINE,M,1979
8604,NV,GENERAL SURGERY,M,1973
8605,CO,HOSPITALIST,F,1981
8606,GA,EMERGENCY MEDICINE,F,1983
8607,NV,PEDIATRIC RADIOLOGY,M,1975
8608,CA,CLINICAL CARDIAC ELECTROPHYSIOLOGY,M,1983
8609,OK,OPTOMETRIST,F,
8610,FL,EMERGENCY MEDICINE,M,1974
8611,NV,NURSE PRACTITIONER,F,
8612,IN,INTERNAL MEDICINE,F,1978
8613,MI,AUDIOLOGY,F,
8614,TX,HOSPITALIST,F,1981
8615,MD,OPHTHALMOLOGY,F,1979
8616,NY,PEDIATRICS,F,1980
8617,ME,INTERNAL MEDICINE,M,1982
8618,NY,INTERNAL MEDICINE,F,1973
8619,PA,CHILD NEUROLOGY,F,1982
8620,MD,DIAGNOSTIC RADIOLOGY,F,1978
8621,MI,FAMILY MEDICINE,F,1975
8622,MD,INTERNAL MEDICINE,M,1978
8623,NY,FAMILY MEDICINE,F,1973
8624,NC,INTERNAL MEDICINE,F,1980
8625,PA,GENERAL SURGERY,F,1982
8626,DC,PHYSICIAN ASSISTANT,M,1977
8627,DC,VASCULAR & INTERVENTIONAL RADIOLOGY,M,1980
8628,FL,INTERNAL MEDICINE,M,
8629,IL,NEUROLOGICAL SURGERY,F,1982
8630,CA,FAMILY MEDICINE,F,1976
8631,VA,DIAGNOSTIC RADIOLOGY,M,1974
8632,IN,FAMILY MEDICINE,F,1976
8633,CA,PEDIATRICS,F,1980
8634,NC,FAMILY MEDICINE,F,1977
8635,GA,EMERGENCY MEDICINE,M,1978
8636,WA,PHARMACIST,M,
8637,FL,HOSPITALIST,M,1978
8638,MA,INTERNAL MEDICINE,F,1977
8639,AZ,SURGICAL CRITICAL CARE (SURGERY),F,1979
8640,TX,INTERNAL MEDICINE,F,1976
8641,NC,DIAGNOSTIC RADIOLOGY,M,1982
8642,KS,NUCLEAR RADIOLOGY,M,1980
8643,AZ,CARDIOVASCULAR DISEASE,M,1979
8644,TX,EMERGENCY MEDICINE,M,1978
8645,OH,NURSE PRACTITIONER,F,1956
8646,TN,SELECTIVE PATHOLOGY,M,1970
8647,IL,FAMILY MEDICINE,F,1974
8648,FL,VASCULAR & INTERVENTIONAL RADIOLOGY,M,1974
8649,PA,HEMATOLOGY (PATHOLOGY),M,1973
8650,PA,VASCULAR SURGERY,M,1975
8651,PR,GENERAL PRACTICE,F,1977
8652,CA,DIAGNOSTIC RADIOLOGY,F,1976
8653,GA,CARDIOVASCULAR DISEASE,M,1980
8654,TX,INTERNAL MEDICINE,M,1973
8655,MD,OBSTETRICS & GYNECOLOGY,F,1983
8656,OR,PHYSICIAN ASSISTANT,F,1978
8657,OH,ANATOMIC/CLINICAL PATHOLOGY,F,1982
8658,CA,INTERVENTIONAL CARDIOLOGY,M,1980
8659,IL,FAMILY MEDICINE,M,1976
8660,PA,ANATOMIC/CLINICAL PATHOLOGY,F,1979
8661,OR,INTERNAL MEDICINE,F,1976
8662,NJ,DIAGNOSTIC RADIOLOGY,F,1981
8663,OH,FAMILY MEDICINE,M,1971
8664,NV,PEDIATRICS,M,1979
8665,GA,FAMILY MEDICINE,M,1978
8666,CA,GASTROENTEROLOGY,F,1978
8667,CA,FAMILY MEDICINE,F,1977
8668,TX,NEURORADIOLOGY,M,1980
8669,CA,INTERNAL MEDICINE/PEDIATRICS,M,1980
8670,VA,PEDIATRICS,F,1980
8671,TX,ANATOMIC/CLINICAL PATHOLOGY,M,1982
8672,OR,PULMONARY CRITICAL CARE MEDICINE,F,1981
8673,RI,INTERNAL MEDICINE,M,1963
8674,TN,GASTROENTEROLOGY,M,1970
8675,TX,PEDIATRICS,F,1980
8676,TX,HOSPITALIST,M,1978
8677,NY,NURSE PRACTITIONER,F,
8678,KY,PHYSICIAN ASSISTANT,F,1973
8679,FL,CARDIOVASCULAR DISEASE,M,1980
8680,TN,HOSPITALIST,M,1975
8681,FL,GENERAL PRACTICE,F,
8682,MI,PEDIATRIC ANESTHESIOLOGY,F,1975
8683,NE,INTERNAL MEDICINE,M,1976
8684,WA,PEDIATRICS,F,1975
8685,KY,FAMILY MEDICINE,F,1983
8686,IN,INTERVENTIONAL CARDIOLOGY,M,1979
8687,OR,ORTHOPEDIC SURGERY,M,1979
8688,AZ,INTERNAL MEDICINE/PSYCHIATRY,M,1972
8689,OH,DIAGNOSTIC RADIOLOGY,M,1979
8690,MA,NURSE PRACTITIONER,F,
8691,FL,ANATOMIC/CLINICAL PATHOLOGY,F,1967
8692,TX,PEDIATRICS,M,1980
8693,MO,DIAGNOSTIC RADIOLOGY,M,1980
8694,CA,FAMILY MEDICINE,M,1970
8695,CA,DIAGNOSTIC RADIOLOGY,F,1978
8696,GA,PHYSICIAN ASSISTANT,F,
8697,OH,CARDIOVASCULAR DISEASE,M,1977
8698,NY,EMERGENCY MEDICINE,F,1974
8699,AZ,INTERNAL MEDICINE,F,1977
8700,IL,PEDIATRIC NEPHROLOGY,M,1974
8701,CA,DERMATOLOGY,F,1980
8702,TX,INTERNAL MEDICINE,F,1976
8703,DE,CARDIOVASCULAR DISEASE,M,1979
8704,IL,EMERGENCY MEDICINE,F,1979
8705,IN,PHYSICIAN ASSISTANT,F,1984
8706,MD,FAMILY MEDICINE,F,1972
8707,PA,FAMILY MEDICINE,F,1976
8708,MN,CARDIOVASCULAR DISEASE,F,1981
8709,UT,FAMILY MEDICINE,F,1981
8710,TX,FAMILY MEDICINE,F,1979
8711,FL,ADDICTION PSYCHIATRY,M,1979
8712,TX,NEPHROLOGY,M,1975
8713,CO,FAMILY MEDICINE,M,1980
8714,WA,SELECTIVE PATHOLOGY,F,1973
8715,FL,INFECTIOUS DISEASE,F,1979
8716,OR,FAMILY MEDICINE,M,1979
8717,SC,FAMILY MEDICINE,F,1980
8718,RI,HOSPITALIST,F,1977
8719,NE,PULMONARY DISEASE,M,1976
8720,DC,HOSPITALIST,M,1978
8721,OR,FAMILY MEDICINE,M,1982
8722,GA,HOSPITALIST,F,1983
8723,DC,FAMILY MEDICINE,F,1972
8724,OK,DIAGNOSTIC RADIOLOGY,F,1976
8725,WI,DIAGNOSTIC RADIOLOGY,F,1977
8726,TX,HEMATOLOGY (PATHOLOGY),F,1971
8727,DC,INTERNAL MEDICINE,M,1971
8728,MI,NEPHROLOGY,M,1978
8729,CA,PEDIATRIC CARDIOLOGY,M,1981
8730,TN,CARDIOVASCULAR DISEASE,M,1982
8731,NY,EMERGENCY MEDICINE,F,1979
8732,VA,FAMILY MEDICINE,F,1979
8733,IL,INTERNAL MEDICINE,F,1983
8734,MI,EMERGENCY MEDICINE,M,1975
8735,IL,DIAGNOSTIC RADIOLOGY,M,1981
8736,NM,FAMILY MEDICINE,M,1973
8737,OH,PEDIATRIC HEMATOLOGY/ONCOLOGY,M,1981
8738,IN,EMERGENCY MEDICINE,F,1979
8739,AR,CARDIOVASCULAR DISEASE,M,1983
8740,IA,PEDIATRICS,M,1980
8741,WV,PULMONARY CRITICAL CARE MEDICINE,F,1977
8742,PA,FAMILY MEDICINE,F,1964
8743,NC,INTERVENTIONAL RADIOLOGY-INTEGRATED,M,1976
8744,WA,FAMILY MEDICINE,F,1952
8745,MD,ANATOMIC/CLINICAL PATHOLOGY,M,1982
8746,FL,UROLOGY,M,1976
8747,MI,PHYSICIAN ASSISTANT,M,1981
8748,TX,EMERGENCY MEDICINE,F,1973
8749,PA,FAMILY MEDICINE,M,1975
8750,GA,EMERGENCY MEDICINE,F,1981
8751,NV,DIAGNOSTIC RADIOLOGY,M,1975
8752,KY,NURSE PRACTITIONER,F,
8753,MA,INTERNAL MEDICINE,F,1974
8754,NY,FAMILY MEDICINE,M,1971
8755,MI,EMERGENCY MEDICINE,M,1973
8756,UT,ANESTHESIOLOGY,M,1977
8757,SC,PHYSICIAN ASSISTANT,F,1981
8758,CA,GENERAL SURGERY,M,1971
8759,SD,"ENDOCRINOLOGY, DIABETES & METABOLISM",M,1979
8760,MI,ANATOMIC/CLINICAL PATHOLOGY,F,1972
8761,NY,INTERNAL MEDICINE/EMERGENCY MEDICINE,F,1979
8762,WA,PSYCHOLOGY,F,
8763,PA,INTERNAL MEDICINE,M,1972
8764,NY,EMERGENCY MEDICINE,F,1972
8765,MO,NEUROLOGY,M,1968
8766,NJ,INTERNAL MEDICINE,M,1981
8767,GA,OBSTETRICS & GYNECOLOGY,F,1976
8768,CA,FAMILY MEDICINE,F,1970
8769,CA,OBSTETRICS & GYNECOLOGY,M,1980
8770,TX,NURSE PRACTITIONER,M,1966
8771,FL,INTERNAL MEDICINE,M,1979
8772,CO,HEMATOLOGY/ONCOLOGY,M,1984
8773,OH,ANATOMIC/CLINICAL PATHOLOGY,F,1976
8774,WA,PSYCHIATRY,F,1982
8775,MI,PEDIATRIC RADIOLOGY,F,1972
8776,MI,FAMILY MEDICINE,M,1977
8777,CA,FAMILY MEDICINE,F,1974
8778,WA,INTERNAL MEDICINE,F,1977
8779,FL,RHEUMATOLOGY,M,1977
8780,SC,OBSTETRICS & GYNECOLOGY,F,1981
8781,CO,FAMILY MEDICINE,F,1981
8782,TX,ANATOMIC/CLINICAL PATHOLOGY,F,1982
8783,OK,PHYSICIAN ASSISTANT,F,1984
8784,MD,FAMILY MEDICINE,F,1963
8785,NV,FAMILY MEDICINE,F,1980
8786,FL,NURSE PRACTITIONER,F,
8787,CO,DIAGNOSTIC RADIOLOGY,M,1981
8788,AZ,FAMILY MEDICINE,F,1950
8789,CO,EMERGENCY MEDICINE,M,1976
8790,WA,FAMILY MEDICINE,M,1976
8791,CA,OBSTETRICS & GYNECOLOGY,F,1982
8792,ME,GENERAL SURGERY,M,1980
8793,CA,PULMONARY CRITICAL CARE MEDICINE,M,1981
8794,FL,DIAGNOSTIC RADIOLOGY,M,1980
8795,FL,ANATOMIC/CLINICAL PATHOLOGY,M,1968
8796,CT,INTERNAL MEDICINE,M,1974
8797,LA,NURSE PRACTITIONER,M,
8798,CA,PEDIATRICS,F,1978
8799,CA,INTERNAL MEDICINE/PEDIATRICS,M,1979
8800,LA,NURSE PRACTITIONER,F,
8801,DC,INTERNAL MEDICINE,F,1981
8802,NV,PODIATRIST,M,
8803,TN,NURSE PRACTITIONER,F,
8804,NJ,PHYSICIAN ASSISTANT,F,1968
8805,CA,OTOLARYNGOLOGY,M,1979
8806,FL,DIAGNOSTIC RADIOLOGY,F,1974
8807,OH,FAMILY MEDICINE,M,1975
8808,OH,ANESTHESIOLOGY,M,1980
8809,AZ,GENERAL SURGERY,F,1975
8810,FL,GENERAL PRACTICE,F,
8811,MD,MUSCULOSKELETAL RADIOLOGY,F,1969
8812,MD,EMERGENCY MEDICINE,M,1980
8813,MO,CERTIFIED NURSE ANESTHETIST,F,
8814,FL,CYTOPATHOLOGY,F,1971
8815,LA,INTERNAL MEDICINE,M,1971
8816,MI,EMERGENCY MEDICINE,F,1982
8817,TX,INTERNAL MEDICINE,F,1980
8818,WA,PHARMACIST,F,
8819,MI,ANESTHESIOLOGY,F,1976
8820,NJ,NURSE PRACTITIONER,F,
8821,PA,PEDIATRICS,F,1976
8822,RI,CHIROPRACTIC,F,
8823,SC,OBSTETRICS & GYNECOLOGY,F,1978
8824,NY,HOSPITALIST,M,1980
8825,IL,NEUROLOGY,F,1980
8826,NY,PLASTIC SURGERY,M,1977
8827,AL,EMERGENCY MEDICINE,M,1980
8828,CA,DIAGNOSTIC RADIOLOGY,M,1978
8829,GA,PEDIATRIC ANESTHESIOLOGY,F,1980
8830,TX,INTERNAL MEDICINE,M,1980
8831,TX,INTERNAL MEDICINE,M,1979
8832,OH,INTERNAL MEDICINE,M,1973
8833,MD,GASTROENTEROLOGY,F,1985
8834,CA,PEDIATRICS,M,1978
8835,IN,INTERNAL MEDICINE,F,1983
8836,AZ,TRAUMA SURGERY,F,1975
8837,AZ,HEMATOLOGY/ONCOLOGY,M,1980
8838,MN,GENERAL SURGERY,M,1981
8839,VA,GASTROENTEROLOGY,M,1981
8840,TX,INTERNAL MEDICINE,F,1982
8841,NY,GASTROENTEROLOGY,M,1967
8842,NY,CARDIOVASCULAR DISEASE,M,1980
8843,FL,PEDIATRICS,F,1976
8844,MS,GERIATRIC MEDICINE (INTERNAL MEDICINE),M,1980
8845,WI,FAMILY MEDICINE,F,1977
8846,FL,PHYSICIAN ASSISTANT,M,1977
8847,MI,INTERNAL MEDICINE,M,1977
8848,VA,FAMILY MEDICINE,F,1975
8849,IL,EMERGENCY MEDICINE,F,1982
8850,IA,INTERNAL MEDICINE,F,1972
8851,NH,PSYCHIATRY,F,1963
8852,FL,ALLERGY & IMMUNOLOGY,F,1979
8853,MA,PULMONARY DISEASE,M,1973
8854,FL,ANESTHESIOLOGY,F,1972
8855,MD,UROLOGY,M,1980
8856,NY,DIAGNOSTIC RADIOLOGY,F,1981
8857,FL,DERMATOLOGY,M,1982
8858,OR,INFECTIOUS DISEASE,F,1979
8859,TX,PHYSICIAN ASSISTANT,F,1984
8860,MA,EMERGENCY MEDICINE,F,1977
8861,MD,CHIROPRACTIC,M,
8862,CA,RADIOLOGY,F,1981
8863,NH,OBSTETRICS & GYNECOLOGY,F,1980
8864,PR,GENERAL PRACTICE,F,
8865,MI,EMERGENCY MEDICINE,F,1982
8866,FL,HOSPITALIST,F,1976
8867,MI,ANESTHESIOLOGY,M,1981
8868,DE,EMERGENCY MEDICINE,F,1980
8869,CA,CARDIOVASCULAR DISEASE,M,1979
8870,NC,PHYSICIAN ASSISTANT,F,1977
8871,FL,INTERNAL MEDICINE,F,1980
8872,NY,HEMATOLOGY (PATHOLOGY),F,1969
8873,DC,EMERGENCY MEDICINE,F,1977
8874,MO,FAMILY MEDICINE,M,1978
8875,FL,PAIN MEDICINE,M,1978
8876,RI,DIAGNOSTIC RADIOLOGY,M,1977
8877,FL,OPTOMETRIST,F,
8878,LA,PHYSICIAN ASSISTANT,M,1963
8879,MO,NEURORADIOLOGY,M,1980
8880,GA,CARDIOVASCULAR DISEASE,M,1976
8881,LA,NURSE PRACTITIONER,M,1971
8882,WA,PEDIATRICS,F,1978
8883,TX,DIAGNOSTIC RADIOLOGY,M,1979
8884,FL,CARDIOVASCULAR DISEASE,M,1980
8885,CA,INTERNAL MEDICINE,M,1971
8886,CA,GENERAL SURGERY,F,1983
8887,LA,CHIROPRACTIC,F,
8888,KY,DIAGNOSTIC RADIOLOGY,M,1976
8889,NY,PEDIATRICS,M,1958
8890,NY,PSYCHIATRY,M,1979
8891,FL,HOSPITALIST,F,1972
8892,NY,SPORTS MEDICINE (ORTHOPEDIC SURGERY),M,1977
8893,CA,PSYCHIATRY,M,1979
8894,FL,FAMILY MEDICINE,M,1959
8895,NY,CLINICAL CARDIAC ELECTROPHYSIOLOGY,M,1982
8896,CA,"ENDOCRINOLOGY, DIABETES & METABOLISM",F,1979
8897,OH,PHYSICIAN ASSISTANT,F,1983
8898,CA,PEDIATRIC CARDIOLOGY,F,1979
8899,OH,NEURORADIOLOGY,M,1981
8900,MI,EMERGENCY MEDICINE,M,1980
8901,FL,FAMILY MEDICINE,M,1973
8902,GA,OBSTETRICS & GYNECOLOGY,F,1979
8903,TX,OBSTETRICS & GYNECOLOGY,F,1982
8904,CA,ADULT CARDIOTHORACIC ANESTHESIOLOGY,F,1975
8905,MD,CARDIOVASCULAR DISEASE,F,1980
8906,WI,PSYCHOLOGY,F,
8907,NV,CHIROPRACTIC,F,
8908,FL,OTOLARYNGOLOGY,M,1982
8909,MI,ANATOMIC/CLINICAL PATHOLOGY,F,1983
8910,MI,EMERGENCY MEDICINE,F,1979
8911,TX,PEDIATRICS,F,1978
8912,VA,ORAL & MAXILLOFACIAL SURGERY,M,
8913,AZ,PEDIATRICS,F,1977
8914,TN,ANATOMIC/CLINICAL PATHOLOGY,F,1975
8915,NY,FAMILY MEDICINE,F,1980
8916,CA,FAMILY MEDICINE,M,1981
8917,RI,NURSE PRACTITIONER,F,
8918,CA,UROLOGY,M,1982
8919,WA,PEDIATRIC PULMONOLOGY,F,1974
8920,CO,DIAGNOSTIC RADIOLOGY,M,1979
8921,TX,PEDIATRICS,F,1977
8922,CO,FAMILY MEDICINE,F,1973
8923,DE,FAMILY MEDICINE,F,1976
8924,OR,INTERNAL MEDICINE,F,1979
8925,WI,FAMILY MEDICINE,F,1983
8926,LA,CERTIFIED NURSE ANESTHETIST,M,
8927,PR,EMERGENCY MEDICINE,F,1979
8928,MN,INTERNAL MEDICINE,F,1983
8929,SC,CARDIOVASCULAR DISEASE,F,1980
8930,GA,PSYCHIATRY,F,1981
8931,AR,FAMILY MEDICINE,M,1979
8932,NY,INFECTIOUS DISEASE,M,1977
8933,NY,GASTROENTEROLOGY,M,1982
8934,NV,PHYSICIAN ASSISTANT,F,1978
8935,DC,PHYSICIAN ASSISTANT,F,1968
8936,KY,NURSE PRACTITIONER,M,
8937,FL,PAIN MEDICINE (ANESTHESIOLOGY),M,1971
8938,TX,OPTOMETRIST,M,1976
8939,NY,INTERNAL MEDICINE,F,1979
8940,AL,ANATOMIC/CLINICAL PATHOLOGY,M,1963
8941,TX,EMERGENCY MEDICINE,F,1983
8942,GA,OPHTHALMOLOGY,M,1980
8943,FL,CARDIOVASCULAR DISEASE,M,1978
8944,TN,ANESTHESIOLOGY,M,1970
8945,FL,INTERNAL MEDICINE,M,1969
8946,AZ,INTERNAL MEDICINE,F,1981
8947,GA,ABDOMINAL RADIOLOGY,M,1973
8948,GA,FAMILY MEDICINE,M,1978
8949,IL,INTERNAL MEDICINE,F,1980
8950,SC,PHYSICIAN ASSISTANT,F,1972
8951,AZ,NUCLEAR MEDICINE,F,1978
8952,NM,PSYCHOLOGY,F,
8953,KY,PHYSICIAN ASSISTANT,M,1977
8954,OH,PEDIATRIC CARDIOLOGY,M,1979
8955,FL,CARDIOVASCULAR DISEASE,M,1982
8956,PA,EMERGENCY MEDICINE,M,1973
8957,VA,FAMILY MEDICINE,F,1975
8958,SC,EMERGENCY MEDICINE,F,
8959,LA,ANATOMIC/CLINICAL PATHOLOGY,F,1982
8960,MO,DIAGNOSTIC RADIOLOGY,F,1984
8961,IL,NURSE PRACTITIONER,F,
8962,CA,PSYCHIATRY,M,1981
8963,TN,PHYSICIAN ASSISTANT,M,1982
8964,PR,GENERAL PRACTICE,F,
8965,SC,HOSPITALIST,F,1970
8966,NV,ANATOMIC/CLINICAL PATHOLOGY,M,1977
8967,TN,PHYSICIAN ASSISTANT,F,1977
8968,TX,PHYSICIAN ASSISTANT,M,1975
8969,NC,FAMILY MEDICINE,F,1975
8970,VA,EMERGENCY MEDICINE,M,1978
8971,NY,INTERNAL MEDICINE,M,1982
8972,FL,DIAGNOSTIC RADIOLOGY,M,1980
8973,CA,NURSE PRACTITIONER,M,
8974,AZ,FAMILY MEDICINE,M,1979
8975,TX,ANESTHESIOLOGY,M,1974
8976,AZ,DIAGNOSTIC RADIOLOGY,M,1980
8977,TX,CARDIOVASCULAR DISEASE,M,1981
8978,CA,VASCULAR & INTERVENTIONAL RADIOLOGY,M,1977
8979,NC,NURSE PRACTITIONER,F,
8980,KY,NURSE PRACTITIONER,F,
8981,AZ,PHYSICIAN ASSISTANT,M,1975
8982,LA,CERTIFIED NURSE ANESTHETIST,M,
8983,CO,NURSE PRACTITIONER,F,
8984,FL,CARDIOVASCULAR DISEASE,F,1981
8985,GA,CARDIOVASCULAR DISEASE,M,1976
8986,WA,EMERGENCY MEDICINE,F,1979
8987,NY,PHYSICIAN ASSISTANT,M,1980
8988,CA,PULMONARY CRITICAL CARE MEDICINE,F,1980
8989,TN,NURSE PRACTITIONER,F,
8990,GA,NUCLEAR RADIOLOGY,M,
8991,TX,GENERAL SURGERY,F,1978
8992,CA,PEDIATRICS,F,1981
8993,TX,INTERNAL MEDICINE,M,1983
8994,FL,INTERNAL MEDICINE,F,1981
8995,LA,PSYCHIATRY,F,1967
8996,WA,FAMILY MEDICINE,M,1964
8997,GA,PSYCHIATRY,M,1976
8998,OR,PROCEDURAL DERMATOLOGY,M,1971
8999,WY,FAMILY MEDICINE,M,1970
9000,ME,DIAGNOSTIC RADIOLOGY,M,1974
9001,NY,DIAGNOSTIC RADIOLOGY,F,1977
9002,TX,INTERNAL MEDICINE,M,1979
9003,CO,OBSTETRICS & GYNECOLOGY,F,1973
9004,AZ,INTERNAL MEDICINE,M,1982
9005,NY,PEDIATRICS,F,1975
9006,FL,DIAGNOSTIC RADIOLOGY,M,1972
9007,NJ,INTERNAL MEDICINE/PEDIATRICS,F,1980
9008,CA,FAMILY MEDICINE,F,1981
9009,OK,NURSE PRACTITIONER,F,1955
9010,FL,GENERAL SURGERY,F,1984
9011,FL,EMERGENCY MEDICINE,M,1983
9012,CO,HOSPITALIST,F,1970
9013,WI,INTERNAL MEDICINE,M,1980
9014,VA,INTERNAL MEDICINE,M,1967
9015,GA,PLASTIC SURGERY,F,1981
9016,DE,CARDIOVASCULAR DISEASE,M,1977
9017,UT,FAMILY MEDICINE,M,1977
9018,MI,ORTHOPEDIC SURGERY,M,1978
9019,KY,CARDIOVASCULAR DISEASE,M,1979
9020,TX,PHYSICIAN ASSISTANT,M,1967
9021,TN,SURGICAL ONCOLOGY,F,1980
9022,DE,DIAGNOSTIC RADIOLOGY,M,1979
9023,IL,INTERVENTIONAL CARDIOLOGY,M,1984
9024,PA,CARDIOVASCULAR DISEASE,M,1979
9025,WA,FAMILY MEDICINE,M,1970
9026,MI,PHYSICIAN ASSISTANT,F,1972
9027,FL,INTERNAL MEDICINE,F,1975
9028,NE,GENERAL SURGERY,M,1981
9029,CA,PULMONARY CRITICAL CARE MEDICINE,M,1978
9030,UT,PEDIATRICS,F,1980
9031,IN,PEDIATRICS,M,1981
9032,MD,EMERGENCY MEDICINE,M,1982
9033,IA,DIAGNOSTIC RADIOLOGY,F,1978
9034,MD,NEUROLOGY,M,1973
9035,OH,PEDIATRIC ANESTHESIOLOGY,F,1984
9036,PA,CERTIFIED NURSE ANESTHETIST,F,
9037,TX,INTERNAL MEDICINE,F,1978
9038,CA,FAMILY MEDICINE,M,1982
9039,TX,INTERNAL MEDICINE,F,1980
9040,TX,VASCULAR & INTERVENTIONAL RADIOLOGY,M,1972
9041,NY,CARDIOTHORACIC RADIOLOGY,M,1974
9042,OR,NURSE PRACTITIONER,F,
9043,OH,FAMILY MEDICINE,M,1971
9044,NV,CARDIOVASCULAR DISEASE,M,1900
9045,MI,PHYSICIAN ASSISTANT,M,1976
9046,TX,GERIATRIC MEDICINE (INTERNAL MEDICINE),M,1981
9047,MN,"ENDOCRINOLOGY, DIABETES & METABOLISM",M,1982
9048,FL,FAMILY MEDICINE,F,1979
9049,MD,EMERGENCY MEDICINE,M,1976
9050,MD,INTERNAL MEDICINE,M,1983
9051,GA,CARDIOVASCULAR DISEASE,M,1983
9052,TX,PULMONARY CRITICAL CARE MEDICINE,M,1981
9053,KY,CARDIOVASCULAR DISEASE,M,1977
9054,WI,DIAGNOSTIC RADIOLOGY,F,1983
9055,CA,INTERNAL MEDICINE/PEDIATRICS,F,1975
9056,CA,PHYSICIAN ASSISTANT,F,1984
9057,TX,INTERNAL MEDICINE,M,1977
9058,FL,PHYSICIAN ASSISTANT,F,
9059,MS,PEDIATRICS,F,1978
9060,MD,INTERNAL MEDICINE,F,1981
9061,FL,FAMILY MEDICINE,M,1981
9062,IL,CLINICAL CARDIAC ELECTROPHYSIOLOGY,M,1982
9063,TX,CERTIFIED NURSE ANESTHETIST,M,
9064,FL,EMERGENCY MEDICINE,M,1977
9065,CA,NUCLEAR MEDICINE,M,1982
9066,PA,FAMILY MEDICINE,M,1957
9067,CA,GENERAL SURGERY,M,1980
9068,IL,DIAGNOSTIC RADIOLOGY,F,1979
9069,OH,ANESTHESIOLOGY,M,1968
9070,CA,EMERGENCY MEDICINE,M,1975
9071,NM,NEPHROLOGY,F,1979
9072,PA,FAMILY MEDICINE,F,1979
9073,GA,"ENDOCRINOLOGY, DIABETES & METABOLISM",M,1983
9074,MA,NURSE PRACTITIONER,F,
9075,TX,FAMILY MEDICINE,M,1976
9076,CA,DERMATOLOGY,M,1974
9077,SC,CLINICAL CARDIAC ELECTROPHYSIOLOGY,M,1982
9078,UT,DERMATOLOGY,M,1976
9079,NY,EMERGENCY MEDICINE,M,1975
9080,TX,PHYSICIAN ASSISTANT,M,1979
9081,MI,EMERGENCY MEDICINE,F,1984
9082,CA,EMERGENCY MEDICINE,F,1982
9083,IN,NURSE PRACTITIONER,F,
9084,CA,DERMATOPATHOLOGY,M,1973
9085,MI,PHYSICIAN ASSISTANT,F,1982
9086,MD,EMERGENCY MEDICINE,M,1980
9087,PA,NURSE PRACTITIONER,M,
9088,OH,PEDIATRICS,F,1979
9089,NJ,EMERGENCY MEDICINE,M,1981
9090,LA,INTERNAL MEDICINE,F,1982
9091,CA,NEURORADIOLOGY,F,1976
9092,SC,ADVANCED HEART FAILURE & TRANSPLANT CARDIOLOGY,F,1982
9093,CA,EMERGENCY MEDICINE,M,1983
9094,MA,PEDIATRICS,F,1978
9095,WA,PHYSICAL MEDICINE & REHABILITATION,M,1981
9096,VA,DERMATOLOGY,F,1983
9097,NC,PSYCHIATRY/NEUROLOGY,F,1978
9098,WI,CRITICAL CARE MEDICINE (ANESTHESIOLOGY),M,1981
9099,CA,EMERGENCY MEDICINE,M,1979
9100,TX,VASCULAR & INTERVENTIONAL RADIOLOGY,M,1979
9101,MI,EMERGENCY MEDICINE,F,1982
9102,FL,OBSTETRICS & GYNECOLOGY,F,1983
9103,FL,GASTROENTEROLOGY,M,1983
9104,SC,OBSTETRICS & GYNECOLOGY,M,1978
9105,FL,SPORTS MEDICINE (ORTHOPEDIC SURGERY),M,1983
9106,FL,FAMILY MEDICINE,M,1969
9107,KY,DIAGNOSTIC RADIOLOGY,M,1980
9108,CA,PEDIATRICS,F,1979
9109,IL,DIAGNOSTIC RADIOLOGY,M,1976
9110,WY,EMERGENCY MEDICINE,M,1982
9111,TX,HOSPITALIST,M,1976
9112,MN,INTERNAL MEDICINE,M,1974
9113,MI,RADIATION ONCOLOGY,F,1977
9114,MI,CARDIOVASCULAR DISEASE,F,1982
9115,WI,EMERGENCY MEDICINE,F,1982
9116,FL,DIAGNOSTIC RADIOLOGY,F,1983
9117,FL,HOSPITALIST,M,1982
9118,MI,FAMILY MEDICINE,M,1978
9119,IL,DIAGNOSTIC RADIOLOGY,M,1983
9120,OH,NUCLEAR MEDICINE,M,1982
9121,KS,HOSPITALIST,F,1981
9122,NJ,NURSE PRACTITIONER,M,
9123,MD,NURSE PRACTITIONER,F,
9124,NJ,FAMILY MEDICINE,M,1984
9125,CA,FAMILY MEDICINE,M,1985
9126,NY,FAMILY MEDICINE,M,1984
9127,HI,EMERGENCY MEDICINE,M,1972
9128,MN,FAMILY MEDICINE,M,1980
9129,CT,GASTROENTEROLOGY,M,1983
9130,OH,INTERNAL MEDICINE,F,1982
9131,SC,PHYSICIAN ASSISTANT,M,1956
9132,NY,DIAGNOSTIC RADIOLOGY,M,1982
9133,NY,EMERGENCY MEDICINE,F,1982
9134,IA,INTERVENTIONAL CARDIOLOGY,M,1980
9135,NC,EMERGENCY MEDICINE,M,1975
9136,MI,CLINICAL CARDIAC ELECTROPHYSIOLOGY,M,1982
9137,NY,INTERNAL MEDICINE,F,1979
9138,MO,CARDIOVASCULAR DISEASE,M,1982
9139,MO,DIAGNOSTIC RADIOLOGY,M,1982
9140,TX,FAMILY MEDICINE,F,1981
9141,TN,DIAGNOSTIC RADIOLOGY,M,1980
9142,NV,PEDIATRIC EMERGENCY MEDICINE (PEDIATRICS),F,1982
9143,CA,HOSPICE & PALLIATIVE MEDICINE,M,1978
9144,TX,FAMILY MEDICINE,M,1977
9145,PA,NEPHROLOGY,F,1973
9146,CA,FAMILY MEDICINE,M,1974
9147,MO,INTERNAL MEDICINE/PSYCHIATRY,M,1973
9148,GA,FAMILY MEDICINE,F,1959
9149,OH,PHYSICIAN ASSISTANT,M,1980
9150,NV,PHYSICIAN ASSISTANT,M,1982
9151,CA,DIAGNOSTIC RADIOLOGY,F,1978
9152,WA,NURSE PRACTITIONER,F,
9153,NH,PODIATRIST,M,
9154,OH,ORTHOPEDIC SURGERY,M,1983
9155,GA,FAMILY MEDICINE,M,1974
9156,AZ,PEDIATRICS/EMERGENCY MEDICINE,M,1977
9157,NY,PHYSICIAN ASSISTANT,F,1979
9158,OH,NURSE PRACTITIONER,F,1976
9159,KS,COLON & RECTAL SURGERY,M,1972
9160,WA,GASTROENTEROLOGY,F,1979
9161,NJ,CARDIOVASCULAR DISEASE,M,1979
9162,MN,PHYSICIAN ASSISTANT,F,1982
9163,OH,PHYSICIAN ASSISTANT,F,1970
9164,PA,NURSE PRACTITIONER,F,
9165,FL,DIAGNOSTIC RADIOLOGY,F,1982
9166,MI,SURGICAL CRITICAL CARE (SURGERY),F,1982
9167,MD,NEUROLOGY,M,1981
9168,NY,INTERNAL MEDICINE,M,1981
9169,NJ,OBSTETRICS & GYNECOLOGY,F,1978
9170,OH,HOSPITALIST,M,1983
9171,GA,NURSE PRACTITIONER,,
9172,VA,OTOLARYNGOLOGY,M,1978
9173,IL,NURSE PRACTITIONER,F,
9174,NJ,PHYSICIAN ASSISTANT,M,1982
9175,MI,NEURORADIOLOGY,M,1985
9176,AZ,PEDIATRIC EMERGENCY MEDICINE (PEDIATRICS),M,1983
9177,MN,DERMATOLOGY,M,1983
9178,OR,EMERGENCY MEDICINE,F,1978
9179,DC,PEDIATRIC RADIOLOGY,F,1982
9180,PA,EMERGENCY MEDICINE,M,1981
9181,TX,DIAGNOSTIC RADIOLOGY,M,1983
9182,WA,INTERNAL MEDICINE,F,1978
9183,TX,EMERGENCY MEDICINE,M,1980
9184,NJ,CARDIOVASCULAR DISEASE,F,1984
9185,RI,FAMILY MEDICINE,M,1977
9186,FL,DERMATOLOGY,M,1981
9187,CA,DIAGNOSTIC RADIOLOGY,M,1979
9188,TN,CARDIOVASCULAR DISEASE,M,1983
9189,CO,EMERGENCY MEDICINE,F,1982
9190,OR,GASTROENTEROLOGY,M,1982
9191,VA,PEDIATRICS,F,1981
9192,MI,DIAGNOSTIC RADIOLOGY,M,1984
9193,MI,VASCULAR & INTERVENTIONAL RADIOLOGY,M,1980
9194,TX,PEDIATRICS,F,1982
9195,MD,INTERNAL MEDICINE,M,1982
9196,NV,EMERGENCY MEDICINE,M,1980
9197,NY,INTERNAL MEDICINE/PEDIATRICS,F,1983
9198,VA,RHEUMATOLOGY,F,1981
9199,CO,UROLOGY,M,1982
9200,DE,NURSE PRACTITIONER,F,1963
9201,FL,FAMILY MEDICINE,M,1977
9202,PA,DIAGNOSTIC RADIOLOGY,F,1975
9203,IL,EMERGENCY MEDICINE,M,1979
9204,MN,PHYSICIAN ASSISTANT,F,1980
9205,FL,SURGICAL CRITICAL CARE (SURGERY),F,1980
9206,WA,CARDIOVASCULAR DISEASE,M,1983
9207,CA,VASCULAR & INTERVENTIONAL RADIOLOGY,M,1982
9208,PA,DIAGNOSTIC RADIOLOGY,M,1979
9209,CA,EMERGENCY MEDICINE,M,1981
9210,AZ,CYTOPATHOLOGY,M,1979
9211,CO,ADULT CARDIOTHORACIC ANESTHESIOLOGY,M,1979
9212,CA,GASTROENTEROLOGY,M,1984
9213,IL,FAMILY MEDICINE,F,1981
9214,MA,FAMILY MEDICINE,F,1982
9215,MD,HEMATOLOGY (PATHOLOGY),M,1979
9216,IN,DERMATOLOGY,F,1982
9217,NJ,INTERNAL MEDICINE,F,1982
9218,MI,PROCEDURAL DERMATOLOGY,F,1983
9219,CO,EMERGENCY MEDICINE,M,1982
9220,NY,INTERNAL MEDICINE,F,1978
9221,KY,DIAGNOSTIC RADIOLOGY,M,1982
9222,CA,PEDIATRICS,F,1982
9223,FL,INTERNAL MEDICINE,F,1979
9224,MN,DIAGNOSTIC RADIOLOGY,M,1982
9225,VA,EMERGENCY MEDICINE,F,1982
9226,TX,HOSPICE & PALLIATIVE MEDICINE,M,1985
9227,MN,INTERNAL MEDICINE/EMERGENCY MEDICINE,M,1982
9228,TX,FAMILY MEDICINE,M,1975
9229,CA,FAMILY MEDICINE,F,1980
9230,OH,DIAGNOSTIC RADIOLOGY,M,1981
9231,OH,SELECTIVE PATHOLOGY,F,1982
9232,FL,CRITICAL CARE MEDICINE (ANESTHESIOLOGY),F,1984
9233,CA,PEDIATRICS,F,1980
9234,CA,EMERGENCY MEDICINE,F,1978
9235,TX,OPHTHALMOLOGY,M,1980
9236,PA,EMERGENCY MEDICINE,M,1981
9237,CO,DIAGNOSTIC RADIOLOGY,M,1982
9238,CT,GASTROENTEROLOGY,F,1983
9239,DC,EMERGENCY MEDICINE,M,1983
9240,IL,EMERGENCY MEDICINE,F,1974
9241,MA,EMERGENCY MEDICINE,M,1978
9242,MN,INTERNAL MEDICINE,F,1975
9243,CA,TRANSITIONAL YEAR,M,1983
9244,FL,PEDIATRICS,M,1962
9245,IL,INTERNAL MEDICINE,F,1983
9246,IN,OPHTHALMOLOGY,M,1979
9247,FL,EMERGENCY MEDICINE,M,1983
9248,CA,DERMATOLOGY,F,1983
9249,NY,PEDIATRIC RADIOLOGY,F,1980
9250,CA,INTERVENTIONAL CARDIOLOGY,M,1983
9251,VA,PHYSICIAN ASSISTANT,F,1982
9252,NY,NEUROLOGY,F,1979
9253,SC,FAMILY MEDICINE,M,1979
9254,NY,EMERGENCY MEDICINE,M,1977
9255,MO,INTERNAL MEDICINE,F,1983
9256,CA,PEDIATRICS,F,1982
9257,NY,DIAGNOSTIC RADIOLOGY,M,1983
9258,OH,INTERVENTIONAL CARDIOLOGY,M,1981
9259,AL,INTERVENTIONAL CARDIOLOGY,M,1983
9260,TX,"ENDOCRINOLOGY, DIABETES & METABOLISM",F,1979
9261,OH,DIAGNOSTIC RADIOLOGY,F,1983
9262,OH,EMERGENCY MEDICINE,F,1973
9263,MI,EMERGENCY MEDICINE,M,1981
9264,CA,EMERGENCY MEDICINE,M,1979
9265,IL,EMERGENCY MEDICINE,M,1980
9266,CA,EMERGENCY MEDICINE,F,1982
9267,VA,GASTROENTEROLOGY,F,1983
9268,CA,GASTROENTEROLOGY,M,1983
9269,DC,PEDIATRIC DERMATOLOGY,F,1982
9270,TX,FAMILY MEDICINE,F,1980
9271,AZ,HEMATOLOGY/ONCOLOGY,F,1981
9272,CA,NEUROLOGY,M,1982
9273,GA,NURSE PRACTITIONER,F,
9274,NJ,CLINICAL NEUROPHYSIOLOGY,M,1978
9275,MI,PODIATRIST,F,
9276,MI,PHYSICIAN ASSISTANT,F,1977
9277,IN,FAMILY MEDICINE,M,1982
9278,PA,DERMATOLOGY,F,1982
9279,CO,EMERGENCY MEDICINE,F,1982
9280,FL,TRANSITIONAL YEAR,M,1983
9281,OH,DIAGNOSTIC RADIOLOGY,M,1984
9282,MI,NEURORADIOLOGY,M,1983
9283,CA,INTERVENTIONAL CARDIOLOGY,M,1976
9284,SC,EMERGENCY MEDICINE,M,1982
9285,LA,NURSE PRACTITIONER,F,
9286,MO,HEMATOLOGY/ONCOLOGY,F,1977
9287,TX,PSYCHOLOGY,F,
9288,NY,PHYSICIAN ASSISTANT,F,1974
9289,PA,PODIATRIST,M,
9290,VA,NEPHROLOGY,M,1980
9291,AR,NURSE PRACTITIONER,F,
9292,MN,FAMILY MEDICINE,F,1974
9293,WY,NURSE PRACTITIONER,F,
9294,IL,FAMILY MEDICINE,F,1979
9295,KY,NURSE PRACTITIONER,F,
9296,CA,CARDIOVASCULAR DISEASE,F,1978
9297,NY,EMERGENCY MEDICINE,M,1978
9298,TX,PHYSICIAN ASSISTANT,M,1965
9299,TX,PEDIATRICS,F,1979
9300,FL,NURSE PRACTITIONER,M,
9301,IL,EMERGENCY MEDICINE,F,1978
9302,TX,CARDIOVASCULAR DISEASE,M,1980
9303,CA,OBSTETRICS & GYNECOLOGY,F,1981
9304,NY,NEPHROLOGY,F,1976
9305,MN,EMERGENCY MEDICINE,M,1981
9306,VA,SLEEP MEDICINE,F,1978
9307,NY,EMERGENCY MEDICINE,M,1978
9308,NC,PLASTIC SURGERY,M,1980
9309,AR,NEPHROLOGY,M,1982
9310,TX,PULMONARY CRITICAL CARE MEDICINE,M,1981
9311,NY,INTERNAL MEDICINE,M,1963
9312,WA,NURSE PRACTITIONER,F,
9313,MI,EMERGENCY MEDICINE,F,1980
9314,SC,FAMILY MEDICINE,M,1972
9315,NY,OBSTETRICS & GYNECOLOGY,M,1969
9316,NY,INTERNAL MEDICINE,M,1969
9317,WI,OPHTHALMOLOGY,M,1980
9318,MD,PHYSICIAN ASSISTANT,F,1980
9319,IL,ORTHOPEDIC SURGERY,M,1981
9320,TX,HOSPITALIST,M,1980
9321,MI,GASTROENTEROLOGY,F,1977
9322,FL,INTERNAL MEDICINE,M,1975
9323,MD,NURSE PRACTITIONER,M,
9324,LA,PEDIATRICS,F,1971
9325,NY,PHYSICAL MEDICINE & REHABILITATION,M,1980
9326,CT,OBSTETRICS & GYNECOLOGY,M,1972
9327,FL,PHYSICIAN ASSISTANT,F,1982
9328,TN,CERTIFIED NURSE ANESTHETIST,F,
9329,NY,INTERNAL MEDICINE/EMERGENCY MEDICINE,F,1983
9330,FL,FAMILY MEDICINE,F,1976
9331,MA,INTERNAL MEDICINE,M,1967
9332,MT,RADIATION ONCOLOGY,F,
9333,CA,PULMONARY CRITICAL CARE MEDICINE,F,1972
9334,FL,NURSE PRACTITIONER,F,
9335,TX,HOSPITALIST,M,1976
9336,NY,PHYSICIAN ASSISTANT,F,1984
9337,TX,PHYSICIAN ASSISTANT,F,1983
9338,CA,PHYSICIAN ASSISTANT,F,1979
9339,TX,EMERGENCY MEDICINE,M,1974
9340,MN,PHYSICIAN ASSISTANT,F,1983
9341,CA,ANESTHESIOLOGY,M,1983
9342,MA,PEDIATRIC RADIOLOGY,F,1972
9343,TN,PHYSICIAN ASSISTANT,F,1979
9344,VA,INTERNAL MEDICINE,F,1977
9345,NY,EMERGENCY MEDICINE,M,1981
9346,TN,NURSE PRACTITIONER,F,
9347,OR,NURSE PRACTITIONER,F,
9348,TX,FAMILY MEDICINE,F,1978
9349,OH,GENERAL SURGERY,M,1977
9350,VA,GENERAL PRACTICE,M,1965
9351,AZ,EMERGENCY MEDICINE,M,1975
9352,PA,NURSE PRACTITIONER,F,
9353,FL,ANATOMIC/CLINICAL PATHOLOGY,M,1978
9354,CA,PHYSICIAN ASSISTANT,F,1983
9355,CT,INTERNAL MEDICINE,M,1979
9356,NJ,FAMILY MEDICINE,M,1956
9357,MD,NURSE PRACTITIONER,F,
9358,FL,GENERAL PRACTICE,M,
9359,PA,PHYSICIAN ASSISTANT,M,1981
9360,FL,GASTROENTEROLOGY,M,1975
9361,WA,INTERNAL MEDICINE,M,1972
9362,IL,INTERNAL MEDICINE,F,1978
9363,AZ,PULMONARY CRITICAL CARE MEDICINE,M,1976
9364,VA,EMERGENCY MEDICINE,M,1977
9365,IL,DIAGNOSTIC RADIOLOGY,F,1983
9366,MD,FAMILY MEDICINE,M,1976
9367,TX,FAMILY MEDICINE,M,1974
9368,CO,NEPHROLOGY,F,1978
9369,ID,PHYSICIAN ASSISTANT,M,1981
9370,AR,PEDIATRICS,M,1971
9371,FL,EMERGENCY MEDICINE,M,1974
9372,MN,ANATOMIC/CLINICAL PATHOLOGY,F,1979
9373,WA,FAMILY MEDICINE,F,1978
9374,TX,EMERGENCY MEDICINE,M,1975
9375,TX,ANATOMIC/CLINICAL PATHOLOGY,F,1974
9376,TX,PHYSICIAN ASSISTANT,F,1980
9377,OH,CARDIOVASCULAR DISEASE,M,1981
9378,CA,"ENDOCRINOLOGY, DIABETES & METABOLISM",M,1982
9379,WA,PEDIATRIC NEPHROLOGY,M,1977
9380,CT,PHYSICIAN ASSISTANT,F,1983
9381,IN,UROLOGY,M,1979
9382,NY,GENERAL SURGERY,M,1963
9383,LA,NURSE PRACTITIONER,F,
9384,CA,EMERGENCY MEDICINE,F,1981
9385,DE,PEDIATRIC ENDOCRINOLOGY,M,1981
9386,PA,DERMATOPATHOLOGY,F,1967
9387,WA,FAMILY MEDICINE,M,1970
9388,FL,ANATOMIC/CLINICAL PATHOLOGY,M,1972
9389,FL,NURSE PRACTITIONER,F,
9390,NY,ANESTHESIOLOGY,F,1964
9391,CA,FAMILY MEDICINE,M,1979
9392,PA,GERIATRIC MEDICINE (INTERNAL MEDICINE),M,1973
9393,AZ,DIAGNOSTIC RADIOLOGY,M,1982
9394,OH,NURSE PRACTITIONER,F,
9395,LA,INTERVENTIONAL CARDIOLOGY,M,1978
9396,WV,CARDIOVASCULAR DISEASE,M,1971
9397,GA,ORTHOPEDIC SURGERY,M,1981
9398,CO,EMERGENCY MEDICINE,M,1976
9399,NV,PHYSICIAN ASSISTANT,M,1977
9400,FL,GERIATRIC MEDICINE (FAMILY MEDICINE),M,1980
9401,CA,DIAGNOSTIC RADIOLOGY,F,1980
9402,OR,FAMILY MEDICINE,M,1985
9403,NV,CARDIOVASCULAR DISEASE,M,1977
9404,CA,EMERGENCY MEDICINE,M,1976
9405,KY,INTERNAL MEDICINE,M,1979
9406,AL,NURSE PRACTITIONER,F,
9407,MD,DERMATOPATHOLOGY,F,1979
9408,AZ,PHYSICIAN ASSISTANT,F,1982
9409,SC,NURSE PRACTITIONER,F,
9410,TX,INTERNAL MEDICINE,M,1980
9411,AL,DERMATOPATHOLOGY,M,1981
9412,CT,PHYSICIAN ASSISTANT,M,1978
9413,WI,CARDIOVASCULAR DISEASE,M,1980
9414,CA,HEMATOLOGY/ONCOLOGY,M,1978
9415,CA,INTERNAL MEDICINE,M,1977
9416,TX,ANATOMIC/CLINICAL PATHOLOGY,F,1982
9417,TX,FAMILY MEDICINE,F,1979
9418,NY,PSYCHIATRY,F,1979
9419,MI,FAMILY MEDICINE,M,1979
9420,OH,CARDIOVASCULAR DISEASE,M,1972
9421,NY,FAMILY MEDICINE,F,1978
9422,OH,EMERGENCY MEDICINE,M,1978
9423,NC,NURSE PRACTITIONER,F,
9424,MD,FAMILY MEDICINE,M,1978
9425,AZ,INTERVENTIONAL CARDIOLOGY,M,1977
9426,CA,INTERNAL MEDICINE/PEDIATRICS,F,1981
9427,CA,INTERNAL MEDICINE,M,1981
9428,MD,CARDIOVASCULAR DISEASE,M,1982
9429,NM,PSYCHOLOGY,M,
9430,CA,OTOLARYNGOLOGY,M,1982
9431,TX,PEDIATRIC PATHOLOGY,M,1978
9432,CA,GERIATRIC MEDICINE (INTERNAL MEDICINE),M,1965
9433,AR,FAMILY MEDICINE,M,1980
9434,MA,DERMATOLOGY,F,1976
9435,FL,INTERNAL MEDICINE,F,1980
9436,CA,FAMILY MEDICINE,F,1980
9437,MD,INTERNAL MEDICINE,M,1974
9438,TX,ANESTHESIOLOGY,F,1976
9439,MA,OPTOMETRIST,F,
9440,NC,FAMILY MEDICINE,F,1977
9441,CO,NURSE PRACTITIONER,F,
9442,FL,DIAGNOSTIC RADIOLOGY,M,1982
9443,NY,OBSTETRICS & GYNECOLOGY,M,1969
9444,NJ,CARDIOVASCULAR DISEASE,F,1980
9445,TX,OPTOMETRIST,M,1966
9446,AL,DIAGNOSTIC RADIOLOGY,F,1982
9447,SC,FAMILY MEDICINE,F,1979
9448,AL,NEPHROLOGY,M,1980
9449,TX,PHYSICIAN ASSISTANT,F,1984
9450,NY,PHYSICIAN ASSISTANT,F,1985
9451,AZ,GERIATRIC MEDICINE (INTERNAL MEDICINE),M,1981
9452,CA,PHYSICIAN ASSISTANT,F,1981
9453,CA,EMERGENCY MEDICINE,M,1979
9454,MO,HEMATOLOGY (PATHOLOGY),F,1967
9455,WA,PHYSICIAN ASSISTANT,F,1975
9456,NV,NURSE PRACTITIONER,F,
9457,TX,INTERNAL MEDICINE,M,1970
9458,NJ,PEDIATRIC HEMATOLOGY/ONCOLOGY,F,1979
9459,AZ,PHYSICIAN ASSISTANT,F,1975
9460,OH,RHEUMATOLOGY,F,1979
9461,TX,FAMILY MEDICINE,F,1977
9462,AZ,PEDIATRIC HEMATOLOGY/ONCOLOGY,M,1980
9463,TX,NURSE PRACTITIONER,F,1981
9464,CA,FAMILY MEDICINE,F,1979
9465,SD,FAMILY MEDICINE,F,1981
9466,OH,NURSE PRACTITIONER,F,1967
9467,CA,PAIN MEDICINE (PHYSICAL MEDICINE & REHABILITATION),M,1977
9468,TN,PHYSICIAN ASSISTANT,M,1965
9469,FL,HEMATOLOGY/ONCOLOGY,F,1980
9470,MI,PHYSICIAN ASSISTANT,M,1983
9471,TN,NURSE PRACTITIONER,M,
9472,NC,PHYSICIAN ASSISTANT,F,1967
9473,AZ,UROLOGY,F,1982
9474,AZ,PHYSICIAN ASSISTANT,M,1956
9475,MI,CRITICAL CARE MEDICINE (ANESTHESIOLOGY),F,1978
9476,AZ,GENERAL SURGERY,M,1976
9477,CO,EMERGENCY MEDICINE,F,1986
9478,NJ,FAMILY MEDICINE,F,1978
9479,WA,PHYSICIAN ASSISTANT,F,1979
9480,NY,PULMONARY DISEASE,F,1977
9481,FL,FAMILY MEDICINE,F,1973
9482,FL,HEMATOLOGY (PATHOLOGY),M,1977
9483,CA,CLINICAL CARDIAC ELECTROPHYSIOLOGY,M,1977
9484,AZ,DIAGNOSTIC RADIOLOGY,F,1981
9485,NM,PHYSICIAN ASSISTANT,F,1981
9486,PA,PHYSICIAN ASSISTANT,F,1981
9487,CA,NURSE PRACTITIONER,F,
9488,MN,PHYSICIAN ASSISTANT,F,1963
9489,OH,NEPHROLOGY,M,1977
9490,IN,NURSE PRACTITIONER,F,
9491,NV,PHYSICIAN ASSISTANT,F,1969
9492,NJ,INTERNAL MEDICINE,F,1976
9493,RI,SPORTS MEDICINE (FAMILY MEDICINE),M,1978
9494,OR,EMERGENCY MEDICINE,M,1984
9495,TX,FAMILY MEDICINE,F,1986
9496,TX,OTOLARYNGOLOGY,F,1967
9497,MD,FAMILY MEDICINE,F,1976
9498,NY,GASTROENTEROLOGY,M,1984
9499,MI,EMERGENCY MEDICINE,M,1983
9500,CA,OBSTETRICS & GYNECOLOGY,F,1974
9501,NC,EMERGENCY MEDICINE,M,1976
9502,SC,PHYSICIAN ASSISTANT,F,1983
9503,DC,FAMILY MEDICINE,F,1976
9504,OK,NURSE PRACTITIONER,M,1977
9505,NY,EMERGENCY MEDICINE,M,1977
9506,MI,HOSPITALIST,M,1979
9507,TX,CARDIOVASCULAR DISEASE,M,1986
9508,KY,NURSE PRACTITIONER,F,
9509,CA,FAMILY MEDICINE,M,1969
9510,FL,EMERGENCY MEDICINE,M,1963
9511,AR,SPORTS MEDICINE (FAMILY MEDICINE),M,1985
9512,NY,CARDIOVASCULAR DISEASE,M,1981
9513,MI,PULMONARY DISEASE,M,1978
9514,FL,INTERNAL MEDICINE,M,1969
9515,OH,DERMATOPATHOLOGY,F,1979
9516,NY,CARDIOVASCULAR DISEASE,M,1973
9517,FL,INTERNAL MEDICINE,M,1977
9518,PA,INFECTIOUS DISEASE,F,1976
9519,FL,CARDIOVASCULAR DISEASE,F,1976
9520,MD,FAMILY MEDICINE,F,1977
9521,IN,FAMILY MEDICINE,M,1962
9522,TX,NEPHROLOGY,M,1975
9523,WI,CARDIOVASCULAR DISEASE,M,1982
9524,CA,FAMILY MEDICINE,M,1972
9525,VA,FAMILY MEDICINE,F,1974
9526,GA,FAMILY MEDICINE,F,1973
9527,PA,CLINICAL CARDIAC ELECTROPHYSIOLOGY,M,1976
9528,SC,FAMILY MEDICINE,F,1978
9529,SC,FAMILY MEDICINE,F,1959
9530,IL,NURSE PRACTITIONER,F,
9531,NY,EMERGENCY MEDICINE,F,1977
9532,NY,EMERGENCY MEDICINE,M,1985
9533,CA,FAMILY MEDICINE,M,1975
9534,LA,INTERNAL MEDICINE,F,1975
9535,TX,EMERGENCY MEDICINE,M,1976
9536,MA,CARDIOVASCULAR DISEASE,F,1980
9537,MD,PSYCHIATRY,M,1979
9538,OR,PHYSICIAN ASSISTANT,F,1978
9539,TX,PHYSICIAN ASSISTANT,F,1981
9540,GA,INTERNAL MEDICINE,M,1979
9541,FL,PHYSICIAN ASSISTANT,F,1982
9542,NY,VASCULAR & INTERVENTIONAL RADIOLOGY,M,1978
9543,NM,NURSE PRACTITIONER,,1972
9544,TN,DERMATOLOGY,M,1980
9545,CO,VASCULAR & INTERVENTIONAL RADIOLOGY,M,1978
9546,TX,INTERNAL MEDICINE,M,1977
9547,FL,GASTROENTEROLOGY,F,1977
9548,MN,PHYSICIAN ASSISTANT,F,1981
9549,CA,PHYSICIAN ASSISTANT,F,1980
9550,HI,CARDIOVASCULAR DISEASE,F,1978
9551,NJ,FAMILY MEDICINE,F,1977
9552,CA,FAMILY MEDICINE,M,1973
9553,CA,FAMILY MEDICINE,M,1985
9554,DE,DIAGNOSTIC RADIOLOGY,F,1982
9555,TX,NURSE PRACTITIONER,F,1972
9556,NC,NEPHROLOGY,M,1973
9557,NV,PHYSICIAN ASSISTANT,M,
9558,CT,FAMILY MEDICINE,F,1977
9559,CA,CARDIOVASCULAR DISEASE,M,1981
9560,FL,INFECTIOUS DISEASE,M,1982
9561,NY,EMERGENCY MEDICINE,M,1973
9562,TX,NEUROLOGY,M,1979
9563,NY,INTERNAL MEDICINE,F,1982
9564,NY,CYTOPATHOLOGY,M,1973
9565,FL,EMERGENCY MEDICINE,F,1983
9566,CT,PEDIATRICS,M,1980
9567,FL,DERMATOLOGY,F,1967
9568,NC,NURSE PRACTITIONER,F,
9569,CO,NURSE PRACTITIONER,F,
9570,TN,PHYSICIAN ASSISTANT,M,1981
9571,IL,FAMILY MEDICINE,M,1969
9572,SC,NEUROLOGY,M,1978
9573,IL,FAMILY MEDICINE,F,1982
9574,NJ,FAMILY MEDICINE,F,1965
9575,TN,FAMILY MEDICINE,M,1974
9576,OH,PSYCHIATRY,M,1970
9577,CA,HOSPITALIST,M,1984
9578,CA,FAMILY MEDICINE,F,1984
9579,OH,INTERNAL MEDICINE,F,1985
9580,OK,FAMILY MEDICINE,M,1981
9581,IL,PHYSICIAN ASSISTANT,F,1984
9582,PA,CARDIOVASCULAR DISEASE,M,1985
9583,MI,ORTHOPEDIC SURGERY,M,1985
9584,WY,FAMILY MEDICINE,M,1984
9585,MO,FAMILY MEDICINE,M,1985
9586,MD,FAMILY MEDICINE,M,1981
9587,NY,INTERVENTIONAL CARDIOLOGY,M,1972
9588,CA,CARDIOVASCULAR DISEASE,M,1976
9589,KY,NEUROLOGY,F,1980
9590,FL,CLINICAL NEUROPHYSIOLOGY,M,1975
9591,CA,INTERNAL MEDICINE,M,1977
9592,FL,INTERVENTIONAL CARDIOLOGY,M,1977
9593,CA,INTERNAL MEDICINE,F,1976
9594,CA,INTERNAL MEDICINE,F,1976
9595,KY,INTERNAL MEDICINE,M,1973
9596,LA,INTERNAL MEDICINE,M,1970
9597,OK,PODIATRIST,F,
9598,TX,CLINICAL CARDIAC ELECTROPHYSIOLOGY,M,1973
9599,NJ,RHEUMATOLOGY,M,1978
9600,CA,FAMILY MEDICINE,F,1984
9601,NY,ANESTHESIOLOGY,F,1983
9602,NY,NEURORADIOLOGY,M,1974
9603,WA,PHYSICIAN ASSISTANT,F,
9604,NV,CARDIOVASCULAR DISEASE,F,1980
9605,MA,EMERGENCY MEDICINE,F,1975
9606,MA,PULMONARY CRITICAL CARE MEDICINE,M,1978
9607,MD,HOSPITALIST,F,1979
9608,OH,EMERGENCY MEDICINE,M,1973
9609,MA,EMERGENCY MEDICINE,M,1977
9610,CA,CARDIOVASCULAR DISEASE,M,1973
9611,CA,PHYSICIAN ASSISTANT,M,1974
9612,CA,FAMILY MEDICINE,M,1978
9613,OK,EMERGENCY MEDICINE,M,1983
9614,NY,EMERGENCY MEDICINE,F,1982
9615,IN,FAMILY MEDICINE,F,1985
9616,MI,INTERVENTIONAL CARDIOLOGY,F,1976
9617,FL,HOSPITALIST,M,1979
9618,GA,PHYSICIAN ASSISTANT,F,
9619,VA,NURSE PRACTITIONER,F,
9620,NC,PHYSICIAN ASSISTANT,F,1974
9621,TX,SPORTS MEDICINE (FAMILY MEDICINE),M,1986
9622,IA,INTERNAL MEDICINE,F,1980
9623,OH,DIAGNOSTIC RADIOLOGY,M,1984
9624,NV,FAMILY MEDICINE,M,1983
9625,KY,INTERNAL MEDICINE,M,1984
9626,FL,INTERNAL MEDICINE,M,1968
9627,OH,"ENDOCRINOLOGY, DIABETES & METABOLISM",F,1978
9628,OR,INTERNAL MEDICINE,M,1978
9629,NC,GERIATRIC PSYCHIATRY,M,1976
9630,VA,EMERGENCY MEDICINE,M,1974
9631,NY,PEDIATRICS,F,1968
9632,MD,FAMILY MEDICINE,M,1973
9633,NY,PEDIATRICS,F,1982
9634,OH,HOSPITALIST,M,1982
9635,ME,NURSE PRACTITIONER,F,1976
9636,WA,NURSE PRACTITIONER,M,
9637,HI,EMERGENCY MEDICINE,F,1976
9638,FL,FAMILY MEDICINE,F,1987
9639,TX,INTERNAL MEDICINE,F,1976
9640,FL,EMERGENCY MEDICINE,M,1975
9641,IL,INTERNAL MEDICINE,F,1973
9642,IL,INTERNAL MEDICINE,F,1978
9643,WA,INFECTIOUS DISEASE,F,1977
9644,FL,CARDIOVASCULAR DISEASE,M,1978
9645,NY,NEUROLOGY,F,1976
9646,TX,INTERVENTIONAL CARDIOLOGY,M,1971
9647,NY,PEDIATRICS,F,1975
9648,VA,NEPHROLOGY,M,1979
9649,TX,PEDIATRIC RADIOLOGY,M,1979
9650,NJ,EMERGENCY MEDICINE,M,1987
9651,TX,HOSPITALIST,M,1986
9652,NJ,CARDIOVASCULAR DISEASE,M,1972
9653,NY,EMERGENCY MEDICINE,F,1965
9654,PA,EMERGENCY MEDICINE,M,1900
9655,CA,GENERAL SURGERY,M,1978
9656,WA,GASTROENTEROLOGY,M,1977
9657,CA,NURSE PRACTITIONER,F,
9658,TX,EMERGENCY MEDICINE,M,1978
9659,TX,INTERNAL MEDICINE,F,1978
9660,WI,CARDIOVASCULAR DISEASE,M,1978
9661,TX,PHYSICIAN ASSISTANT,M,1980
9662,FL,NEPHROLOGY,M,1980
9663,MN,NUCLEAR RADIOLOGY,F,1973
9664,MI,RHEUMATOLOGY,F,1980
9665,TN,INTERVENTIONAL CARDIOLOGY,M,1981
9666,TX,PHYSICIAN ASSISTANT,F,1982
9667,FL,HEMATOLOGY/ONCOLOGY,M,1975
9668,MA,INTERNAL MEDICINE,M,1976
9669,NY,CARDIOVASCULAR DISEASE,M,1980
9670,PA,INTERNAL MEDICINE,M,1965
9671,FL,FAMILY MEDICINE,F,1981
9672,HI,EMERGENCY MEDICINE,F,1978
9673,CA,INTERNAL MEDICINE,M,1972
9674,LA,PHYSICIAN ASSISTANT,F,1984
9675,IL,GASTROENTEROLOGY,M,1978
9676,NJ,INTERNAL MEDICINE,F,1976
9677,KY,EMERGENCY MEDICINE,M,1979
9678,FL,DERMATOLOGY,F,1977
9679,NC,NURSE PRACTITIONER,F,
9680,MN,PHYSICIAN ASSISTANT,F,1978
9681,LA,NURSE PRACTITIONER,M,1966
9682,DE,INTERVENTIONAL CARDIOLOGY,M,1975
9683,MD,HEMATOLOGY/ONCOLOGY,F,1977
9684,IL,ABDOMINAL RADIOLOGY,M,1982
9685,NY,EMERGENCY MEDICINE,M,1980
9686,LA,EMERGENCY MEDICINE,F,1979
9687,MI,HEMATOLOGY/ONCOLOGY,F,1970
9688,TX,INTERVENTIONAL CARDIOLOGY,M,1984
9689,GA,EMERGENCY MEDICINE,M,1974
9690,MI,EMERGENCY MEDICINE,M,1987
9691,FL,GASTROENTEROLOGY,M,1985
9692,OR,DIAGNOSTIC RADIOLOGY,M,1980
9693,TX,EMERGENCY MEDICINE,M,1982
9694,OH,EMERGENCY MEDICINE,M,1984
9695,GA,INTERNAL MEDICINE,F,1984
9696,MI,FAMILY MEDICINE,F,1986
9697,MD,OBSTETRICS & GYNECOLOGY,F,1986
9698,MS,HOSPITALIST,M,1971
9699,PA,INTERNAL MEDICINE,M,1977
9700,MD,EMERGENCY MEDICINE,M,1975
9701,FL,NEPHROLOGY,F,1978
9702,SC,EMERGENCY MEDICINE,M,1979
9703,CA,INTERNAL MEDICINE,F,1976
9704,FL,GASTROENTEROLOGY,F,1977
9705,OH,NURSE PRACTITIONER,F,1976
9706,KY,CLINICAL CARDIAC ELECTROPHYSIOLOGY,M,1978
9707,ME,NEPHROLOGY,M,1980
9708,CT,CARDIOVASCULAR DISEASE,M,1980
9709,GA,EMERGENCY MEDICINE,M,1980
9710,WI,INTERNAL MEDICINE,M,1969
9711,MI,FAMILY MEDICINE,F,1982
9712,AZ,FAMILY MEDICINE,M,1978
9713,OR,OBSTETRICS & GYNECOLOGY,F,1982
9714,CO,DERMATOLOGY,M,1975
9715,DC,EMERGENCY MEDICINE,M,1977
9716,FL,OPTOMETRIST,M,
9717,IL,FAMILY MEDICINE,M,1982
9718,CA,OBSTETRICS & GYNECOLOGY,F,1975
9719,IL,PULMONARY CRITICAL CARE MEDICINE,M,1978
9720,NC,DERMATOPATHOLOGY,F,1982
9721,NJ,DIAGNOSTIC RADIOLOGY,M,1975
9722,CA,EMERGENCY MEDICINE,M,1968
9723,LA,PSYCHIATRY,M,1978
9724,NC,MEDICAL ONCOLOGY,M,1979
9725,FL,HOSPITALIST,M,1979
9726,TX,INTERNAL MEDICINE,F,1978
9727,NY,CARDIOVASCULAR DISEASE,F,1981
9728,AZ,HOSPITALIST,M,1965
9729,NJ,INTERNAL MEDICINE,F,1977
9730,MN,INTERNAL MEDICINE,M,1970
9731,FL,FAMILY MEDICINE,F,1960
9732,FL,PHYSICIAN ASSISTANT,M,1980
9733,NJ,HOSPITALIST,F,1970
9734,TX,PEDIATRICS,F,1973
9735,KY,NURSE PRACTITIONER,F,
9736,NY,INTERNAL MEDICINE,F,1975
9737,WA,NURSE PRACTITIONER,F,
9738,CA,EMERGENCY MEDICINE,M,1979
9739,TX,FAMILY MEDICINE,M,1967
9740,AL,DERMATOLOGY,M,1978
9741,WA,FAMILY MEDICINE,M,1974
9742,MD,PEDIATRICS,F,1985
9743,GA,INTERNAL MEDICINE,M,1980
9744,MA,PHYSICIAN ASSISTANT,F,
9745,CO,INTERNAL MEDICINE,M,1974
9746,VA,FAMILY MEDICINE,M,1977
9747,TX,INTERVENTIONAL CARDIOLOGY,M,1977
9748,OH,EMERGENCY MEDICINE,F,1981
9749,CA,EMERGENCY MEDICINE,M,1978
9750,IL,CYTOPATHOLOGY,F,1965
9751,TN,PEDIATRIC PULMONOLOGY,F,1973
9752,PR,FAMILY MEDICINE,M,1979
9753,HI,HOSPITALIST,M,1977
9754,PA,EMERGENCY MEDICINE,M,1975
9755,NY,FAMILY MEDICINE,F,1976
9756,CO,CARDIOVASCULAR DISEASE,M,1978
9757,MO,OPTOMETRIST,M,
9758,TX,CERTIFIED NURSE ANESTHETIST,F,1978
9759,TX,FAMILY MEDICINE,M,1982
9760,FL,INTERNAL MEDICINE,M,1984
9761,OH,PEDIATRICS,F,1981
9762,CO,PULMONARY DISEASE,M,1982
9763,MS,CERTIFIED NURSE ANESTHETIST,M,
9764,CA,"ENDOCRINOLOGY, DIABETES & METABOLISM",F,1980
9765,MD,FAMILY MEDICINE,F,1977
9766,GA,FAMILY MEDICINE,M,1973
9767,SC,INTERNAL MEDICINE,M,1980
9768,WV,INTERNAL MEDICINE,M,1971
9769,VA,CERTIFIED NURSE ANESTHETIST,F,
9770,MT,PHYSICIAN ASSISTANT,M,1970
9771,OH,EMERGENCY MEDICINE,F,1977
9772,AZ,INTERNAL MEDICINE,M,1977
9773,CO,INTERNAL MEDICINE,F,1975
9774,MI,GASTROENTEROLOGY,F,1979
9775,FL,RADIOLOGY,M,1977
9776,MS,EMERGENCY MEDICINE,M,1981
9777,PA,FAMILY MEDICINE,F,1976
9778,CA,PHYSICIAN ASSISTANT,M,
9779,GA,EMERGENCY MEDICINE,F,1981
9780,PA,GERIATRIC MEDICINE (INTERNAL MEDICINE),F,1981
9781,PA,EMERGENCY MEDICINE,F,1980
9782,TX,CARDIOVASCULAR DISEASE,M,1977
9783,VA,NURSE PRACTITIONER,F,
9784,WA,PEDIATRIC RADIOLOGY,F,1980
9785,WI,DERMATOLOGY,M,1973
9786,WI,EMERGENCY MEDICINE,F,1981
9787,TX,OBSTETRICS & GYNECOLOGY,F,1978
9788,FL,ANATOMIC/CLINICAL PATHOLOGY,F,1978
9789,MI,EMERGENCY MEDICINE,F,1976
9790,AL,CERTIFIED NURSE ANESTHETIST,M,
9791,OK,NURSE PRACTITIONER,M,1974
9792,UT,EMERGENCY MEDICINE,M,1976
9793,WA,PHYSICIAN ASSISTANT,F,1978
9794,VA,EMERGENCY MEDICINE,M,1979
9795,FL,GASTROENTEROLOGY,M,1980
9796,CA,INTERNAL MEDICINE,M,1977
9797,MO,EMERGENCY MEDICINE,F,1981
9798,CO,EMERGENCY MEDICINE,M,1977
9799,CO,CERTIFIED NURSE ANESTHETIST,F,
9800,AZ,UROLOGY,M,1977
9801,MN,CLINICAL CARDIAC ELECTROPHYSIOLOGY,F,1973
9802,MI,FAMILY MEDICINE,M,1973
9803,OK,EMERGENCY MEDICINE,F,1979
9804,NY,FAMILY MEDICINE,M,1975
9805,TX,DIAGNOSTIC RADIOLOGY,F,1981
9806,GA,OPHTHALMOLOGY,M,1980
9807,MI,NURSE PRACTITIONER,F,
9808,TX,FAMILY MEDICINE,M,1971
9809,CO,CERTIFIED NURSE ANESTHETIST,M,
9810,IL,EMERGENCY MEDICINE,F,1979
9811,TX,CERTIFIED NURSE ANESTHETIST,M,
9812,CA,EMERGENCY MEDICINE,F,1979
9813,CA,FAMILY MEDICINE,M,1979
9814,TN,INTERNAL MEDICINE,M,1975
9815,TX,HOSPITALIST,F,1974
9816,GA,NEPHROLOGY,M,1978
9817,CA,FAMILY MEDICINE,F,1977
9818,TN,INTERNAL MEDICINE,M,1969
9819,NC,EMERGENCY MEDICINE,F,1982
9820,NE,ANESTHESIOLOGY,M,1968
9821,NJ,INTERNAL MEDICINE,F,1977
9822,NY,INTERNAL MEDICINE,M,1964
9823,PA,FAMILY MEDICINE,M,1972
9824,FL,FAMILY MEDICINE,M,1961
9825,NY,CLINICAL NEUROPHYSIOLOGY,M,1977
9826,MI,FAMILY MEDICINE,F,1981
9827,NJ,ANESTHESIOLOGY,F,1984
9828,WI,PSYCHIATRY,F,1982
9829,MI,EMERGENCY MEDICINE,M,1982
9830,NC,CERTIFIED NURSE ANESTHETIST,M,
9831,NC,FAMILY MEDICINE,F,1970
9832,TX,OBSTETRICS & GYNECOLOGY,F,1981
9833,ME,PULMONARY CRITICAL CARE MEDICINE,F,1979
9834,FL,PAIN MEDICINE (ANESTHESIOLOGY),M,1970
9835,MO,PHYSICIAN ASSISTANT,F,1983
9836,CA,DERMATOLOGY,M,1977
9837,MD,DIAGNOSTIC RADIOLOGY,F,1974
9838,MD,CARDIOVASCULAR DISEASE,F,1979
9839,IL,INTERNAL MEDICINE,F,1981
9840,CO,NUCLEAR RADIOLOGY,M,1971
9841,GA,FAMILY MEDICINE,M,1973
9842,NY,NURSE PRACTITIONER,F,
9843,NJ,CERTIFIED NURSE ANESTHETIST,F,
9844,AZ,PULMONARY DISEASE,F,1980
9845,CO,INTERVENTIONAL CARDIOLOGY,M,1981
9846,MO,CERTIFIED NURSE ANESTHETIST,F,
9847,FL,UROLOGY,M,1970
9848,MD,CERTIFIED NURSE ANESTHETIST,M,
9849,OR,CERTIFIED NURSE ANESTHETIST,M,
9850,OH,INTERNAL MEDICINE,F,1983
9851,VA,FAMILY MEDICINE,F,1979
9852,VA,FAMILY MEDICINE,F,1970
9853,MI,EMERGENCY MEDICINE,F,1981
9854,MN,CERTIFIED NURSE ANESTHETIST,F,1978
9855,CA,HOSPITALIST,M,1980
9856,HI,PEDIATRICS,F,1978
9857,MI,INTERNAL MEDICINE,M,1977
9858,MI,CERTIFIED NURSE ANESTHETIST,F,
9859,ID,CARDIOVASCULAR DISEASE,M,1978
9860,VA,FAMILY MEDICINE,M,1956
9861,OR,PEDIATRICS,F,1981
9862,WA,EMERGENCY MEDICINE,M,1983
9863,GA,FAMILY MEDICINE,F,1980
9864,CA,INTERNAL MEDICINE,F,1978
9865,TX,HOSPITALIST,M,1981
9866,MI,EMERGENCY MEDICINE,M,1981
9867,MN,FAMILY MEDICINE,F,1978
9868,TX,PEDIATRICS,F,1980
9869,TX,CLINICAL CARDIAC ELECTROPHYSIOLOGY,M,1978
9870,CA,HEMATOLOGY/ONCOLOGY,M,1978
9871,NY,OBSTETRICS & GYNECOLOGY,M,1980
9872,IL,ABDOMINAL RADIOLOGY,M,1982
9873,MI,EMERGENCY MEDICINE,F,1982
9874,FL,INTERNAL MEDICINE,M,1979
9875,TN,INTERVENTIONAL CARDIOLOGY,M,1979
9876,SC,RHEUMATOLOGY,M,1983
9877,NY,EMERGENCY MEDICINE,M,1983
9878,OH,FAMILY MEDICINE,F,1978
9879,MN,INTERNAL MEDICINE,M,1980
9880,NC,CERTIFIED NURSE ANESTHETIST,F,
9881,LA,CARDIOVASCULAR DISEASE,M,1981
9882,LA,CARDIOVASCULAR DISEASE,M,1981
9883,FL,OBSTETRICS & GYNECOLOGY,F,1972
9884,TN,HEMATOLOGY/ONCOLOGY,M,1978
9885,NJ,GENERAL PRACTICE,M,1967
9886,PA,OBSTETRICS & GYNECOLOGY,F,1977
9887,CO,EMERGENCY MEDICINE,F,1976
9888,NY,PEDIATRICS,F,1982
9889,GA,EMERGENCY MEDICINE,M,1971
9890,VA,INTERNAL MEDICINE,M,1983
9891,NC,DERMATOLOGY,M,1978
9892,AL,NEPHROLOGY,M,1978
9893,TX,NURSE PRACTITIONER,F,1967
9894,NJ,INTERNAL MEDICINE,F,1971
9895,FL,PHYSICIAN ASSISTANT,F,1974
9896,SD,NURSE PRACTITIONER,F,
9897,OH,EMERGENCY MEDICINE,M,1981
9898,NY,EMERGENCY MEDICINE,M,1977
9899,CA,GASTROENTEROLOGY,M,1975
9900,TX,NURSE PRACTITIONER,M,1968
9901,AZ,GENERAL SURGERY,F,1977
9902,OH,HOSPITALIST,F,1963
9903,VT,INTERNAL MEDICINE,M,1972
9904,TX,CERTIFIED NURSE ANESTHETIST,M,1971
9905,NE,NURSE PRACTITIONER,F,
9906,LA,FAMILY MEDICINE,M,1975
9907,TX,INTERNAL MEDICINE/PEDIATRICS,F,1979
9908,TX,DERMATOLOGY,M,1977
9909,FL,CERTIFIED NURSE ANESTHETIST,F,
9910,NY,INTERNAL MEDICINE,F,1971
9911,IL,DERMATOLOGY,F,1982
9912,NY,GASTROENTEROLOGY,F,1983
9913,FL,EMERGENCY MEDICINE,M,1981
9914,NC,PSYCHIATRY,M,1981
9915,MA,ORTHOPEDIC SURGERY,M,1979
9916,FL,EMERGENCY MEDICINE,F,1982
9917,OR,FAMILY MEDICINE,F,1980
9918,OH,PULMONARY CRITICAL CARE MEDICINE,F,1982
9919,CA,CERTIFIED NURSE ANESTHETIST,M,1971
9920,KY,PHYSICIAN ASSISTANT,F,1980
9921,LA,NURSE PRACTITIONER,F,
9922,CA,EMERGENCY MEDICINE,F,1979
9923,TX,OBSTETRICS & GYNECOLOGY,M,1968
9924,NC,EMERGENCY MEDICINE,M,1977
9925,DE,FAMILY MEDICINE,M,1973
9926,TX,FAMILY MEDICINE,M,1978
9927,MN,EMERGENCY MEDICINE,F,1981
9928,TX,FAMILY MEDICINE,M,1980
9929,DE,EMERGENCY MEDICINE,F,1979
9930,NY,INTERVENTIONAL CARDIOLOGY,M,1982
9931,VA,NEURORADIOLOGY,M,1981
9932,FL,EMERGENCY MEDICINE,F,1982
9933,CA,EMERGENCY MEDICINE,M,1975
9934,NY,EMERGENCY MEDICINE,F,1977
9935,TX,OBSTETRICS & GYNECOLOGY,F,1983
9936,IL,EMERGENCY MEDICINE,F,1973
9937,FL,PULMONARY DISEASE,M,1979
9938,MD,"ENDOCRINOLOGY, DIABETES & METABOLISM",F,1979
9939,CO,INTERVENTIONAL CARDIOLOGY,M,1981
9940,CO,CARDIOVASCULAR DISEASE,M,1982
9941,FL,HOSPITALIST,M,1979
9942,TX,NEURORADIOLOGY,M,1979
9943,MN,EMERGENCY MEDICINE,M,1978
9944,CA,CARDIOVASCULAR DISEASE,M,1978
9945,TX,INTERNAL MEDICINE,M,1974
9946,NJ,OBSTETRICS & GYNECOLOGY,F,1980
9947,CA,CLINICAL CARDIAC ELECTROPHYSIOLOGY,M,1976
9948,TX,CERTIFIED NURSE ANESTHETIST,F,1973
9949,WI,EMERGENCY MEDICINE,M,1983
9950,MN,INTERNAL MEDICINE,M,1980
9951,MS,NURSE PRACTITIONER,M,
9952,NC,INTERVENTIONAL CARDIOLOGY,M,1978
9953,MA,GASTROENTEROLOGY,F,1980
9954,AL,EMERGENCY MEDICINE,M,1980
9955,TX,CERTIFIED NURSE ANESTHETIST,M,1969
9956,MD,HEMATOLOGY/ONCOLOGY,M,1980
9957,IL,EMERGENCY MEDICINE,M,1979
9958,TX,CERTIFIED NURSE ANESTHETIST,F,1946
9959,MN,CERTIFIED NURSE ANESTHETIST,F,1974
9960,OH,PSYCHIATRY,M,1979
9961,IN,CHILD NEUROLOGY,F,1982
9962,AZ,PEDIATRICS/EMERGENCY MEDICINE,M,1982
9963,NV,INTERNAL MEDICINE,M,1978
9964,MI,CERTIFIED NURSE ANESTHETIST,F,
9965,TN,PHYSICIAN ASSISTANT,F,1978
9966,TX,FAMILY MEDICINE,M,1978
9967,NC,CERTIFIED NURSE ANESTHETIST,M,
9968,TX,NEUROLOGY,F,1974
9969,ME,CERTIFIED NURSE ANESTHETIST,M,1969
9970,LA,FAMILY MEDICINE,M,1982
9971,NJ,DIAGNOSTIC RADIOLOGY,F,1980
9972,FL,EMERGENCY MEDICINE,M,1975
9973,FL,DIAGNOSTIC RADIOLOGY,M,1981
9974,MN,NEPHROLOGY,M,1981
9975,NY,CERTIFIED NURSE ANESTHETIST,M,
9976,FL,NURSE PRACTITIONER,F,
9977,IL,PULMONARY CRITICAL CARE MEDICINE,M,1977
9978,SC,HEMATOLOGY/ONCOLOGY,M,1979
9979,LA,CERTIFIED NURSE ANESTHETIST,F,
9980,FL,FAMILY MEDICINE,F,1972
9981,OH,DIAGNOSTIC RADIOLOGY,M,1975
9982,MI,GASTROENTEROLOGY,F,1983
9983,FL,CARDIOVASCULAR DISEASE,M,1982
9984,OH,INTERNAL MEDICINE,F,1982
9985,AL,FAMILY MEDICINE,M,1975
9986,AZ,ANATOMIC/CLINICAL PATHOLOGY,M,1979
9987,NY,FAMILY MEDICINE,M,1983
9988,GA,CERTIFIED NURSE ANESTHETIST,F,1968
9989,MI,CERTIFIED NURSE ANESTHETIST,F,
9990,VA,PHYSICIAN ASSISTANT,F,1984
9991,NY,NEPHROLOGY,F,1981
9992,MI,PHYSICIAN ASSISTANT,F,1982
9993,OR,NURSE PRACTITIONER,F,
9994,NJ,PHYSICIAN ASSISTANT,M,1957
9995,GA,CERTIFIED NURSE ANESTHETIST,F,1958
9996,MI,CARDIOVASCULAR DISEASE,F,1980
9997,TX,EMERGENCY MEDICINE,M,1979
9998,NY,SELECTIVE PATHOLOGY,F,1976
9999,NY,EMERGENCY MEDICINE,F,1980
10000,NY,PEDIATRICS,F,1980
10001,OR,PULMONARY CRITICAL CARE MEDICINE,F,1980
10002,FL,PEDIATRIC RADIOLOGY,M,1980
10003,FL,INTERNAL MEDICINE,M,1982
10004,OH,DIAGNOSTIC RADIOLOGY,M,1982
10005,LA,PEDIATRIC EMERGENCY MEDICINE,F,1980
10006,AZ,PROCEDURAL DERMATOLOGY,F,1980
10007,MD,GASTROENTEROLOGY,M,1979
10008,MA,INTERNAL MEDICINE/PEDIATRICS,F,1982
10009,MA,FAMILY MEDICINE,F,1977
10010,MN,INTERNAL MEDICINE,F,1981
10011,AL,EMERGENCY MEDICINE,M,1981
10012,MI,CERTIFIED NURSE ANESTHETIST,F,
10013,TX,CERTIFIED NURSE ANESTHETIST,F,1955
10014,OH,CERTIFIED NURSE ANESTHETIST,F,1959
10015,SD,CERTIFIED NURSE ANESTHETIST,F,
10016,MN,RADIATION ONCOLOGY,M,1982
10017,MD,EMERGENCY MEDICINE,M,1982
10018,IL,DIAGNOSTIC RADIOLOGY,M,1982
10019,FL,NEURORADIOLOGY,M,1982
10020,GA,CARDIOVASCULAR DISEASE,M,1979
10021,OH,PEDIATRIC RADIOLOGY,M,1981
10022,MN,CERTIFIED NURSE ANESTHETIST,F,1961
10023,CA,CYTOPATHOLOGY,F,1982
10024,MA,FAMILY MEDICINE,F,1981
10025,IL,NEURORADIOLOGY,F,1982
10026,FL,NEURORADIOLOGY,M,1981
10027,CA,NEPHROLOGY,M,1982
10028,VA,PULMONARY DISEASE,F,1981
10029,MA,GASTROENTEROLOGY,F,1981
10030,NY,RHEUMATOLOGY,M,1976
10031,TX,ANESTHESIOLOGY,F,1980
10032,SC,EMERGENCY MEDICINE,M,1981
10033,IL,DERMATOLOGY,F,1982
10034,CO,DIAGNOSTIC RADIOLOGY,F,1974
10035,IL,EMERGENCY MEDICINE,M,1982
10036,SC,CERTIFIED NURSE ANESTHETIST,F,
10037,SC,CLINICAL CARDIAC ELECTROPHYSIOLOGY,M,1981
10038,TX,CARDIOVASCULAR DISEASE,M,1980
10039,PA,EMERGENCY MEDICINE,F,1982
10040,IL,DIAGNOSTIC RADIOLOGY,M,1981
10041,NV,FAMILY MEDICINE,F,1982
10042,IL,ANATOMIC/CLINICAL PATHOLOGY,F,1980
10043,TX,INTERNAL MEDICINE,F,1981
10044,DC,PEDIATRICS,F,1975
10045,AZ,GENERAL SURGERY,F,1982
10046,WV,DIAGNOSTIC RADIOLOGY,F,1980
10047,CA,INTERNAL MEDICINE,M,1979
10048,MS,EMERGENCY MEDICINE,M,1979
10049,MD,ADULT CARDIOTHORACIC ANESTHESIOLOGY,M,1982
10050,CA,PEDIATRICS,F,1982
10051,VA,HEMATOLOGY/ONCOLOGY,M,1983
10052,OH,EMERGENCY MEDICINE,M,1982
10053,LA,PSYCHIATRY,F,1980
10054,GA,PEDIATRICS,F,1980
10055,CA,PSYCHIATRY,M,1981
10056,PA,EMERGENCY MEDICINE,M,1975
10057,MO,PAIN MEDICINE,M,1982
10058,KY,VASCULAR & INTERVENTIONAL RADIOLOGY,M,1982
10059,NV,EMERGENCY MEDICINE,M,1980
10060,LA,EMERGENCY MEDICINE,M,1977
10061,TX,PHYSICIAN ASSISTANT,F,1982
10062,IL,HOSPITALIST,M,1979
10063,CO,CARDIOVASCULAR DISEASE,M,1981
10064,TX,CHILD & ADOLESCENT PSYCHIATRY,M,1981
10065,WI,VASCULAR & INTERVENTIONAL RADIOLOGY,M,1980
10066,VA,OPHTHALMOLOGY,F,1982
10067,NE,DIAGNOSTIC RADIOLOGY,M,1981
10068,WI,FAMILY MEDICINE,F,1981
10069,NY,EMERGENCY MEDICINE,M,1982
10070,NJ,CRITICAL CARE MEDICINE (INTERNAL MEDICINE),F,1982
10071,MN,ORTHOPEDIC SURGERY,F,1981
10072,GA,INFECTIOUS DISEASE,M,1981
10073,TX,DERMATOPATHOLOGY,M,1982
10074,FL,NURSE PRACTITIONER,F,
10075,NY,NURSE PRACTITIONER,F,
10076,NY,PHYSICIAN ASSISTANT,M,1984
10077,FL,EMERGENCY MEDICINE,F,1979
10078,FL,PSYCHIATRY/NEUROLOGY,F,1977
10079,OH,PEDIATRIC RADIOLOGY,F,1983
10080,TX,VASCULAR & INTERVENTIONAL RADIOLOGY,M,1982
10081,OH,EMERGENCY MEDICINE,M,1982
10082,MD,EMERGENCY MEDICINE,M,1980
10083,NJ,CARDIOVASCULAR DISEASE,M,1983
10084,OR,NEURORADIOLOGY,M,1976
10085,NY,GENERAL SURGERY,M,1981
10086,OR,UROLOGY,F,1982
10087,FL,INTERNAL MEDICINE/EMERGENCY MEDICINE,M,1979
10088,RI,VASCULAR & INTERVENTIONAL RADIOLOGY,M,1972
10089,LA,PHYSICIAN ASSISTANT,M,1974
10090,MI,CERTIFIED NURSE ANESTHETIST,F,
10091,NC,HOSPITALIST,F,1972
10092,WV,HEMATOLOGY/ONCOLOGY,M,1978
10093,MO,EMERGENCY MEDICINE,F,1975
10094,NC,DIAGNOSTIC RADIOLOGY,M,1980
10095,AR,PSYCHIATRY,F,1968
10096,CA,INFECTIOUS DISEASE,M,1981
10097,SC,INTERNAL MEDICINE/PEDIATRICS,F,1981
10098,HI,EMERGENCY MEDICINE,M,1973
10099,NY,CARDIOVASCULAR DISEASE,M,1981
10100,AZ,DIAGNOSTIC RADIOLOGY,F,1982
10101,MI,OTOLARYNGOLOGY,M,1979
10102,NM,NURSE PRACTITIONER,M,1979
10103,KY,NURSE PRACTITIONER,F,
10104,TN,CERTIFIED NURSE ANESTHETIST,M,
10105,FL,NURSE PRACTITIONER,M,1972
10106,IN,CARDIOVASCULAR DISEASE,M,1979
10107,PR,GENERAL PRACTICE,F,
10108,KY,NURSE PRACTITIONER,F,
10109,FL,CARDIOVASCULAR DISEASE,M,1981
10110,VA,NURSE PRACTITIONER,F,
10111,FL,NURSE PRACTITIONER,,1982
10112,GA,FAMILY MEDICINE,M,1975
10113,FL,CERTIFIED NURSE ANESTHETIST,M,
10114,FL,PHYSICIAN ASSISTANT,M,1967
10115,MD,PHYSICAL MEDICINE & REHABILITATION,M,1975
10116,TX,DIAGNOSTIC RADIOLOGY,M,1977
10117,CA,GASTROENTEROLOGY,F,1979
10118,FL,PHYSICIAN ASSISTANT,F,1972
10119,NV,NURSE PRACTITIONER,F,1986
10120,PA,CERTIFIED NURSE ANESTHETIST,M,
10121,PA,EMERGENCY MEDICINE,M,1974
10122,MI,EMERGENCY MEDICINE,M,1979
10123,NY,INTERNAL MEDICINE,F,1956
10124,AL,CERTIFIED NURSE ANESTHETIST,M,
10125,CA,INTERNAL MEDICINE,F,1979
10126,CA,CERTIFIED NURSE ANESTHETIST,M,
10127,AZ,CERTIFIED NURSE ANESTHETIST,F,
10128,FL,CERTIFIED NURSE ANESTHETIST,F,
10129,KY,NURSE PRACTITIONER,F,1958
10130,LA,INTERNAL MEDICINE,F,1969
10131,TN,CERTIFIED NURSE ANESTHETIST,M,
10132,NC,NURSE PRACTITIONER,F,1970
10133,FL,NURSE PRACTITIONER,F,
10134,HI,INTERNAL MEDICINE,M,1975
10135,PA,FAMILY MEDICINE,M,1968
10136,FL,INTERNAL MEDICINE,M,1967
10137,PR,CARDIOVASCULAR DISEASE,F,1980
10138,TN,FAMILY MEDICINE,M,1972
10139,MO,CERTIFIED NURSE ANESTHETIST,M,
10140,IN,CARDIOVASCULAR DISEASE,M,1981
10141,AL,CERTIFIED NURSE ANESTHETIST,M,
10142,FL,NURSE PRACTITIONER,M,
10143,FL,CERTIFIED NURSE ANESTHETIST,F,1968
10144,TX,HOSPITALIST,F,1978
10145,PA,CERTIFIED NURSE ANESTHETIST,M,
10146,AZ,EMERGENCY MEDICINE,F,1975
10147,IA,NURSE PRACTITIONER,F,
10148,MS,NURSE PRACTITIONER,F,
10149,GA,INTERNAL MEDICINE,M,1980
10150,SC,CERTIFIED NURSE ANESTHETIST,M,
10151,TX,NURSE PRACTITIONER,F,1977
10152,IA,NURSE PRACTITIONER,M,
10153,TX,INTERVENTIONAL CARDIOLOGY,M,1981
10154,NC,PHYSICIAN ASSISTANT,F,1979
10155,AZ,RADIATION ONCOLOGY,M,1976
10156,NE,PSYCHIATRY,F,1977
10157,CA,INTERNAL MEDICINE,F,1975
10158,TX,EMERGENCY MEDICINE,F,1980
10159,MI,DIAGNOSTIC RADIOLOGY,M,1981
10160,TX,INTERNAL MEDICINE,M,1972
10161,CA,CLINICAL SOCIAL WORKER,M,
10162,NY,FAMILY MEDICINE,F,1978
10163,NM,NURSE PRACTITIONER,F,1958
10164,AZ,INTERNAL MEDICINE,F,1977
10165,TX,EMERGENCY MEDICINE,F,1977
10166,OH,GERIATRIC MEDICINE (FAMILY MEDICINE),M,1966
10167,CA,HEMATOLOGY (INTERNAL MEDICINE),M,1980
10168,FL,PEDIATRICS,M,1953
10169,MN,DIAGNOSTIC RADIOLOGY,M,1979
10170,MI,EMERGENCY MEDICINE,F,1970
10171,MS,FAMILY MEDICINE,M,1980
10172,CA,CLINICAL SOCIAL WORKER,F,
10173,WV,FAMILY MEDICINE,M,1978
10174,PA,PULMONARY DISEASE,M,1977
10175,MI,CERTIFIED NURSE ANESTHETIST,F,
10176,NY,PHYSICIAN ASSISTANT,F,1980
10177,FL,PSYCHOLOGY,F,
10178,CT,OPHTHALMOLOGY,F,1977
10179,IL,NURSE PRACTITIONER,F,
10180,NJ,EMERGENCY MEDICINE,M,1979
10181,CA,INTERNAL MEDICINE,F,1972
10182,TX,CERTIFIED NURSE ANESTHETIST,M,1972
10183,NM,CERTIFIED NURSE ANESTHETIST,M,1960
10184,TX,INFECTIOUS DISEASE,F,1979
10185,VA,INTERNAL MEDICINE,M,1965
10186,VA,INTERNAL MEDICINE,F,1980
10187,GA,DIAGNOSTIC RADIOLOGY,M,1980
10188,HI,EMERGENCY MEDICINE,F,1976
10189,TX,CERTIFIED NURSE ANESTHETIST,F,1955
10190,VA,PHYSICIAN ASSISTANT,F,1972
10191,NJ,NURSE PRACTITIONER,F,
10192,MO,DIAGNOSTIC RADIOLOGY,F,1981
10193,FL,INTERNAL MEDICINE,F,1978
10194,NJ,INTERNAL MEDICINE,F,1973
10195,MI,FAMILY MEDICINE,M,1979
10196,OH,EMERGENCY MEDICINE,M,1973
10197,MO,CERTIFIED NURSE ANESTHETIST,F,
10198,CA,CARDIOVASCULAR DISEASE,M,1978
10199,MD,INTERNAL MEDICINE,M,1973
10200,FL,CARDIOVASCULAR DISEASE,M,1983
10201,NJ,INTERNAL MEDICINE,F,1975
10202,FL,HEMATOLOGY/ONCOLOGY,M,1970
10203,MI,CLINICAL CARDIAC ELECTROPHYSIOLOGY,M,1982
10204,NY,INTERNAL MEDICINE,M,1974
10205,NY,CARDIOVASCULAR DISEASE,M,1978
10206,OH,HOSPITALIST,M,1973
10207,TN,INTERVENTIONAL CARDIOLOGY,M,1977
10208,NY,FAMILY MEDICINE,M,1957
10209,NM,CERTIFIED NURSE ANESTHETIST,M,1974
10210,KY,FAMILY MEDICINE,M,1974
10211,AL,"ENDOCRINOLOGY, DIABETES & METABOLISM",F,1979
10212,NY,INTERNAL MEDICINE,M,1978
10213,CA,NURSE PRACTITIONER,F,
10214,NY,PULMONARY CRITICAL CARE MEDICINE,M,1974
10215,MD,CARDIOVASCULAR DISEASE,M,1976
10216,NY,CERTIFIED NURSE ANESTHETIST,M,
10217,NY,GENERAL SURGERY,M,1974
10218,TN,EMERGENCY MEDICINE,F,1978
10219,TX,NURSE PRACTITIONER,F,1978
10220,NC,PHYSICIAN ASSISTANT,F,1977
10221,TX,PEDIATRICS,F,1977
10222,NC,GENERAL SURGERY,F,1980
10223,AZ,CHILD & ADOLESCENT PSYCHIATRY,M,1970
10224,MA,FAMILY MEDICINE,M,1979
10225,AL,HOSPITALIST,F,1976
10226,CA,INTERNAL MEDICINE/PEDIATRICS,M,1983
10227,CA,FAMILY MEDICINE,M,1977
10228,CA,INTERNAL MEDICINE,F,1973
10229,CA,HOSPITALIST,M,1976
10230,GA,NURSE PRACTITIONER,F,
10231,CA,EMERGENCY MEDICINE,M,1976
10232,DC,INTERNAL MEDICINE,M,1977
10233,CA,FAMILY MEDICINE,F,1969
10234,NY,INTERNAL MEDICINE,M,1985
10235,FL,INTERNAL MEDICINE,M,1970
10236,MN,PHYSICIAN ASSISTANT,F,1970
10237,TN,FAMILY MEDICINE,F,1980
10238,LA,CARDIOVASCULAR DISEASE,M,1977
10239,WA,HEMATOLOGY/ONCOLOGY,M,1977
10240,WA,NURSE PRACTITIONER,F,
10241,TX,NURSE PRACTITIONER,F,1961
10242,UT,PHYSICIAN ASSISTANT,M,1979
10243,MO,NURSE PRACTITIONER,F,
10244,NY,FAMILY MEDICINE,M,1979
10245,CA,INTERNAL MEDICINE,M,1971
10246,NJ,GASTROENTEROLOGY,M,1980
10247,TX,NURSE PRACTITIONER,F,1982
10248,FL,EMERGENCY MEDICINE,M,1978
10249,MD,INTERNAL MEDICINE,F,1970
10250,FL,EMERGENCY MEDICINE,F,1982
10251,MS,NURSE PRACTITIONER,M,
10252,MS,NURSE PRACTITIONER,F,
10253,PA,PHYSICIAN ASSISTANT,F,1982
10254,CA,FAMILY MEDICINE,F,1972
10255,MN,NURSE PRACTITIONER,F,1982
10256,WA,PHYSICIAN ASSISTANT,M,1966
10257,NY,PEDIATRIC GASTROENTEROLOGY,M,1980
10258,ME,CRITICAL CARE MEDICINE (ANESTHESIOLOGY),M,1974
10259,MO,INTERNAL MEDICINE,M,1970
10260,IN,FAMILY MEDICINE,M,1974
10261,NV,PHYSICIAN ASSISTANT,M,1972
10262,NE,FAMILY MEDICINE,M,1958
10263,AZ,HOSPITALIST,M,1972
10264,IA,EMERGENCY MEDICINE,M,1978
10265,FL,DERMATOLOGY,M,1977
10266,CO,PHYSICIAN ASSISTANT,F,1977
10267,NY,EMERGENCY MEDICINE,F,1984
10268,HI,EMERGENCY MEDICINE,F,1985
10269,CA,EMERGENCY MEDICINE,M,1980
10270,CA,FAMILY MEDICINE,M,1983
10271,CA,INTERNAL MEDICINE,F,1976
10272,CA,INFECTIOUS DISEASE,F,1980
10273,OR,FAMILY MEDICINE,M,1962
10274,CA,INTERNAL MEDICINE,F,1961
10275,ID,PHYSICIAN ASSISTANT,M,1971
10276,KY,CLINICAL CARDIAC ELECTROPHYSIOLOGY,M,1980
10277,TX,INTERNAL MEDICINE,M,1978
10278,TX,PAIN MEDICINE,M,1973
10279,TX,PSYCHOLOGY,M,
10280,NV,NURSE PRACTITIONER,F,
10281,MD,PEDIATRICS,F,1981
10282,FL,PHYSICIAN ASSISTANT,M,1977
10283,OH,NURSE PRACTITIONER,F,1977
10284,MT,DIAGNOSTIC RADIOLOGY,M,1980
10285,OH,INTERVENTIONAL CARDIOLOGY,M,1975
10286,MN,CARDIOVASCULAR DISEASE,M,1979
10287,KY,FAMILY MEDICINE,M,1977
10288,KY,PHYSICIAN ASSISTANT,F,1981
10289,IN,GENERAL SURGERY,M,1976
10290,FL,"FOOT & ANKLE, ORTHOPEDICS",F,1979
10291,CA,GASTROENTEROLOGY,M,1980
10292,TN,PHYSICIAN ASSISTANT,F,1980
10293,NE,PSYCHIATRY,F,1978
10294,NY,FAMILY MEDICINE,F,1985
10295,PA,EMERGENCY MEDICINE,M,1982
10296,WY,NURSE PRACTITIONER,F,
10297,NY,PULMONARY CRITICAL CARE MEDICINE,M,1974
10298,GA,CARDIOVASCULAR DISEASE,M,1981
10299,OR,FAMILY MEDICINE,M,1979
10300,IA,INTERVENTIONAL CARDIOLOGY,F,1985
10301,MI,CARDIOVASCULAR DISEASE,F,1979
10302,WA,INTERNAL MEDICINE/PEDIATRICS,M,1974
10303,IL,INTERVENTIONAL CARDIOLOGY,M,1972
10304,CO,PEDIATRICS,F,1972
10305,NJ,EMERGENCY MEDICINE,F,1981
10306,FL,ANESTHESIOLOGY,M,1982
10307,MA,DIAGNOSTIC RADIOLOGY,F,1957
10308,MI,CARDIOVASCULAR DISEASE,F,1974
10309,FL,PEDIATRICS,M,1974
10310,MI,INTERNAL MEDICINE,M,1975
10311,TN,NURSE PRACTITIONER,F,
10312,OR,GENERAL SURGERY,F,1979
10313,NJ,FAMILY MEDICINE,F,1974
10314,MD,INTERNAL MEDICINE,F,1981
10315,NM,PULMONARY CRITICAL CARE MEDICINE,M,1971
10316,TX,NURSE PRACTITIONER,F,1980
10317,WA,PEDIATRIC PULMONOLOGY,M,1975
10318,NY,FAMILY MEDICINE,M,1976
10319,MI,INTERNAL MEDICINE,M,1980
10320,WA,PEDIATRIC CARDIOLOGY,M,1977
10321,MS,NURSE PRACTITIONER,F,
10322,CA,INTERNAL MEDICINE,F,1985
10323,TX,EMERGENCY MEDICINE,M,1980
10324,ID,EMERGENCY MEDICINE,F,1984
10325,MT,EMERGENCY MEDICINE,M,1979
10326,FL,EMERGENCY MEDICINE,M,1984
10327,FL,EMERGENCY MEDICINE,M,1985
10328,TN,EMERGENCY MEDICINE,M,1984
10329,TN,PEDIATRIC EMERGENCY MEDICINE (PEDIATRICS),F,1967
10330,GA,DERMATOLOGY,F,1980
10331,MA,OPHTHALMOLOGY,F,1981
10332,WI,NURSE PRACTITIONER,F,
10333,WI,EMERGENCY MEDICINE,M,1978
10334,CA,FAMILY MEDICINE,M,1970
10335,AZ,PHYSICIAN ASSISTANT,M,1975
10336,CA,DIAGNOSTIC RADIOLOGY,M,1980
10337,FL,ADVANCED HEART FAILURE & TRANSPLANT CARDIOLOGY,M,1981
10338,CA,PHYSICIAN ASSISTANT,F,1963
10339,PA,INTERNAL MEDICINE,M,1976
10340,OH,DERMATOLOGY,F,1975
10341,KY,PEDIATRICS,F,1980
10342,TX,PHYSICIAN ASSISTANT,M,1975
10343,TX,NEPHROLOGY,M,1977
10344,TX,PHYSICIAN ASSISTANT,F,1981
10345,OR,INTERNAL MEDICINE,F,1972
10346,WI,DIAGNOSTIC RADIOLOGY,M,1981
10347,FL,EMERGENCY MEDICINE,M,1977
10348,FL,FAMILY MEDICINE,M,1962
10349,WA,NURSE PRACTITIONER,F,
10350,MI,"ENDOCRINOLOGY, DIABETES & METABOLISM",F,1976
10351,OR,CHIROPRACTIC,F,
10352,TX,CARDIOVASCULAR DISEASE,M,1977
10353,CA,PULMONARY CRITICAL CARE MEDICINE,F,1979
10354,MD,CHIROPRACTIC,M,
10355,VA,HEMATOLOGY/ONCOLOGY,M,1979
10356,IL,NEPHROLOGY,M,1977
10357,CA,PSYCHOLOGY,F,
10358,FL,FAMILY MEDICINE,M,1972
10359,OH,NURSE PRACTITIONER,F,
10360,MI,PSYCHOLOGY,F,
10361,MA,INTERNAL MEDICINE,F,1979
10362,PA,PHYSICAL MEDICINE & REHABILITATION,M,
10363,CA,DERMATOPATHOLOGY,F,1976
10364,TX,PHYSICIAN ASSISTANT,M,1955
10365,FL,PEDIATRICS,F,1976
10366,OH,NURSE PRACTITIONER,F,1964
10367,NY,FAMILY MEDICINE,F,1968
10368,MS,CHIROPRACTIC,M,
10369,NM,CHIROPRACTIC,F,
10370,TX,CHIROPRACTIC,M,
10371,NC,PHYSICIAN ASSISTANT,F,1979
10372,FL,GASTROENTEROLOGY,F,1980
10373,TX,PSYCHOLOGY,F,
10374,MD,CHIROPRACTIC,M,
10375,WV,NEPHROLOGY,F,1979
10376,MD,NURSE PRACTITIONER,F,
10377,ME,NURSE PRACTITIONER,F,1969
10378,IN,DERMATOLOGY,M,1979
10379,WA,DIAGNOSTIC RADIOLOGY,M,1976
10380,NH,FAMILY MEDICINE,M,1977
10381,TN,HOSPITALIST,F,1977
10382,WI,CARDIOVASCULAR DISEASE,M,1963
10383,KS,CHIROPRACTIC,M,1957
10384,WA,PHYSICIAN ASSISTANT,M,1970
10385,MI,PODIATRIST,F,1971
10386,MI,INTERNAL MEDICINE,M,1972
10387,FL,NURSE PRACTITIONER,M,
10388,TX,PHYSICIAN ASSISTANT,M,1980
10389,MS,NURSE PRACTITIONER,F,
10390,NH,CARDIOVASCULAR DISEASE,M,1978
10391,CA,FAMILY MEDICINE,M,1979
10392,CA,ANESTHESIOLOGY,M,1973
10393,NY,CHIROPRACTIC,M,
10394,AZ,PODIATRIST,F,
10395,OH,FAMILY MEDICINE,F,1978
10396,LA,PEDIATRICS,F,1973
10397,TX,GENERAL PRACTICE,F,1984
10398,IN,EMERGENCY MEDICINE,M,1982
10399,MI,EMERGENCY MEDICINE,M,1980
10400,PA,EMERGENCY MEDICINE,M,1978
10401,HI,FAMILY MEDICINE,M,1974
10402,NY,PEDIATRIC EMERGENCY MEDICINE,F,1972
10403,IL,FAMILY MEDICINE,F,1978
10404,FL,PEDIATRICS,F,1975
10405,CO,EMERGENCY MEDICINE,F,1984
10406,TX,EMERGENCY MEDICINE,M,1980
10407,CA,OBSTETRICS & GYNECOLOGY,F,1978
10408,LA,VASCULAR & INTERVENTIONAL RADIOLOGY,M,1976
10409,NY,RADIATION ONCOLOGY,F,1976
10410,TX,FAMILY MEDICINE,F,1979
10411,TX,FAMILY MEDICINE,F,1977
10412,NY,INTERNAL MEDICINE,F,1977
10413,GA,FAMILY MEDICINE,F,1970
10414,TX,NURSE PRACTITIONER,M,1975
10415,TX,FAMILY MEDICINE,F,1983
10416,OH,NEURORADIOLOGY,M,1973
10417,NE,PHYSICIAN ASSISTANT,F,1979
10418,GA,NURSE PRACTITIONER,F,1973
10419,PA,PHYSICIAN ASSISTANT,M,1981
10420,FL,SELECTIVE PATHOLOGY,M,1977
10421,VT,NURSE PRACTITIONER,F,
10422,CA,NURSE PRACTITIONER,F,
10423,CA,NURSE PRACTITIONER,F,
10424,VA,PHYSICIAN ASSISTANT,F,1969
10425,TX,PEDIATRICS,F,1974
10426,WA,PHARMACIST,F,
10427,PA,SPORTS MEDICINE (FAMILY MEDICINE),M,1985
10428,CO,PHYSICIAN ASSISTANT,F,1981
10429,AR,FAMILY MEDICINE,M,1971
10430,AZ,PEDIATRICS,F,1975
10431,FL,CARDIOVASCULAR DISEASE,M,1984
10432,TN,FAMILY MEDICINE,F,1985
10433,OH,NURSE PRACTITIONER,F,1964
10434,GA,PODIATRIST,M,
10435,MO,FAMILY MEDICINE,M,1976
10436,NY,FAMILY MEDICINE,M,1974
10437,FL,PHYSICIAN ASSISTANT,F,1974
10438,AR,CERTIFIED NURSE ANESTHETIST,M,1972
10439,AZ,NEPHROLOGY,F,1967
10440,OH,PHYSICIAN ASSISTANT,F,1983
10441,CA,NURSE PRACTITIONER,F,
10442,VA,GASTROENTEROLOGY,M,1985
10443,SC,EMERGENCY MEDICINE,F,1983
10444,PA,GENERAL SURGERY,M,1983
10445,MI,"ENDOCRINOLOGY, DIABETES & METABOLISM",F,1988
10446,PA,EMERGENCY MEDICINE,M,1977
10447,MD,DIAGNOSTIC RADIOLOGY,M,1981
10448,IA,FAMILY MEDICINE,F,1965
10449,NJ,CARDIOVASCULAR DISEASE,M,1980
10450,PR,OPHTHALMOLOGY,M,1979
10451,VT,PHYSICIAN ASSISTANT,F,1980
10452,GA,CLINICAL SOCIAL WORKER,F,
10453,NC,DERMATOLOGY,M,1981
10454,FL,GASTROENTEROLOGY,M,1985
10455,MA,EMERGENCY MEDICINE,F,1982
10456,FL,FAMILY MEDICINE,M,1981
10457,ME,EMERGENCY MEDICINE,M,1971
10458,NC,PEDIATRICS,M,1978
10459,PA,OBSTETRICS & GYNECOLOGY,F,1982
10460,AZ,INTERNAL MEDICINE,M,1967
10461,AL,EMERGENCY MEDICINE,F,1980
10462,NY,EMERGENCY MEDICINE,F,1986
10463,FL,INTERNAL MEDICINE,M,1984
10464,LA,FAMILY MEDICINE,M,1974
10465,TN,HOSPITALIST,F,1981
10466,PA,INTERNAL MEDICINE,M,1975
10467,MA,CARDIOVASCULAR DISEASE,M,1977
10468,AL,EMERGENCY MEDICINE,M,1959
10469,SC,FAMILY MEDICINE,F,1986
10470,MI,GASTROENTEROLOGY,M,1984
10471,MI,EMERGENCY MEDICINE,F,1983
10472,CA,"ENDOCRINOLOGY, DIABETES & METABOLISM",F,1974
10473,VA,FAMILY MEDICINE,M,1976
10474,TX,FAMILY MEDICINE,M,1988
10475,CA,FAMILY MEDICINE,F,1956
10476,TX,HEMATOLOGY (PATHOLOGY),F,1974
10477,PA,NURSE PRACTITIONER,M,1955
10478,CA,INTERNAL MEDICINE,M,1970
10479,OH,COLON & RECTAL SURGERY,M,1977
10480,IN,PEDIATRICS,F,1976
10481,GA,PEDIATRICS,F,1977
10482,MN,INTERNAL MEDICINE,M,1983
10483,FL,FAMILY MEDICINE,F,1974
10484,FL,HEMATOLOGY/ONCOLOGY,F,1966
10485,FL,FAMILY MEDICINE,F,1962
10486,AL,FAMILY MEDICINE,M,1980
10487,FL,EMERGENCY MEDICINE,M,1974
10488,WA,FAMILY MEDICINE,F,1973
10489,FL,GASTROENTEROLOGY,M,1977
10490,AL,OBSTETRICS & GYNECOLOGY,M,1976
10491,CA,INTERNAL MEDICINE,M,1977
10492,CA,CLINICAL CARDIAC ELECTROPHYSIOLOGY,M,1976
10493,SC,INTERVENTIONAL CARDIOLOGY,F,1981
10494,VA,INTERNAL MEDICINE,M,1974
10495,IA,NURSE PRACTITIONER,F,
10496,CA,DERMATOLOGY,F,1979
10497,AZ,INFECTIOUS DISEASE,M,1980
10498,CA,INTERNAL MEDICINE/PEDIATRICS,F,1978
10499,PA,DERMATOLOGY,M,1975
10500,CT,PHYSICIAN ASSISTANT,F,1979
10501,FL,HEMATOLOGY/ONCOLOGY,M,1978
10502,NC,PHYSICIAN ASSISTANT,F,1977
10503,NY,PHYSICIAN ASSISTANT,F,1969
10504,GA,CLINICAL SOCIAL WORKER,M,
10505,FL,FAMILY MEDICINE,M,1979
10506,UT,NURSE PRACTITIONER,F,
10507,FL,FAMILY MEDICINE,F,1979
10508,CA,PULMONARY DISEASE,M,1980
10509,CA,FAMILY MEDICINE,F,1973
10510,KY,ANATOMIC/CLINICAL PATHOLOGY,M,1967
10511,TX,PHYSICIAN ASSISTANT,M,1967
10512,MI,FAMILY MEDICINE,M,1978
10513,PA,GASTROENTEROLOGY,M,1980
10514,CA,FAMILY MEDICINE,M,1972
10515,AZ,NURSE PRACTITIONER,F,1975
10516,IN,NURSE PRACTITIONER,F,1979
10517,PA,NEPHROLOGY,M,1979
10518,MO,CARDIOVASCULAR DISEASE,M,1979
10519,TX,GASTROENTEROLOGY,M,1973
10520,CA,PEDIATRICS,F,1960
10521,NC,DIAGNOSTIC RADIOLOGY,M,1979
10522,FL,PHYSICIAN ASSISTANT,F,1976
10523,WA,EMERGENCY MEDICINE,M,1971
10524,CA,PHYSICIAN ASSISTANT,F,1977
10525,SC,GASTROENTEROLOGY,M,1979
10526,DE,SLEEP MEDICINE,F,1983
10527,MD,FAMILY MEDICINE,F,1978
10528,TX,ORTHOPEDIC SURGERY,M,1980
10529,OH,HOSPITALIST,F,1977
10530,FL,PHYSICIAN ASSISTANT,M,1966
10531,MA,INTERNAL MEDICINE,F,1973
10532,TX,EMERGENCY MEDICINE,F,1978
10533,CA,CLINICAL CARDIAC ELECTROPHYSIOLOGY,M,1968
10534,FL,PEDIATRICS,F,1979
10535,MA,OTOLARYNGOLOGY,F,1980
10536,OH,ABDOMINAL RADIOLOGY,M,1977
10537,CA,EMERGENCY MEDICINE,F,1977
10538,NY,EMERGENCY MEDICINE,F,1968
10539,SC,EMERGENCY MEDICINE,F,1978
10540,IN,DIAGNOSTIC RADIOLOGY,M,1981
10541,GA,EMERGENCY MEDICINE,F,1977
10542,MA,PEDIATRIC EMERGENCY MEDICINE (PEDIATRICS),F,1978
10543,OH,EMERGENCY MEDICINE,F,1981
10544,NY,OPHTHALMOLOGY,M,1981
10545,TN,INTERVENTIONAL CARDIOLOGY,M,1979
10546,CA,RHEUMATOLOGY,F,1981
10547,NY,FAMILY MEDICINE,F,1977
10548,MI,INTERVENTIONAL CARDIOLOGY,M,1980
10549,AK,PHYSICIAN ASSISTANT,M,1969
10550,TX,PHYSICIAN ASSISTANT,M,1975
10551,SC,NURSE PRACTITIONER,F,
10552,GA,CARDIOVASCULAR DISEASE,M,1979
10553,DC,EMERGENCY MEDICINE,F,1978
10554,TX,INTERNAL MEDICINE,M,1973
10555,CA,HEMATOLOGY (PATHOLOGY),F,1972
10556,MD,PHYSICIAN ASSISTANT,F,1982
10557,CA,DIAGNOSTIC RADIOLOGY,M,1978
10558,NH,CARDIOVASCULAR DISEASE,M,1977
10559,NJ,EMERGENCY MEDICINE,M,1980
10560,OH,CLINICAL CARDIAC ELECTROPHYSIOLOGY,F,1980
10561,KS,VASCULAR & INTERVENTIONAL RADIOLOGY,M,1972
10562,LA,PEDIATRIC ORTHOPEDICS,M,1980
10563,CA,CLINICAL CARDIAC ELECTROPHYSIOLOGY,M,1978
10564,FL,NEPHROLOGY,M,1970
10565,MI,ORTHOPEDIC SURGERY,M,1983
10566,MN,CARDIOVASCULAR DISEASE,M,1980
10567,FL,PSYCHIATRY,M,1963
10568,WA,PEDIATRICS,F,1980
10569,NV,EMERGENCY MEDICINE,M,1978
10570,FL,FAMILY MEDICINE,M,1975
10571,FL,INFECTIOUS DISEASE,M,1971
10572,OH,PHYSICIAN ASSISTANT,M,1964
10573,TX,EMERGENCY MEDICINE,M,1982
10574,CO,DIAGNOSTIC RADIOLOGY,M,1979
10575,MI,PEDIATRICS,M,1971
10576,TX,CLINICAL NEUROPHYSIOLOGY,F,1970
10577,WY,NURSE PRACTITIONER,F,
10578,TX,PHYSICIAN ASSISTANT,F,1975
10579,NE,DENTIST,F,
10580,IL,"ENDOCRINOLOGY, DIABETES & METABOLISM",F,1977
10581,FL,PEDIATRICS,F,1976
10582,NY,OTOLARYNGOLOGY,M,1981
10583,CA,PEDIATRIC GASTROENTEROLOGY,F,1978
10584,SC,FAMILY MEDICINE,M,1972
10585,CA,DERMATOLOGY,F,1981
10586,MO,CARDIOVASCULAR DISEASE,F,1976
10587,CA,RHEUMATOLOGY,M,1981
10588,PA,PROCEDURAL DERMATOLOGY,M,1980
10589,NY,DERMATOLOGY,F,1977
10590,PA,SPORTS MEDICINE (PHYSICAL MEDICINE & REHABILITATION),F,1976
10591,CT,INTERNAL MEDICINE,F,1981
10592,OH,EMERGENCY MEDICINE,M,1980
10593,NV,FAMILY MEDICINE,M,1978
10594,NY,EMERGENCY MEDICINE,M,1982
10595,NY,PAIN MEDICINE,F,1980
10596,FL,CARDIOVASCULAR DISEASE,M,1980
10597,FL,INTERVENTIONAL CARDIOLOGY,M,1981
10598,FL,EMERGENCY MEDICINE,M,1977
10599,IA,PEDIATRICS,F,1981
10600,FL,EMERGENCY MEDICINE,F,1980
10601,NJ,CARDIOVASCULAR DISEASE,F,1983
10602,CA,DIAGNOSTIC RADIOLOGY,M,1978
10603,RI,EMERGENCY MEDICINE,F,1981
10604,OH,EMERGENCY MEDICINE,M,1980
10605,PA,EMERGENCY MEDICINE,F,1979
10606,CA,FAMILY MEDICINE,F,1980
10607,TX,PHYSICAL MEDICINE & REHABILITATION,F,1983
10608,MN,EMERGENCY MEDICINE,F,1979
10609,MS,GENERAL SURGERY,M,1981
10610,CA,PHYSICIAN ASSISTANT,F,1945
10611,MI,HEMATOLOGY/ONCOLOGY,M,1980
10612,OR,DERMATOPATHOLOGY,F,1978
10613,CA,PHYSICIAN ASSISTANT,F,1980
10614,CA,PSYCHIATRY,M,1973
10615,HI,PEDIATRICS,M,1981
10616,TX,EMERGENCY MEDICINE,F,1980
10617,DC,EMERGENCY MEDICINE,F,1981
10618,MD,EMERGENCY MEDICINE,M,1981
10619,WA,PEDIATRIC EMERGENCY MEDICINE (PEDIATRICS),M,1976
10620,OH,EMERGENCY MEDICINE,F,1982
10621,CA,PEDIATRICS,F,1970
10622,FL,EMERGENCY MEDICINE,M,1980
10623,MI,DIAGNOSTIC RADIOLOGY,M,1975
10624,NC,GASTROENTEROLOGY,M,1980
10625,MA,ADVANCED HEART FAILURE & TRANSPLANT CARDIOLOGY,F,1981
10626,KY,PEDIATRICS,F,1979
10627,CA,FAMILY MEDICINE,F,1981
10628,NJ,ALLERGY & IMMUNOLOGY,F,1980
10629,MI,CARDIOVASCULAR DISEASE,M,1981
10630,NC,INTERNAL MEDICINE,F,1968
10631,FL,PEDIATRICS,F,1982
10632,MA,NEUROLOGY,M,1980
10633,MD,EMERGENCY MEDICINE,F,1981
10634,CA,ANATOMIC/CLINICAL PATHOLOGY,F,1982
10635,IN,HOSPITALIST,M,1981
10636,CA,PULMONARY CRITICAL CARE MEDICINE,M,1978
10637,CA,PSYCHIATRY,F,1981
10638,CA,PEDIATRICS,F,1980
10639,AZ,EMERGENCY MEDICINE,M,1976
10640,CA,INTERNAL MEDICINE,F,1972
10641,NY,GASTROENTEROLOGY,F,1981
10642,MN,HEMATOLOGY/ONCOLOGY,M,1976
10643,NJ,PEDIATRICS,F,1981
10644,NJ,RHEUMATOLOGY,F,1980
10645,CA,DIAGNOSTIC RADIOLOGY,M,1981
10646,HI,FAMILY MEDICINE,F,1975
10647,VA,EMERGENCY MEDICINE,M,1980
10648,OH,HEMATOLOGY (PATHOLOGY),F,1980
10649,IL,INTERNAL MEDICINE,F,1981
10650,IN,EMERGENCY MEDICINE,M,1979
10651,OK,PHYSICIAN ASSISTANT,F,1982
10652,FL,DIAGNOSTIC RADIOLOGY,M,1978
10653,OH,GASTROENTEROLOGY,M,1978
10654,DC,INTERNAL MEDICINE,M,1981
10655,AL,PEDIATRIC EMERGENCY MEDICINE (PEDIATRICS),M,1981
10656,MO,EMERGENCY MEDICINE,M,1981
10657,KS,INTERNAL MEDICINE,F,1981
10658,NC,EMERGENCY MEDICINE,M,1977
10659,GA,EMERGENCY MEDICINE,M,1979
10660,TX,OPHTHALMOLOGY,F,1980
10661,GA,PSYCHIATRY,M,1981
10662,CO,INTERNAL MEDICINE,M,1981
10663,NY,CARDIOVASCULAR DISEASE,M,1979
10664,OH,EMERGENCY MEDICINE,F,1981
10665,RI,EMERGENCY MEDICINE,F,1981
10666,FL,"ENDOCRINOLOGY, DIABETES & METABOLISM",F,1982
10667,IA,DIAGNOSTIC RADIOLOGY,M,1978
10668,NY,CARDIOVASCULAR DISEASE,M,1981
10669,PA,DIAGNOSTIC RADIOLOGY,M,1980
10670,FL,PAIN MEDICINE,M,1981
10671,KY,EMERGENCY MEDICINE,M,1981
10672,OH,INTERNAL MEDICINE,M,1974
10673,CA,INTERNAL MEDICINE,M,1981
10674,TX,NEPHROLOGY,F,1980
10675,AR,NURSE PRACTITIONER,F,
10676,FL,FAMILY MEDICINE,M,1966
10677,FL,INTERVENTIONAL CARDIOLOGY,M,1979
10678,LA,EMERGENCY MEDICINE,F,1979
10679,FL,GENERAL SURGERY,M,1978
10680,CO,NEURORADIOLOGY,M,1975
10681,DE,HOSPITALIST,M,1980
10682,VA,EMERGENCY MEDICINE,F,1976
10683,TX,ADULT CARDIOTHORACIC ANESTHESIOLOGY,F,1980
10684,TN,INTERNAL MEDICINE/PEDIATRICS,M,1981
10685,CA,SELECTIVE PATHOLOGY,F,1974
10686,CA,EMERGENCY MEDICINE,M,1980
10687,NY,FAMILY MEDICINE,M,1981
10688,IL,EMERGENCY MEDICINE,M,1982
10689,MO,DERMATOLOGY,F,1971
10690,CA,EMERGENCY MEDICINE,M,1979
10691,FL,OPHTHALMOLOGY,F,1980
10692,NH,NURSE PRACTITIONER,F,
10693,NH,PHYSICIAN ASSISTANT,F,1961
10694,MD,CERTIFIED NURSE ANESTHETIST,M,
10695,CA,PEDIATRICS,M,1980
10696,TX,EMERGENCY MEDICINE,M,1980
10697,PA,FAMILY MEDICINE,M,1974
10698,NJ,EMERGENCY MEDICINE,M,1974
10699,MN,INTERNAL MEDICINE,M,1980
10700,CO,GENERAL SURGERY,F,1984
10701,MI,EMERGENCY MEDICINE,M,1980
10702,IA,NURSE PRACTITIONER,F,
10703,GA,NURSE PRACTITIONER,F,
10704,MD,EMERGENCY MEDICINE,F,1977
10705,VA,OPHTHALMOLOGY,F,1977
10706,LA,CERTIFIED NURSE ANESTHETIST,M,
10707,NC,CLINICAL SOCIAL WORKER,F,
10708,CA,INTERNAL MEDICINE,M,1980
10709,WV,PHYSICIAN ASSISTANT,F,1983
10710,OH,MEDICAL GENETICS,F,1973
10711,MI,PHYSICIAN ASSISTANT,F,1968
10712,CA,CLINICAL SOCIAL WORKER,F,
10713,NV,CHIROPRACTIC,M,
10714,CA,CLINICAL SOCIAL WORKER,F,
10715,CA,PODIATRIST,M,
10716,CA,PHYSICIAN ASSISTANT,M,1965
10717,MI,EMERGENCY MEDICINE,M,1980
10718,CA,FAMILY MEDICINE,M,1977
10719,MI,CLINICAL SOCIAL WORKER,M,
10720,WV,PHYSICIAN ASSISTANT,F,1969
10721,IA,NURSE PRACTITIONER,F,
10722,NV,INTERNAL MEDICINE,M,1974
10723,CA,PHYSICIAN ASSISTANT,F,1974
10724,IL,PSYCHOLOGY,M,
10725,CA,NEURORADIOLOGY,F,1974
10726,MD,ANESTHESIOLOGY,M,1976
10727,CA,PHYSICIAN ASSISTANT,F,1979
10728,MI,PODIATRIST,M,
10729,AZ,CHIROPRACTIC,M,
10730,VA,CHIROPRACTIC,M,
10731,NV,CERTIFIED NURSE ANESTHETIST,F,
10732,CO,CLINICAL SOCIAL WORKER,F,
10733,MN,UROLOGY,M,1979
10734,GU,FAMILY MEDICINE,F,1977
10735,NY,FAMILY MEDICINE,M,1973
10736,TX,SELECTIVE PATHOLOGY,F,1977
10737,MN,PHYSICIAN ASSISTANT,F,1973
10738,TN,NURSE PRACTITIONER,M,1979
10739,TN,NURSE PRACTITIONER,F,1957
10740,TX,NURSE PRACTITIONER,F,1973
10741,MI,EMERGENCY MEDICINE,M,1981
10742,TX,DIAGNOSTIC RADIOLOGY,M,1979
10743,MI,RADIOLOGY,F,1968
10744,WA,FAMILY MEDICINE,M,1978
10745,LA,GASTROENTEROLOGY,M,1976
10746,MI,GASTROENTEROLOGY,M,1976
10747,NY,INTERVENTIONAL CARDIOLOGY,M,1977
10748,CT,ANESTHESIOLOGY,M,1978
10749,CA,NURSE PRACTITIONER,F,
10750,UT,PROCEDURAL DERMATOLOGY,M,1977
10751,OR,OBSTETRICS & GYNECOLOGY,F,1972
10752,CA,CARDIOVASCULAR DISEASE,M,1978
10753,OK,NEURORADIOLOGY,M,1979
10754,OH,PSYCHOLOGY,F,
10755,CA,FAMILY MEDICINE,M,1965
10756,FL,HOSPITALIST,M,1975
10757,LA,INTERNAL MEDICINE/PEDIATRICS,F,1978
10758,GA,CARDIOVASCULAR DISEASE,M,1971
10759,FL,ORTHOPEDIC SURGERY,M,1978
10760,MD,NURSE PRACTITIONER,F,
10761,CA,DERMATOLOGY,F,1976
10762,GA,DENTIST,F,
10763,TX,NURSE PRACTITIONER,F,1971
10764,MA,GENERAL SURGERY,M,1972
10765,TX,EMERGENCY MEDICINE,M,1976
10766,SC,INTERNAL MEDICINE,M,1977
10767,NV,FAMILY MEDICINE,M,1977
10768,CA,INTERNAL MEDICINE,M,1974
10769,CA,FAMILY MEDICINE,F,1975
10770,TN,DERMATOPATHOLOGY,M,1964
10771,NY,EMERGENCY MEDICINE,M,1978
10772,AL,FAMILY MEDICINE,M,1978
10773,NV,INTERNAL MEDICINE,F,1977
10774,CA,ANESTHESIOLOGY,M,1971
10775,VA,INTERNAL MEDICINE,M,1973
10776,MI,PHYSICIAN ASSISTANT,F,1978
10777,FL,DIAGNOSTIC RADIOLOGY,M,1974
10778,CA,CARDIOVASCULAR DISEASE,M,1972
10779,NY,FAMILY MEDICINE,M,1973
10780,WA,PULMONARY CRITICAL CARE MEDICINE,M,1976
10781,AZ,PODIATRIST,M,
10782,NY,EMERGENCY MEDICINE,M,1975
10783,TX,CARDIOVASCULAR DISEASE,M,1975
10784,IN,OBSTETRICS & GYNECOLOGY,M,1976
10785,VA,PAIN MEDICINE,F,1974
10786,FL,CLINICAL SOCIAL WORKER,F,
10787,NJ,CLINICAL SOCIAL WORKER,F,
10788,MI,PHYSICIAN ASSISTANT,F,1982
10789,MO,PHYSICIAN ASSISTANT,F,1977
10790,ME,PEDIATRICS,F,1982
10791,MN,NEPHROLOGY,M,1979
10792,LA,CERTIFIED NURSE ANESTHETIST,F,
10793,VA,PHYSICIAN ASSISTANT,M,1971
10794,FL,PEDIATRICS,M,1969
10795,AL,NURSE PRACTITIONER,F,
10796,SC,NURSE PRACTITIONER,F,
10797,OK,PHYSICIAN ASSISTANT,M,1968
10798,AZ,NURSE PRACTITIONER,F,
10799,RI,NURSE PRACTITIONER,F,1964
10800,OK,EMERGENCY MEDICINE,M,1977
10801,CA,FAMILY MEDICINE,F,1976
10802,WA,FAMILY MEDICINE,M,1964
10803,TX,PHYSICIAN ASSISTANT,M,1972
10804,CT,NURSE PRACTITIONER,F,
10805,AZ,PHYSICIAN ASSISTANT,F,1982
10806,TX,NURSE PRACTITIONER,F,
10807,CA,FAMILY MEDICINE,F,1975
10808,CA,PHYSICIAN ASSISTANT,M,1977
10809,CA,DIAGNOSTIC RADIOLOGY,M,1979
10810,UT,DERMATOLOGY,M,1972
10811,LA,EMERGENCY MEDICINE,M,1974
10812,NY,NURSE PRACTITIONER,F,
10813,FL,ANATOMIC/CLINICAL PATHOLOGY,M,1970
10814,IL,PHYSICIAN ASSISTANT,F,1973
10815,OK,PHYSICIAN ASSISTANT,F,1971
10816,MI,NURSE PRACTITIONER,F,
10817,MD,NURSE PRACTITIONER,F,
10818,MA,NURSE PRACTITIONER,F,
10819,MI,EMERGENCY MEDICINE,M,1968
10820,MD,PHYSICIAN ASSISTANT,M,1966
10821,FL,INTERNAL MEDICINE,M,1977
10822,FL,PHYSICIAN ASSISTANT,F,1980
10823,FL,INTERNAL MEDICINE,M,1963
10824,TX,DERMATOPATHOLOGY,F,1977
10825,AZ,NURSE PRACTITIONER,F,
10826,TX,PHYSICIAN ASSISTANT,M,1976
10827,AZ,NURSE PRACTITIONER,F,
10828,AL,DIAGNOSTIC RADIOLOGY,M,1972
10829,VA,NURSE PRACTITIONER,F,
10830,RI,EMERGENCY MEDICINE,M,1976
10831,AZ,NURSE PRACTITIONER,F,
10832,DE,CHIROPRACTIC,M,
10833,AZ,NURSE PRACTITIONER,F,
10834,AZ,NURSE PRACTITIONER,F,
10835,FL,CLINICAL SOCIAL WORKER,F,
10836,FL,PSYCHOLOGY,F,
10837,AZ,NURSE PRACTITIONER,F,
10838,IL,PHYSICIAN ASSISTANT,M,1974
10839,VA,PSYCHOLOGY,M,
10840,FL,PEDIATRIC PATHOLOGY,F,1960
10841,FL,PULMONARY CRITICAL CARE MEDICINE,F,1978
10842,OH,OPHTHALMOLOGY,M,1978
10843,IL,NURSE PRACTITIONER,F,
10844,LA,CHIROPRACTIC,F,
10845,AZ,NURSE PRACTITIONER,F,
10846,IL,CLINICAL SOCIAL WORKER,F,
10847,PA,CLINICAL SOCIAL WORKER,F,
10848,PA,PHYSICIAN ASSISTANT,M,1976
10849,IL,PEDIATRICS,F,1973
10850,AZ,NURSE PRACTITIONER,F,
10851,AZ,NURSE PRACTITIONER,F,
10852,IN,OPHTHALMOLOGY,F,1980
10853,AZ,NURSE PRACTITIONER,F,
10854,FL,PSYCHOLOGY,M,
10855,FL,EMERGENCY MEDICINE,M,1974
10856,FL,CLINICAL SOCIAL WORKER,F,
10857,MN,VASCULAR & INTERVENTIONAL RADIOLOGY,M,1978
10858,WA,PEDIATRIC ANESTHESIOLOGY,F,1982
10859,TN,INTERNAL MEDICINE,M,1978
10860,MO,ANESTHESIOLOGY,M,1981
10861,IL,"ENDOCRINOLOGY, DIABETES & METABOLISM",M,1977
10862,TX,NURSE PRACTITIONER,F,1960
10863,FL,PSYCHOLOGY,F,
10864,AZ,NURSE PRACTITIONER,F,
10865,PA,CLINICAL SOCIAL WORKER,F,
10866,AZ,OPTOMETRIST,M,
10867,ID,PHYSICIAN ASSISTANT,F,1976
10868,FL,FAMILY MEDICINE,M,1978
10869,TX,GERIATRIC MEDICINE (INTERNAL MEDICINE),M,1969
10870,MI,EMERGENCY MEDICINE,F,1981
10871,TX,DIAGNOSTIC RADIOLOGY,M,1974
10872,CA,FAMILY MEDICINE,M,1977
10873,CA,INTERVENTIONAL CARDIOLOGY,M,1978
10874,CA,DIAGNOSTIC RADIOLOGY,M,1984
10875,CA,FAMILY MEDICINE,F,1964
10876,CA,INTERNAL MEDICINE,M,1981
10877,MO,CRITICAL CARE MEDICINE (INTERNAL MEDICINE),M,1976
10878,MN,NUCLEAR RADIOLOGY,M,1974
10879,WA,NEURORADIOLOGY,F,1973
10880,AZ,FAMILY MEDICINE,M,1974
10881,TX,PSYCHIATRY,F,1979
10882,MA,CLINICAL SOCIAL WORKER,M,
10883,OK,CARDIOVASCULAR DISEASE,M,1976
10884,FL,GYNECOLOGY,M,1977
10885,TN,EMERGENCY MEDICINE,M,1969
10886,LA,CLINICAL SOCIAL WORKER,F,
10887,OH,CERTIFIED NURSE ANESTHETIST,F,1973
10888,WA,PHYSICIAN ASSISTANT,F,1973
10889,OH,CHIROPRACTIC,M,
10890,MI,EMERGENCY MEDICINE,F,1982
10891,CA,ANESTHESIOLOGY,M,1974
10892,LA,OPHTHALMOLOGY,M,1970
10893,LA,CARDIOVASCULAR DISEASE,M,1979
10894,MI,RADIOLOGY,M,1969
10895,MD,NURSE PRACTITIONER,F,
10896,OH,FAMILY MEDICINE,M,1967
10897,CA,RHEUMATOLOGY,F,1974
10898,OH,INTERVENTIONAL CARDIOLOGY,M,1978
10899,NJ,FAMILY MEDICINE,M,1982
10900,AL,ANATOMIC/CLINICAL PATHOLOGY,M,1980
10901,UT,FAMILY MEDICINE,M,1977
10902,WA,ANESTHESIOLOGY,F,1971
10903,NY,INTERNAL MEDICINE,M,1975
10904,KS,VASCULAR & INTERVENTIONAL RADIOLOGY,M,1980
10905,AZ,PHYSICIAN ASSISTANT,F,1979
10906,NC,PHYSICIAN ASSISTANT,F,1979
10907,UT,FAMILY MEDICINE,M,1980
10908,MI,EMERGENCY MEDICINE,M,1983
10909,CT,PHYSICIAN ASSISTANT,F,1979
10910,TX,INTERNAL MEDICINE,M,1978
10911,TX,CARDIOVASCULAR DISEASE,M,1975
10912,CA,EMERGENCY MEDICINE,M,1979
10913,MD,EMERGENCY MEDICINE,M,1973
10914,OH,NURSE PRACTITIONER,F,1953
10915,NC,FAMILY MEDICINE,M,1978
10916,VA,PHYSICIAN ASSISTANT,F,1982
10917,TX,NURSE PRACTITIONER,F,1960
10918,AZ,INTERNAL MEDICINE,M,1978
10919,NC,PEDIATRICS,F,1977
10920,CA,CHIROPRACTIC,F,
10921,TN,NURSE PRACTITIONER,F,1967
10922,TX,FAMILY MEDICINE,M,1979
10923,MI,PHYSICIAN ASSISTANT,M,1974
10924,WI,PULMONARY CRITICAL CARE MEDICINE,M,1978
10925,MO,DIAGNOSTIC RADIOLOGY,M,1974
10926,NJ,PEDIATRIC ANESTHESIOLOGY,F,1977
10927,TX,PEDIATRICS,F,1977
10928,AL,GASTROENTEROLOGY,M,1976
10929,FL,GENERAL PRACTICE,M,1945
10930,PA,FAMILY MEDICINE,F,1970
10931,PA,EMERGENCY MEDICINE,M,1982
10932,MI,DIAGNOSTIC RADIOLOGY,F,1981
10933,TX,PHYSICIAN ASSISTANT,M,1978
10934,IA,PHYSICIAN ASSISTANT,M,1963
10935,TX,GERIATRIC MEDICINE (FAMILY MEDICINE),F,1978
10936,MD,NURSE PRACTITIONER,F,
10937,CA,CHIROPRACTIC,F,
10938,MD,CHIROPRACTIC,M,
10939,MD,PHYSICIAN ASSISTANT,F,1970
10940,DE,INTERVENTIONAL CARDIOLOGY,M,1976
10941,WA,ADVANCED HEART FAILURE & TRANSPLANT CARDIOLOGY,M,1973
10942,SC,CYTOPATHOLOGY,M,1963
10943,NY,ORTHOPEDIC SURGERY,M,1981
10944,MO,PULMONARY CRITICAL CARE MEDICINE,F,1979
10945,CA,PHYSICIAN ASSISTANT,M,1977
10946,VA,CHIROPRACTIC,M,
10947,NJ,CHIROPRACTIC,M,
10948,NJ,CHIROPRACTIC,M,
10949,CA,CHIROPRACTIC,M,
10950,TX,PHYSICIAN ASSISTANT,F,1975
10951,KY,FAMILY MEDICINE,M,1979
10952,PA,FAMILY MEDICINE,M,1979
10953,FL,DIAGNOSTIC RADIOLOGY,M,1982
10954,ID,INTERNAL MEDICINE,F,1975
10955,FL,EMERGENCY MEDICINE,M,1983
10956,MI,INTERVENTIONAL CARDIOLOGY,M,1978
10957,NY,INTERNAL MEDICINE,M,1975
10958,AL,FAMILY MEDICINE,M,1979
10959,AR,FAMILY MEDICINE,F,1972
10960,NV,FAMILY MEDICINE,M,1973
10961,NC,PHYSICIAN ASSISTANT,M,1969
10962,IA,ANATOMIC/CLINICAL PATHOLOGY,F,1974
10963,CA,INTERNAL MEDICINE,F,1978
10964,TX,HOSPITALIST,M,1974
10965,VA,FAMILY MEDICINE,M,1974
10966,OH,INTERVENTIONAL CARDIOLOGY,M,1975
10967,NC,PHYSICIAN ASSISTANT,F,1962
10968,PR,GENERAL PRACTICE,F,1977
10969,MA,PHYSICIAN ASSISTANT,F,1980
10970,NJ,CHIROPRACTIC,M,
10971,GA,CHIROPRACTIC,M,
10972,CA,CHIROPRACTIC,M,
10973,MO,FAMILY MEDICINE,M,1982
10974,TX,PHYSICIAN ASSISTANT,F,1978
10975,IA,PHYSICIAN ASSISTANT,M,1979
10976,MI,PHYSICIAN ASSISTANT,F,
10977,MD,OBSTETRICS & GYNECOLOGY,M,1978
10978,NY,FAMILY MEDICINE,F,1982
10979,TN,INTERNAL MEDICINE,F,1980
10980,SC,PEDIATRICS,M,1977
10981,CA,DIAGNOSTIC RADIOLOGY,M,1976
10982,WA,FAMILY MEDICINE,M,1978
10983,NY,FAMILY MEDICINE,M,1984
10984,NY,FAMILY MEDICINE,F,1964
10985,IL,INTERNAL MEDICINE,M,1978
10986,NH,EMERGENCY MEDICINE,M,1978
10987,CA,NEURORADIOLOGY,M,1974
10988,CA,PHYSICIAN ASSISTANT,M,1973
10989,CA,FAMILY MEDICINE,F,1968
10990,CA,PHYSICIAN ASSISTANT,M,1964
10991,TX,ANESTHESIOLOGY,M,1969
10992,MD,INTERNAL MEDICINE,M,1978
10993,MO,INTERNAL MEDICINE,F,1980
10994,CA,PHYSICIAN ASSISTANT,M,1963
10995,RI,PHYSICIAN ASSISTANT,F,1979
10996,NC,PHYSICIAN ASSISTANT,F,1975
10997,FL,PHYSICIAN ASSISTANT,M,1968
10998,CA,"ENDOCRINOLOGY, DIABETES & METABOLISM",F,1975
10999,CT,NURSE PRACTITIONER,F,
11000,IL,NURSE PRACTITIONER,F,
11001,IA,INTERNAL MEDICINE,M,1972
11002,WI,PHYSICIAN ASSISTANT,M,1979
11003,FL,GENERAL PRACTICE,F,1976
11004,MI,ANESTHESIOLOGY,M,1978
11005,CA,PEDIATRIC RADIOLOGY,M,1978
11006,NY,FAMILY MEDICINE,F,1970
11007,OH,EMERGENCY MEDICINE,M,1982
11008,PA,INTERVENTIONAL CARDIOLOGY,M,1984
11009,PA,DIAGNOSTIC RADIOLOGY,M,1982
11010,CO,FAMILY MEDICINE,F,1984
11011,NM,NURSE PRACTITIONER,F,1968
11012,SC,PEDIATRICS,M,1978
11013,NC,NURSE PRACTITIONER,F,1972
11014,OH,CARDIOVASCULAR DISEASE,F,1974
11015,FL,ANESTHESIOLOGY,M,1968
11016,NY,PHYSICIAN ASSISTANT,F,
11017,NJ,NURSE PRACTITIONER,F,
11018,CA,PSYCHOLOGY,M,
11019,CA,PSYCHOLOGY,M,
11020,NM,NURSE PRACTITIONER,F,1970
11021,ND,PSYCHOLOGY,F,
11022,CA,PHARMACIST,F,
11023,CA,PSYCHOLOGY,M,
11024,NY,PHYSICIAN ASSISTANT,F,
11025,OH,PSYCHOLOGY,M,
11026,PA,EMERGENCY MEDICINE,M,1976
11027,FL,PODIATRIST,F,
11028,CO,CERTIFIED NURSE ANESTHETIST,F,1977
11029,TX,NURSE PRACTITIONER,M,1975
11030,TX,NURSE PRACTITIONER,F,1978
11031,RI,PHYSICIAN ASSISTANT,F,1980
11032,PA,PHYSICIAN ASSISTANT,F,1978
11033,RI,NURSE PRACTITIONER,F,
11034,FL,PEDIATRICS,F,1978
11035,AL,OPHTHALMOLOGY,M,1976
11036,FL,EMERGENCY MEDICINE,M,1967
11037,KY,NURSE PRACTITIONER,F,1960
11038,MS,CARDIOVASCULAR DISEASE,M,1975
11039,KY,NURSE PRACTITIONER,F,
11040,MI,PSYCHOLOGY,M,
11041,NC,NEPHROLOGY,M,1978
11042,TX,NURSE PRACTITIONER,F,1968
11043,TN,CARDIOVASCULAR DISEASE,M,1974
11044,PA,"ENDOCRINOLOGY, DIABETES & METABOLISM",F,1981
11045,TX,HEMATOLOGY (PATHOLOGY),M,1972
11046,TX,PHARMACIST,F,
11047,KS,PSYCHOLOGY,M,
11048,GA,PHARMACIST,F,
11049,CA,OPHTHALMOLOGY,F,1973
11050,NY,INTERVENTIONAL CARDIOLOGY,M,1978
11051,NJ,"ENDOCRINOLOGY, DIABETES & METABOLISM",F,1977
11052,TX,FAMILY MEDICINE,F,1975
11053,VA,FAMILY MEDICINE,F,1977
11054,TX,NURSE PRACTITIONER,F,1979
11055,IL,DIAGNOSTIC RADIOLOGY,M,1979
11056,PA,DIAGNOSTIC RADIOLOGY,M,1979
11057,MD,PHYSICIAN ASSISTANT,M,1980
11058,CA,TRANSPLANT SURGERY,M,1976
11059,LA,FAMILY MEDICINE,M,1950
11060,CO,UROLOGY,M,1980
11061,NY,FAMILY MEDICINE,F,1976
11062,CA,INTERNAL MEDICINE,M,1973
11063,MD,PEDIATRICS,F,1967
11064,NV,INTERNAL MEDICINE,M,1970
11065,PA,RADIOLOGY,M,
11066,SC,RADIOLOGY,M,1968
11067,FL,DERMATOPATHOLOGY,M,1970
11068,WY,NURSE PRACTITIONER,F,1976
11069,FL,ANATOMIC/CLINICAL PATHOLOGY,M,1960
11070,NC,DERMATOLOGY,F,1979
11071,CO,CARDIOVASCULAR DISEASE,F,1978
11072,FL,FAMILY MEDICINE,M,1969
11073,ME,GASTROENTEROLOGY,M,1977
11074,NY,DIAGNOSTIC RADIOLOGY,M,1976
11075,CA,PHYSICIAN ASSISTANT,M,1955
11076,OH,CERTIFIED NURSE ANESTHETIST,F,
11077,TX,FAMILY MEDICINE,M,1973
11078,CA,FAMILY MEDICINE,F,1974
11079,MN,INTERNAL MEDICINE,F,1975
11080,MI,DERMATOLOGY,F,1983
11081,MI,PHYSICIAN ASSISTANT,F,1979
11082,CA,GENERAL SURGERY,M,1973
11083,MS,VASCULAR & INTERVENTIONAL RADIOLOGY,M,1975
11084,AL,NEPHROLOGY,M,1980
11085,CA,CARDIOVASCULAR DISEASE,M,1979
11086,FL,EMERGENCY MEDICINE,M,1981
11087,CA,DIAGNOSTIC RADIOLOGY,M,1973
11088,CA,EMERGENCY MEDICINE,M,1971
11089,NJ,"ENDOCRINOLOGY, DIABETES & METABOLISM",F,1972
11090,NY,NURSE PRACTITIONER,F,
11091,NM,NURSE PRACTITIONER,F,1965
11092,MA,NURSE PRACTITIONER,F,
11093,IL,NURSE PRACTITIONER,F,
11094,RI,NURSE PRACTITIONER,F,
11095,SC,PHYSICIAN ASSISTANT,F,
11096,FL,GENERAL PRACTICE,F,1948
11097,CA,GASTROENTEROLOGY,M,1976
11098,FL,CYTOPATHOLOGY,F,1972
11099,OH,NURSE PRACTITIONER,F,
11100,TX,INTERNAL MEDICINE,M,1972
11101,MI,HEMATOLOGY/ONCOLOGY,M,1977
11102,CA,ORTHOPEDIC SURGERY OF THE SPINE,M,1969
11103,FL,VASCULAR SURGERY,M,1977
11104,OH,NEUROLOGY,F,1978
11105,CA,NURSE PRACTITIONER,F,
11106,CA,DENTIST,M,
11107,TX,CERTIFIED NURSE ANESTHETIST,M,1972
11108,NY,DERMATOPATHOLOGY,F,1970
11109,MN,NURSE PRACTITIONER,F,1973
11110,SC,NURSE PRACTITIONER,F,1968
11111,FL,CRITICAL CARE MEDICINE (INTERNAL MEDICINE),F,1973
11112,CT,NURSE PRACTITIONER,F,1954
11113,WA,ANESTHESIOLOGY,M,1965
11114,WA,INTERNAL MEDICINE,M,1971
11115,MD,PHYSICIAN ASSISTANT,M,1978
11116,CA,EMERGENCY MEDICINE,M,1966
11117,FL,NEUROLOGICAL SURGERY,M,1968
11118,CA,PODIATRIST,M,
11119,WA,PHYSICIAN ASSISTANT,F,1970
11120,GA,FAMILY MEDICINE,M,1976
11121,GA,FAMILY MEDICINE,F,1976
11122,MI,RADIOLOGY,M,1962
11123,UT,GASTROENTEROLOGY,M,1973
11124,FL,PEDIATRIC DERMATOLOGY,F,1972
11125,OH,NURSE PRACTITIONER,F,1973
11126,WA,PHYSICIAN ASSISTANT,F,1977
11127,MA,PHYSICIAN ASSISTANT,F,1962
11128,FL,ANESTHESIOLOGY,M,1977
11129,MI,DIAGNOSTIC RADIOLOGY,F,1972
11130,NY,NURSE PRACTITIONER,F,
11131,LA,NURSE PRACTITIONER,F,
11132,FL,INTERNAL MEDICINE,M,1967
11133,CA,FAMILY MEDICINE,M,1900
11134,MD,NURSE PRACTITIONER,F,
11135,NJ,RADIOLOGY,F,1973
11136,IN,NURSE PRACTITIONER,F,
11137,KY,NURSE PRACTITIONER,F,1956
11138,TN,NURSE PRACTITIONER,F,
11139,FL,HEMATOLOGY/ONCOLOGY,F,1977
11140,SC,EMERGENCY MEDICINE,M,1976
11141,WI,DIAGNOSTIC RADIOLOGY,F,1975
11142,CA,PULMONARY CRITICAL CARE MEDICINE,F,1979
11143,NV,EMERGENCY MEDICINE,M,1976
11144,IL,CARDIOVASCULAR DISEASE,M,1980
11145,DE,CRITICAL CARE MEDICINE (INTERNAL MEDICINE),M,1979
11146,VA,PEDIATRICS,F,1980
11147,MS,NURSE PRACTITIONER,F,1979
11148,CA,EMERGENCY MEDICINE,F,1978
11149,GA,DIAGNOSTIC RADIOLOGY,M,1978
11150,VA,FAMILY MEDICINE,M,1980
11151,WA,EMERGENCY MEDICINE,F,1971
11152,FL,FAMILY MEDICINE,F,1963
11153,CA,INTERNAL MEDICINE,M,1977
11154,OH,CARDIOVASCULAR DISEASE,M,1979
11155,GA,FAMILY MEDICINE,M,1971
11156,WV,NURSE PRACTITIONER,F,1975
11157,MD,DIAGNOSTIC RADIOLOGY,F,1979
11158,NY,GASTROENTEROLOGY,M,1979
11159,HI,FAMILY MEDICINE,F,1979
11160,VA,OBSTETRICS & GYNECOLOGY,F,1977
11161,TX,EMERGENCY MEDICINE,M,1980
11162,NJ,FAMILY MEDICINE,F,1980
11163,OR,DERMATOPATHOLOGY,F,1980
11164,WA,NURSE PRACTITIONER,F,
11165,AL,NURSE PRACTITIONER,F,
11166,CA,FAMILY MEDICINE,M,1974
11167,TN,NURSE PRACTITIONER,F,
11168,NY,EMERGENCY MEDICINE,F,1981
11169,IL,DIAGNOSTIC RADIOLOGY,F,1980
11170,MA,CARDIOVASCULAR DISEASE,F,1982
11171,MI,NEUROLOGY,F,1981
11172,IL,EMERGENCY MEDICINE,F,1976
11173,FL,PSYCHIATRY,M,1978
11174,TX,PSYCHIATRY,M,1974
11175,CO,INTERVENTIONAL CARDIOLOGY,M,1980
11176,GA,EMERGENCY MEDICINE,F,1980
11177,GA,CLINICAL CARDIAC ELECTROPHYSIOLOGY,M,1981
11178,HI,EMERGENCY MEDICINE,M,1976
11179,CA,GERIATRIC MEDICINE (INTERNAL MEDICINE),F,1977
11180,HI,EMERGENCY MEDICINE,M,1979
11181,TX,FAMILY MEDICINE,M,1980
11182,TX,NEPHROLOGY,F,1980
11183,CA,OBSTETRICS & GYNECOLOGY,F,1979
11184,NY,ANESTHESIOLOGY,F,1980
11185,PA,EMERGENCY MEDICINE,M,1980
11186,CA,HOSPITALIST,M,1979
11187,FL,PEDIATRICS,F,1975
11188,CO,CARDIOVASCULAR DISEASE,M,1980
11189,FL,FAMILY MEDICINE,F,1979
11190,TN,RHEUMATOLOGY,F,1972
11191,MO,NEUROLOGY,M,1975
11192,MD,CRITICAL CARE MEDICINE (ANESTHESIOLOGY),M,1980
11193,MI,DIAGNOSTIC RADIOLOGY,M,1972
11194,FL,GERIATRIC MEDICINE (INTERNAL MEDICINE),M,1975
11195,NJ,INTERNAL MEDICINE,F,1970
11196,PA,INTERNAL MEDICINE,M,1976
11197,FL,NURSE PRACTITIONER,F,1975
11198,CA,NEPHROLOGY,F,1978
11199,CA,FAMILY MEDICINE,F,1974
11200,MI,EMERGENCY MEDICINE,M,1976
11201,VA,PULMONARY CRITICAL CARE MEDICINE,M,1979
11202,IL,EMERGENCY MEDICINE,M,1979
11203,WI,VASCULAR SURGERY,M,1981
11204,MA,PEDIATRIC EMERGENCY MEDICINE (PEDIATRICS),F,1980
11205,SC,PEDIATRICS,F,1980
11206,PA,FAMILY MEDICINE,F,1977
11207,MI,RADIOLOGY,M,1972
11208,LA,FAMILY MEDICINE,F,1980
11209,TX,NEUROLOGY,M,1979
11210,PA,DIAGNOSTIC RADIOLOGY,M,1975
11211,KY,PEDIATRICS,F,1978
11212,AZ,FAMILY MEDICINE,M,1979
11213,OH,EMERGENCY MEDICINE,F,1977
11214,SC,CLINICAL CARDIAC ELECTROPHYSIOLOGY,M,1980
11215,IL,EMERGENCY MEDICINE,M,1974
11216,WA,EMERGENCY MEDICINE,M,1982
11217,CA,DERMATOPATHOLOGY,F,1979
11218,PA,CARDIOVASCULAR DISEASE,M,1980
11219,KY,EMERGENCY MEDICINE,M,1976
11220,NY,ORTHOPEDIC SURGERY,M,1980
11221,MD,DERMATOLOGY,M,1980
11222,NY,PEDIATRICS,F,1979
11223,MO,OBSTETRICS & GYNECOLOGY,F,1980
11224,MN,DIAGNOSTIC RADIOLOGY,M,1978
11225,NY,EMERGENCY MEDICINE,M,1981
11226,NY,OPHTHALMOLOGY,F,1980
11227,PA,CLINICAL CARDIAC ELECTROPHYSIOLOGY,M,1980
11228,AL,PULMONARY CRITICAL CARE MEDICINE,F,1979
11229,AZ,PAIN MEDICINE,M,1980
11230,TN,CARDIOVASCULAR DISEASE,M,1974
11231,NM,NURSE PRACTITIONER,F,1974
11232,VA,INTERNAL MEDICINE,F,1975
11233,NJ,EMERGENCY MEDICINE,M,1978
11234,VA,DERMATOLOGY,M,1980
11235,MD,FAMILY MEDICINE,F,1978
11236,FL,CLINICAL CARDIAC ELECTROPHYSIOLOGY,M,1974
11237,MI,INTERNAL MEDICINE/PEDIATRICS,M,1966
11238,CA,PSYCHIATRY,M,1967
11239,AZ,FAMILY MEDICINE,F,1961
11240,CO,VASCULAR & INTERVENTIONAL RADIOLOGY,M,1979
11241,TX,"ENDOCRINOLOGY, DIABETES & METABOLISM",F,1979
11242,IA,FAMILY MEDICINE,M,1979
11243,NY,GENERAL SURGERY,M,1979
11244,TX,INTERVENTIONAL CARDIOLOGY,M,1980
11245,FL,NEPHROLOGY,M,1978
11246,PA,FAMILY MEDICINE,F,1977
11247,CO,CARDIOVASCULAR DISEASE,M,1980
11248,TX,FAMILY MEDICINE,M,1977
11249,KY,NEUROLOGY,F,1979
11250,AZ,EMERGENCY MEDICINE,M,1979
11251,CA,NEURORADIOLOGY,M,1979
11252,OH,PHYSICAL MEDICINE & REHABILITATION,M,1979
11253,FL,PEDIATRIC EMERGENCY MEDICINE (PEDIATRICS),M,1980
11254,GA,PEDIATRIC EMERGENCY MEDICINE (PEDIATRICS),F,1980
11255,KY,INTERNAL MEDICINE/PEDIATRICS,F,1980
11256,DC,EMERGENCY MEDICINE,M,1973
11257,IL,ANESTHESIOLOGY,M,1975
11258,MO,EMERGENCY MEDICINE,M,1980
11259,MI,INTERVENTIONAL CARDIOLOGY,M,1980
11260,LA,DERMATOLOGY,M,1977
11261,NY,INTERNAL MEDICINE,F,1972
11262,OH,INTERNAL MEDICINE,M,1979
11263,MI,GASTROENTEROLOGY,F,1980
11264,CA,INTERNAL MEDICINE,F,1979
11265,MI,GASTROENTEROLOGY,M,1976
11266,CA,INTERNAL MEDICINE,M,1980
11267,MS,EMERGENCY MEDICINE,M,1977
11268,TX,NURSE PRACTITIONER,M,1978
11269,WI,DIAGNOSTIC RADIOLOGY,M,1980
11270,TX,PSYCHIATRY,M,1973
11271,AL,INTERNAL MEDICINE,F,1972
11272,KY,NURSE PRACTITIONER,F,
11273,AZ,FAMILY MEDICINE,F,1979
11274,CO,FAMILY MEDICINE,F,1979
11275,FL,ORTHOPEDIC SURGERY OF THE SPINE,M,1978
11276,NC,DERMATOPATHOLOGY,M,1976
11277,MN,UROLOGY,F,1980
11278,TX,EMERGENCY MEDICINE,M,1979
11279,CO,CYTOPATHOLOGY,M,1980
11280,VA,OBSTETRICS & GYNECOLOGY,F,1980
11281,AZ,INTERNAL MEDICINE,M,1975
11282,MI,CARDIOVASCULAR DISEASE,M,1978
11283,MI,SPORTS MEDICINE (FAMILY MEDICINE),M,1980
11284,FL,FAMILY MEDICINE,F,1976
11285,NV,VASCULAR & INTERVENTIONAL RADIOLOGY,M,1979
11286,CO,INTERNAL MEDICINE/PEDIATRICS,F,1975
11287,PA,ANESTHESIOLOGY,M,1978
11288,NY,EMERGENCY MEDICINE,F,1979
11289,FL,OPHTHALMOLOGY,M,1979
11290,VA,GASTROENTEROLOGY,M,1980
11291,VA,DIAGNOSTIC RADIOLOGY,M,1980
11292,RI,EMERGENCY MEDICINE,M,1977
11293,TX,NEPHROLOGY,M,1977
11294,VT,PHYSICIAN ASSISTANT,F,1974
11295,LA,FAMILY MEDICINE,F,1973
11296,OH,CARDIOVASCULAR DISEASE,M,1972
11297,NJ,INTERNAL MEDICINE,F,1979
11298,PR,GENERAL PRACTICE,M,1972
11299,MD,SELECTIVE PATHOLOGY,M,1979
11300,MD,CARDIOVASCULAR DISEASE,M,1982
11301,CA,EMERGENCY MEDICINE,M,1978
11302,FL,ORTHOPEDIC TRAUMA,M,1974
11303,IN,NEURORADIOLOGY,M,1979
11304,CA,EMERGENCY MEDICINE,M,1976
11305,FL,CLINICAL CARDIAC ELECTROPHYSIOLOGY,M,1975
11306,PA,INTERNAL MEDICINE,F,1976
11307,LA,CLINICAL CARDIAC ELECTROPHYSIOLOGY,M,1978
11308,MA,MEDICAL ONCOLOGY,F,1975
11309,MI,OBSTETRICS & GYNECOLOGY,F,1983
11310,MO,GENERAL SURGERY,M,1969
11311,FL,FAMILY MEDICINE,F,1973
11312,FL,INTERNAL MEDICINE,M,1976
11313,MI,CARDIOVASCULAR DISEASE,M,1982
11314,MI,ANESTHESIOLOGY,F,1979
11315,MI,EMERGENCY MEDICINE,F,1982
11316,PA,EMERGENCY MEDICINE,M,1975
11317,NY,NURSE PRACTITIONER,F,
11318,FL,PEDIATRICS,F,1979
11319,TX,GASTROENTEROLOGY,M,1973
11320,OH,CLINICAL CARDIAC ELECTROPHYSIOLOGY,M,1977
11321,TN,EMERGENCY MEDICINE,M,1978
11322,NY,PHYSICIAN ASSISTANT,F,1980
11323,MD,DERMATOLOGY,F,1977
11324,CO,PSYCHIATRY,M,1979
11325,KY,PHYSICIAN ASSISTANT,F,1978
11326,NM,FAMILY MEDICINE,M,1965
11327,PA,INTERNAL MEDICINE,F,1979
11328,MD,FAMILY MEDICINE,F,1976
11329,LA,INTERNAL MEDICINE,F,1977
11330,FL,NEPHROLOGY,F,1969
11331,FL,HOSPITALIST,M,1971
11332,WA,PHYSICIAN ASSISTANT,F,1955
11333,FL,INTERNAL MEDICINE,M,1972
11334,NM,NURSE PRACTITIONER,F,1960
11335,NY,FAMILY MEDICINE,F,1980
11336,FL,EMERGENCY MEDICINE,M,1976
11337,FL,DERMATOLOGY,M,1979
11338,TX,EMERGENCY MEDICINE,F,1982
11339,CA,INTERNAL MEDICINE,F,1976
11340,HI,FAMILY MEDICINE,M,1984
11341,NJ,EMERGENCY MEDICINE,M,1982
11342,CO,VASCULAR & INTERVENTIONAL RADIOLOGY,M,1976
11343,NY,NURSE PRACTITIONER,M,1954
11344,FL,FAMILY MEDICINE,F,1982
11345,CA,PHYSICIAN ASSISTANT,F,1972
11346,VA,NURSE PRACTITIONER,F,
11347,TX,CLINICAL CARDIAC ELECTROPHYSIOLOGY,M,1974
11348,TN,DIAGNOSTIC RADIOLOGY,M,1979
11349,MI,FAMILY MEDICINE,F,1982
11350,IL,PEDIATRICS,M,1966
11351,OK,PHYSICIAN ASSISTANT,F,1976
11352,CA,GASTROENTEROLOGY,M,1978
11353,CA,EMERGENCY MEDICINE,M,1969
11354,KY,GERIATRIC MEDICINE (FAMILY MEDICINE),M,1972
11355,NC,NURSE PRACTITIONER,F,1976
11356,PA,FAMILY MEDICINE,M,1972
11357,MI,FAMILY MEDICINE,M,1977
11358,OR,EMERGENCY MEDICINE,M,1977
11359,GA,EMERGENCY MEDICINE,F,1983
11360,TX,FAMILY MEDICINE,M,1976
11361,VA,FAMILY MEDICINE,F,1975
11362,NC,PHYSICIAN ASSISTANT,F,1979
11363,MI,PEDIATRIC EMERGENCY MEDICINE,M,1978
11364,OK,PHYSICIAN ASSISTANT,F,1979
11365,CT,PHYSICIAN ASSISTANT,F,1981
11366,KY,CLINICAL NURSE SPECIALIST,F,
11367,LA,NURSE PRACTITIONER,F,1978
11368,KY,NURSE PRACTITIONER,F,
11369,VA,NURSE PRACTITIONER,F,
11370,KY,NURSE PRACTITIONER,F,
11371,FL,PEDIATRIC EMERGENCY MEDICINE (PEDIATRICS),M,1978
11372,TX,FAMILY MEDICINE,M,1974
11373,NH,PHYSICIAN ASSISTANT,F,1974
11374,NJ,ADULT RECONSTRUCTIVE ORTHOPEDICS,M,1982
11375,CA,EMERGENCY MEDICINE,M,1982
11376,TX,NURSE PRACTITIONER,F,1965
11377,OR,FAMILY MEDICINE,M,1974
11378,IN,PEDIATRICS,F,1975
11379,MN,PHYSICIAN ASSISTANT,F,1976
11380,WI,NURSE PRACTITIONER,F,1960
11381,LA,FAMILY MEDICINE,M,1976
11382,LA,NURSE PRACTITIONER,M,
11383,OK,NURSE PRACTITIONER,F,1980
11384,AZ,PHYSICIAN ASSISTANT,F,1981
11385,TX,PEDIATRICS,F,1972
11386,CA,CHILD & ADOLESCENT PSYCHIATRY,F,1978
11387,IN,CARDIOVASCULAR DISEASE,M,1979
11388,UT,NURSE PRACTITIONER,F,1961
11389,FL,NURSE PRACTITIONER,F,
11390,FL,NURSE PRACTITIONER,M,
11391,FL,NURSE PRACTITIONER,F,
11392,MN,PHYSICIAN ASSISTANT,F,1977
11393,OH,PODIATRIST,F,1978
11394,GA,PHYSICIAN ASSISTANT,M,
11395,KS,PHYSICIAN ASSISTANT,M,1980
11396,MN,COLON & RECTAL SURGERY,F,1978
11397,KY,FAMILY MEDICINE,M,1978
11398,NJ,PHYSICIAN ASSISTANT,M,1978
11399,PA,PHYSICIAN ASSISTANT,M,1980
11400,IL,HOSPITALIST,M,1974
11401,IA,FAMILY MEDICINE,F,1973
11402,MI,PHYSICIAN ASSISTANT,F,1964
11403,TX,GASTROENTEROLOGY,M,1978
11404,NJ,ANATOMIC/CLINICAL PATHOLOGY,F,1982
11405,WA,FAMILY MEDICINE,M,1979
11406,PA,EMERGENCY MEDICINE,M,1983
11407,MN,NURSE PRACTITIONER,M,1960
11408,MI,NURSE PRACTITIONER,F,
11409,VA,HOSPITALIST,M,1970
11410,IN,NURSE PRACTITIONER,F,
11411,CA,PHYSICIAN ASSISTANT,M,1966
11412,TN,PHYSICIAN ASSISTANT,M,1979
11413,MI,CERTIFIED NURSE ANESTHETIST,F,
11414,MI,NURSE PRACTITIONER,F,
11415,WI,FAMILY MEDICINE,M,1974
11416,PA,PHYSICIAN ASSISTANT,F,
11417,MI,NURSE PRACTITIONER,F,
11418,ME,PHYSICIAN ASSISTANT,F,1977
11419,NJ,NURSE PRACTITIONER,F,
11420,CA,PROCEDURAL DERMATOLOGY,M,1977
11421,MI,PULMONARY CRITICAL CARE MEDICINE,M,1977
11422,VA,PEDIATRIC NEPHROLOGY,F,1976
11423,MI,CARDIOVASCULAR DISEASE,M,1974
11424,CA,FAMILY MEDICINE,M,1973
11425,PA,DIAGNOSTIC RADIOLOGY,M,1981
11426,TX,INTERNAL MEDICINE,F,1981
11427,NH,EMERGENCY MEDICINE,M,1981
11428,TX,OBSTETRICS & GYNECOLOGY,F,1982
11429,MS,EMERGENCY MEDICINE,M,1978
11430,TX,PHYSICIAN ASSISTANT,F,1975
11431,TX,NURSE PRACTITIONER,F,1981
11432,TX,PODIATRIST,M,1972
11433,CA,OTOLARYNGOLOGY,M,1982
11434,NY,OBSTETRICS & GYNECOLOGY,F,1956
11435,FL,FAMILY MEDICINE,M,1979
11436,TX,FAMILY MEDICINE,M,1972
11437,IL,RHEUMATOLOGY,M,1976
11438,CT,INTERNAL MEDICINE,M,1977
11439,CA,EMERGENCY MEDICINE,M,1977
11440,NV,EMERGENCY MEDICINE,M,1978
11441,NY,CARDIOVASCULAR DISEASE,F,1979
11442,MI,OBSTETRICS & GYNECOLOGY,F,1971
11443,IL,DIAGNOSTIC RADIOLOGY,M,1973
11444,FL,FAMILY MEDICINE,M,1965
11445,IA,FAMILY MEDICINE,F,1980
11446,FL,NURSE PRACTITIONER,F,1968
11447,WA,EMERGENCY MEDICINE,F,1974
11448,AL,ANATOMIC/CLINICAL PATHOLOGY,M,1967
11449,CO,HEMATOLOGY/ONCOLOGY,M,1976
11450,NJ,CARDIOVASCULAR DISEASE,M,1976
11451,NY,RHEUMATOLOGY,M,1981
11452,CO,CERTIFIED NURSE ANESTHETIST,M,
11453,CO,NURSE PRACTITIONER,F,
11454,MA,FAMILY MEDICINE,F,1967
11455,FL,PSYCHIATRY,M,1974
11456,IL,FAMILY MEDICINE,M,1954
11457,UT,PHYSICIAN ASSISTANT,F,1974
11458,GA,INTERNAL MEDICINE,M,1978
11459,AZ,FAMILY MEDICINE,M,1971
11460,PA,INFECTIOUS DISEASE,F,1982
11461,AZ,FAMILY MEDICINE,M,1974
11462,FL,FAMILY MEDICINE,M,1975
11463,NJ,FAMILY MEDICINE,F,1977
11464,VA,PHYSICIAN ASSISTANT,F,1974
11465,NY,OBSTETRICS & GYNECOLOGY,F,1974
11466,IA,HOSPITALIST,F,1977
11467,CA,INTERNAL MEDICINE,M,1978
11468,IN,EMERGENCY MEDICINE,M,1977
11469,TN,EMERGENCY MEDICINE,M,1969
11470,CA,GASTROENTEROLOGY,M,1979
11471,NY,ANESTHESIOLOGY,M,1970
11472,CA,EMERGENCY MEDICINE,F,1972
11473,CA,EMERGENCY MEDICINE,M,1975
11474,NJ,CARDIOVASCULAR DISEASE,M,1978
11475,CA,RADIOLOGY,M,1983
11476,MI,INTERNAL MEDICINE,M,1979
11477,NV,HEMATOLOGY/ONCOLOGY,M,1967
11478,IN,DERMATOPATHOLOGY,M,1978
11479,CA,DIAGNOSTIC RADIOLOGY,M,1975
11480,LA,CARDIOVASCULAR DISEASE,F,1969
11481,SC,FAMILY MEDICINE,F,1966
11482,CA,INFECTIOUS DISEASE,F,1976
11483,TN,INTERNAL MEDICINE,M,1973
11484,IL,FAMILY MEDICINE,F,1981
11485,CA,OBSTETRICS & GYNECOLOGY,F,1982
11486,CA,INTERNAL MEDICINE,M,1982
11487,NJ,INTERNAL MEDICINE,M,1980
11488,FL,EMERGENCY MEDICINE,M,1980
11489,MD,ANATOMIC/CLINICAL PATHOLOGY,F,1976
11490,GA,SELECTIVE PATHOLOGY,M,1970
11491,WV,DIAGNOSTIC RADIOLOGY,M,1973
11492,CA,FAMILY MEDICINE,F,1978
11493,CA,FAMILY MEDICINE,M,1981
11494,CA,FAMILY MEDICINE,F,1960
11495,FL,NURSE PRACTITIONER,F,1953
11496,IA,INTERVENTIONAL CARDIOLOGY,M,1979
11497,DE,FAMILY MEDICINE,F,1979
11498,LA,DERMATOLOGY,F,1978
11499,TX,DERMATOPATHOLOGY,M,1970
11500,NY,NUCLEAR MEDICINE,M,1948
11501,MA,EMERGENCY MEDICINE,M,1977
11502,TX,CYTOPATHOLOGY,F,1978
11503,MN,ANATOMIC/CLINICAL PATHOLOGY,F,1977
11504,MN,PHYSICIAN ASSISTANT,F,1971
11505,MI,PHYSICIAN ASSISTANT,M,1966
11506,IL,NURSE PRACTITIONER,F,
11507,DE,INTERNAL MEDICINE,F,1964
11508,TX,INTERNAL MEDICINE,M,1977
11509,MD,FAMILY MEDICINE,F,1978
11510,VA,DERMATOLOGY,F,1973
11511,WA,FAMILY MEDICINE,M,1975
11512,CA,GASTROENTEROLOGY,M,1978
11513,MO,INTERNAL MEDICINE,F,1974
11514,KY,EMERGENCY MEDICINE,M,1977
11515,CO,DIAGNOSTIC RADIOLOGY,F,1977
11516,TN,HOSPITALIST,M,1976
11517,DC,PEDIATRIC OTOLARYNGOLOGY,M,1979
11518,OH,EMERGENCY MEDICINE,M,1978
11519,CA,FAMILY MEDICINE,F,1972
11520,TX,FAMILY MEDICINE,F,1973
11521,GA,DERMATOPATHOLOGY,F,1978
11522,MI,FAMILY MEDICINE,M,1970
11523,FL,EMERGENCY MEDICINE,F,1983
11524,FL,FAMILY MEDICINE,F,1977
11525,CA,ORTHOPEDIC SURGERY,M,1976
11526,SC,EMERGENCY MEDICINE,M,1978
11527,PA,PEDIATRICS,F,1979
11528,KY,PHYSICIAN ASSISTANT,M,1974
11529,TX,EMERGENCY MEDICINE,M,1979
11530,VA,FAMILY MEDICINE,F,1978
11531,FL,PEDIATRIC EMERGENCY MEDICINE (PEDIATRICS),M,1975
11532,CO,MEDICAL TOXICOLOGY (EMERGENCY MEDICINE),M,1977
11533,MI,INTERNAL MEDICINE,M,1976
11534,TX,FAMILY MEDICINE,M,1973
11535,MI,PHYSICIAN ASSISTANT,F,1980
11536,NY,INTERNAL MEDICINE,F,1975
11537,NY,NURSE PRACTITIONER,F,
11538,IL,INTERNAL MEDICINE,M,1976
11539,FL,DIAGNOSTIC RADIOLOGY,F,1979
11540,OR,NEUROLOGY,F,1958
11541,PA,FAMILY MEDICINE,F,1973
11542,KY,DERMATOLOGY,M,1979
11543,MI,EMERGENCY MEDICINE,F,1971
11544,MO,NEURORADIOLOGY,M,1978
11545,NJ,FAMILY MEDICINE,M,1970
11546,TX,PHYSICIAN ASSISTANT,M,1965
11547,WY,VASCULAR & INTERVENTIONAL RADIOLOGY,M,1976
11548,TX,EMERGENCY MEDICINE,F,1975
11549,MD,PHYSICIAN ASSISTANT,F,1958
11550,MI,DENTIST,M,
11551,FL,MOLECULAR GENETIC PATHOLOGY (PATHOLOGY),F,1971
11552,GA,EMERGENCY MEDICINE,M,1977
11553,MN,PHYSICIAN ASSISTANT,F,1975
11554,IL,FAMILY MEDICINE,M,1973
11555,CA,GERIATRIC MEDICINE (INTERNAL MEDICINE),F,1973
11556,IN,ORAL & MAXILLOFACIAL SURGERY,M,
11557,IN,PHYSICIAN ASSISTANT,F,1978
11558,VA,INTERNAL MEDICINE,M,1976
11559,DE,EMERGENCY MEDICINE,M,1967
11560,TX,INTERNAL MEDICINE,M,1977
11561,RI,CARDIOVASCULAR DISEASE,M,1970
11562,FL,NURSE PRACTITIONER,F,1972
11563,MO,NEUROLOGY,M,1975
11564,MI,UROLOGY,M,1977
11565,MA,"ENDOCRINOLOGY, DIABETES & METABOLISM",F,1972
11566,FL,INFECTIOUS DISEASE,F,1976
11567,CA,FAMILY MEDICINE,M,1967
11568,MI,DERMATOLOGY,F,1979
11569,SC,NURSE PRACTITIONER,F,
11570,FL,INTERNAL MEDICINE,M,1971
11571,PA,EMERGENCY MEDICINE,M,1970
11572,NH,"ENDOCRINOLOGY, DIABETES & METABOLISM",F,1979
11573,IL,NEPHROLOGY,M,1977
11574,KY,NURSE PRACTITIONER,F,1961
11575,IL,FAMILY MEDICINE,F,1963
11576,CA,EMERGENCY MEDICINE,M,1974
11577,PA,CARDIOVASCULAR DISEASE,F,1976
11578,FL,OPTOMETRIST,F,
11579,TX,HOSPITALIST,M,1976
11580,NV,INTERNAL MEDICINE,M,1976
11581,TN,UROLOGY,M,1978
11582,FL,INTERNAL MEDICINE,M,1974
11583,MI,FAMILY MEDICINE,M,1972
11584,ID,FAMILY MEDICINE,M,1976
11585,CA,PAIN MEDICINE (ANESTHESIOLOGY),M,1973
11586,MI,GERIATRIC PSYCHIATRY,M,1966
11587,TX,FAMILY MEDICINE,M,1972
11588,FL,PHYSICIAN ASSISTANT,F,1972
11589,NY,DIAGNOSTIC RADIOLOGY,M,1978
11590,FL,PHYSICIAN ASSISTANT,M,1970
11591,CA,HEMATOLOGY/ONCOLOGY,F,1979
11592,NJ,UROLOGY,M,1969
11593,OR,GENERAL SURGERY,F,1970
11594,KY,EMERGENCY MEDICINE,M,1979
11595,PA,"ENDOCRINOLOGY, DIABETES & METABOLISM",F,1973
11596,VA,FAMILY MEDICINE,F,1971
11597,CA,INTERNAL MEDICINE,M,1973
11598,OH,FAMILY MEDICINE,M,1974
11599,CA,DERMATOPATHOLOGY,F,1976
11600,CO,NURSE PRACTITIONER,F,
11601,TX,GENERAL SURGERY,M,1969
11602,MI,OBSTETRICS & GYNECOLOGY,F,1968
11603,CA,CARDIOVASCULAR DISEASE,M,1974
11604,FL,CARDIOVASCULAR DISEASE,M,1979
11605,CA,INTERNAL MEDICINE,M,1976
11606,NC,VASCULAR & INTERVENTIONAL RADIOLOGY,M,1974
11607,GA,CLINICAL CARDIAC ELECTROPHYSIOLOGY,M,1976
11608,CA,NURSE PRACTITIONER,M,1967
11609,CA,FAMILY MEDICINE,M,1975
11610,AZ,NURSE PRACTITIONER,M,
11611,IN,SPORTS MEDICINE (FAMILY MEDICINE),M,1978
11612,FL,DIAGNOSTIC RADIOLOGY,M,1970
11613,AR,OPTOMETRIST,F,1977
11614,MO,HEMATOLOGY/ONCOLOGY,M,1976
11615,OK,NURSE PRACTITIONER,F,1967
11616,NM,FAMILY MEDICINE,F,1968
11617,WI,INTERNAL MEDICINE,M,1975
11618,NH,CARDIOVASCULAR DISEASE,M,1979
11619,CA,NEUROMUSCULAR MEDICINE (NEUROLOGY),M,1976
11620,CA,INTERNAL MEDICINE,F,1976
11621,TX,FAMILY MEDICINE,F,1968
11622,MO,UROLOGY,M,1979
11623,TX,FAMILY MEDICINE,F,1978
11624,VA,FAMILY MEDICINE,M,1977
11625,NY,PHYSICIAN ASSISTANT,M,1980
11626,TX,FAMILY MEDICINE,F,1973
11627,GA,INTERNAL MEDICINE,M,1971
11628,MI,NURSE PRACTITIONER,F,
11629,CA,PHYSICIAN ASSISTANT,F,1978
11630,MI,NURSE PRACTITIONER,F,
11631,OH,VASCULAR SURGERY,M,1978
11632,CO,PSYCHIATRY,F,1968
11633,FL,INTERNAL MEDICINE,M,1976
11634,MD,NEUROLOGY,M,1971
11635,WA,GASTROENTEROLOGY,F,1979
11636,NV,FAMILY MEDICINE,F,1972
11637,WI,PSYCHIATRY,M,1973
11638,TX,GERIATRIC MEDICINE (INTERNAL MEDICINE),F,1966
11639,FL,EMERGENCY MEDICINE,F,1974
11640,KY,EMERGENCY MEDICINE,F,1980
11641,MI,HEMATOLOGY/ONCOLOGY,M,1979
11642,CA,GASTROENTEROLOGY,F,1978
11643,NV,ANESTHESIOLOGY,M,1976
11644,MO,CARDIOVASCULAR DISEASE,M,1977
11645,CA,FAMILY MEDICINE,M,1967
11646,CT,INTERNAL MEDICINE,F,1949
11647,TX,GASTROENTEROLOGY,F,1978
11648,TX,FAMILY MEDICINE,M,1979
11649,AL,INTERNAL MEDICINE,M,1974
11650,TX,OBSTETRICS & GYNECOLOGY,F,1980
11651,KY,NURSE PRACTITIONER,F,
11652,KY,NURSE PRACTITIONER,F,
11653,KY,NURSE PRACTITIONER,F,
11654,VA,NURSE PRACTITIONER,F,
11655,MI,NURSE PRACTITIONER,F,
11656,KY,NURSE PRACTITIONER,F,
11657,MI,CERTIFIED NURSE ANESTHETIST,F,
11658,VA,CERTIFIED NURSE ANESTHETIST,F,
11659,KY,CERTIFIED NURSE ANESTHETIST,M,
11660,VA,NURSE PRACTITIONER,F,
11661,MI,NURSE PRACTITIONER,F,
11662,PA,NURSE PRACTITIONER,F,
11663,MI,NURSE PRACTITIONER,F,
11664,VA,NURSE PRACTITIONER,F,1954
11665,MI,CERTIFIED NURSE ANESTHETIST,F,
11666,AZ,NURSE PRACTITIONER,F,
11667,MI,NURSE PRACTITIONER,F,
11668,NY,CERTIFIED NURSE ANESTHETIST,F,
11669,AL,NURSE PRACTITIONER,F,
11670,VA,NURSE PRACTITIONER,F,
11671,MI,NURSE PRACTITIONER,F,
11672,MI,NURSE PRACTITIONER,F,
11673,MI,NURSE PRACTITIONER,F,
11674,MI,PHYSICIAN ASSISTANT,M,1959
11675,MI,NURSE PRACTITIONER,F,
11676,MI,NURSE PRACTITIONER,F,
11677,MI,CERTIFIED NURSE ANESTHETIST,F,
11678,VA,NURSE PRACTITIONER,F,
11679,KY,CERTIFIED NURSE ANESTHETIST,M,
11680,VA,NURSE PRACTITIONER,F,
11681,MD,NURSE PRACTITIONER,F,
11682,KY,NURSE PRACTITIONER,F,
11683,KY,NURSE PRACTITIONER,F,
11684,VA,NURSE PRACTITIONER,F,
11685,MI,CERTIFIED NURSE ANESTHETIST,F,
11686,KY,NURSE PRACTITIONER,F,
11687,MI,NURSE PRACTITIONER,F,
11688,MI,NURSE PRACTITIONER,M,
11689,MI,NURSE PRACTITIONER,M,
11690,MI,CERTIFIED NURSE ANESTHETIST,F,
11691,MS,NURSE PRACTITIONER,F,
11692,MI,CERTIFIED NURSE ANESTHETIST,F,
11693,TX,OCCUPATIONAL MEDICINE,M,1970
11694,NY,EMERGENCY MEDICINE,F,1977
11695,MI,EMERGENCY MEDICINE,F,1979
11696,TX,DIAGNOSTIC RADIOLOGY,M,1974
11697,KY,NURSE PRACTITIONER,F,
11698,NY,PEDIATRICS,F,1978
11699,NJ,RHEUMATOLOGY,F,1977
11700,GA,"ENDOCRINOLOGY, DIABETES & METABOLISM",M,1979
11701,GA,EMERGENCY MEDICINE,M,1979
11702,PA,FAMILY MEDICINE,M,1977
11703,NY,PEDIATRIC RADIOLOGY,M,1979
11704,CT,GASTROENTEROLOGY,M,1977
11705,MO,EMERGENCY MEDICINE,M,1975
11706,GA,INTERNAL MEDICINE,F,1979
11707,PA,OPHTHALMOLOGY,M,1978
11708,MI,EMERGENCY MEDICINE,M,1977
11709,CA,PAIN MEDICINE,M,1978
11710,MI,CERTIFIED NURSE ANESTHETIST,M,
11711,NC,NEPHROLOGY,F,1979
11712,GA,PEDIATRICS,M,1979
11713,CA,PULMONARY CRITICAL CARE MEDICINE,M,1977
11714,SC,OPTOMETRIST,F,
11715,MA,INTERNAL MEDICINE,F,1972
11716,CA,NEURORADIOLOGY,F,1978
11717,TX,PHYSICIAN ASSISTANT,F,1979
11718,WA,CHILD NEUROLOGY,M,1977
11719,NY,EMERGENCY MEDICINE,M,1978
11720,NC,NEPHROLOGY,M,1974
11721,AZ,DIAGNOSTIC RADIOLOGY,M,1976
11722,CA,FAMILY MEDICINE,M,1973
11723,GA,INTERVENTIONAL CARDIOLOGY,M,1977
11724,CA,HEMATOLOGY/ONCOLOGY,F,1974
11725,CA,EMERGENCY MEDICINE,M,1978
11726,IL,MUSCULOSKELETAL ONCOLOGY,F,1979
11727,CT,ANESTHESIOLOGY,F,1979
11728,FL,DERMATOLOGY,M,1974
11729,AZ,DERMATOLOGY,M,1979
11730,MI,OBSTETRICS & GYNECOLOGY,F,1973
11731,PA,DIAGNOSTIC RADIOLOGY,F,1977
11732,AZ,GENERAL SURGERY,M,1979
11733,TX,INTERNAL MEDICINE/EMERGENCY MEDICINE,M,1977
11734,CA,EMERGENCY MEDICINE,F,1977
11735,DE,VASCULAR & INTERVENTIONAL RADIOLOGY,M,1981
11736,MD,FAMILY MEDICINE,M,1960
11737,VA,EMERGENCY MEDICINE,M,1978
11738,NY,HEMATOLOGY/ONCOLOGY,M,1979
11739,OH,PEDIATRIC EMERGENCY MEDICINE (PEDIATRICS),M,1979
11740,OK,ANESTHESIOLOGY,M,1977
11741,NJ,CARDIOVASCULAR DISEASE,M,1979
11742,FL,RADIATION ONCOLOGY,M,1980
11743,TX,ANATOMIC/CLINICAL PATHOLOGY,M,1975
11744,CA,EMERGENCY MEDICINE,F,1977
11745,LA,INTERNAL MEDICINE,M,1973
11746,CO,NEURORADIOLOGY,M,1977
11747,CA,DIAGNOSTIC RADIOLOGY,M,1977
11748,TX,GENERAL SURGERY,M,1979
11749,NJ,ANESTHESIOLOGY,M,1972
11750,UT,FAMILY MEDICINE,M,1969
11751,CA,PSYCHIATRY,M,1978
11752,WA,CLINICAL PATHOLOGY,F,1976
11753,CA,EMERGENCY MEDICINE,F,1978
11754,GA,INTERNAL MEDICINE,F,1966
11755,SC,NURSE PRACTITIONER,M,
11756,WA,NURSE PRACTITIONER,M,
11757,CO,PHYSICIAN ASSISTANT,F,1971
11758,MD,INTERNAL MEDICINE,F,1973
11759,NJ,FAMILY MEDICINE,F,1974
11760,FL,DERMATOLOGY,F,1980
11761,VA,INTERVENTIONAL CARDIOLOGY,M,1978
11762,MD,PEDIATRICS,F,1979
11763,NV,EMERGENCY MEDICINE,F,1979
11764,CA,CARDIOVASCULAR DISEASE,M,1978
11765,AL,EMERGENCY MEDICINE,M,1977
11766,PA,OTOLARYNGOLOGY,M,1979
11767,IA,PEDIATRICS,F,1977
11768,NH,CHILD & ADOLESCENT PSYCHIATRY,M,1976
11769,CA,OTOLARYNGOLOGY,M,1977
11770,PA,ORTHOPEDIC SURGERY,F,1980
11771,MO,EMERGENCY MEDICINE,M,1978
11772,MD,INTERNAL MEDICINE,M,1975
11773,UT,PEDIATRICS,M,1977
11774,TX,FAMILY MEDICINE,F,1979
11775,SC,CARDIOVASCULAR DISEASE,M,1975
11776,MI,EMERGENCY MEDICINE,F,1966
11777,NY,"ENDOCRINOLOGY, DIABETES & METABOLISM",F,1979
11778,OK,NEURORADIOLOGY,F,1980
11779,FL,EMERGENCY MEDICINE,M,1979
11780,GA,OBSTETRICS & GYNECOLOGY,F,1975
11781,NV,DIAGNOSTIC RADIOLOGY,M,1981
11782,CA,ORTHOPEDIC SURGERY,M,1978
11783,OH,PEDIATRIC CARDIOLOGY,M,1978
11784,MD,DIAGNOSTIC RADIOLOGY,M,1974
11785,CO,CARDIOVASCULAR DISEASE,M,1979
11786,VA,INTERNAL MEDICINE,F,1978
11787,LA,INTERVENTIONAL CARDIOLOGY,M,1980
11788,GA,DERMATOLOGY,F,1974
11789,OH,CARDIOVASCULAR DISEASE,M,1977
11790,GA,EMERGENCY MEDICINE,M,1976
11791,MN,EMERGENCY MEDICINE,M,1972
11792,FL,NEUROLOGICAL SURGERY,M,1973
11793,GA,NURSE PRACTITIONER,F,
11794,IL,NEPHROLOGY,M,1975
11795,CT,EMERGENCY MEDICINE,M,1979
11796,NY,PSYCHIATRY,F,1978
11797,CA,FAMILY MEDICINE,F,1978
11798,IL,EMERGENCY MEDICINE,M,1976
11799,TX,DIAGNOSTIC RADIOLOGY,M,1979
11800,KY,PEDIATRICS,M,1978
11801,WI,NEURORADIOLOGY,M,1977
11802,FL,FAMILY MEDICINE,M,1972
11803,CO,GASTROENTEROLOGY,M,1979
11804,FL,OPHTHALMOLOGY,M,1978
11805,NY,NEPHROLOGY,M,1978
11806,NY,EMERGENCY MEDICINE,M,1979
11807,FL,PEDIATRIC RADIOLOGY,M,1979
11808,CO,RADIOLOGY,M,1978
11809,CO,EMERGENCY MEDICINE,M,1977
11810,CO,RADIATION ONCOLOGY,F,1980
11811,MN,GASTROENTEROLOGY,M,1979
11812,TX,DERMATOLOGY,F,1979
11813,AZ,DIAGNOSTIC RADIOLOGY,M,1976
11814,RI,DIAGNOSTIC RADIOLOGY,M,1976
11815,KS,NEUROLOGY,M,1975
11816,NJ,SPORTS MEDICINE (FAMILY MEDICINE),M,1979
11817,MA,ALLERGY & IMMUNOLOGY,M,1979
11818,CA,DIAGNOSTIC RADIOLOGY,F,1981
11819,TX,EMERGENCY MEDICINE,F,1978
11820,CA,EMERGENCY MEDICINE,M,1972
11821,TX,OBSTETRICS & GYNECOLOGY,F,1979
11822,NE,HEMATOLOGY/ONCOLOGY,M,1961
11823,IL,CARDIOVASCULAR DISEASE,M,1976
11824,PA,EMERGENCY MEDICINE,M,1979
11825,NJ,PODIATRIST,M,
11826,NJ,INFECTIOUS DISEASE,F,1976
11827,GA,NURSE PRACTITIONER,F,
11828,MD,FAMILY MEDICINE,F,1979
11829,MD,FAMILY MEDICINE,M,1977
11830,KY,EMERGENCY MEDICINE,M,1974
11831,SC,PEDIATRICS,F,1977
11832,NY,EMERGENCY MEDICINE,F,1977
11833,TX,INTERNAL MEDICINE,F,1979
11834,MN,CARDIOVASCULAR DISEASE,M,1974
11835,IN,PHYSICIAN ASSISTANT,F,1967
11836,MA,SELECTIVE PATHOLOGY,M,1973
11837,NV,EMERGENCY MEDICINE,F,1979
11838,FL,INTERNAL MEDICINE,M,1964
11839,GA,ORTHOPEDIC SURGERY,M,1979
11840,CA,DIAGNOSTIC RADIOLOGY,M,1977
11841,IL,DERMATOPATHOLOGY,M,1974
11842,MI,INTERNAL MEDICINE/PEDIATRICS,M,1978
11843,TX,ANESTHESIOLOGY,M,1979
11844,TX,HEMATOLOGY/ONCOLOGY,M,1980
11845,KY,EMERGENCY MEDICINE,M,1979
11846,MI,PEDIATRIC ANESTHESIOLOGY,F,1979
11847,MD,DERMATOLOGY,F,1977
11848,KY,MEDICAL ONCOLOGY,M,1975
11849,CO,ANATOMIC/CLINICAL PATHOLOGY,F,1978
11850,TN,CLINICAL CARDIAC ELECTROPHYSIOLOGY,M,1976
11851,WA,PEDIATRICS,M,1981
11852,NY,CARDIOVASCULAR DISEASE,M,1978
11853,PA,DIAGNOSTIC RADIOLOGY,M,1979
11854,NC,NURSE PRACTITIONER,F,1973
11855,FL,HOSPITALIST,M,1961
11856,CA,INTERNAL MEDICINE,M,
11857,GA,NURSE PRACTITIONER,F,
11858,AZ,NURSE PRACTITIONER,F,
11859,NY,FAMILY MEDICINE,M,1976
11860,CA,"ENDOCRINOLOGY, DIABETES & METABOLISM",F,1971
11861,TX,CERTIFIED NURSE ANESTHETIST,F,1974
11862,GA,NURSE PRACTITIONER,F,
11863,CA,FAMILY MEDICINE,M,1960
11864,GA,NURSE PRACTITIONER,F,
11865,NV,ANESTHESIOLOGY,M,1973
11866,OH,INTERNAL MEDICINE,F,1977
11867,TX,PHYSICIAN ASSISTANT,M,1970
11868,TX,PHYSICIAN ASSISTANT,M,1972
11869,FL,CARDIOVASCULAR DISEASE,M,1979
11870,TN,INTERNAL MEDICINE,M,1977
11871,TX,PHYSICIAN ASSISTANT,F,1977
11872,FL,GENERAL PRACTICE,M,1951
11873,GA,NURSE PRACTITIONER,F,
11874,GA,FAMILY MEDICINE,F,1972
11875,IL,HOSPITALIST,F,1972
11876,NC,"ENDOCRINOLOGY, DIABETES & METABOLISM",F,1978
11877,TX,FAMILY MEDICINE,F,1976
11878,NJ,EMERGENCY MEDICINE,M,1976
11879,FL,DIAGNOSTIC RADIOLOGY,M,1975
11880,NY,PULMONARY CRITICAL CARE MEDICINE,M,1971
11881,CA,OPTOMETRIST,M,
11882,TX,DENTIST,M,1961
11883,GA,CERTIFIED NURSE ANESTHETIST,M,
11884,NY,NURSE PRACTITIONER,F,
11885,PA,NURSE PRACTITIONER,F,1981
11886,PA,CERTIFIED NURSE ANESTHETIST,M,
11887,PA,CERTIFIED NURSE ANESTHETIST,F,
11888,PA,NURSE PRACTITIONER,F,
11889,CA,NURSE PRACTITIONER,F,
11890,PA,NURSE PRACTITIONER,F,
11891,NJ,NURSE PRACTITIONER,F,
11892,NJ,CERTIFIED NURSE ANESTHETIST,M,
11893,IL,NURSE PRACTITIONER,F,
11894,PA,NURSE PRACTITIONER,F,
11895,CA,PHYSICAL MEDICINE & REHABILITATION,M,1975
11896,PA,NURSE PRACTITIONER,M,
11897,PA,NURSE PRACTITIONER,F,
11898,DE,NURSE PRACTITIONER,F,
11899,PA,CERTIFIED NURSE ANESTHETIST,M,
11900,AZ,NURSE PRACTITIONER,F,1966
11901,MS,NURSE PRACTITIONER,F,
11902,FL,NURSE PRACTITIONER,F,
11903,CA,NURSE PRACTITIONER,F,
11904,NY,NURSE PRACTITIONER,F,
11905,MD,CERTIFIED NURSE ANESTHETIST,F,
11906,MD,CERTIFIED NURSE ANESTHETIST,F,1955
11907,PA,NURSE PRACTITIONER,F,
11908,WV,NURSE PRACTITIONER,F,1964
11909,PA,CERTIFIED NURSE ANESTHETIST,F,
11910,NY,DERMATOLOGY,F,1976
11911,NY,CARDIOVASCULAR DISEASE,M,1964
11912,VA,FAMILY MEDICINE,M,1976
11913,KY,INTERNAL MEDICINE,M,1964
11914,MN,DIAGNOSTIC RADIOLOGY,M,1976
11915,SC,PHYSICIAN ASSISTANT,F,1979
11916,NC,FAMILY MEDICINE,M,1974
11917,CA,CARDIOVASCULAR DISEASE,M,1980
11918,CA,DIAGNOSTIC RADIOLOGY,M,1978
11919,NC,NEPHROLOGY,F,1977
11920,FL,INFECTIOUS DISEASE,M,1975
11921,KS,CERTIFIED NURSE ANESTHETIST,M,1954
11922,TX,NURSE PRACTITIONER,F,1955
11923,CA,NURSE PRACTITIONER,F,
11924,WA,PHYSICIAN ASSISTANT,F,1969
11925,TX,PHYSICIAN ASSISTANT,F,1975
11926,MI,FAMILY MEDICINE,M,1977
11927,LA,NURSE PRACTITIONER,F,1962
11928,NV,INTERNAL MEDICINE/PEDIATRICS,F,1975
11929,LA,PSYCHIATRY,M,1972
11930,LA,PHYSICIAN ASSISTANT,M,1955
11931,TX,EMERGENCY MEDICINE,M,1975
11932,WA,INTERVENTIONAL CARDIOLOGY,F,1977
11933,FL,GERIATRIC MEDICINE (INTERNAL MEDICINE),F,1973
11934,IL,FAMILY MEDICINE,F,1975
11935,WA,NURSE PRACTITIONER,F,
11936,MI,DIAGNOSTIC RADIOLOGY,M,1978
11937,IL,FAMILY MEDICINE,F,1975
11938,MS,CARDIOVASCULAR DISEASE,M,1976
11939,TX,FAMILY MEDICINE,F,1976
11940,MI,COLON & RECTAL SURGERY,M,1978
11941,OH,OPHTHALMOLOGY,F,1976
11942,FL,ORTHOPEDIC SURGERY,M,1975
11943,FL,EMERGENCY MEDICINE,M,1980
11944,MI,EMERGENCY MEDICINE,M,1968
11945,PR,GENERAL PRACTICE,F,1968
11946,IL,PHYSICIAN ASSISTANT,F,1973
11947,FL,PHYSICIAN ASSISTANT,F,1979
11948,PA,CARDIOVASCULAR DISEASE,M,1974
11949,TX,EMERGENCY MEDICINE,M,1973
11950,MD,FAMILY MEDICINE,M,1976
11951,FL,EMERGENCY MEDICINE,M,1975
11952,OR,CLINICAL CARDIAC ELECTROPHYSIOLOGY,M,1978
11953,TX,PHYSICIAN ASSISTANT,M,1969
11954,NY,PHYSICIAN ASSISTANT,M,1977
11955,PA,PULMONARY CRITICAL CARE MEDICINE,M,1973
11956,MI,PHYSICIAN ASSISTANT,M,1979
11957,VA,INTERNAL MEDICINE/PEDIATRICS,F,1970
11958,CA,PHYSICIAN ASSISTANT,M,1971
11959,MA,HOSPITALIST,M,1964
11960,VA,NURSE PRACTITIONER,F,
11961,AZ,INFECTIOUS DISEASE,F,1979
11962,NH,HOSPITALIST,F,1974
11963,MD,FAMILY MEDICINE,M,1972
11964,NJ,GASTROENTEROLOGY,M,1973
11965,CA,INTERNAL MEDICINE,F,1956
11966,PA,INTERNAL MEDICINE,M,1972
11967,OR,INTERNAL MEDICINE,F,1974
11968,CA,FAMILY MEDICINE,F,1964
11969,TX,NEPHROLOGY,M,1970
11970,NY,PHYSICIAN ASSISTANT,M,1977
11971,GA,DIAGNOSTIC RADIOLOGY,M,1977
11972,NY,OBSTETRICS & GYNECOLOGY,M,1976
11973,TX,VASCULAR SURGERY,M,1964
11974,PA,INTERNAL MEDICINE,F,1980
11975,TX,GERIATRIC MEDICINE (FAMILY MEDICINE),F,1966
11976,CA,ALLERGY & IMMUNOLOGY,M,1964
11977,FL,DERMATOLOGY,M,1978
11978,PA,EMERGENCY MEDICINE,F,1971
11979,FL,CARDIOVASCULAR DISEASE,F,1965
11980,VA,NEPHROLOGY,M,1973
11981,LA,NURSE PRACTITIONER,M,
11982,CA,INTERNAL MEDICINE,M,1978
11983,NY,EMERGENCY MEDICINE,M,1978
11984,WA,EMERGENCY MEDICINE,F,1977
11985,NJ,INTERVENTIONAL CARDIOLOGY,M,1979
11986,NY,CARDIOVASCULAR DISEASE,M,1979
11987,PA,EMERGENCY MEDICINE,M,1969
11988,MA,PULMONARY CRITICAL CARE MEDICINE,F,1977
11989,GA,NURSE PRACTITIONER,F,
11990,CA,EMERGENCY MEDICINE,M,1969
11991,GA,INTERNAL MEDICINE,M,1977
11992,FL,RHEUMATOLOGY,M,1971
11993,OH,NURSE PRACTITIONER,M,1975
11994,WA,NEURORADIOLOGY,M,1978
11995,CT,PHYSICAL MEDICINE & REHABILITATION,F,1977
11996,CA,EMERGENCY MEDICINE,M,1969
11997,NJ,INTERNAL MEDICINE,F,1973
11998,SC,OBSTETRICS & GYNECOLOGY,F,1976
11999,NY,EMERGENCY MEDICINE,M,1977
12000,IA,INTERNAL MEDICINE,F,1973
12001,TN,CARDIOVASCULAR DISEASE,F,1963
12002,MD,RADIATION ONCOLOGY,F,1972
12003,NY,EMERGENCY MEDICINE,M,1978
12004,FL,DIAGNOSTIC RADIOLOGY,M,1976
12005,NY,DIAGNOSTIC RADIOLOGY,M,1974
12006,IL,FAMILY MEDICINE,M,1978
12007,NY,PHYSICIAN ASSISTANT,M,1949
12008,PA,PHYSICIAN ASSISTANT,F,1981
12009,FL,CARDIOVASCULAR DISEASE,M,1977
12010,GA,PHYSICIAN ASSISTANT,M,1972
12011,CA,RHEUMATOLOGY,F,1978
12012,FL,MUSCULOSKELETAL RADIOLOGY,M,1978
12013,VA,EMERGENCY MEDICINE,F,1977
12014,NV,NEPHROLOGY,F,1978
12015,VA,DIAGNOSTIC RADIOLOGY,F,1978
12016,NY,GASTROENTEROLOGY,F,1978
12017,NY,EMERGENCY MEDICINE,F,1976
12018,TN,DERMATOPATHOLOGY,M,1977
12019,CA,COLON & RECTAL SURGERY,M,1977
12020,GA,INFECTIOUS DISEASE,M,1977
12021,CA,PULMONARY DISEASE,M,1976
12022,PA,PSYCHIATRY,M,1968
12023,NJ,PODIATRIST,M,
12024,LA,CERTIFIED NURSE ANESTHETIST,M,
12025,NJ,THORACIC SURGERY,M,1974
12026,FL,EMERGENCY MEDICINE,M,1973
12027,OH,EMERGENCY MEDICINE,M,1978
12028,WA,PHYSICIAN ASSISTANT,F,1967
12029,OH,EMERGENCY MEDICINE,M,1966
12030,MD,PEDIATRICS,F,1979
12031,CA,PHYSICAL MEDICINE & REHABILITATION,M,1967
12032,ID,FAMILY MEDICINE,F,1981
12033,VA,FAMILY MEDICINE,F,1963
12034,MI,OTOLARYNGOLOGY,M,1980
12035,CA,DERMATOLOGY,M,1974
12036,PA,EMERGENCY MEDICINE,M,1980
12037,IL,FAMILY MEDICINE,F,1981
12038,FL,PEDIATRICS,F,1979
12039,CA,INTERNAL MEDICINE,F,1982
12040,IL,FAMILY MEDICINE,F,1966
12041,CA,INTERNAL MEDICINE,F,1977
12042,DC,PEDIATRIC CARDIOLOGY,F,1973
12043,NY,PEDIATRICS,M,1975
12044,NC,EMERGENCY MEDICINE,M,1977
12045,CA,PEDIATRICS,M,1976
12046,PA,FAMILY MEDICINE,F,1975
12047,PA,SLEEP MEDICINE,F,1968
12048,MA,EMERGENCY MEDICINE,F,1979
12049,CA,CARDIOVASCULAR DISEASE,F,1976
12050,IN,EMERGENCY MEDICINE,M,1977
12051,NC,EMERGENCY MEDICINE,M,1981
12052,CO,FAMILY MEDICINE,M,1977
12053,IA,SPORTS MEDICINE (FAMILY MEDICINE),F,1982
12054,FL,RETINAL SPECIALIST,M,1977
12055,IN,PEDIATRICS,F,1981
12056,WI,FAMILY MEDICINE,F,1979
12057,FL,PHYSICAL MEDICINE & REHABILITATION,M,1981
12058,MS,INTERNAL MEDICINE,M,1982
12059,GA,EMERGENCY MEDICINE,M,1976
12060,NY,PEDIATRICS,F,1980
12061,MI,INTERNAL MEDICINE,M,1982
12062,IL,CARDIOVASCULAR DISEASE,F,1977
12063,NY,DIAGNOSTIC RADIOLOGY,M,1979
12064,WA,OPHTHALMOLOGY,M,1982
12065,NY,FAMILY MEDICINE,F,1980
12066,OH,ORTHOPEDIC SURGERY,F,1979
12067,IN,ANATOMIC/CLINICAL PATHOLOGY,M,1971
12068,OH,NEUROLOGICAL SURGERY,M,1978
12069,MI,OBSTETRICS & GYNECOLOGY,F,1981
12070,NY,FAMILY MEDICINE,F,1978
12071,FL,CARDIOVASCULAR DISEASE,F,1980
12072,TX,FAMILY MEDICINE,F,1979
12073,CA,PEDIATRICS,F,1977
12074,CA,FAMILY MEDICINE,M,1979
12075,PA,EMERGENCY MEDICINE,M,1977
12076,MI,ORTHOPEDIC SURGERY,M,1980
12077,FL,EMERGENCY MEDICINE,F,1977
12078,MD,PAIN MEDICINE (PHYSICAL MEDICINE & REHABILITATION),M,1975
12079,OH,UROLOGY,M,1977
12080,TX,UROLOGY,M,1975
12081,IA,CARDIOVASCULAR DISEASE,M,1978
12082,AZ,EMERGENCY MEDICINE,M,1973
12083,KY,RHEUMATOLOGY,M,1978
12084,MI,PHYSICIAN ASSISTANT,M,1978
12085,TX,HOSPITALIST,F,1975
12086,NY,PHYSICIAN ASSISTANT,M,1978
12087,NC,PHYSICIAN ASSISTANT,F,1981
12088,NY,INTERNAL MEDICINE,M,1968
12089,WV,PSYCHIATRY,F,1975
12090,CA,INTERNAL MEDICINE,M,1976
12091,WA,EMERGENCY MEDICINE,M,1977
12092,FL,PEDIATRICS,M,1974
12093,IN,EMERGENCY MEDICINE,M,1962
12094,SC,DIAGNOSTIC RADIOLOGY,M,1980
12095,FL,INTERNAL MEDICINE,M,1973
12096,NJ,FAMILY MEDICINE,F,1978
12097,NY,EMERGENCY MEDICINE,M,1976
12098,MA,INTERNAL MEDICINE,M,1978
12099,MI,EMERGENCY MEDICINE,F,1976
12100,FL,GENERAL SURGERY,F,1974
12101,NJ,PSYCHIATRY,M,1972
12102,FL,DERMATOLOGY,M,1974
12103,NY,INTERNAL MEDICINE,F,1969
12104,CA,INTERNAL MEDICINE,F,1975
12105,MN,FAMILY MEDICINE,F,1980
12106,HI,EMERGENCY MEDICINE,M,1970
12107,NJ,CARDIOVASCULAR DISEASE,F,1980
12108,FL,EMERGENCY MEDICINE,M,1978
12109,FL,FAMILY MEDICINE,M,1975
12110,FL,OPHTHALMOLOGY,M,1978
12111,NY,CARDIOVASCULAR DISEASE,F,1978
12112,FL,FAMILY MEDICINE,F,1978
12113,CA,GERIATRIC MEDICINE (FAMILY MEDICINE),M,1980
12114,NJ,EMERGENCY MEDICINE,M,1976
12115,IL,RADIOLOGY,M,1971
12116,NC,DERMATOLOGY,F,1977
12117,FL,PULMONARY CRITICAL CARE MEDICINE,M,1975
12118,NV,GENERAL SURGERY,F,1963
12119,NY,CLINICAL CARDIAC ELECTROPHYSIOLOGY,M,1977
12120,NY,OBSTETRICS & GYNECOLOGY,F,1978
12121,VA,FAMILY MEDICINE,M,1978
12122,FL,SPORTS MEDICINE (ORTHOPEDIC SURGERY),M,1977
12123,DC,FAMILY MEDICINE,F,1976
12124,FL,"ENDOCRINOLOGY, DIABETES & METABOLISM",F,1970
12125,TX,NEURORADIOLOGY,M,1974
12126,MI,DERMATOLOGY,M,1977
12127,MO,EMERGENCY MEDICINE,M,1978
12128,ME,OTOLARYNGOLOGY,M,1977
12129,GA,CARDIOVASCULAR DISEASE,M,1978
12130,TX,EMERGENCY MEDICINE,F,1979
12131,FL,DERMATOLOGY,F,1978
12132,NY,ANESTHESIOLOGY,F,1978
12133,PA,EMERGENCY MEDICINE,M,1978
12134,TX,NEURORADIOLOGY,F,1978
12135,AZ,OPHTHALMOLOGY,F,1976
12136,NJ,RADIATION ONCOLOGY,F,1976
12137,KY,INTERVENTIONAL CARDIOLOGY,F,1979
12138,NY,PEDIATRIC CARDIOLOGY,F,1978
12139,PA,CHILD & ADOLESCENT PSYCHIATRY,M,1966
12140,NY,OBSTETRICS & GYNECOLOGY,F,1976
12141,VA,GASTROENTEROLOGY,M,1981
12142,FL,EMERGENCY MEDICINE,M,1983
12143,NY,EMERGENCY MEDICINE,F,1979
12144,NY,PEDIATRIC EMERGENCY MEDICINE,F,1978
12145,MI,PEDIATRICS,F,1976
12146,NJ,INTERNAL MEDICINE,F,1976
12147,FL,EMERGENCY MEDICINE,M,1966
12148,TX,PHYSICIAN ASSISTANT,M,1961
12149,TN,INTERNAL MEDICINE/PEDIATRICS,F,1977
12150,WA,DERMATOLOGY,F,1977
12151,CA,CARDIOVASCULAR DISEASE,M,1977
12152,CO,NEURORADIOLOGY,M,1974
12153,NJ,ORTHOPEDIC SURGERY,M,1977
12154,NV,FAMILY MEDICINE,F,1970
12155,CA,CARDIOVASCULAR DISEASE,M,1977
12156,LA,FAMILY MEDICINE,M,1978
12157,VA,PEDIATRICS,F,1979
12158,MD,DIAGNOSTIC RADIOLOGY,M,1965
12159,IL,DIAGNOSTIC RADIOLOGY,F,1977
12160,AR,HOSPITALIST,F,1973
12161,CA,FAMILY MEDICINE,M,1972
12162,WA,CARDIOVASCULAR DISEASE,M,1976
12163,NY,EMERGENCY MEDICINE,F,1978
12164,NC,DERMATOLOGY,F,1978
12165,SC,ANESTHESIOLOGY,M,1977
12166,TX,GERIATRIC MEDICINE (INTERNAL MEDICINE),M,1976
12167,OH,PSYCHIATRY/NEUROLOGY,M,1977
12168,NY,SELECTIVE PATHOLOGY,F,1966
12169,MD,NEPHROLOGY,M,1979
12170,CT,INTERNAL MEDICINE,F,1979
12171,TX,HOSPITALIST,F,1975
12172,TX,ADULT RECONSTRUCTIVE ORTHOPEDICS,M,1968
12173,IL,NEPHROLOGY,F,1977
12174,TX,DERMATOLOGY,M,1978
12175,MD,CARDIOVASCULAR DISEASE,F,1978
12176,WI,CARDIOVASCULAR DISEASE,M,1974
12177,TX,DERMATOPATHOLOGY,M,1976
12178,TX,NEPHROLOGY,F,1978
12179,NJ,INTERNAL MEDICINE,F,1974
12180,NY,DIAGNOSTIC RADIOLOGY,M,1974
12181,NC,EMERGENCY MEDICINE,M,1966
12182,TX,EMERGENCY MEDICINE,M,1975
12183,WV,NEURORADIOLOGY,F,1976
12184,MI,EMERGENCY MEDICINE,M,1976
12185,FL,DIAGNOSTIC RADIOLOGY,M,1978
12186,FL,HEMATOLOGY (PATHOLOGY),F,1970
12187,WA,GASTROENTEROLOGY,F,1972
12188,FL,EMERGENCY MEDICINE,M,1977
12189,NY,DIAGNOSTIC RADIOLOGY,M,1976
12190,CO,NEURORADIOLOGY,M,1977
12191,IN,INTERNAL MEDICINE,F,1955
12192,TX,HOSPITALIST,M,1977
12193,NJ,CARDIOVASCULAR DISEASE,M,1977
12194,CA,EMERGENCY MEDICINE,M,1978
12195,WI,EMERGENCY MEDICINE,M,1978
12196,CA,FAMILY MEDICINE,F,1977
12197,SC,OBSTETRICS & GYNECOLOGY,F,1977
12198,CA,VASCULAR SURGERY,F,1979
12199,FL,DERMATOLOGY,F,1978
12200,AL,FAMILY MEDICINE,M,1978
12201,CT,ANESTHESIOLOGY,M,1976
12202,PA,PHYSICAL MEDICINE & REHABILITATION,M,1978
12203,CA,EMERGENCY MEDICINE,M,1979
12204,TX,NEUROLOGY,M,1977
12205,MI,EMERGENCY MEDICINE,M,1978
12206,NJ,EMERGENCY MEDICINE,F,1978
12207,TX,ANESTHESIOLOGY,M,1978
12208,FL,FAMILY MEDICINE,M,1960
12209,MI,INTERNAL MEDICINE,M,1971
12210,IL,EMERGENCY MEDICINE,M,1977
12211,NY,PHYSICIAN ASSISTANT,M,1977
12212,VA,EMERGENCY MEDICINE,F,1978
12213,IL,NURSE PRACTITIONER,F,
12214,PA,EMERGENCY MEDICINE,F,1976
12215,MA,PODIATRIST,F,1978
12216,MI,GASTROENTEROLOGY,M,1978
12217,AZ,PEDIATRIC PULMONOLOGY,F,1975
12218,NJ,PHYSICIAN ASSISTANT,F,1976
12219,VA,FAMILY MEDICINE,F,1971
12220,LA,FAMILY MEDICINE,M,1978
12221,CA,ANESTHESIOLOGY,M,1978
12222,NJ,DIAGNOSTIC RADIOLOGY,M,1975
12223,TX,INFECTIOUS DISEASE,M,1976
12224,AL,CARDIOVASCULAR DISEASE,M,1974
12225,TX,NUCLEAR RADIOLOGY,F,1978
12226,SC,FAMILY MEDICINE,F,1973
12227,CA,OBSTETRICS & GYNECOLOGY,F,1978
12228,NY,EMERGENCY MEDICINE,M,1975
12229,NY,EMERGENCY MEDICINE,F,1973
12230,PA,OPHTHALMOLOGY,M,1973
12231,NM,UROLOGY,M,1978
12232,FL,COLON & RECTAL SURGERY,F,1977
12233,GA,EMERGENCY MEDICINE,M,1977
12234,MI,CLINICAL CARDIAC ELECTROPHYSIOLOGY,M,1976
12235,WI,DERMATOLOGY,M,1978
12236,IL,SURGICAL ONCOLOGY,F,1978
12237,FL,FAMILY MEDICINE,M,1970
12238,NJ,INTERNAL MEDICINE,F,1975
12239,TX,PODIATRIST,M,1973
12240,OK,FAMILY MEDICINE,M,1977
12241,AZ,"ENDOCRINOLOGY, DIABETES & METABOLISM",F,1972
12242,TX,FAMILY MEDICINE,F,1978
12243,AL,INTERNAL MEDICINE,M,1978
12244,OH,INTERNAL MEDICINE,F,1964
12245,OH,EMERGENCY MEDICINE,M,1977
12246,TX,GASTROENTEROLOGY,M,1977
12247,NJ,FAMILY MEDICINE,F,1976
12248,CA,PULMONARY CRITICAL CARE MEDICINE,M,1974
12249,AZ,DERMATOLOGY,F,1978
12250,MD,HEMATOLOGY/ONCOLOGY,M,1963
12251,MD,PAIN MEDICINE (ANESTHESIOLOGY),F,1978
12252,KS,INTERNAL MEDICINE,F,1974
12253,FL,EMERGENCY MEDICINE,F,1977
12254,TX,GASTROENTEROLOGY,M,1978
12255,CA,FAMILY MEDICINE,F,1973
12256,NJ,NEURORADIOLOGY,F,1979
12257,CO,DIAGNOSTIC RADIOLOGY,M,1979
12258,MP,ANESTHESIOLOGY,M,1977
12259,KY,EMERGENCY MEDICINE,M,1973
12260,WI,EMERGENCY MEDICINE,M,1975
12261,NY,OBSTETRICS & GYNECOLOGY,M,1963
12262,FL,NURSE PRACTITIONER,F,
12263,MO,EMERGENCY MEDICINE,M,1978
12264,SC,CARDIOVASCULAR DISEASE,M,1977
12265,TX,DERMATOLOGY,F,1977
12266,IA,FAMILY MEDICINE,F,1978
12267,MN,GASTROENTEROLOGY,F,1975
12268,TX,FAMILY MEDICINE,F,1973
12269,PR,FAMILY MEDICINE,M,1970
12270,WI,CARDIOVASCULAR DISEASE,M,1976
12271,CA,PHYSICIAN ASSISTANT,F,1976
12272,IN,NURSE PRACTITIONER,M,
12273,TX,INTERNAL MEDICINE,M,1969
12274,MD,INTERNAL MEDICINE,F,1974
12275,OR,CLINICAL CARDIAC ELECTROPHYSIOLOGY,M,1975
12276,CA,FAMILY MEDICINE,M,1968
12277,OH,HOSPITALIST,M,1977
12278,TN,FAMILY MEDICINE,M,1978
12279,PA,NURSE PRACTITIONER,F,1956
12280,MI,PEDIATRICS,F,1975
12281,AZ,EMERGENCY MEDICINE,M,1978
12282,VA,INTERNAL MEDICINE,M,1970
12283,MI,NURSE PRACTITIONER,F,1970
12284,WY,FAMILY MEDICINE,F,1965
12285,MA,PHYSICIAN ASSISTANT,F,1978
12286,MI,PHYSICIAN ASSISTANT,M,1979
12287,FL,NURSE PRACTITIONER,F,
12288,TX,NURSE PRACTITIONER,M,1974
12289,MI,NURSE PRACTITIONER,F,
12290,FL,CERTIFIED NURSE ANESTHETIST,F,
12291,IN,NURSE PRACTITIONER,F,
12292,IN,NURSE PRACTITIONER,F,
12293,IN,NURSE PRACTITIONER,F,1956
12294,FL,NURSE PRACTITIONER,F,
12295,FL,NURSE PRACTITIONER,F,
12296,FL,NURSE PRACTITIONER,F,
12297,GA,CERTIFIED NURSE ANESTHETIST,M,1962
12298,FL,NURSE PRACTITIONER,F,
12299,IN,NURSE PRACTITIONER,F,
12300,FL,NURSE PRACTITIONER,M,1973
12301,FL,NURSE PRACTITIONER,F,
12302,FL,NURSE PRACTITIONER,F,
12303,TN,NURSE PRACTITIONER,F,
12304,MI,NURSE PRACTITIONER,F,
12305,FL,NURSE PRACTITIONER,F,
12306,FL,NURSE PRACTITIONER,F,
12307,IN,NURSE PRACTITIONER,F,1964
12308,IN,NURSE PRACTITIONER,F,
12309,IN,NURSE PRACTITIONER,F,
12310,WI,FAMILY MEDICINE,F,1977
12311,FL,NURSE PRACTITIONER,F,
12312,TN,NURSE PRACTITIONER,F,
12313,FL,NURSE PRACTITIONER,F,
12314,FL,NURSE PRACTITIONER,F,
12315,FL,NURSE PRACTITIONER,M,
12316,SC,NURSE PRACTITIONER,F,
12317,FL,NURSE PRACTITIONER,F,
12318,FL,NURSE PRACTITIONER,M,
12319,TN,NURSE PRACTITIONER,F,1974
12320,GA,NURSE PRACTITIONER,M,
12321,FL,HOSPITALIST,M,1971
12322,IN,NURSE PRACTITIONER,F,
12323,FL,NURSE PRACTITIONER,F,1971
12324,VA,NURSE PRACTITIONER,F,
12325,FL,NURSE PRACTITIONER,F,1951
12326,NC,NURSE PRACTITIONER,F,1981
12327,TN,CERTIFIED NURSE ANESTHETIST,F,1980
12328,OH,NURSE PRACTITIONER,F,
12329,OK,NURSE PRACTITIONER,F,1959
12330,FL,NURSE PRACTITIONER,F,
12331,FL,NURSE PRACTITIONER,M,1952
12332,IN,NURSE PRACTITIONER,F,
12333,FL,NURSE PRACTITIONER,,
12334,FL,NURSE PRACTITIONER,F,
12335,GA,NURSE PRACTITIONER,F,
12336,FL,NURSE PRACTITIONER,M,1962
12337,IN,NURSE PRACTITIONER,F,
12338,FL,NURSE PRACTITIONER,M,
12339,FL,NURSE PRACTITIONER,F,1970
12340,TX,NURSE PRACTITIONER,F,1963
12341,KY,NURSE PRACTITIONER,M,
12342,FL,NURSE PRACTITIONER,M,
12343,MI,NURSE PRACTITIONER,F,
12344,FL,NURSE PRACTITIONER,F,
12345,FL,NURSE PRACTITIONER,F,
12346,TN,CERTIFIED NURSE ANESTHETIST,F,1965
12347,FL,NURSE PRACTITIONER,F,
12348,IN,NURSE PRACTITIONER,F,
12349,MD,CERTIFIED NURSE ANESTHETIST,F,
12350,FL,CERTIFIED NURSE ANESTHETIST,M,
12351,FL,NURSE PRACTITIONER,F,
12352,FL,CERTIFIED NURSE ANESTHETIST,F,
12353,FL,NURSE PRACTITIONER,F,
12354,IL,CERTIFIED NURSE ANESTHETIST,M,
12355,MI,NURSE PRACTITIONER,F,
12356,KY,NURSE PRACTITIONER,F,
12357,TX,NURSE PRACTITIONER,F,1959
12358,FL,NURSE PRACTITIONER,F,
12359,IN,NURSE PRACTITIONER,F,
12360,TX,NURSE PRACTITIONER,F,1952
12361,FL,CERTIFIED NURSE ANESTHETIST,F,
12362,KY,NURSE PRACTITIONER,F,
12363,FL,NURSE PRACTITIONER,F,
12364,AL,CERTIFIED NURSE ANESTHETIST,M,
12365,FL,NURSE PRACTITIONER,M,
12366,FL,NURSE PRACTITIONER,F,1978
12367,FL,NURSE PRACTITIONER,F,
12368,FL,CERTIFIED NURSE ANESTHETIST,M,
12369,FL,NURSE PRACTITIONER,M,
12370,FL,NURSE PRACTITIONER,F,
12371,TN,NURSE PRACTITIONER,F,
12372,FL,NURSE PRACTITIONER,F,1975
12373,FL,NURSE PRACTITIONER,F,
12374,OH,PHYSICIAN ASSISTANT,M,1982
12375,TN,NURSE PRACTITIONER,F,
12376,GA,NURSE PRACTITIONER,M,
12377,FL,NURSE PRACTITIONER,F,
12378,MI,INTERNAL MEDICINE,M,1969
12379,FL,NURSE PRACTITIONER,F,
12380,TN,CERTIFIED NURSE ANESTHETIST,M,1973
12381,FL,HEMATOLOGY/ONCOLOGY,M,1973
12382,OH,GERIATRIC MEDICINE (INTERNAL MEDICINE),F,1976
12383,NJ,RADIOLOGY,M,1978
12384,ID,NURSE PRACTITIONER,F,
12385,OH,NURSE PRACTITIONER,F,1965
12386,NC,NURSE PRACTITIONER,F,1961
12387,VA,CERTIFIED NURSE ANESTHETIST,F,
12388,FL,NURSE PRACTITIONER,F,
12389,TX,CERTIFIED NURSE ANESTHETIST,F,
12390,AZ,NURSE PRACTITIONER,F,
12391,CA,NURSE PRACTITIONER,M,
12392,KY,NURSE PRACTITIONER,F,
12393,CA,NURSE PRACTITIONER,F,
12394,CA,NURSE PRACTITIONER,F,
12395,DE,NURSE PRACTITIONER,F,
12396,GA,DERMATOLOGY,M,1967
12397,FL,NURSE PRACTITIONER,F,1974
12398,NY,NURSE PRACTITIONER,F,
12399,CA,NURSE PRACTITIONER,F,
12400,NJ,NURSE PRACTITIONER,F,
12401,SC,CERTIFIED NURSE ANESTHETIST,F,
12402,CA,NURSE PRACTITIONER,F,
12403,WI,NURSE PRACTITIONER,F,1978
12404,WA,NURSE PRACTITIONER,F,
12405,CA,CERTIFIED NURSE ANESTHETIST,M,
12406,TX,NURSE PRACTITIONER,F,1960
12407,NH,NURSE PRACTITIONER,F,
12408,OH,NURSE PRACTITIONER,F,1966
12409,VA,CERTIFIED NURSE ANESTHETIST,F,
12410,CA,CLINICAL NURSE SPECIALIST,F,1957
12411,MN,NURSE PRACTITIONER,F,1971
12412,FL,NURSE PRACTITIONER,F,
12413,SC,NURSE PRACTITIONER,F,
12414,CA,NURSE PRACTITIONER,F,
12415,NV,NURSE PRACTITIONER,M,
12416,CA,NURSE PRACTITIONER,F,
12417,NV,NURSE PRACTITIONER,F,
12418,CA,NURSE PRACTITIONER,F,
12419,NV,NURSE PRACTITIONER,F,1970
12420,CO,NURSE PRACTITIONER,M,1971
12421,CA,NURSE PRACTITIONER,F,
12422,NM,NURSE PRACTITIONER,F,1962
12423,CA,NURSE PRACTITIONER,F,
12424,OH,NURSE PRACTITIONER,F,1949
12425,CA,NURSE PRACTITIONER,M,
12426,MO,NURSE PRACTITIONER,F,
12427,CA,CERTIFIED NURSE ANESTHETIST,M,
12428,TX,NURSE PRACTITIONER,F,
12429,HI,NURSE PRACTITIONER,F,1971
12430,TN,NURSE PRACTITIONER,F,
12431,CO,CLINICAL NURSE SPECIALIST,F,
12432,CA,CERTIFIED NURSE ANESTHETIST,F,
12433,TX,CERTIFIED NURSE ANESTHETIST,F,1975
12434,VA,CERTIFIED NURSE ANESTHETIST,F,
12435,PA,PHYSICIAN ASSISTANT,F,1976
12436,WI,NURSE PRACTITIONER,F,1951
12437,FL,NURSE PRACTITIONER,F,
12438,CA,NURSE PRACTITIONER,F,
12439,MS,NURSE PRACTITIONER,F,
12440,NV,NURSE PRACTITIONER,M,
12441,LA,CERTIFIED NURSE ANESTHETIST,F,1974
12442,CA,NURSE PRACTITIONER,F,
12443,SC,CERTIFIED NURSE ANESTHETIST,F,
12444,MN,CERTIFIED NURSE ANESTHETIST,M,1957
12445,CA,NURSE PRACTITIONER,F,
12446,CA,NURSE PRACTITIONER,F,
12447,CA,CERTIFIED NURSE ANESTHETIST,F,
12448,CA,CERTIFIED NURSE ANESTHETIST,F,
12449,TX,NURSE PRACTITIONER,F,1979
12450,LA,NURSE PRACTITIONER,M,1977
12451,CA,NURSE PRACTITIONER,F,
12452,MS,NURSE PRACTITIONER,M,
12453,AZ,NURSE PRACTITIONER,F,
12454,AZ,NURSE PRACTITIONER,F,
12455,NM,NURSE PRACTITIONER,F,1975
12456,NE,CERTIFIED NURSE ANESTHETIST,F,
12457,CA,NURSE PRACTITIONER,F,
12458,AZ,NURSE PRACTITIONER,,
12459,CA,NURSE PRACTITIONER,F,
12460,WA,NURSE PRACTITIONER,F,
12461,FL,CERTIFIED NURSE ANESTHETIST,F,
12462,TX,CERTIFIED NURSE ANESTHETIST,M,1974
12463,TX,FAMILY MEDICINE,F,1977
12464,IL,INTERNAL MEDICINE,M,1971
12465,MD,PULMONARY CRITICAL CARE MEDICINE,M,1978
12466,AZ,PHYSICIAN ASSISTANT,F,1970
12467,OH,CHILD NEUROLOGY,M,1948
12468,TX,INTERNAL MEDICINE,M,1968
12469,AK,NURSE PRACTITIONER,F,1975
12470,MA,CERTIFIED NURSE ANESTHETIST,F,
12471,ME,NURSE PRACTITIONER,F,1957
12472,AK,CERTIFIED NURSE ANESTHETIST,M,
12473,MA,NURSE PRACTITIONER,F,1938
12474,MA,NURSE PRACTITIONER,F,
12475,TN,CERTIFIED NURSE ANESTHETIST,F,1969
12476,FL,NURSE PRACTITIONER,F,
12477,MI,CERTIFIED NURSE ANESTHETIST,F,1971
12478,MA,NURSE PRACTITIONER,F,
12479,MI,NURSE PRACTITIONER,F,
12480,UT,NURSE PRACTITIONER,F,
12481,MA,NURSE PRACTITIONER,F,
12482,VA,NURSE PRACTITIONER,F,
12483,MA,NURSE PRACTITIONER,F,
12484,AK,PHYSICIAN ASSISTANT,F,1976
12485,VA,CERTIFIED NURSE ANESTHETIST,M,1960
12486,TX,NURSE PRACTITIONER,M,1970
12487,NY,PHYSICIAN ASSISTANT,F,1980
12488,SC,GASTROENTEROLOGY,M,1977
12489,CA,DIAGNOSTIC RADIOLOGY,M,1977
12490,AZ,OBSTETRICS & GYNECOLOGY,M,1976
12491,MI,NURSE PRACTITIONER,F,
12492,AZ,GENERAL SURGERY,F,1978
12493,TX,FAMILY MEDICINE,F,1976
12494,NV,CARDIOVASCULAR DISEASE,M,1974
12495,IL,PEDIATRICS,F,1973
12496,SD,ORTHOPEDIC SURGERY,M,1977
12497,TX,PHYSICIAN ASSISTANT,M,1964
12498,MA,FAMILY MEDICINE,F,1978
12499,NM,EMERGENCY MEDICINE,M,1977
12500,MN,PHYSICIAN ASSISTANT,F,1973
12501,GA,NURSE PRACTITIONER,F,1945
12502,CT,EMERGENCY MEDICINE,M,1976
12503,MD,FAMILY MEDICINE,M,1972
12504,FL,EMERGENCY MEDICINE,M,1977
12505,NJ,PEDIATRIC RADIOLOGY,F,1978
12506,PA,NURSE PRACTITIONER,F,
12507,NY,CARDIOVASCULAR DISEASE,M,1980
12508,NC,PULMONARY DISEASE,M,1974
12509,NJ,NURSE PRACTITIONER,F,
12510,OR,EMERGENCY MEDICINE,F,1978
12511,CT,EMERGENCY MEDICINE,M,1969
12512,OH,EMERGENCY MEDICINE,F,1972
12513,MI,HOSPITALIST,M,1976
12514,MT,PHYSICIAN ASSISTANT,M,1977
12515,MN,HOSPITALIST,F,1971
12516,CA,NURSE PRACTITIONER,F,
12517,MI,FAMILY MEDICINE,F,1975
12518,MO,PHYSICAL MEDICINE & REHABILITATION,M,1973
12519,TN,INTERNAL MEDICINE,M,1977
12520,MA,CARDIOVASCULAR DISEASE,F,1976
12521,TX,FAMILY MEDICINE,F,1978
12522,VA,INTERNAL MEDICINE,M,1973
12523,OR,INTERNAL MEDICINE,M,1978
12524,NJ,RHEUMATOLOGY,M,1972
12525,RI,PSYCHIATRY,F,1973
12526,NC,FAMILY MEDICINE,M,1968
12527,NY,PODIATRIST,F,
12528,FL,"ENDOCRINOLOGY, DIABETES & METABOLISM",M,1979
12529,MA,NURSE PRACTITIONER,F,
12530,IN,FAMILY MEDICINE,F,1977
12531,VA,INFECTIOUS DISEASE,F,1971
12532,MA,PEDIATRICS,M,1970
12533,FL,CARDIOVASCULAR DISEASE,M,1977
12534,WI,EMERGENCY MEDICINE,F,1974
12535,FL,CERTIFIED NURSE ANESTHETIST,F,
12536,NJ,PHYSICIAN ASSISTANT,M,1978
12537,NC,EMERGENCY MEDICINE,M,1976
12538,CA,FAMILY MEDICINE,M,1972
12539,FL,GASTROENTEROLOGY,M,1977
12540,VA,FAMILY MEDICINE,F,1961
12541,HI,NURSE PRACTITIONER,F,
12542,CO,CERTIFIED NURSE ANESTHETIST,F,1970
12543,FL,PHYSICIAN ASSISTANT,F,
12544,MI,PHYSICIAN ASSISTANT,F,1963
12545,OH,PHYSICIAN ASSISTANT,F,1968
12546,LA,PHYSICIAN ASSISTANT,M,1953
12547,KY,CERTIFIED NURSE ANESTHETIST,M,1968
12548,CO,UROLOGY,M,1974
12549,TX,PHYSICIAN ASSISTANT,M,1962
12550,TX,CERTIFIED NURSE ANESTHETIST,M,1966
12551,CA,NURSE PRACTITIONER,F,1964
12552,OR,PHYSICIAN ASSISTANT,M,1957
12553,FL,PHYSICIAN ASSISTANT,F,1960
12554,TX,PHYSICIAN ASSISTANT,F,1977
12555,NM,NURSE PRACTITIONER,F,1951
12556,FL,PHYSICIAN ASSISTANT,F,1971
12557,CA,PHYSICIAN ASSISTANT,F,1975
12558,SC,PHYSICIAN ASSISTANT,M,1975
12559,GA,PHYSICIAN ASSISTANT,M,1969
12560,CA,PODIATRIST,F,1978
12561,CA,NURSE PRACTITIONER,F,
12562,FL,PHYSICIAN ASSISTANT,F,1979
12563,TX,NURSE PRACTITIONER,M,1970
12564,TX,CERTIFIED NURSE ANESTHETIST,M,1968
12565,VA,CERTIFIED NURSE ANESTHETIST,F,
12566,AZ,NURSE PRACTITIONER,F,1957
12567,TX,CERTIFIED NURSE ANESTHETIST,F,1952
12568,NM,CERTIFIED NURSE ANESTHETIST,M,1953
12569,KY,NURSE PRACTITIONER,F,1955
12570,OH,PHYSICIAN ASSISTANT,F,1955
12571,TX,CERTIFIED NURSE ANESTHETIST,F,1970
12572,OH,PHYSICIAN ASSISTANT,M,1961
12573,FL,PHYSICIAN ASSISTANT,F,1971
12574,CT,DIAGNOSTIC RADIOLOGY,M,1974
12575,OH,PHYSICIAN ASSISTANT,F,1977
12576,TX,NURSE PRACTITIONER,M,1944
12577,KY,NURSE PRACTITIONER,F,1963
12578,FL,PHYSICIAN ASSISTANT,F,1975
12579,GA,PHYSICIAN ASSISTANT,M,
12580,CT,NURSE PRACTITIONER,F,
12581,TX,CERTIFIED NURSE ANESTHETIST,F,1957
12582,TX,NURSE PRACTITIONER,M,1952
12583,CA,PHYSICIAN ASSISTANT,F,1976
12584,TX,CERTIFIED NURSE ANESTHETIST,M,1956
12585,TX,CERTIFIED NURSE ANESTHETIST,M,1967
12586,,VETERINARIAN,M,
12587,CA,PODIATRIST,M,1969
12588,WA,PHYSICIAN ASSISTANT,F,1970
12589,ME,DENTIST,M,1972
12590,ID,PHYSICIAN ASSISTANT,M,1975
12591,NC,NURSE PRACTITIONER,F,
12592,RI,OPTOMETRIST,M,
12593,KS,FAMILY MEDICINE,F,1969
12594,PA,CARDIOVASCULAR DISEASE,M,1975
12595,CA,FAMILY MEDICINE,F,1964
12596,NC,NURSE PRACTITIONER,F,1972
12597,TN,NEUROLOGY,F,1974
12598,IL,DERMATOLOGY,F,1973
12599,NY,PHYSICIAN ASSISTANT,F,1965
12600,NH,PHYSICIAN ASSISTANT,M,1966
12601,MI,PHYSICIAN ASSISTANT,M,1963
12602,WA,DENTIST,M,1966
12603,OK,NURSE PRACTITIONER,F,1974
12604,CA,PHYSICIAN ASSISTANT,M,1970
12605,SD,NURSE PRACTITIONER,F,
12606,AK,NATUROPATHIC DOCTOR,M,
12607,CA,RADIOLOGY,M,
12608,TN,NURSE PRACTITIONER,F,1976
12609,MD,NURSE PRACTITIONER,F,
12610,MD,PHYSICIAN ASSISTANT,F,1970
12611,PA,PHYSICIAN ASSISTANT,F,1977
12612,VT,PHYSICIAN ASSISTANT,F,1980
12613,MI,NURSE PRACTITIONER,F,
12614,CA,EMERGENCY MEDICINE,M,1975
12615,DC,PHYSICIAN ASSISTANT,F,1978
12616,NY,NURSE PRACTITIONER,F,
12617,CA,PHYSICIAN ASSISTANT,M,1968
12618,NY,NURSE PRACTITIONER,F,
12619,SC,PHYSICIAN ASSISTANT,M,1977
12620,PA,EMERGENCY MEDICINE,F,1966
12621,MO,NURSE PRACTITIONER,F,1960
12622,AK,PHYSICIAN ASSISTANT,M,1971
12623,CA,PHYSICIAN ASSISTANT,M,1974
12624,IA,PHYSICIAN ASSISTANT,F,1979
12625,OR,NURSE PRACTITIONER,F,
12626,VA,PODIATRIST,M,1975
12627,NM,OPTOMETRIST,M,1978
12628,DC,INTERVENTIONAL CARDIOLOGY,M,1973
12629,IL,NURSE PRACTITIONER,F,
12630,GA,PHYSICIAN ASSISTANT,F,1962
12631,NJ,NURSE MIDWIFE,F,
12632,MA,NURSE PRACTITIONER,F,
12633,NJ,GERIATRIC MEDICINE (INTERNAL MEDICINE),M,1970
12634,MN,VASCULAR & INTERVENTIONAL RADIOLOGY,M,1971
12635,KS,NURSE PRACTITIONER,F,1961
12636,MN,EMERGENCY MEDICINE,M,1974
12637,MO,EMERGENCY MEDICINE,F,1975
12638,NC,INTERNAL MEDICINE,F,1965
12639,NY,CARDIOVASCULAR DISEASE,F,1980
12640,MI,EMERGENCY MEDICINE,M,1979
12641,AE,FAMILY MEDICINE,F,1981
12642,NY,FAMILY MEDICINE,M,1975
12643,PA,FAMILY MEDICINE,M,1977
12644,TX,EMERGENCY MEDICINE,M,1981
12645,MI,FAMILY MEDICINE,F,1979
12646,OH,NEUROLOGY,F,1981
12647,PA,EMERGENCY MEDICINE,M,1981
12648,AK,FAMILY MEDICINE,F,1978
12649,PA,EMERGENCY MEDICINE,M,1977
12650,AZ,FAMILY MEDICINE,F,1980
12651,CO,FAMILY MEDICINE,M,1974
12652,MA,NURSE PRACTITIONER,F,
12653,ME,FAMILY MEDICINE,M,1974
12654,TX,EMERGENCY MEDICINE,F,1973
12655,TX,PEDIATRICS,F,1972
12656,FL,EMERGENCY MEDICINE,F,1981
12657,TX,GYNECOLOGICAL ONCOLOGY,F,1981
12658,NJ,CARDIOVASCULAR DISEASE,F,1981
12659,FL,PEDIATRICS,F,1979
12660,LA,INTERVENTIONAL CARDIOLOGY,M,1976
12661,NC,PEDIATRICS,F,1980
12662,CA,DIAGNOSTIC RADIOLOGY,F,1980
12663,FL,EMERGENCY MEDICINE,F,1974
12664,FL,INTERNAL MEDICINE,M,1979
12665,MI,FAMILY MEDICINE,F,1968
12666,AZ,ANESTHESIOLOGY,M,1975
12667,MO,FAMILY MEDICINE,M,1977
12668,AZ,DERMATOLOGY,M,1979
12669,GA,FAMILY MEDICINE,F,1981
12670,MI,OBSTETRICS & GYNECOLOGY,F,1979
12671,CA,EMERGENCY MEDICINE,M,1978
12672,MI,SLEEP MEDICINE,F,1976
12673,TN,ANATOMIC/CLINICAL PATHOLOGY,M,1978
12674,MT,OBSTETRICS & GYNECOLOGY,F,1978
12675,OH,EMERGENCY MEDICINE,F,1981
12676,CA,INTERNAL MEDICINE,M,1978
12677,MI,EMERGENCY MEDICINE,M,1900
12678,OK,DIAGNOSTIC RADIOLOGY,M,1974
12679,WI,AEROSPACE MEDICINE,M,1971
12680,MI,EMERGENCY MEDICINE,M,1974
12681,MO,RADIOLOGY,M,1976
12682,CA,NURSE PRACTITIONER,F,1962
12683,IN,NURSE PRACTITIONER,M,1959
12684,VA,PEDIATRICS,F,1975
12685,NV,FAMILY MEDICINE,F,1973
12686,NY,INTERNAL MEDICINE,M,1980
12687,SC,FAMILY MEDICINE,F,1976
12688,AZ,DERMATOLOGY,F,1981
12689,CA,OBSTETRICS & GYNECOLOGY,F,1980
12690,NC,EMERGENCY MEDICINE,F,1978
12691,MT,OBSTETRICS & GYNECOLOGY,M,1973
12692,FL,PHYSICAL MEDICINE & REHABILITATION,F,1981
12693,FL,HOSPITALIST,F,1978
12694,FL,EMERGENCY MEDICINE,F,1972
12695,MS,FAMILY MEDICINE,M,1978
12696,OH,DIAGNOSTIC RADIOLOGY,M,1980
12697,MI,EMERGENCY MEDICINE,F,1973
12698,AR,FAMILY MEDICINE,M,1969
12699,CA,GENERAL SURGERY,M,1975
12700,OH,EMERGENCY MEDICINE,M,1981
12701,AK,OBSTETRICS & GYNECOLOGY,M,1976
12702,VA,INTERNAL MEDICINE,M,1965
12703,TN,INTERNAL MEDICINE,F,1975
12704,ID,FAMILY MEDICINE,M,1973
12705,MI,FAMILY MEDICINE,F,1977
12706,TX,EMERGENCY MEDICINE,M,1978
12707,CA,HOSPITALIST,M,1974
12708,MA,NEUROLOGY,M,1977
12709,CA,DIAGNOSTIC RADIOLOGY,M,1973
12710,TX,PHYSICAL MEDICINE & REHABILITATION,F,1976
12711,SC,FAMILY MEDICINE,M,1970
12712,NJ,NEUROLOGY,F,1966
12713,MI,HOSPITALIST,M,1976
12714,CA,INTERNAL MEDICINE,F,1976
12715,PA,PHYSICIAN ASSISTANT,M,1980
12716,UT,FAMILY MEDICINE,F,1975
12717,AK,FAMILY MEDICINE,M,1978
12718,MN,INTERNAL MEDICINE,F,1977
12719,MI,NEUROLOGY,M,1966
12720,NJ,EMERGENCY MEDICINE,M,1973
12721,KY,INTERNAL MEDICINE,M,1978
12722,OH,PEDIATRICS,F,1981
12723,CA,INTERNAL MEDICINE,M,1971
12724,HI,EMERGENCY MEDICINE,F,1979
12725,KS,OBSTETRICS & GYNECOLOGY,F,1980
12726,NJ,EMERGENCY MEDICINE,M,1978
12727,FL,INTERNAL MEDICINE,M,1976
12728,FL,ANATOMIC/CLINICAL PATHOLOGY,F,1973
12729,OH,INTERNAL MEDICINE,F,1981
12730,FL,FAMILY MEDICINE,F,1981
12731,FL,INTERVENTIONAL CARDIOLOGY,M,1975
12732,CA,OPHTHALMOLOGY,M,1973
12733,MI,GENERAL SURGERY,M,1975
12734,FL,EMERGENCY MEDICINE,F,1980
